condition,structure_rank,seed,sample,cif_path,PC1,PC2
WT mono apo,1,90,2,/scratch4/jgray21/zhuggan1/repos/ER_Mutations/outputs/af3_wt_monomer/1a52_wt_monomer_apo/seed-90_sample-2/model.cif,-24.033588997960877,-0.8534430987413888
WT mono apo,2,176,0,/scratch4/jgray21/zhuggan1/repos/ER_Mutations/outputs/af3_wt_monomer/1a52_wt_monomer_apo/seed-176_sample-0/model.cif,21.097457977169913,3.428368991611608
WT mono apo,3,25,4,/scratch4/jgray21/zhuggan1/repos/ER_Mutations/outputs/af3_wt_monomer/1a52_wt_monomer_apo/seed-25_sample-4/model.cif,20.80197777574803,-0.6658508716888161
WT mono apo,4,93,4,/scratch4/jgray21/zhuggan1/repos/ER_Mutations/outputs/af3_wt_monomer/1a52_wt_monomer_apo/seed-93_sample-4/model.cif,21.70796548083018,2.8064782472349914
WT mono apo,5,249,3,/scratch4/jgray21/zhuggan1/repos/ER_Mutations/outputs/af3_wt_monomer/1a52_wt_monomer_apo/seed-249_sample-3/model.cif,20.980367070697863,-1.1675021996241077
WT mono apo,6,30,0,/scratch4/jgray21/zhuggan1/repos/ER_Mutations/outputs/af3_wt_monomer/1a52_wt_monomer_apo/seed-30_sample-0/model.cif,21.48194240876058,-1.2030395565752303
WT mono apo,7,74,3,/scratch4/jgray21/zhuggan1/repos/ER_Mutations/outputs/af3_wt_monomer/1a52_wt_monomer_apo/seed-74_sample-3/model.cif,21.480760320698018,-1.725513413365858
WT mono apo,8,50,1,/scratch4/jgray21/zhuggan1/repos/ER_Mutations/outputs/af3_wt_monomer/1a52_wt_monomer_apo/seed-50_sample-1/model.cif,20.867906662619728,-0.9915977999696255
WT mono apo,9,133,0,/scratch4/jgray21/zhuggan1/repos/ER_Mutations/outputs/af3_wt_monomer/1a52_wt_monomer_apo/seed-133_sample-0/model.cif,20.143764838493862,-1.0729231833377186
WT mono apo,10,25,0,/scratch4/jgray21/zhuggan1/repos/ER_Mutations/outputs/af3_wt_monomer/1a52_wt_monomer_apo/seed-25_sample-0/model.cif,20.466554228736033,3.8286437716035984
WT mono apo,11,51,2,/scratch4/jgray21/zhuggan1/repos/ER_Mutations/outputs/af3_wt_monomer/1a52_wt_monomer_apo/seed-51_sample-2/model.cif,21.9839323379943,-0.6423251530392164
WT mono apo,12,30,3,/scratch4/jgray21/zhuggan1/repos/ER_Mutations/outputs/af3_wt_monomer/1a52_wt_monomer_apo/seed-30_sample-3/model.cif,20.72445606034107,-1.0642255549899866
WT mono apo,13,127,3,/scratch4/jgray21/zhuggan1/repos/ER_Mutations/outputs/af3_wt_monomer/1a52_wt_monomer_apo/seed-127_sample-3/model.cif,-23.76198282320863,-0.8308756264555278
WT mono apo,14,108,3,/scratch4/jgray21/zhuggan1/repos/ER_Mutations/outputs/af3_wt_monomer/1a52_wt_monomer_apo/seed-108_sample-3/model.cif,-24.071929617904896,-1.147401698146459
WT mono apo,15,10,2,/scratch4/jgray21/zhuggan1/repos/ER_Mutations/outputs/af3_wt_monomer/1a52_wt_monomer_apo/seed-10_sample-2/model.cif,-23.592193160999322,2.9908226008753913
WT mono apo,16,133,3,/scratch4/jgray21/zhuggan1/repos/ER_Mutations/outputs/af3_wt_monomer/1a52_wt_monomer_apo/seed-133_sample-3/model.cif,20.8806471739467,-0.027465374497603855
WT mono apo,17,25,2,/scratch4/jgray21/zhuggan1/repos/ER_Mutations/outputs/af3_wt_monomer/1a52_wt_monomer_apo/seed-25_sample-2/model.cif,20.73231170385082,-1.2044464403027513
WT mono apo,18,170,0,/scratch4/jgray21/zhuggan1/repos/ER_Mutations/outputs/af3_wt_monomer/1a52_wt_monomer_apo/seed-170_sample-0/model.cif,21.05003765525296,3.1176644807912512
WT mono apo,19,77,1,/scratch4/jgray21/zhuggan1/repos/ER_Mutations/outputs/af3_wt_monomer/1a52_wt_monomer_apo/seed-77_sample-1/model.cif,20.738983877660743,-1.1033544914904105
WT mono apo,20,84,4,/scratch4/jgray21/zhuggan1/repos/ER_Mutations/outputs/af3_wt_monomer/1a52_wt_monomer_apo/seed-84_sample-4/model.cif,21.1447017626312,-1.1582684241160912
WT mono apo,21,74,2,/scratch4/jgray21/zhuggan1/repos/ER_Mutations/outputs/af3_wt_monomer/1a52_wt_monomer_apo/seed-74_sample-2/model.cif,20.77517753765161,-1.0180560793042555
WT mono apo,22,208,1,/scratch4/jgray21/zhuggan1/repos/ER_Mutations/outputs/af3_wt_monomer/1a52_wt_monomer_apo/seed-208_sample-1/model.cif,21.385336120069635,-1.1155007005055106
WT mono apo,23,170,4,/scratch4/jgray21/zhuggan1/repos/ER_Mutations/outputs/af3_wt_monomer/1a52_wt_monomer_apo/seed-170_sample-4/model.cif,20.7509858800595,-0.7498560091166785
WT mono apo,24,94,4,/scratch4/jgray21/zhuggan1/repos/ER_Mutations/outputs/af3_wt_monomer/1a52_wt_monomer_apo/seed-94_sample-4/model.cif,21.203331846139548,-0.7901550012099076
WT mono apo,25,74,4,/scratch4/jgray21/zhuggan1/repos/ER_Mutations/outputs/af3_wt_monomer/1a52_wt_monomer_apo/seed-74_sample-4/model.cif,20.498431416117974,3.237250517538598
WT mono apo,26,50,4,/scratch4/jgray21/zhuggan1/repos/ER_Mutations/outputs/af3_wt_monomer/1a52_wt_monomer_apo/seed-50_sample-4/model.cif,20.79077212577704,-1.2878119889369664
WT mono apo,27,50,0,/scratch4/jgray21/zhuggan1/repos/ER_Mutations/outputs/af3_wt_monomer/1a52_wt_monomer_apo/seed-50_sample-0/model.cif,21.377506441211338,-0.7730829650629737
WT mono apo,28,84,0,/scratch4/jgray21/zhuggan1/repos/ER_Mutations/outputs/af3_wt_monomer/1a52_wt_monomer_apo/seed-84_sample-0/model.cif,20.713511242783138,-1.1090340679878354
WT mono apo,29,199,0,/scratch4/jgray21/zhuggan1/repos/ER_Mutations/outputs/af3_wt_monomer/1a52_wt_monomer_apo/seed-199_sample-0/model.cif,20.72710243032415,-0.9065592334178565
WT mono apo,30,84,2,/scratch4/jgray21/zhuggan1/repos/ER_Mutations/outputs/af3_wt_monomer/1a52_wt_monomer_apo/seed-84_sample-2/model.cif,21.442706514528563,2.765410770135732
WT mono apo,31,93,3,/scratch4/jgray21/zhuggan1/repos/ER_Mutations/outputs/af3_wt_monomer/1a52_wt_monomer_apo/seed-93_sample-3/model.cif,20.90976936453355,-0.7977115695840791
WT mono apo,32,137,1,/scratch4/jgray21/zhuggan1/repos/ER_Mutations/outputs/af3_wt_monomer/1a52_wt_monomer_apo/seed-137_sample-1/model.cif,20.933114315869815,3.102191838914402
WT mono apo,33,170,1,/scratch4/jgray21/zhuggan1/repos/ER_Mutations/outputs/af3_wt_monomer/1a52_wt_monomer_apo/seed-170_sample-1/model.cif,20.926172248537107,-1.0053853610971535
WT mono apo,34,25,1,/scratch4/jgray21/zhuggan1/repos/ER_Mutations/outputs/af3_wt_monomer/1a52_wt_monomer_apo/seed-25_sample-1/model.cif,20.687903309017592,-1.1792798498040955
WT mono apo,35,77,0,/scratch4/jgray21/zhuggan1/repos/ER_Mutations/outputs/af3_wt_monomer/1a52_wt_monomer_apo/seed-77_sample-0/model.cif,20.07805976524436,-0.7492626737328124
WT mono apo,36,138,1,/scratch4/jgray21/zhuggan1/repos/ER_Mutations/outputs/af3_wt_monomer/1a52_wt_monomer_apo/seed-138_sample-1/model.cif,20.71462660405183,-0.5174677478115262
WT mono apo,37,133,2,/scratch4/jgray21/zhuggan1/repos/ER_Mutations/outputs/af3_wt_monomer/1a52_wt_monomer_apo/seed-133_sample-2/model.cif,20.705824824941132,-0.9206704311595008
WT mono apo,38,51,0,/scratch4/jgray21/zhuggan1/repos/ER_Mutations/outputs/af3_wt_monomer/1a52_wt_monomer_apo/seed-51_sample-0/model.cif,21.581674795347833,-1.370268902432369
WT mono apo,39,51,1,/scratch4/jgray21/zhuggan1/repos/ER_Mutations/outputs/af3_wt_monomer/1a52_wt_monomer_apo/seed-51_sample-1/model.cif,21.222134514931078,2.942782427018212
WT mono apo,40,94,1,/scratch4/jgray21/zhuggan1/repos/ER_Mutations/outputs/af3_wt_monomer/1a52_wt_monomer_apo/seed-94_sample-1/model.cif,21.79152705882123,2.9882308633045214
WT mono apo,41,84,3,/scratch4/jgray21/zhuggan1/repos/ER_Mutations/outputs/af3_wt_monomer/1a52_wt_monomer_apo/seed-84_sample-3/model.cif,20.47841729597827,3.003680556842867
WT mono apo,42,171,3,/scratch4/jgray21/zhuggan1/repos/ER_Mutations/outputs/af3_wt_monomer/1a52_wt_monomer_apo/seed-171_sample-3/model.cif,-23.175630105471928,3.2000279861815493
WT mono apo,43,225,3,/scratch4/jgray21/zhuggan1/repos/ER_Mutations/outputs/af3_wt_monomer/1a52_wt_monomer_apo/seed-225_sample-3/model.cif,-24.142514678780163,2.6241838610405335
WT mono apo,44,138,4,/scratch4/jgray21/zhuggan1/repos/ER_Mutations/outputs/af3_wt_monomer/1a52_wt_monomer_apo/seed-138_sample-4/model.cif,20.81014061350429,3.145732258120658
WT mono apo,45,51,4,/scratch4/jgray21/zhuggan1/repos/ER_Mutations/outputs/af3_wt_monomer/1a52_wt_monomer_apo/seed-51_sample-4/model.cif,21.4314243598265,-1.308404090679451
WT mono apo,46,30,1,/scratch4/jgray21/zhuggan1/repos/ER_Mutations/outputs/af3_wt_monomer/1a52_wt_monomer_apo/seed-30_sample-1/model.cif,21.53072139364285,-1.2341864128729305
WT mono apo,47,199,2,/scratch4/jgray21/zhuggan1/repos/ER_Mutations/outputs/af3_wt_monomer/1a52_wt_monomer_apo/seed-199_sample-2/model.cif,20.975003556281873,-0.906614046794696
WT mono apo,48,50,3,/scratch4/jgray21/zhuggan1/repos/ER_Mutations/outputs/af3_wt_monomer/1a52_wt_monomer_apo/seed-50_sample-3/model.cif,22.03804253576624,-0.9913880021882042
WT mono apo,49,170,2,/scratch4/jgray21/zhuggan1/repos/ER_Mutations/outputs/af3_wt_monomer/1a52_wt_monomer_apo/seed-170_sample-2/model.cif,20.746341085559273,-0.8048742379793423
WT mono apo,50,25,3,/scratch4/jgray21/zhuggan1/repos/ER_Mutations/outputs/af3_wt_monomer/1a52_wt_monomer_apo/seed-25_sample-3/model.cif,20.672392344357046,2.952250397721277
WT mono apo,51,199,1,/scratch4/jgray21/zhuggan1/repos/ER_Mutations/outputs/af3_wt_monomer/1a52_wt_monomer_apo/seed-199_sample-1/model.cif,21.881540728564815,2.949473178975146
WT mono apo,52,208,3,/scratch4/jgray21/zhuggan1/repos/ER_Mutations/outputs/af3_wt_monomer/1a52_wt_monomer_apo/seed-208_sample-3/model.cif,20.711216402127608,3.059768690575043
WT mono apo,53,208,4,/scratch4/jgray21/zhuggan1/repos/ER_Mutations/outputs/af3_wt_monomer/1a52_wt_monomer_apo/seed-208_sample-4/model.cif,20.525203307620288,2.575650387942746
WT mono apo,54,142,1,/scratch4/jgray21/zhuggan1/repos/ER_Mutations/outputs/af3_wt_monomer/1a52_wt_monomer_apo/seed-142_sample-1/model.cif,20.841862893665212,-1.3726331200012991
WT mono apo,55,123,0,/scratch4/jgray21/zhuggan1/repos/ER_Mutations/outputs/af3_wt_monomer/1a52_wt_monomer_apo/seed-123_sample-0/model.cif,21.15652913188538,-0.7570791147179546
WT mono apo,56,137,2,/scratch4/jgray21/zhuggan1/repos/ER_Mutations/outputs/af3_wt_monomer/1a52_wt_monomer_apo/seed-137_sample-2/model.cif,21.170426716121824,3.317392875015261
WT mono apo,57,210,2,/scratch4/jgray21/zhuggan1/repos/ER_Mutations/outputs/af3_wt_monomer/1a52_wt_monomer_apo/seed-210_sample-2/model.cif,-22.892769578467803,-0.427424202980118
WT mono apo,58,110,4,/scratch4/jgray21/zhuggan1/repos/ER_Mutations/outputs/af3_wt_monomer/1a52_wt_monomer_apo/seed-110_sample-4/model.cif,21.019591453282942,3.2387400777395974
WT mono apo,59,133,4,/scratch4/jgray21/zhuggan1/repos/ER_Mutations/outputs/af3_wt_monomer/1a52_wt_monomer_apo/seed-133_sample-4/model.cif,21.515330516736928,2.9849057179576204
WT mono apo,60,157,2,/scratch4/jgray21/zhuggan1/repos/ER_Mutations/outputs/af3_wt_monomer/1a52_wt_monomer_apo/seed-157_sample-2/model.cif,20.520558901489558,3.421675702439423
WT mono apo,61,174,4,/scratch4/jgray21/zhuggan1/repos/ER_Mutations/outputs/af3_wt_monomer/1a52_wt_monomer_apo/seed-174_sample-4/model.cif,20.149484657235288,-1.0509011998220101
WT mono apo,62,249,0,/scratch4/jgray21/zhuggan1/repos/ER_Mutations/outputs/af3_wt_monomer/1a52_wt_monomer_apo/seed-249_sample-0/model.cif,20.593275026418315,-1.0174585844853048
WT mono apo,63,110,0,/scratch4/jgray21/zhuggan1/repos/ER_Mutations/outputs/af3_wt_monomer/1a52_wt_monomer_apo/seed-110_sample-0/model.cif,20.956417383492788,-0.9594549465861274
WT mono apo,64,18,4,/scratch4/jgray21/zhuggan1/repos/ER_Mutations/outputs/af3_wt_monomer/1a52_wt_monomer_apo/seed-18_sample-4/model.cif,21.019084660544173,2.9958108818402263
WT mono apo,65,188,3,/scratch4/jgray21/zhuggan1/repos/ER_Mutations/outputs/af3_wt_monomer/1a52_wt_monomer_apo/seed-188_sample-3/model.cif,20.71220685131557,-0.7602146846124286
WT mono apo,66,188,4,/scratch4/jgray21/zhuggan1/repos/ER_Mutations/outputs/af3_wt_monomer/1a52_wt_monomer_apo/seed-188_sample-4/model.cif,20.820465498544905,3.1523685482325536
WT mono apo,67,93,0,/scratch4/jgray21/zhuggan1/repos/ER_Mutations/outputs/af3_wt_monomer/1a52_wt_monomer_apo/seed-93_sample-0/model.cif,20.263770903134734,2.9368664239269897
WT mono apo,68,18,0,/scratch4/jgray21/zhuggan1/repos/ER_Mutations/outputs/af3_wt_monomer/1a52_wt_monomer_apo/seed-18_sample-0/model.cif,21.02580059177025,3.3405276248083204
WT mono apo,69,142,0,/scratch4/jgray21/zhuggan1/repos/ER_Mutations/outputs/af3_wt_monomer/1a52_wt_monomer_apo/seed-142_sample-0/model.cif,20.4670612591104,0.4518237052000195
WT mono apo,70,114,2,/scratch4/jgray21/zhuggan1/repos/ER_Mutations/outputs/af3_wt_monomer/1a52_wt_monomer_apo/seed-114_sample-2/model.cif,-23.512789027365123,3.706238132981724
WT mono apo,71,157,3,/scratch4/jgray21/zhuggan1/repos/ER_Mutations/outputs/af3_wt_monomer/1a52_wt_monomer_apo/seed-157_sample-3/model.cif,20.8411391239277,-1.3656806638636243
WT mono apo,72,94,3,/scratch4/jgray21/zhuggan1/repos/ER_Mutations/outputs/af3_wt_monomer/1a52_wt_monomer_apo/seed-94_sample-3/model.cif,20.906057576844518,-0.8458360076566446
WT mono apo,73,176,4,/scratch4/jgray21/zhuggan1/repos/ER_Mutations/outputs/af3_wt_monomer/1a52_wt_monomer_apo/seed-176_sample-4/model.cif,20.66597178644088,-1.2354118743177047
WT mono apo,74,196,3,/scratch4/jgray21/zhuggan1/repos/ER_Mutations/outputs/af3_wt_monomer/1a52_wt_monomer_apo/seed-196_sample-3/model.cif,19.85925446539107,3.121445290000829
WT mono apo,75,208,2,/scratch4/jgray21/zhuggan1/repos/ER_Mutations/outputs/af3_wt_monomer/1a52_wt_monomer_apo/seed-208_sample-2/model.cif,21.993167939351995,-0.7734741258911532
WT mono apo,76,237,3,/scratch4/jgray21/zhuggan1/repos/ER_Mutations/outputs/af3_wt_monomer/1a52_wt_monomer_apo/seed-237_sample-3/model.cif,21.366834447108264,-1.4551170088449061
WT mono apo,77,77,2,/scratch4/jgray21/zhuggan1/repos/ER_Mutations/outputs/af3_wt_monomer/1a52_wt_monomer_apo/seed-77_sample-2/model.cif,21.340213488517115,-0.7915592663551939
WT mono apo,78,123,4,/scratch4/jgray21/zhuggan1/repos/ER_Mutations/outputs/af3_wt_monomer/1a52_wt_monomer_apo/seed-123_sample-4/model.cif,21.3770676823502,-0.7572179134573696
WT mono apo,79,176,2,/scratch4/jgray21/zhuggan1/repos/ER_Mutations/outputs/af3_wt_monomer/1a52_wt_monomer_apo/seed-176_sample-2/model.cif,21.155880810191746,-1.1375596032161064
WT mono apo,80,18,2,/scratch4/jgray21/zhuggan1/repos/ER_Mutations/outputs/af3_wt_monomer/1a52_wt_monomer_apo/seed-18_sample-2/model.cif,21.22080091415873,-1.1422177064982866
WT mono apo,81,174,1,/scratch4/jgray21/zhuggan1/repos/ER_Mutations/outputs/af3_wt_monomer/1a52_wt_monomer_apo/seed-174_sample-1/model.cif,20.49297899607913,-0.9370320995373183
WT mono apo,82,28,2,/scratch4/jgray21/zhuggan1/repos/ER_Mutations/outputs/af3_wt_monomer/1a52_wt_monomer_apo/seed-28_sample-2/model.cif,-24.922691532931744,-1.58072919035273
WT mono apo,83,142,3,/scratch4/jgray21/zhuggan1/repos/ER_Mutations/outputs/af3_wt_monomer/1a52_wt_monomer_apo/seed-142_sample-3/model.cif,20.808622220100677,-1.190340147086037
WT mono apo,84,248,2,/scratch4/jgray21/zhuggan1/repos/ER_Mutations/outputs/af3_wt_monomer/1a52_wt_monomer_apo/seed-248_sample-2/model.cif,-23.567895106808795,-1.0089445598210625
WT mono apo,85,174,0,/scratch4/jgray21/zhuggan1/repos/ER_Mutations/outputs/af3_wt_monomer/1a52_wt_monomer_apo/seed-174_sample-0/model.cif,20.386316371708133,-1.3031054301682772
WT mono apo,86,98,2,/scratch4/jgray21/zhuggan1/repos/ER_Mutations/outputs/af3_wt_monomer/1a52_wt_monomer_apo/seed-98_sample-2/model.cif,20.71394306827628,-1.0984551898470394
WT mono apo,87,114,1,/scratch4/jgray21/zhuggan1/repos/ER_Mutations/outputs/af3_wt_monomer/1a52_wt_monomer_apo/seed-114_sample-1/model.cif,-24.653516773480984,-1.4309270598057062
WT mono apo,88,191,2,/scratch4/jgray21/zhuggan1/repos/ER_Mutations/outputs/af3_wt_monomer/1a52_wt_monomer_apo/seed-191_sample-2/model.cif,-23.59628224583428,-1.8509880039199376
WT mono apo,89,199,3,/scratch4/jgray21/zhuggan1/repos/ER_Mutations/outputs/af3_wt_monomer/1a52_wt_monomer_apo/seed-199_sample-3/model.cif,20.091601643881678,-1.0466386665081653
WT mono apo,90,49,1,/scratch4/jgray21/zhuggan1/repos/ER_Mutations/outputs/af3_wt_monomer/1a52_wt_monomer_apo/seed-49_sample-1/model.cif,-23.938423046471748,2.9499228383436322
WT mono apo,91,56,0,/scratch4/jgray21/zhuggan1/repos/ER_Mutations/outputs/af3_wt_monomer/1a52_wt_monomer_apo/seed-56_sample-0/model.cif,-23.24648890393167,-0.7510064459327693
WT mono apo,92,237,1,/scratch4/jgray21/zhuggan1/repos/ER_Mutations/outputs/af3_wt_monomer/1a52_wt_monomer_apo/seed-237_sample-1/model.cif,20.68823860420472,-0.8190592977055533
WT mono apo,93,237,2,/scratch4/jgray21/zhuggan1/repos/ER_Mutations/outputs/af3_wt_monomer/1a52_wt_monomer_apo/seed-237_sample-2/model.cif,21.399155874900693,-1.3010836232779661
WT mono apo,94,157,4,/scratch4/jgray21/zhuggan1/repos/ER_Mutations/outputs/af3_wt_monomer/1a52_wt_monomer_apo/seed-157_sample-4/model.cif,20.189473540979428,-1.0940620413148907
WT mono apo,95,243,1,/scratch4/jgray21/zhuggan1/repos/ER_Mutations/outputs/af3_wt_monomer/1a52_wt_monomer_apo/seed-243_sample-1/model.cif,-23.51668358806704,3.392740060606181
WT mono apo,96,91,4,/scratch4/jgray21/zhuggan1/repos/ER_Mutations/outputs/af3_wt_monomer/1a52_wt_monomer_apo/seed-91_sample-4/model.cif,-23.50721596638761,-1.1134370593488174
WT mono apo,97,138,2,/scratch4/jgray21/zhuggan1/repos/ER_Mutations/outputs/af3_wt_monomer/1a52_wt_monomer_apo/seed-138_sample-2/model.cif,20.79539029509042,3.3563854901952257
WT mono apo,98,106,2,/scratch4/jgray21/zhuggan1/repos/ER_Mutations/outputs/af3_wt_monomer/1a52_wt_monomer_apo/seed-106_sample-2/model.cif,-23.773569518738846,-1.3954811083445458
WT mono apo,99,236,0,/scratch4/jgray21/zhuggan1/repos/ER_Mutations/outputs/af3_wt_monomer/1a52_wt_monomer_apo/seed-236_sample-0/model.cif,-23.614531850480514,-0.9888876648105138
WT mono apo,100,123,2,/scratch4/jgray21/zhuggan1/repos/ER_Mutations/outputs/af3_wt_monomer/1a52_wt_monomer_apo/seed-123_sample-2/model.cif,20.542273340265325,3.0200537870657884
WT mono apo,101,74,0,/scratch4/jgray21/zhuggan1/repos/ER_Mutations/outputs/af3_wt_monomer/1a52_wt_monomer_apo/seed-74_sample-0/model.cif,20.97524524756167,3.0887499422405784
WT mono apo,102,174,3,/scratch4/jgray21/zhuggan1/repos/ER_Mutations/outputs/af3_wt_monomer/1a52_wt_monomer_apo/seed-174_sample-3/model.cif,20.89549820295125,-0.7290534152553634
WT mono apo,103,196,4,/scratch4/jgray21/zhuggan1/repos/ER_Mutations/outputs/af3_wt_monomer/1a52_wt_monomer_apo/seed-196_sample-4/model.cif,20.634013967159138,3.3424179059501284
WT mono apo,104,188,2,/scratch4/jgray21/zhuggan1/repos/ER_Mutations/outputs/af3_wt_monomer/1a52_wt_monomer_apo/seed-188_sample-2/model.cif,21.576444276049333,-1.2858831022980806
WT mono apo,105,70,0,/scratch4/jgray21/zhuggan1/repos/ER_Mutations/outputs/af3_wt_monomer/1a52_wt_monomer_apo/seed-70_sample-0/model.cif,-23.3023133726725,-1.0346744928687661
WT mono apo,106,51,3,/scratch4/jgray21/zhuggan1/repos/ER_Mutations/outputs/af3_wt_monomer/1a52_wt_monomer_apo/seed-51_sample-3/model.cif,19.821947721569547,-0.9004912187766378
WT mono apo,107,170,3,/scratch4/jgray21/zhuggan1/repos/ER_Mutations/outputs/af3_wt_monomer/1a52_wt_monomer_apo/seed-170_sample-3/model.cif,21.128933104687434,-1.1477326895705169
WT mono apo,108,53,1,/scratch4/jgray21/zhuggan1/repos/ER_Mutations/outputs/af3_wt_monomer/1a52_wt_monomer_apo/seed-53_sample-1/model.cif,21.071062681522903,-0.9740306042012653
WT mono apo,109,208,0,/scratch4/jgray21/zhuggan1/repos/ER_Mutations/outputs/af3_wt_monomer/1a52_wt_monomer_apo/seed-208_sample-0/model.cif,20.894852657310423,-1.2632226829040736
WT mono apo,110,77,3,/scratch4/jgray21/zhuggan1/repos/ER_Mutations/outputs/af3_wt_monomer/1a52_wt_monomer_apo/seed-77_sample-3/model.cif,21.22862866263335,2.8689771132141297
WT mono apo,111,110,3,/scratch4/jgray21/zhuggan1/repos/ER_Mutations/outputs/af3_wt_monomer/1a52_wt_monomer_apo/seed-110_sample-3/model.cif,20.039293375778946,3.2947131129707468
WT mono apo,112,142,4,/scratch4/jgray21/zhuggan1/repos/ER_Mutations/outputs/af3_wt_monomer/1a52_wt_monomer_apo/seed-142_sample-4/model.cif,20.73523636783478,-1.0419811771468541
WT mono apo,113,100,0,/scratch4/jgray21/zhuggan1/repos/ER_Mutations/outputs/af3_wt_monomer/1a52_wt_monomer_apo/seed-100_sample-0/model.cif,-23.687217760922877,-0.557264733513487
WT mono apo,114,99,0,/scratch4/jgray21/zhuggan1/repos/ER_Mutations/outputs/af3_wt_monomer/1a52_wt_monomer_apo/seed-99_sample-0/model.cif,-23.68432728503316,-0.6150331158382024
WT mono apo,115,43,0,/scratch4/jgray21/zhuggan1/repos/ER_Mutations/outputs/af3_wt_monomer/1a52_wt_monomer_apo/seed-43_sample-0/model.cif,21.7252393097631,-1.3725810652593924
WT mono apo,116,201,4,/scratch4/jgray21/zhuggan1/repos/ER_Mutations/outputs/af3_wt_monomer/1a52_wt_monomer_apo/seed-201_sample-4/model.cif,-23.906002013576877,2.192311076336329
WT mono apo,117,91,0,/scratch4/jgray21/zhuggan1/repos/ER_Mutations/outputs/af3_wt_monomer/1a52_wt_monomer_apo/seed-91_sample-0/model.cif,-23.02741043920729,3.583958960122897
WT mono apo,118,50,2,/scratch4/jgray21/zhuggan1/repos/ER_Mutations/outputs/af3_wt_monomer/1a52_wt_monomer_apo/seed-50_sample-2/model.cif,20.944081538040397,-0.9590138332115261
WT mono apo,119,157,0,/scratch4/jgray21/zhuggan1/repos/ER_Mutations/outputs/af3_wt_monomer/1a52_wt_monomer_apo/seed-157_sample-0/model.cif,20.446458625386942,-1.2399287939074384
WT mono apo,120,108,2,/scratch4/jgray21/zhuggan1/repos/ER_Mutations/outputs/af3_wt_monomer/1a52_wt_monomer_apo/seed-108_sample-2/model.cif,-23.621461242866655,-0.602015695913331
WT mono apo,121,211,0,/scratch4/jgray21/zhuggan1/repos/ER_Mutations/outputs/af3_wt_monomer/1a52_wt_monomer_apo/seed-211_sample-0/model.cif,20.83808306833619,-1.151909333104735
WT mono apo,122,108,1,/scratch4/jgray21/zhuggan1/repos/ER_Mutations/outputs/af3_wt_monomer/1a52_wt_monomer_apo/seed-108_sample-1/model.cif,-23.27291507503967,-0.6273691261315171
WT mono apo,123,202,4,/scratch4/jgray21/zhuggan1/repos/ER_Mutations/outputs/af3_wt_monomer/1a52_wt_monomer_apo/seed-202_sample-4/model.cif,-23.305729685619497,-0.9670369835581231
WT mono apo,124,123,1,/scratch4/jgray21/zhuggan1/repos/ER_Mutations/outputs/af3_wt_monomer/1a52_wt_monomer_apo/seed-123_sample-1/model.cif,21.21506606111059,-1.264723959510629
WT mono apo,125,108,0,/scratch4/jgray21/zhuggan1/repos/ER_Mutations/outputs/af3_wt_monomer/1a52_wt_monomer_apo/seed-108_sample-0/model.cif,-23.083468227440502,-1.0972193923257774
WT mono apo,126,108,4,/scratch4/jgray21/zhuggan1/repos/ER_Mutations/outputs/af3_wt_monomer/1a52_wt_monomer_apo/seed-108_sample-4/model.cif,-23.734861690477647,-1.2306474972490469
WT mono apo,127,18,1,/scratch4/jgray21/zhuggan1/repos/ER_Mutations/outputs/af3_wt_monomer/1a52_wt_monomer_apo/seed-18_sample-1/model.cif,20.870384172594367,-0.7693936930329524
WT mono apo,128,80,3,/scratch4/jgray21/zhuggan1/repos/ER_Mutations/outputs/af3_wt_monomer/1a52_wt_monomer_apo/seed-80_sample-3/model.cif,21.170424603663395,-1.0414258741138123
WT mono apo,129,101,3,/scratch4/jgray21/zhuggan1/repos/ER_Mutations/outputs/af3_wt_monomer/1a52_wt_monomer_apo/seed-101_sample-3/model.cif,22.08083256414049,-1.610507785906275
WT mono apo,130,135,0,/scratch4/jgray21/zhuggan1/repos/ER_Mutations/outputs/af3_wt_monomer/1a52_wt_monomer_apo/seed-135_sample-0/model.cif,-22.822544982034398,-0.6157187748230901
WT mono apo,131,195,2,/scratch4/jgray21/zhuggan1/repos/ER_Mutations/outputs/af3_wt_monomer/1a52_wt_monomer_apo/seed-195_sample-2/model.cif,-23.408937471325075,-0.8825921013987116
WT mono apo,132,117,1,/scratch4/jgray21/zhuggan1/repos/ER_Mutations/outputs/af3_wt_monomer/1a52_wt_monomer_apo/seed-117_sample-1/model.cif,-23.294250195968125,-0.9694865278418137
WT mono apo,133,176,3,/scratch4/jgray21/zhuggan1/repos/ER_Mutations/outputs/af3_wt_monomer/1a52_wt_monomer_apo/seed-176_sample-3/model.cif,20.71431988216646,-1.089313166861011
WT mono apo,134,187,0,/scratch4/jgray21/zhuggan1/repos/ER_Mutations/outputs/af3_wt_monomer/1a52_wt_monomer_apo/seed-187_sample-0/model.cif,-23.072635253605608,-0.6552353609433316
WT mono apo,135,221,3,/scratch4/jgray21/zhuggan1/repos/ER_Mutations/outputs/af3_wt_monomer/1a52_wt_monomer_apo/seed-221_sample-3/model.cif,21.164470903758687,2.9280017883480287
WT mono apo,136,112,4,/scratch4/jgray21/zhuggan1/repos/ER_Mutations/outputs/af3_wt_monomer/1a52_wt_monomer_apo/seed-112_sample-4/model.cif,21.102868292929855,-1.0873898735977625
WT mono apo,137,112,0,/scratch4/jgray21/zhuggan1/repos/ER_Mutations/outputs/af3_wt_monomer/1a52_wt_monomer_apo/seed-112_sample-0/model.cif,21.471043837543363,-1.3500191249583826
WT mono apo,138,12,3,/scratch4/jgray21/zhuggan1/repos/ER_Mutations/outputs/af3_wt_monomer/1a52_wt_monomer_apo/seed-12_sample-3/model.cif,-23.579707841566496,-0.6432437621825795
WT mono apo,139,93,1,/scratch4/jgray21/zhuggan1/repos/ER_Mutations/outputs/af3_wt_monomer/1a52_wt_monomer_apo/seed-93_sample-1/model.cif,21.20203363757652,3.127990011741148
WT mono apo,140,54,2,/scratch4/jgray21/zhuggan1/repos/ER_Mutations/outputs/af3_wt_monomer/1a52_wt_monomer_apo/seed-54_sample-2/model.cif,21.71171481002264,-0.8384737819793986
WT mono apo,141,98,4,/scratch4/jgray21/zhuggan1/repos/ER_Mutations/outputs/af3_wt_monomer/1a52_wt_monomer_apo/seed-98_sample-4/model.cif,21.31021077928817,3.5590832879862893
WT mono apo,142,28,3,/scratch4/jgray21/zhuggan1/repos/ER_Mutations/outputs/af3_wt_monomer/1a52_wt_monomer_apo/seed-28_sample-3/model.cif,-22.84475442233117,3.6467524944103595
WT mono apo,143,212,1,/scratch4/jgray21/zhuggan1/repos/ER_Mutations/outputs/af3_wt_monomer/1a52_wt_monomer_apo/seed-212_sample-1/model.cif,20.972107453249865,-1.4689955965614847
WT mono apo,144,154,0,/scratch4/jgray21/zhuggan1/repos/ER_Mutations/outputs/af3_wt_monomer/1a52_wt_monomer_apo/seed-154_sample-0/model.cif,-23.532871708401853,-1.0584375894444409
WT mono apo,145,247,1,/scratch4/jgray21/zhuggan1/repos/ER_Mutations/outputs/af3_wt_monomer/1a52_wt_monomer_apo/seed-247_sample-1/model.cif,-23.17509095411429,-0.9598302111450264
WT mono apo,146,158,3,/scratch4/jgray21/zhuggan1/repos/ER_Mutations/outputs/af3_wt_monomer/1a52_wt_monomer_apo/seed-158_sample-3/model.cif,-22.719608565425016,-0.9190666418467595
WT mono apo,147,16,2,/scratch4/jgray21/zhuggan1/repos/ER_Mutations/outputs/af3_wt_monomer/1a52_wt_monomer_apo/seed-16_sample-2/model.cif,-23.463437047214015,-0.9457888778259917
WT mono apo,148,55,3,/scratch4/jgray21/zhuggan1/repos/ER_Mutations/outputs/af3_wt_monomer/1a52_wt_monomer_apo/seed-55_sample-3/model.cif,-23.808731093693535,-1.2586133553508307
WT mono apo,149,64,2,/scratch4/jgray21/zhuggan1/repos/ER_Mutations/outputs/af3_wt_monomer/1a52_wt_monomer_apo/seed-64_sample-2/model.cif,21.07776016156856,-0.7052446042481051
WT mono apo,150,165,2,/scratch4/jgray21/zhuggan1/repos/ER_Mutations/outputs/af3_wt_monomer/1a52_wt_monomer_apo/seed-165_sample-2/model.cif,-22.761096918884775,-0.750295551376671
WT mono apo,151,250,4,/scratch4/jgray21/zhuggan1/repos/ER_Mutations/outputs/af3_wt_monomer/1a52_wt_monomer_apo/seed-250_sample-4/model.cif,-23.179346824042515,-0.7326419896322751
WT mono apo,152,220,2,/scratch4/jgray21/zhuggan1/repos/ER_Mutations/outputs/af3_wt_monomer/1a52_wt_monomer_apo/seed-220_sample-2/model.cif,-23.100585652390755,-0.4442953256745076
WT mono apo,153,14,4,/scratch4/jgray21/zhuggan1/repos/ER_Mutations/outputs/af3_wt_monomer/1a52_wt_monomer_apo/seed-14_sample-4/model.cif,21.071118251682666,2.7986857670034473
WT mono apo,154,64,1,/scratch4/jgray21/zhuggan1/repos/ER_Mutations/outputs/af3_wt_monomer/1a52_wt_monomer_apo/seed-64_sample-1/model.cif,20.962464733452325,-1.17672076735567
WT mono apo,155,175,2,/scratch4/jgray21/zhuggan1/repos/ER_Mutations/outputs/af3_wt_monomer/1a52_wt_monomer_apo/seed-175_sample-2/model.cif,-23.060726965820088,-1.2005289564163548
WT mono apo,156,135,1,/scratch4/jgray21/zhuggan1/repos/ER_Mutations/outputs/af3_wt_monomer/1a52_wt_monomer_apo/seed-135_sample-1/model.cif,-22.83203530048279,-0.7030858267516777
WT mono apo,157,174,2,/scratch4/jgray21/zhuggan1/repos/ER_Mutations/outputs/af3_wt_monomer/1a52_wt_monomer_apo/seed-174_sample-2/model.cif,21.04348162073641,-0.5556403063016807
WT mono apo,158,41,4,/scratch4/jgray21/zhuggan1/repos/ER_Mutations/outputs/af3_wt_monomer/1a52_wt_monomer_apo/seed-41_sample-4/model.cif,-23.364412873686735,-0.5076503960360057
WT mono apo,159,38,3,/scratch4/jgray21/zhuggan1/repos/ER_Mutations/outputs/af3_wt_monomer/1a52_wt_monomer_apo/seed-38_sample-3/model.cif,21.201491161167823,-1.2255832879276252
WT mono apo,160,229,0,/scratch4/jgray21/zhuggan1/repos/ER_Mutations/outputs/af3_wt_monomer/1a52_wt_monomer_apo/seed-229_sample-0/model.cif,-23.095142416483405,-0.8845400188924536
WT mono apo,161,79,3,/scratch4/jgray21/zhuggan1/repos/ER_Mutations/outputs/af3_wt_monomer/1a52_wt_monomer_apo/seed-79_sample-3/model.cif,-22.562615587471804,3.6349098454235977
WT mono apo,162,5,4,/scratch4/jgray21/zhuggan1/repos/ER_Mutations/outputs/af3_wt_monomer/1a52_wt_monomer_apo/seed-5_sample-4/model.cif,-23.059156533479335,-0.5473126719074842
WT mono apo,163,5,1,/scratch4/jgray21/zhuggan1/repos/ER_Mutations/outputs/af3_wt_monomer/1a52_wt_monomer_apo/seed-5_sample-1/model.cif,-23.445946951856246,-0.8578934856985775
WT mono apo,164,53,3,/scratch4/jgray21/zhuggan1/repos/ER_Mutations/outputs/af3_wt_monomer/1a52_wt_monomer_apo/seed-53_sample-3/model.cif,20.90329490657498,3.065642566759012
WT mono apo,165,243,4,/scratch4/jgray21/zhuggan1/repos/ER_Mutations/outputs/af3_wt_monomer/1a52_wt_monomer_apo/seed-243_sample-4/model.cif,-23.3037741753839,-0.42440860795455454
WT mono apo,166,202,3,/scratch4/jgray21/zhuggan1/repos/ER_Mutations/outputs/af3_wt_monomer/1a52_wt_monomer_apo/seed-202_sample-3/model.cif,-23.418786192819343,-0.7830120144142675
WT mono apo,167,112,2,/scratch4/jgray21/zhuggan1/repos/ER_Mutations/outputs/af3_wt_monomer/1a52_wt_monomer_apo/seed-112_sample-2/model.cif,21.007737412010652,-1.4074256957662394
WT mono apo,168,89,1,/scratch4/jgray21/zhuggan1/repos/ER_Mutations/outputs/af3_wt_monomer/1a52_wt_monomer_apo/seed-89_sample-1/model.cif,21.51393975838918,-1.4706125049576366
WT mono apo,169,55,0,/scratch4/jgray21/zhuggan1/repos/ER_Mutations/outputs/af3_wt_monomer/1a52_wt_monomer_apo/seed-55_sample-0/model.cif,-22.87412696545387,3.5050040926364985
WT mono apo,170,185,1,/scratch4/jgray21/zhuggan1/repos/ER_Mutations/outputs/af3_wt_monomer/1a52_wt_monomer_apo/seed-185_sample-1/model.cif,-24.067832283599255,-0.9480360582917572
WT mono apo,171,89,3,/scratch4/jgray21/zhuggan1/repos/ER_Mutations/outputs/af3_wt_monomer/1a52_wt_monomer_apo/seed-89_sample-3/model.cif,20.63412032740482,-1.29023370934725
WT mono apo,172,91,2,/scratch4/jgray21/zhuggan1/repos/ER_Mutations/outputs/af3_wt_monomer/1a52_wt_monomer_apo/seed-91_sample-2/model.cif,-23.08581147844797,2.9007685737062756
WT mono apo,173,158,0,/scratch4/jgray21/zhuggan1/repos/ER_Mutations/outputs/af3_wt_monomer/1a52_wt_monomer_apo/seed-158_sample-0/model.cif,-23.382849848495333,3.292993223145472
WT mono apo,174,10,4,/scratch4/jgray21/zhuggan1/repos/ER_Mutations/outputs/af3_wt_monomer/1a52_wt_monomer_apo/seed-10_sample-4/model.cif,-22.597050399390376,3.65351279043345
WT mono apo,175,236,4,/scratch4/jgray21/zhuggan1/repos/ER_Mutations/outputs/af3_wt_monomer/1a52_wt_monomer_apo/seed-236_sample-4/model.cif,-24.117520708283564,4.104525878922206
WT mono apo,176,150,4,/scratch4/jgray21/zhuggan1/repos/ER_Mutations/outputs/af3_wt_monomer/1a52_wt_monomer_apo/seed-150_sample-4/model.cif,-24.614363977576392,-1.1346809545739975
WT mono apo,177,94,2,/scratch4/jgray21/zhuggan1/repos/ER_Mutations/outputs/af3_wt_monomer/1a52_wt_monomer_apo/seed-94_sample-2/model.cif,20.162577851444897,3.2432016657779292
WT mono apo,178,154,4,/scratch4/jgray21/zhuggan1/repos/ER_Mutations/outputs/af3_wt_monomer/1a52_wt_monomer_apo/seed-154_sample-4/model.cif,-23.36782422660711,-1.3562612970208408
WT mono apo,179,93,2,/scratch4/jgray21/zhuggan1/repos/ER_Mutations/outputs/af3_wt_monomer/1a52_wt_monomer_apo/seed-93_sample-2/model.cif,19.93082622676149,-1.0780402870602308
WT mono apo,180,115,0,/scratch4/jgray21/zhuggan1/repos/ER_Mutations/outputs/af3_wt_monomer/1a52_wt_monomer_apo/seed-115_sample-0/model.cif,-23.618132966801856,-1.1267877312961594
WT mono apo,181,38,2,/scratch4/jgray21/zhuggan1/repos/ER_Mutations/outputs/af3_wt_monomer/1a52_wt_monomer_apo/seed-38_sample-2/model.cif,21.206979902035847,-1.1700639758938058
WT mono apo,182,58,1,/scratch4/jgray21/zhuggan1/repos/ER_Mutations/outputs/af3_wt_monomer/1a52_wt_monomer_apo/seed-58_sample-1/model.cif,21.416669593832726,-0.9321026504764575
WT mono apo,183,117,3,/scratch4/jgray21/zhuggan1/repos/ER_Mutations/outputs/af3_wt_monomer/1a52_wt_monomer_apo/seed-117_sample-3/model.cif,-23.500968745289363,3.8146303414155334
WT mono apo,184,90,0,/scratch4/jgray21/zhuggan1/repos/ER_Mutations/outputs/af3_wt_monomer/1a52_wt_monomer_apo/seed-90_sample-0/model.cif,-22.753475965843524,-0.717944154534375
WT mono apo,185,64,3,/scratch4/jgray21/zhuggan1/repos/ER_Mutations/outputs/af3_wt_monomer/1a52_wt_monomer_apo/seed-64_sample-3/model.cif,20.805721368056084,-1.3089418355571474
WT mono apo,186,166,1,/scratch4/jgray21/zhuggan1/repos/ER_Mutations/outputs/af3_wt_monomer/1a52_wt_monomer_apo/seed-166_sample-1/model.cif,21.365500685207667,-1.015406070740396
WT mono apo,187,94,0,/scratch4/jgray21/zhuggan1/repos/ER_Mutations/outputs/af3_wt_monomer/1a52_wt_monomer_apo/seed-94_sample-0/model.cif,20.91190687926649,-1.2106715705809028
WT mono apo,188,220,4,/scratch4/jgray21/zhuggan1/repos/ER_Mutations/outputs/af3_wt_monomer/1a52_wt_monomer_apo/seed-220_sample-4/model.cif,-22.664276799426666,-0.8311486885829099
WT mono apo,189,149,2,/scratch4/jgray21/zhuggan1/repos/ER_Mutations/outputs/af3_wt_monomer/1a52_wt_monomer_apo/seed-149_sample-2/model.cif,-23.35958497005917,-0.8114371956119354
WT mono apo,190,186,4,/scratch4/jgray21/zhuggan1/repos/ER_Mutations/outputs/af3_wt_monomer/1a52_wt_monomer_apo/seed-186_sample-4/model.cif,-23.466235187621468,-0.5450947151925823
WT mono apo,191,246,0,/scratch4/jgray21/zhuggan1/repos/ER_Mutations/outputs/af3_wt_monomer/1a52_wt_monomer_apo/seed-246_sample-0/model.cif,-23.13603266340426,-0.9442810617373797
WT mono apo,192,221,0,/scratch4/jgray21/zhuggan1/repos/ER_Mutations/outputs/af3_wt_monomer/1a52_wt_monomer_apo/seed-221_sample-0/model.cif,21.733409116095064,-0.9127676598397928
WT mono apo,193,10,1,/scratch4/jgray21/zhuggan1/repos/ER_Mutations/outputs/af3_wt_monomer/1a52_wt_monomer_apo/seed-10_sample-1/model.cif,-22.909190170241892,-0.6425625881462382
WT mono apo,194,169,4,/scratch4/jgray21/zhuggan1/repos/ER_Mutations/outputs/af3_wt_monomer/1a52_wt_monomer_apo/seed-169_sample-4/model.cif,-23.224888231063215,-0.9018135252771654
WT mono apo,195,212,3,/scratch4/jgray21/zhuggan1/repos/ER_Mutations/outputs/af3_wt_monomer/1a52_wt_monomer_apo/seed-212_sample-3/model.cif,20.785569276106518,2.9475175792230766
WT mono apo,196,118,2,/scratch4/jgray21/zhuggan1/repos/ER_Mutations/outputs/af3_wt_monomer/1a52_wt_monomer_apo/seed-118_sample-2/model.cif,-22.718401968065443,-1.020701224064824
WT mono apo,197,225,4,/scratch4/jgray21/zhuggan1/repos/ER_Mutations/outputs/af3_wt_monomer/1a52_wt_monomer_apo/seed-225_sample-4/model.cif,-24.02499324592364,-0.9808978692309309
WT mono apo,198,182,4,/scratch4/jgray21/zhuggan1/repos/ER_Mutations/outputs/af3_wt_monomer/1a52_wt_monomer_apo/seed-182_sample-4/model.cif,-23.760413276311713,-0.6364101996007446
WT mono apo,199,112,1,/scratch4/jgray21/zhuggan1/repos/ER_Mutations/outputs/af3_wt_monomer/1a52_wt_monomer_apo/seed-112_sample-1/model.cif,21.421423029638653,-0.45937413680775524
WT mono apo,200,79,1,/scratch4/jgray21/zhuggan1/repos/ER_Mutations/outputs/af3_wt_monomer/1a52_wt_monomer_apo/seed-79_sample-1/model.cif,-23.534093142461458,-0.9367220639404688
WT mono apo,201,40,4,/scratch4/jgray21/zhuggan1/repos/ER_Mutations/outputs/af3_wt_monomer/1a52_wt_monomer_apo/seed-40_sample-4/model.cif,-23.203925590087927,3.6744274098627354
WT mono apo,202,236,3,/scratch4/jgray21/zhuggan1/repos/ER_Mutations/outputs/af3_wt_monomer/1a52_wt_monomer_apo/seed-236_sample-3/model.cif,-23.763038543896,-1.047855173672016
WT mono apo,203,203,2,/scratch4/jgray21/zhuggan1/repos/ER_Mutations/outputs/af3_wt_monomer/1a52_wt_monomer_apo/seed-203_sample-2/model.cif,-23.209379855429365,-0.7708132081480552
WT mono apo,204,144,0,/scratch4/jgray21/zhuggan1/repos/ER_Mutations/outputs/af3_wt_monomer/1a52_wt_monomer_apo/seed-144_sample-0/model.cif,-23.077010160353108,-0.6757852167066005
WT mono apo,205,122,3,/scratch4/jgray21/zhuggan1/repos/ER_Mutations/outputs/af3_wt_monomer/1a52_wt_monomer_apo/seed-122_sample-3/model.cif,-23.22859298876974,-1.3436809002525194
WT mono apo,206,176,1,/scratch4/jgray21/zhuggan1/repos/ER_Mutations/outputs/af3_wt_monomer/1a52_wt_monomer_apo/seed-176_sample-1/model.cif,20.260357772929105,-0.838705133124994
WT mono apo,207,14,1,/scratch4/jgray21/zhuggan1/repos/ER_Mutations/outputs/af3_wt_monomer/1a52_wt_monomer_apo/seed-14_sample-1/model.cif,21.184335988731817,3.339864156194963
WT mono apo,208,142,2,/scratch4/jgray21/zhuggan1/repos/ER_Mutations/outputs/af3_wt_monomer/1a52_wt_monomer_apo/seed-142_sample-2/model.cif,20.38327210611603,3.34346072089353
WT mono apo,209,5,0,/scratch4/jgray21/zhuggan1/repos/ER_Mutations/outputs/af3_wt_monomer/1a52_wt_monomer_apo/seed-5_sample-0/model.cif,-23.71342490626839,3.331546978230851
WT mono apo,210,71,4,/scratch4/jgray21/zhuggan1/repos/ER_Mutations/outputs/af3_wt_monomer/1a52_wt_monomer_apo/seed-71_sample-4/model.cif,-22.994704376921796,-1.0014138240783592
WT mono apo,211,153,2,/scratch4/jgray21/zhuggan1/repos/ER_Mutations/outputs/af3_wt_monomer/1a52_wt_monomer_apo/seed-153_sample-2/model.cif,-23.379866433015042,-0.8528519477722497
WT mono apo,212,238,4,/scratch4/jgray21/zhuggan1/repos/ER_Mutations/outputs/af3_wt_monomer/1a52_wt_monomer_apo/seed-238_sample-4/model.cif,-22.750383910812097,-0.5240301076544864
WT mono apo,213,91,1,/scratch4/jgray21/zhuggan1/repos/ER_Mutations/outputs/af3_wt_monomer/1a52_wt_monomer_apo/seed-91_sample-1/model.cif,-22.935887142812287,3.475166271432234
WT mono apo,214,13,1,/scratch4/jgray21/zhuggan1/repos/ER_Mutations/outputs/af3_wt_monomer/1a52_wt_monomer_apo/seed-13_sample-1/model.cif,20.879327779729742,-1.005559085249139
WT mono apo,215,244,1,/scratch4/jgray21/zhuggan1/repos/ER_Mutations/outputs/af3_wt_monomer/1a52_wt_monomer_apo/seed-244_sample-1/model.cif,-23.696502971168332,-1.4834053693584244
WT mono apo,216,249,1,/scratch4/jgray21/zhuggan1/repos/ER_Mutations/outputs/af3_wt_monomer/1a52_wt_monomer_apo/seed-249_sample-1/model.cif,21.04016106590025,-0.9134378869515303
WT mono apo,217,182,1,/scratch4/jgray21/zhuggan1/repos/ER_Mutations/outputs/af3_wt_monomer/1a52_wt_monomer_apo/seed-182_sample-1/model.cif,-23.14076145085293,-0.8166936773222419
WT mono apo,218,66,4,/scratch4/jgray21/zhuggan1/repos/ER_Mutations/outputs/af3_wt_monomer/1a52_wt_monomer_apo/seed-66_sample-4/model.cif,-23.9226597074317,-0.713407690539855
WT mono apo,219,141,2,/scratch4/jgray21/zhuggan1/repos/ER_Mutations/outputs/af3_wt_monomer/1a52_wt_monomer_apo/seed-141_sample-2/model.cif,-22.843101247966946,-0.6845742951698753
WT mono apo,220,111,2,/scratch4/jgray21/zhuggan1/repos/ER_Mutations/outputs/af3_wt_monomer/1a52_wt_monomer_apo/seed-111_sample-2/model.cif,-23.779297721725968,-0.7459888219722456
WT mono apo,221,189,1,/scratch4/jgray21/zhuggan1/repos/ER_Mutations/outputs/af3_wt_monomer/1a52_wt_monomer_apo/seed-189_sample-1/model.cif,-22.9669352693686,-0.7378175745785102
WT mono apo,222,115,1,/scratch4/jgray21/zhuggan1/repos/ER_Mutations/outputs/af3_wt_monomer/1a52_wt_monomer_apo/seed-115_sample-1/model.cif,-23.264011282346903,-0.5822633781973605
WT mono apo,223,21,4,/scratch4/jgray21/zhuggan1/repos/ER_Mutations/outputs/af3_wt_monomer/1a52_wt_monomer_apo/seed-21_sample-4/model.cif,-23.051999360142567,3.2994803402483805
WT mono apo,224,171,2,/scratch4/jgray21/zhuggan1/repos/ER_Mutations/outputs/af3_wt_monomer/1a52_wt_monomer_apo/seed-171_sample-2/model.cif,-22.926912850154128,-0.6810099647176286
WT mono apo,225,135,3,/scratch4/jgray21/zhuggan1/repos/ER_Mutations/outputs/af3_wt_monomer/1a52_wt_monomer_apo/seed-135_sample-3/model.cif,-23.007106045742812,-1.0669133087724783
WT mono apo,226,171,4,/scratch4/jgray21/zhuggan1/repos/ER_Mutations/outputs/af3_wt_monomer/1a52_wt_monomer_apo/seed-171_sample-4/model.cif,-24.10375797878646,-0.8784813382171057
WT mono apo,227,132,4,/scratch4/jgray21/zhuggan1/repos/ER_Mutations/outputs/af3_wt_monomer/1a52_wt_monomer_apo/seed-132_sample-4/model.cif,-23.14064509698391,-0.5909597342980256
WT mono apo,228,53,4,/scratch4/jgray21/zhuggan1/repos/ER_Mutations/outputs/af3_wt_monomer/1a52_wt_monomer_apo/seed-53_sample-4/model.cif,20.885646899145268,-0.9602081118075841
WT mono apo,229,179,1,/scratch4/jgray21/zhuggan1/repos/ER_Mutations/outputs/af3_wt_monomer/1a52_wt_monomer_apo/seed-179_sample-1/model.cif,-23.382259851765415,-0.7036718027011625
WT mono apo,230,43,4,/scratch4/jgray21/zhuggan1/repos/ER_Mutations/outputs/af3_wt_monomer/1a52_wt_monomer_apo/seed-43_sample-4/model.cif,21.305451820535865,-0.7757619870127691
WT mono apo,231,15,0,/scratch4/jgray21/zhuggan1/repos/ER_Mutations/outputs/af3_wt_monomer/1a52_wt_monomer_apo/seed-15_sample-0/model.cif,-22.718543217581676,-0.7651415037280273
WT mono apo,232,17,4,/scratch4/jgray21/zhuggan1/repos/ER_Mutations/outputs/af3_wt_monomer/1a52_wt_monomer_apo/seed-17_sample-4/model.cif,-23.13630524839242,3.087357029217726
WT mono apo,233,158,1,/scratch4/jgray21/zhuggan1/repos/ER_Mutations/outputs/af3_wt_monomer/1a52_wt_monomer_apo/seed-158_sample-1/model.cif,-22.887933909461903,-0.9335370054500449
WT mono apo,234,20,2,/scratch4/jgray21/zhuggan1/repos/ER_Mutations/outputs/af3_wt_monomer/1a52_wt_monomer_apo/seed-20_sample-2/model.cif,-23.34939120088671,-0.5657388556493943
WT mono apo,235,19,3,/scratch4/jgray21/zhuggan1/repos/ER_Mutations/outputs/af3_wt_monomer/1a52_wt_monomer_apo/seed-19_sample-3/model.cif,-23.833640240799276,-0.827194218609593
WT mono apo,236,206,2,/scratch4/jgray21/zhuggan1/repos/ER_Mutations/outputs/af3_wt_monomer/1a52_wt_monomer_apo/seed-206_sample-2/model.cif,-23.007588803008943,-0.87784086016537
WT mono apo,237,145,2,/scratch4/jgray21/zhuggan1/repos/ER_Mutations/outputs/af3_wt_monomer/1a52_wt_monomer_apo/seed-145_sample-2/model.cif,-22.67713669558782,-0.5645438011305324
WT mono apo,238,249,4,/scratch4/jgray21/zhuggan1/repos/ER_Mutations/outputs/af3_wt_monomer/1a52_wt_monomer_apo/seed-249_sample-4/model.cif,20.693463368321158,2.7127206327989954
WT mono apo,239,239,0,/scratch4/jgray21/zhuggan1/repos/ER_Mutations/outputs/af3_wt_monomer/1a52_wt_monomer_apo/seed-239_sample-0/model.cif,-22.930534442819013,-0.6767446653106267
WT mono apo,240,182,0,/scratch4/jgray21/zhuggan1/repos/ER_Mutations/outputs/af3_wt_monomer/1a52_wt_monomer_apo/seed-182_sample-0/model.cif,-23.132895574064534,-0.839659113997076
WT mono apo,241,95,3,/scratch4/jgray21/zhuggan1/repos/ER_Mutations/outputs/af3_wt_monomer/1a52_wt_monomer_apo/seed-95_sample-3/model.cif,-23.13140221093986,-1.0191677321045156
WT mono apo,242,97,4,/scratch4/jgray21/zhuggan1/repos/ER_Mutations/outputs/af3_wt_monomer/1a52_wt_monomer_apo/seed-97_sample-4/model.cif,21.082934740101624,-1.019727510106798
WT mono apo,243,230,0,/scratch4/jgray21/zhuggan1/repos/ER_Mutations/outputs/af3_wt_monomer/1a52_wt_monomer_apo/seed-230_sample-0/model.cif,21.018123103012346,2.1534565191427153
WT mono apo,244,125,0,/scratch4/jgray21/zhuggan1/repos/ER_Mutations/outputs/af3_wt_monomer/1a52_wt_monomer_apo/seed-125_sample-0/model.cif,-23.36901400140583,3.320599253865476
WT mono apo,245,119,1,/scratch4/jgray21/zhuggan1/repos/ER_Mutations/outputs/af3_wt_monomer/1a52_wt_monomer_apo/seed-119_sample-1/model.cif,-22.497558363259444,-0.8645159213173327
WT mono apo,246,31,3,/scratch4/jgray21/zhuggan1/repos/ER_Mutations/outputs/af3_wt_monomer/1a52_wt_monomer_apo/seed-31_sample-3/model.cif,-22.706897411370665,3.6396814623473905
WT mono apo,247,98,1,/scratch4/jgray21/zhuggan1/repos/ER_Mutations/outputs/af3_wt_monomer/1a52_wt_monomer_apo/seed-98_sample-1/model.cif,20.563615424627205,-0.9122858028480202
WT mono apo,248,136,2,/scratch4/jgray21/zhuggan1/repos/ER_Mutations/outputs/af3_wt_monomer/1a52_wt_monomer_apo/seed-136_sample-2/model.cif,-23.12901331608249,-0.8543917294178166
WT mono apo,249,148,0,/scratch4/jgray21/zhuggan1/repos/ER_Mutations/outputs/af3_wt_monomer/1a52_wt_monomer_apo/seed-148_sample-0/model.cif,-22.77328376795036,-0.6492276239054335
WT mono apo,250,189,0,/scratch4/jgray21/zhuggan1/repos/ER_Mutations/outputs/af3_wt_monomer/1a52_wt_monomer_apo/seed-189_sample-0/model.cif,-23.48651148500427,-0.5880889387779038
WT mono apo,251,61,4,/scratch4/jgray21/zhuggan1/repos/ER_Mutations/outputs/af3_wt_monomer/1a52_wt_monomer_apo/seed-61_sample-4/model.cif,-23.17135854315487,-1.5414279283124142
WT mono apo,252,155,0,/scratch4/jgray21/zhuggan1/repos/ER_Mutations/outputs/af3_wt_monomer/1a52_wt_monomer_apo/seed-155_sample-0/model.cif,20.963890208781635,-1.296311352551857
WT mono apo,253,166,3,/scratch4/jgray21/zhuggan1/repos/ER_Mutations/outputs/af3_wt_monomer/1a52_wt_monomer_apo/seed-166_sample-3/model.cif,20.32244131095668,3.005746824998811
WT mono apo,254,115,2,/scratch4/jgray21/zhuggan1/repos/ER_Mutations/outputs/af3_wt_monomer/1a52_wt_monomer_apo/seed-115_sample-2/model.cif,-22.960426271420495,-1.1305719178683264
WT mono apo,255,139,0,/scratch4/jgray21/zhuggan1/repos/ER_Mutations/outputs/af3_wt_monomer/1a52_wt_monomer_apo/seed-139_sample-0/model.cif,-23.182408606638713,-0.7199898637878653
WT mono apo,256,60,3,/scratch4/jgray21/zhuggan1/repos/ER_Mutations/outputs/af3_wt_monomer/1a52_wt_monomer_apo/seed-60_sample-3/model.cif,20.894031727518044,-0.804748136687507
WT mono apo,257,224,3,/scratch4/jgray21/zhuggan1/repos/ER_Mutations/outputs/af3_wt_monomer/1a52_wt_monomer_apo/seed-224_sample-3/model.cif,-22.352479850586402,-1.0386469956203523
WT mono apo,258,219,0,/scratch4/jgray21/zhuggan1/repos/ER_Mutations/outputs/af3_wt_monomer/1a52_wt_monomer_apo/seed-219_sample-0/model.cif,-22.85762686290961,3.442906228542183
WT mono apo,259,197,0,/scratch4/jgray21/zhuggan1/repos/ER_Mutations/outputs/af3_wt_monomer/1a52_wt_monomer_apo/seed-197_sample-0/model.cif,21.687809138786267,2.952071741993285
WT mono apo,260,55,4,/scratch4/jgray21/zhuggan1/repos/ER_Mutations/outputs/af3_wt_monomer/1a52_wt_monomer_apo/seed-55_sample-4/model.cif,-22.661552666429955,-0.7599626626404216
WT mono apo,261,192,1,/scratch4/jgray21/zhuggan1/repos/ER_Mutations/outputs/af3_wt_monomer/1a52_wt_monomer_apo/seed-192_sample-1/model.cif,-23.657636169487542,-0.6266971993790492
WT mono apo,262,10,0,/scratch4/jgray21/zhuggan1/repos/ER_Mutations/outputs/af3_wt_monomer/1a52_wt_monomer_apo/seed-10_sample-0/model.cif,-23.10955116877133,-0.5590897682370785
WT mono apo,263,43,2,/scratch4/jgray21/zhuggan1/repos/ER_Mutations/outputs/af3_wt_monomer/1a52_wt_monomer_apo/seed-43_sample-2/model.cif,21.212913033287787,-0.6867434862559489
WT mono apo,264,85,2,/scratch4/jgray21/zhuggan1/repos/ER_Mutations/outputs/af3_wt_monomer/1a52_wt_monomer_apo/seed-85_sample-2/model.cif,-23.485944725418136,-0.8631837534119499
WT mono apo,265,227,2,/scratch4/jgray21/zhuggan1/repos/ER_Mutations/outputs/af3_wt_monomer/1a52_wt_monomer_apo/seed-227_sample-2/model.cif,-23.311881013362957,-0.8589058591869435
WT mono apo,266,209,4,/scratch4/jgray21/zhuggan1/repos/ER_Mutations/outputs/af3_wt_monomer/1a52_wt_monomer_apo/seed-209_sample-4/model.cif,-22.372897125234847,4.033220038396652
WT mono apo,267,212,0,/scratch4/jgray21/zhuggan1/repos/ER_Mutations/outputs/af3_wt_monomer/1a52_wt_monomer_apo/seed-212_sample-0/model.cif,21.198339974924853,3.1089223674472004
WT mono apo,268,116,2,/scratch4/jgray21/zhuggan1/repos/ER_Mutations/outputs/af3_wt_monomer/1a52_wt_monomer_apo/seed-116_sample-2/model.cif,-23.343925102598305,-1.1406799565589265
WT mono apo,269,68,2,/scratch4/jgray21/zhuggan1/repos/ER_Mutations/outputs/af3_wt_monomer/1a52_wt_monomer_apo/seed-68_sample-2/model.cif,20.659899619805692,2.9115760330245246
WT mono apo,270,205,1,/scratch4/jgray21/zhuggan1/repos/ER_Mutations/outputs/af3_wt_monomer/1a52_wt_monomer_apo/seed-205_sample-1/model.cif,-23.34814243540249,-0.9165118910000708
WT mono apo,271,117,2,/scratch4/jgray21/zhuggan1/repos/ER_Mutations/outputs/af3_wt_monomer/1a52_wt_monomer_apo/seed-117_sample-2/model.cif,-23.38021694328188,-0.9685354981213394
WT mono apo,272,17,0,/scratch4/jgray21/zhuggan1/repos/ER_Mutations/outputs/af3_wt_monomer/1a52_wt_monomer_apo/seed-17_sample-0/model.cif,-23.528395730038174,-0.8809271594838511
WT mono apo,273,36,0,/scratch4/jgray21/zhuggan1/repos/ER_Mutations/outputs/af3_wt_monomer/1a52_wt_monomer_apo/seed-36_sample-0/model.cif,-22.74127863407132,-1.0068442021198711
WT mono apo,274,167,3,/scratch4/jgray21/zhuggan1/repos/ER_Mutations/outputs/af3_wt_monomer/1a52_wt_monomer_apo/seed-167_sample-3/model.cif,-23.428406053500144,-0.6491529144892407
WT mono apo,275,105,4,/scratch4/jgray21/zhuggan1/repos/ER_Mutations/outputs/af3_wt_monomer/1a52_wt_monomer_apo/seed-105_sample-4/model.cif,22.195040421753415,3.087155737623777
WT mono apo,276,225,1,/scratch4/jgray21/zhuggan1/repos/ER_Mutations/outputs/af3_wt_monomer/1a52_wt_monomer_apo/seed-225_sample-1/model.cif,-23.120793214701795,-0.86381118652402
WT mono apo,277,54,3,/scratch4/jgray21/zhuggan1/repos/ER_Mutations/outputs/af3_wt_monomer/1a52_wt_monomer_apo/seed-54_sample-3/model.cif,21.18330503029968,-1.193472860025611
WT mono apo,278,246,4,/scratch4/jgray21/zhuggan1/repos/ER_Mutations/outputs/af3_wt_monomer/1a52_wt_monomer_apo/seed-246_sample-4/model.cif,-22.970766418532474,3.8538271106425714
WT mono apo,279,148,2,/scratch4/jgray21/zhuggan1/repos/ER_Mutations/outputs/af3_wt_monomer/1a52_wt_monomer_apo/seed-148_sample-2/model.cif,-22.88560579973827,-0.9252109772572549
WT mono apo,280,215,2,/scratch4/jgray21/zhuggan1/repos/ER_Mutations/outputs/af3_wt_monomer/1a52_wt_monomer_apo/seed-215_sample-2/model.cif,-22.92787266722632,-0.8435702608181115
WT mono apo,281,83,1,/scratch4/jgray21/zhuggan1/repos/ER_Mutations/outputs/af3_wt_monomer/1a52_wt_monomer_apo/seed-83_sample-1/model.cif,-23.286198631619783,-0.9268599448229337
WT mono apo,282,150,3,/scratch4/jgray21/zhuggan1/repos/ER_Mutations/outputs/af3_wt_monomer/1a52_wt_monomer_apo/seed-150_sample-3/model.cif,-23.48566105625672,3.4871633208435697
WT mono apo,283,207,0,/scratch4/jgray21/zhuggan1/repos/ER_Mutations/outputs/af3_wt_monomer/1a52_wt_monomer_apo/seed-207_sample-0/model.cif,-23.08394062499408,-0.6839656439644376
WT mono apo,284,28,1,/scratch4/jgray21/zhuggan1/repos/ER_Mutations/outputs/af3_wt_monomer/1a52_wt_monomer_apo/seed-28_sample-1/model.cif,-23.35990780900704,-1.055512396499296
WT mono apo,285,84,1,/scratch4/jgray21/zhuggan1/repos/ER_Mutations/outputs/af3_wt_monomer/1a52_wt_monomer_apo/seed-84_sample-1/model.cif,21.16896665831804,-1.065969643402827
WT mono apo,286,220,3,/scratch4/jgray21/zhuggan1/repos/ER_Mutations/outputs/af3_wt_monomer/1a52_wt_monomer_apo/seed-220_sample-3/model.cif,-23.12095424005213,-0.028776240109518528
WT mono apo,287,45,0,/scratch4/jgray21/zhuggan1/repos/ER_Mutations/outputs/af3_wt_monomer/1a52_wt_monomer_apo/seed-45_sample-0/model.cif,-23.44518008670133,-0.5107554907677015
WT mono apo,288,83,2,/scratch4/jgray21/zhuggan1/repos/ER_Mutations/outputs/af3_wt_monomer/1a52_wt_monomer_apo/seed-83_sample-2/model.cif,-23.024947997159114,0.012319109554785315
WT mono apo,289,132,3,/scratch4/jgray21/zhuggan1/repos/ER_Mutations/outputs/af3_wt_monomer/1a52_wt_monomer_apo/seed-132_sample-3/model.cif,-22.668584644127055,-0.7417211540541429
WT mono apo,290,165,0,/scratch4/jgray21/zhuggan1/repos/ER_Mutations/outputs/af3_wt_monomer/1a52_wt_monomer_apo/seed-165_sample-0/model.cif,-22.940372684952134,-0.820883140489378
WT mono apo,291,64,4,/scratch4/jgray21/zhuggan1/repos/ER_Mutations/outputs/af3_wt_monomer/1a52_wt_monomer_apo/seed-64_sample-4/model.cif,20.71088687746345,3.3772069013807484
WT mono apo,292,71,2,/scratch4/jgray21/zhuggan1/repos/ER_Mutations/outputs/af3_wt_monomer/1a52_wt_monomer_apo/seed-71_sample-2/model.cif,-23.04806082207781,-0.6440851610750121
WT mono apo,293,85,0,/scratch4/jgray21/zhuggan1/repos/ER_Mutations/outputs/af3_wt_monomer/1a52_wt_monomer_apo/seed-85_sample-0/model.cif,-22.656155316383035,-0.8822696968721879
WT mono apo,294,247,4,/scratch4/jgray21/zhuggan1/repos/ER_Mutations/outputs/af3_wt_monomer/1a52_wt_monomer_apo/seed-247_sample-4/model.cif,-23.126837247837493,-0.817855624359687
WT mono apo,295,70,4,/scratch4/jgray21/zhuggan1/repos/ER_Mutations/outputs/af3_wt_monomer/1a52_wt_monomer_apo/seed-70_sample-4/model.cif,-23.308604511071355,3.413204364231565
WT mono apo,296,85,4,/scratch4/jgray21/zhuggan1/repos/ER_Mutations/outputs/af3_wt_monomer/1a52_wt_monomer_apo/seed-85_sample-4/model.cif,-23.383827504043087,-0.7898514735005857
WT mono apo,297,216,2,/scratch4/jgray21/zhuggan1/repos/ER_Mutations/outputs/af3_wt_monomer/1a52_wt_monomer_apo/seed-216_sample-2/model.cif,-23.040394318123848,-0.4174835485329248
WT mono apo,298,230,4,/scratch4/jgray21/zhuggan1/repos/ER_Mutations/outputs/af3_wt_monomer/1a52_wt_monomer_apo/seed-230_sample-4/model.cif,20.16827398867294,-0.7399675847388244
WT mono apo,299,98,0,/scratch4/jgray21/zhuggan1/repos/ER_Mutations/outputs/af3_wt_monomer/1a52_wt_monomer_apo/seed-98_sample-0/model.cif,21.664418155089173,2.7883362653011505
WT mono apo,300,183,0,/scratch4/jgray21/zhuggan1/repos/ER_Mutations/outputs/af3_wt_monomer/1a52_wt_monomer_apo/seed-183_sample-0/model.cif,-22.809959812213318,-0.7989182676400141
WT mono apo,301,5,3,/scratch4/jgray21/zhuggan1/repos/ER_Mutations/outputs/af3_wt_monomer/1a52_wt_monomer_apo/seed-5_sample-3/model.cif,-23.322745217020397,-0.7469965831863513
WT mono apo,302,166,4,/scratch4/jgray21/zhuggan1/repos/ER_Mutations/outputs/af3_wt_monomer/1a52_wt_monomer_apo/seed-166_sample-4/model.cif,21.61715837356195,-1.1280402200466797
WT mono apo,303,187,1,/scratch4/jgray21/zhuggan1/repos/ER_Mutations/outputs/af3_wt_monomer/1a52_wt_monomer_apo/seed-187_sample-1/model.cif,-23.521881187882183,-1.0543598097007285
WT mono apo,304,225,2,/scratch4/jgray21/zhuggan1/repos/ER_Mutations/outputs/af3_wt_monomer/1a52_wt_monomer_apo/seed-225_sample-2/model.cif,-23.087586448967418,-0.8495951383157758
WT mono apo,305,11,3,/scratch4/jgray21/zhuggan1/repos/ER_Mutations/outputs/af3_wt_monomer/1a52_wt_monomer_apo/seed-11_sample-3/model.cif,20.97709573445731,-0.8654075194868479
WT mono apo,306,64,0,/scratch4/jgray21/zhuggan1/repos/ER_Mutations/outputs/af3_wt_monomer/1a52_wt_monomer_apo/seed-64_sample-0/model.cif,20.746664923117045,-1.0869127151141076
WT mono apo,307,125,2,/scratch4/jgray21/zhuggan1/repos/ER_Mutations/outputs/af3_wt_monomer/1a52_wt_monomer_apo/seed-125_sample-2/model.cif,-23.393229597128016,-0.8805965702409613
WT mono apo,308,177,3,/scratch4/jgray21/zhuggan1/repos/ER_Mutations/outputs/af3_wt_monomer/1a52_wt_monomer_apo/seed-177_sample-3/model.cif,21.272271883128848,-0.7229370278111529
WT mono apo,309,177,0,/scratch4/jgray21/zhuggan1/repos/ER_Mutations/outputs/af3_wt_monomer/1a52_wt_monomer_apo/seed-177_sample-0/model.cif,20.9951199029577,-1.12812994422053
WT mono apo,310,205,4,/scratch4/jgray21/zhuggan1/repos/ER_Mutations/outputs/af3_wt_monomer/1a52_wt_monomer_apo/seed-205_sample-4/model.cif,-23.12820303380733,-0.9802108775194952
WT mono apo,311,136,1,/scratch4/jgray21/zhuggan1/repos/ER_Mutations/outputs/af3_wt_monomer/1a52_wt_monomer_apo/seed-136_sample-1/model.cif,-22.820668512550956,-0.8943214288193403
WT mono apo,312,156,1,/scratch4/jgray21/zhuggan1/repos/ER_Mutations/outputs/af3_wt_monomer/1a52_wt_monomer_apo/seed-156_sample-1/model.cif,20.20229700062647,-0.8398846140209383
WT mono apo,313,43,1,/scratch4/jgray21/zhuggan1/repos/ER_Mutations/outputs/af3_wt_monomer/1a52_wt_monomer_apo/seed-43_sample-1/model.cif,20.340556927704156,-1.0177798117669983
WT mono apo,314,210,4,/scratch4/jgray21/zhuggan1/repos/ER_Mutations/outputs/af3_wt_monomer/1a52_wt_monomer_apo/seed-210_sample-4/model.cif,-22.755396565578305,-0.5861144159918591
WT mono apo,315,249,2,/scratch4/jgray21/zhuggan1/repos/ER_Mutations/outputs/af3_wt_monomer/1a52_wt_monomer_apo/seed-249_sample-2/model.cif,20.716930891806502,3.2642098567461537
WT mono apo,316,31,1,/scratch4/jgray21/zhuggan1/repos/ER_Mutations/outputs/af3_wt_monomer/1a52_wt_monomer_apo/seed-31_sample-1/model.cif,-22.591030283296895,-0.6663776759243915
WT mono apo,317,198,1,/scratch4/jgray21/zhuggan1/repos/ER_Mutations/outputs/af3_wt_monomer/1a52_wt_monomer_apo/seed-198_sample-1/model.cif,-23.477198805307687,-0.9399705615512289
WT mono apo,318,24,1,/scratch4/jgray21/zhuggan1/repos/ER_Mutations/outputs/af3_wt_monomer/1a52_wt_monomer_apo/seed-24_sample-1/model.cif,-23.55343513169006,3.0619160223588278
WT mono apo,319,183,1,/scratch4/jgray21/zhuggan1/repos/ER_Mutations/outputs/af3_wt_monomer/1a52_wt_monomer_apo/seed-183_sample-1/model.cif,-23.047327159336955,-0.6891970999094468
WT mono apo,320,178,2,/scratch4/jgray21/zhuggan1/repos/ER_Mutations/outputs/af3_wt_monomer/1a52_wt_monomer_apo/seed-178_sample-2/model.cif,-23.288960321300657,3.652572861110246
WT mono apo,321,88,1,/scratch4/jgray21/zhuggan1/repos/ER_Mutations/outputs/af3_wt_monomer/1a52_wt_monomer_apo/seed-88_sample-1/model.cif,-23.142266008666013,2.957736302709783
WT mono apo,322,72,2,/scratch4/jgray21/zhuggan1/repos/ER_Mutations/outputs/af3_wt_monomer/1a52_wt_monomer_apo/seed-72_sample-2/model.cif,-23.402809203314742,3.908801732336547
WT mono apo,323,180,1,/scratch4/jgray21/zhuggan1/repos/ER_Mutations/outputs/af3_wt_monomer/1a52_wt_monomer_apo/seed-180_sample-1/model.cif,-22.947228498391848,-0.7641213342011977
WT mono apo,324,89,4,/scratch4/jgray21/zhuggan1/repos/ER_Mutations/outputs/af3_wt_monomer/1a52_wt_monomer_apo/seed-89_sample-4/model.cif,21.77239919648655,-1.16806421053641
WT mono apo,325,220,0,/scratch4/jgray21/zhuggan1/repos/ER_Mutations/outputs/af3_wt_monomer/1a52_wt_monomer_apo/seed-220_sample-0/model.cif,-23.539258364317725,-1.1403054352383284
WT mono apo,326,198,3,/scratch4/jgray21/zhuggan1/repos/ER_Mutations/outputs/af3_wt_monomer/1a52_wt_monomer_apo/seed-198_sample-3/model.cif,-22.979038957970715,-0.7803682943163281
WT mono apo,327,239,4,/scratch4/jgray21/zhuggan1/repos/ER_Mutations/outputs/af3_wt_monomer/1a52_wt_monomer_apo/seed-239_sample-4/model.cif,-23.555354554538596,3.1938399518381386
WT mono apo,328,11,1,/scratch4/jgray21/zhuggan1/repos/ER_Mutations/outputs/af3_wt_monomer/1a52_wt_monomer_apo/seed-11_sample-1/model.cif,21.58369474194565,-0.8955652515024758
WT mono apo,329,211,1,/scratch4/jgray21/zhuggan1/repos/ER_Mutations/outputs/af3_wt_monomer/1a52_wt_monomer_apo/seed-211_sample-1/model.cif,20.248714048857273,-1.0762771485174285
WT mono apo,330,99,4,/scratch4/jgray21/zhuggan1/repos/ER_Mutations/outputs/af3_wt_monomer/1a52_wt_monomer_apo/seed-99_sample-4/model.cif,-23.513252603275006,-0.4516718556493816
WT mono apo,331,67,4,/scratch4/jgray21/zhuggan1/repos/ER_Mutations/outputs/af3_wt_monomer/1a52_wt_monomer_apo/seed-67_sample-4/model.cif,-23.286540440451397,3.5333098905688214
WT mono apo,332,202,1,/scratch4/jgray21/zhuggan1/repos/ER_Mutations/outputs/af3_wt_monomer/1a52_wt_monomer_apo/seed-202_sample-1/model.cif,-23.145622765489556,-0.8906603988142325
WT mono apo,333,226,0,/scratch4/jgray21/zhuggan1/repos/ER_Mutations/outputs/af3_wt_monomer/1a52_wt_monomer_apo/seed-226_sample-0/model.cif,-23.110694858110655,-1.0048795619798987
WT mono apo,334,189,2,/scratch4/jgray21/zhuggan1/repos/ER_Mutations/outputs/af3_wt_monomer/1a52_wt_monomer_apo/seed-189_sample-2/model.cif,-23.564739361116963,-1.2747130254178727
WT mono apo,335,130,1,/scratch4/jgray21/zhuggan1/repos/ER_Mutations/outputs/af3_wt_monomer/1a52_wt_monomer_apo/seed-130_sample-1/model.cif,21.22002511157138,2.862864299351836
WT mono apo,336,221,1,/scratch4/jgray21/zhuggan1/repos/ER_Mutations/outputs/af3_wt_monomer/1a52_wt_monomer_apo/seed-221_sample-1/model.cif,21.122465012608806,-0.9673946738244266
WT mono apo,337,238,1,/scratch4/jgray21/zhuggan1/repos/ER_Mutations/outputs/af3_wt_monomer/1a52_wt_monomer_apo/seed-238_sample-1/model.cif,-23.381708496518147,-0.73944563476533
WT mono apo,338,144,4,/scratch4/jgray21/zhuggan1/repos/ER_Mutations/outputs/af3_wt_monomer/1a52_wt_monomer_apo/seed-144_sample-4/model.cif,-23.364084232142616,-0.8344812729866795
WT mono apo,339,221,4,/scratch4/jgray21/zhuggan1/repos/ER_Mutations/outputs/af3_wt_monomer/1a52_wt_monomer_apo/seed-221_sample-4/model.cif,21.244346323000403,3.557474328252762
WT mono apo,340,4,3,/scratch4/jgray21/zhuggan1/repos/ER_Mutations/outputs/af3_wt_monomer/1a52_wt_monomer_apo/seed-4_sample-3/model.cif,-22.721762131673735,-0.8368890866578252
WT mono apo,341,146,4,/scratch4/jgray21/zhuggan1/repos/ER_Mutations/outputs/af3_wt_monomer/1a52_wt_monomer_apo/seed-146_sample-4/model.cif,21.420345703886372,-0.6773918391364991
WT mono apo,342,245,0,/scratch4/jgray21/zhuggan1/repos/ER_Mutations/outputs/af3_wt_monomer/1a52_wt_monomer_apo/seed-245_sample-0/model.cif,-23.810713277904423,-0.7873167872057648
WT mono apo,343,217,0,/scratch4/jgray21/zhuggan1/repos/ER_Mutations/outputs/af3_wt_monomer/1a52_wt_monomer_apo/seed-217_sample-0/model.cif,20.54130963883244,-1.0580825609380617
WT mono apo,344,205,0,/scratch4/jgray21/zhuggan1/repos/ER_Mutations/outputs/af3_wt_monomer/1a52_wt_monomer_apo/seed-205_sample-0/model.cif,-23.182393853496297,-0.8398254919967775
WT mono apo,345,169,3,/scratch4/jgray21/zhuggan1/repos/ER_Mutations/outputs/af3_wt_monomer/1a52_wt_monomer_apo/seed-169_sample-3/model.cif,-23.424149080718024,3.660666794738167
WT mono apo,346,239,1,/scratch4/jgray21/zhuggan1/repos/ER_Mutations/outputs/af3_wt_monomer/1a52_wt_monomer_apo/seed-239_sample-1/model.cif,-23.3690776096803,-0.8445413707885708
WT mono apo,347,180,3,/scratch4/jgray21/zhuggan1/repos/ER_Mutations/outputs/af3_wt_monomer/1a52_wt_monomer_apo/seed-180_sample-3/model.cif,-23.3304733197397,-0.9866513068240951
WT mono apo,348,111,3,/scratch4/jgray21/zhuggan1/repos/ER_Mutations/outputs/af3_wt_monomer/1a52_wt_monomer_apo/seed-111_sample-3/model.cif,-23.0764874255231,-0.8849058259357063
WT mono apo,349,6,0,/scratch4/jgray21/zhuggan1/repos/ER_Mutations/outputs/af3_wt_monomer/1a52_wt_monomer_apo/seed-6_sample-0/model.cif,-22.694963937159443,-0.8466763304763792
WT mono apo,350,53,0,/scratch4/jgray21/zhuggan1/repos/ER_Mutations/outputs/af3_wt_monomer/1a52_wt_monomer_apo/seed-53_sample-0/model.cif,20.863442005517175,-0.9602765462826206
WT mono apo,351,3,1,/scratch4/jgray21/zhuggan1/repos/ER_Mutations/outputs/af3_wt_monomer/1a52_wt_monomer_apo/seed-3_sample-1/model.cif,-23.553446320644664,-0.7059926887271135
WT mono apo,352,17,3,/scratch4/jgray21/zhuggan1/repos/ER_Mutations/outputs/af3_wt_monomer/1a52_wt_monomer_apo/seed-17_sample-3/model.cif,-23.116108299877105,-0.8844282625478527
WT mono apo,353,106,4,/scratch4/jgray21/zhuggan1/repos/ER_Mutations/outputs/af3_wt_monomer/1a52_wt_monomer_apo/seed-106_sample-4/model.cif,-23.22308695828728,-0.6181976768562244
WT mono apo,354,79,2,/scratch4/jgray21/zhuggan1/repos/ER_Mutations/outputs/af3_wt_monomer/1a52_wt_monomer_apo/seed-79_sample-2/model.cif,-22.80549193549406,-0.7708457598530413
WT mono apo,355,69,4,/scratch4/jgray21/zhuggan1/repos/ER_Mutations/outputs/af3_wt_monomer/1a52_wt_monomer_apo/seed-69_sample-4/model.cif,-23.194447368837405,-0.7363428090765417
WT mono apo,356,145,4,/scratch4/jgray21/zhuggan1/repos/ER_Mutations/outputs/af3_wt_monomer/1a52_wt_monomer_apo/seed-145_sample-4/model.cif,-22.469743632459068,-0.7942894210034087
WT mono apo,357,193,2,/scratch4/jgray21/zhuggan1/repos/ER_Mutations/outputs/af3_wt_monomer/1a52_wt_monomer_apo/seed-193_sample-2/model.cif,-22.584634498740243,-0.048832290348529615
WT mono apo,358,227,1,/scratch4/jgray21/zhuggan1/repos/ER_Mutations/outputs/af3_wt_monomer/1a52_wt_monomer_apo/seed-227_sample-1/model.cif,-23.110444163211927,-0.9663506466482431
WT mono apo,359,131,4,/scratch4/jgray21/zhuggan1/repos/ER_Mutations/outputs/af3_wt_monomer/1a52_wt_monomer_apo/seed-131_sample-4/model.cif,-23.102133964202032,-0.6920010739658291
WT mono apo,360,65,4,/scratch4/jgray21/zhuggan1/repos/ER_Mutations/outputs/af3_wt_monomer/1a52_wt_monomer_apo/seed-65_sample-4/model.cif,-22.76568569908666,-1.0789353294090327
WT mono apo,361,147,1,/scratch4/jgray21/zhuggan1/repos/ER_Mutations/outputs/af3_wt_monomer/1a52_wt_monomer_apo/seed-147_sample-1/model.cif,-23.136346975119775,-0.5967248966156
WT mono apo,362,231,1,/scratch4/jgray21/zhuggan1/repos/ER_Mutations/outputs/af3_wt_monomer/1a52_wt_monomer_apo/seed-231_sample-1/model.cif,-22.604420127465414,-0.8065770542363575
WT mono apo,363,118,0,/scratch4/jgray21/zhuggan1/repos/ER_Mutations/outputs/af3_wt_monomer/1a52_wt_monomer_apo/seed-118_sample-0/model.cif,-22.91872156169229,-1.093215258540256
WT mono apo,364,9,4,/scratch4/jgray21/zhuggan1/repos/ER_Mutations/outputs/af3_wt_monomer/1a52_wt_monomer_apo/seed-9_sample-4/model.cif,-22.81726243377237,-0.6750480742962803
WT mono apo,365,241,2,/scratch4/jgray21/zhuggan1/repos/ER_Mutations/outputs/af3_wt_monomer/1a52_wt_monomer_apo/seed-241_sample-2/model.cif,-23.29355378046621,-1.1238559646523565
WT mono apo,366,248,3,/scratch4/jgray21/zhuggan1/repos/ER_Mutations/outputs/af3_wt_monomer/1a52_wt_monomer_apo/seed-248_sample-3/model.cif,-23.354857584454372,3.1103006851376067
WT mono apo,367,87,2,/scratch4/jgray21/zhuggan1/repos/ER_Mutations/outputs/af3_wt_monomer/1a52_wt_monomer_apo/seed-87_sample-2/model.cif,21.18266578989982,-1.1847108046502333
WT mono apo,368,20,3,/scratch4/jgray21/zhuggan1/repos/ER_Mutations/outputs/af3_wt_monomer/1a52_wt_monomer_apo/seed-20_sample-3/model.cif,-22.766737088509778,3.1059798472210662
WT mono apo,369,78,1,/scratch4/jgray21/zhuggan1/repos/ER_Mutations/outputs/af3_wt_monomer/1a52_wt_monomer_apo/seed-78_sample-1/model.cif,-23.044499368788777,-0.8394955085214124
WT mono apo,370,16,4,/scratch4/jgray21/zhuggan1/repos/ER_Mutations/outputs/af3_wt_monomer/1a52_wt_monomer_apo/seed-16_sample-4/model.cif,-23.58194294926174,-0.6780100866444032
WT mono apo,371,65,3,/scratch4/jgray21/zhuggan1/repos/ER_Mutations/outputs/af3_wt_monomer/1a52_wt_monomer_apo/seed-65_sample-3/model.cif,-23.31555594297092,-0.41603972503012676
WT mono apo,372,96,3,/scratch4/jgray21/zhuggan1/repos/ER_Mutations/outputs/af3_wt_monomer/1a52_wt_monomer_apo/seed-96_sample-3/model.cif,-22.809676738480984,-0.8612504888829897
WT mono apo,373,187,4,/scratch4/jgray21/zhuggan1/repos/ER_Mutations/outputs/af3_wt_monomer/1a52_wt_monomer_apo/seed-187_sample-4/model.cif,-23.250292668530424,-0.5462682199229699
WT mono apo,374,152,2,/scratch4/jgray21/zhuggan1/repos/ER_Mutations/outputs/af3_wt_monomer/1a52_wt_monomer_apo/seed-152_sample-2/model.cif,20.793003713023165,-0.7033442507546293
WT mono apo,375,82,2,/scratch4/jgray21/zhuggan1/repos/ER_Mutations/outputs/af3_wt_monomer/1a52_wt_monomer_apo/seed-82_sample-2/model.cif,21.165612338337898,-1.3352173854397447
WT mono apo,376,141,3,/scratch4/jgray21/zhuggan1/repos/ER_Mutations/outputs/af3_wt_monomer/1a52_wt_monomer_apo/seed-141_sample-3/model.cif,-23.389957062754252,-0.822654758275336
WT mono apo,377,96,1,/scratch4/jgray21/zhuggan1/repos/ER_Mutations/outputs/af3_wt_monomer/1a52_wt_monomer_apo/seed-96_sample-1/model.cif,-23.13852862460658,-1.276977527971722
WT mono apo,378,118,3,/scratch4/jgray21/zhuggan1/repos/ER_Mutations/outputs/af3_wt_monomer/1a52_wt_monomer_apo/seed-118_sample-3/model.cif,-22.967581937548502,-0.5225975382485956
WT mono apo,379,81,1,/scratch4/jgray21/zhuggan1/repos/ER_Mutations/outputs/af3_wt_monomer/1a52_wt_monomer_apo/seed-81_sample-1/model.cif,-23.41924491067565,-0.8857119536133102
WT mono apo,380,234,4,/scratch4/jgray21/zhuggan1/repos/ER_Mutations/outputs/af3_wt_monomer/1a52_wt_monomer_apo/seed-234_sample-4/model.cif,-23.330610583414305,3.404722055641249
WT mono apo,381,169,0,/scratch4/jgray21/zhuggan1/repos/ER_Mutations/outputs/af3_wt_monomer/1a52_wt_monomer_apo/seed-169_sample-0/model.cif,-23.20899405660811,-0.5759279622345217
WT mono apo,382,167,2,/scratch4/jgray21/zhuggan1/repos/ER_Mutations/outputs/af3_wt_monomer/1a52_wt_monomer_apo/seed-167_sample-2/model.cif,-22.956861580319657,-0.7960423784509095
WT mono apo,383,128,3,/scratch4/jgray21/zhuggan1/repos/ER_Mutations/outputs/af3_wt_monomer/1a52_wt_monomer_apo/seed-128_sample-3/model.cif,21.318665908808953,-0.998087720665788
WT mono apo,384,118,1,/scratch4/jgray21/zhuggan1/repos/ER_Mutations/outputs/af3_wt_monomer/1a52_wt_monomer_apo/seed-118_sample-1/model.cif,-22.956744689717723,-0.7556177382619162
WT mono apo,385,175,3,/scratch4/jgray21/zhuggan1/repos/ER_Mutations/outputs/af3_wt_monomer/1a52_wt_monomer_apo/seed-175_sample-3/model.cif,-23.136004000557914,-0.6642726959831738
WT mono apo,386,149,3,/scratch4/jgray21/zhuggan1/repos/ER_Mutations/outputs/af3_wt_monomer/1a52_wt_monomer_apo/seed-149_sample-3/model.cif,-23.023266422137795,-0.8211920303611561
WT mono apo,387,19,1,/scratch4/jgray21/zhuggan1/repos/ER_Mutations/outputs/af3_wt_monomer/1a52_wt_monomer_apo/seed-19_sample-1/model.cif,-22.852088202727426,-0.5610262995384837
WT mono apo,388,177,4,/scratch4/jgray21/zhuggan1/repos/ER_Mutations/outputs/af3_wt_monomer/1a52_wt_monomer_apo/seed-177_sample-4/model.cif,20.95683990067155,2.8113512577385973
WT mono apo,389,155,2,/scratch4/jgray21/zhuggan1/repos/ER_Mutations/outputs/af3_wt_monomer/1a52_wt_monomer_apo/seed-155_sample-2/model.cif,20.78365414735224,3.342760565740491
WT mono apo,390,28,0,/scratch4/jgray21/zhuggan1/repos/ER_Mutations/outputs/af3_wt_monomer/1a52_wt_monomer_apo/seed-28_sample-0/model.cif,-22.419836290534306,-0.9404399942583264
WT mono apo,391,38,0,/scratch4/jgray21/zhuggan1/repos/ER_Mutations/outputs/af3_wt_monomer/1a52_wt_monomer_apo/seed-38_sample-0/model.cif,21.108620813306207,-1.4229223964193187
WT mono apo,392,53,2,/scratch4/jgray21/zhuggan1/repos/ER_Mutations/outputs/af3_wt_monomer/1a52_wt_monomer_apo/seed-53_sample-2/model.cif,20.649048666024004,-1.123319576538109
WT mono apo,393,97,2,/scratch4/jgray21/zhuggan1/repos/ER_Mutations/outputs/af3_wt_monomer/1a52_wt_monomer_apo/seed-97_sample-2/model.cif,-23.689640004228078,-0.8364768291452943
WT mono apo,394,186,2,/scratch4/jgray21/zhuggan1/repos/ER_Mutations/outputs/af3_wt_monomer/1a52_wt_monomer_apo/seed-186_sample-2/model.cif,-23.044925535730986,-0.6463000970410184
WT mono apo,395,242,0,/scratch4/jgray21/zhuggan1/repos/ER_Mutations/outputs/af3_wt_monomer/1a52_wt_monomer_apo/seed-242_sample-0/model.cif,-23.368800010188817,-0.9541006816539823
WT mono apo,396,151,3,/scratch4/jgray21/zhuggan1/repos/ER_Mutations/outputs/af3_wt_monomer/1a52_wt_monomer_apo/seed-151_sample-3/model.cif,-22.94914255797795,-0.7364092209006934
WT mono apo,397,67,0,/scratch4/jgray21/zhuggan1/repos/ER_Mutations/outputs/af3_wt_monomer/1a52_wt_monomer_apo/seed-67_sample-0/model.cif,-23.014902542502597,-0.7413700467778314
WT mono apo,398,79,4,/scratch4/jgray21/zhuggan1/repos/ER_Mutations/outputs/af3_wt_monomer/1a52_wt_monomer_apo/seed-79_sample-4/model.cif,-23.31690354874176,-0.49624855260277595
WT mono apo,399,3,4,/scratch4/jgray21/zhuggan1/repos/ER_Mutations/outputs/af3_wt_monomer/1a52_wt_monomer_apo/seed-3_sample-4/model.cif,-22.72936696892442,3.4305504228086026
WT mono apo,400,11,0,/scratch4/jgray21/zhuggan1/repos/ER_Mutations/outputs/af3_wt_monomer/1a52_wt_monomer_apo/seed-11_sample-0/model.cif,20.8885960394326,-1.0529342731318705
WT mono apo,401,228,4,/scratch4/jgray21/zhuggan1/repos/ER_Mutations/outputs/af3_wt_monomer/1a52_wt_monomer_apo/seed-228_sample-4/model.cif,-23.349310977491598,-0.7150341472512918
WT mono apo,402,238,3,/scratch4/jgray21/zhuggan1/repos/ER_Mutations/outputs/af3_wt_monomer/1a52_wt_monomer_apo/seed-238_sample-3/model.cif,-22.923315225567833,-0.5804067723520135
WT mono apo,403,236,2,/scratch4/jgray21/zhuggan1/repos/ER_Mutations/outputs/af3_wt_monomer/1a52_wt_monomer_apo/seed-236_sample-2/model.cif,-23.331770365469083,-0.8715284397648778
WT mono apo,404,130,3,/scratch4/jgray21/zhuggan1/repos/ER_Mutations/outputs/af3_wt_monomer/1a52_wt_monomer_apo/seed-130_sample-3/model.cif,21.11910868759216,-1.6710547487339324
WT mono apo,405,119,0,/scratch4/jgray21/zhuggan1/repos/ER_Mutations/outputs/af3_wt_monomer/1a52_wt_monomer_apo/seed-119_sample-0/model.cif,-22.956794178829714,-0.6766477894854654
WT mono apo,406,160,4,/scratch4/jgray21/zhuggan1/repos/ER_Mutations/outputs/af3_wt_monomer/1a52_wt_monomer_apo/seed-160_sample-4/model.cif,-22.21806278706291,-0.7698298077864084
WT mono apo,407,190,0,/scratch4/jgray21/zhuggan1/repos/ER_Mutations/outputs/af3_wt_monomer/1a52_wt_monomer_apo/seed-190_sample-0/model.cif,-23.173554123345628,-0.9579034840879367
WT mono apo,408,244,0,/scratch4/jgray21/zhuggan1/repos/ER_Mutations/outputs/af3_wt_monomer/1a52_wt_monomer_apo/seed-244_sample-0/model.cif,-24.053582159322957,-0.8826603241783645
WT mono apo,409,140,4,/scratch4/jgray21/zhuggan1/repos/ER_Mutations/outputs/af3_wt_monomer/1a52_wt_monomer_apo/seed-140_sample-4/model.cif,21.194303410025626,-1.3156169264461728
WT mono apo,410,54,0,/scratch4/jgray21/zhuggan1/repos/ER_Mutations/outputs/af3_wt_monomer/1a52_wt_monomer_apo/seed-54_sample-0/model.cif,20.873872054948627,-1.055238521719769
WT mono apo,411,191,3,/scratch4/jgray21/zhuggan1/repos/ER_Mutations/outputs/af3_wt_monomer/1a52_wt_monomer_apo/seed-191_sample-3/model.cif,-22.817305543693,-0.9155321800667621
WT mono apo,412,153,0,/scratch4/jgray21/zhuggan1/repos/ER_Mutations/outputs/af3_wt_monomer/1a52_wt_monomer_apo/seed-153_sample-0/model.cif,-23.054334153950247,3.272536459465395
WT mono apo,413,49,4,/scratch4/jgray21/zhuggan1/repos/ER_Mutations/outputs/af3_wt_monomer/1a52_wt_monomer_apo/seed-49_sample-4/model.cif,-23.482572180700277,-0.9703493484237365
WT mono apo,414,32,4,/scratch4/jgray21/zhuggan1/repos/ER_Mutations/outputs/af3_wt_monomer/1a52_wt_monomer_apo/seed-32_sample-4/model.cif,-24.016940446121847,-0.9894191467202341
WT mono apo,415,72,0,/scratch4/jgray21/zhuggan1/repos/ER_Mutations/outputs/af3_wt_monomer/1a52_wt_monomer_apo/seed-72_sample-0/model.cif,-23.350226119490927,-0.7239599344840398
WT mono apo,416,213,3,/scratch4/jgray21/zhuggan1/repos/ER_Mutations/outputs/af3_wt_monomer/1a52_wt_monomer_apo/seed-213_sample-3/model.cif,-22.96339222814221,-0.8499169085585108
WT mono apo,417,149,1,/scratch4/jgray21/zhuggan1/repos/ER_Mutations/outputs/af3_wt_monomer/1a52_wt_monomer_apo/seed-149_sample-1/model.cif,-23.25712775340105,-0.5392023690479104
WT mono apo,418,230,3,/scratch4/jgray21/zhuggan1/repos/ER_Mutations/outputs/af3_wt_monomer/1a52_wt_monomer_apo/seed-230_sample-3/model.cif,20.603828927966205,-1.0658771424550832
WT mono apo,419,131,1,/scratch4/jgray21/zhuggan1/repos/ER_Mutations/outputs/af3_wt_monomer/1a52_wt_monomer_apo/seed-131_sample-1/model.cif,-23.450031817947707,-0.7975519448943873
WT mono apo,420,65,2,/scratch4/jgray21/zhuggan1/repos/ER_Mutations/outputs/af3_wt_monomer/1a52_wt_monomer_apo/seed-65_sample-2/model.cif,-23.43223075686303,-0.8930020151522364
WT mono apo,421,171,1,/scratch4/jgray21/zhuggan1/repos/ER_Mutations/outputs/af3_wt_monomer/1a52_wt_monomer_apo/seed-171_sample-1/model.cif,-23.2170744661826,-0.8774642861644555
WT mono apo,422,7,4,/scratch4/jgray21/zhuggan1/repos/ER_Mutations/outputs/af3_wt_monomer/1a52_wt_monomer_apo/seed-7_sample-4/model.cif,-22.41177040677713,3.2143755520463597
WT mono apo,423,155,3,/scratch4/jgray21/zhuggan1/repos/ER_Mutations/outputs/af3_wt_monomer/1a52_wt_monomer_apo/seed-155_sample-3/model.cif,20.66226890519687,3.254648426674432
WT mono apo,424,107,0,/scratch4/jgray21/zhuggan1/repos/ER_Mutations/outputs/af3_wt_monomer/1a52_wt_monomer_apo/seed-107_sample-0/model.cif,20.87631391008439,-0.9298887125175427
WT mono apo,425,70,1,/scratch4/jgray21/zhuggan1/repos/ER_Mutations/outputs/af3_wt_monomer/1a52_wt_monomer_apo/seed-70_sample-1/model.cif,-22.866874237816305,-0.6963134356068745
WT mono apo,426,242,2,/scratch4/jgray21/zhuggan1/repos/ER_Mutations/outputs/af3_wt_monomer/1a52_wt_monomer_apo/seed-242_sample-2/model.cif,-22.701241966980273,-0.7771759881584603
WT mono apo,427,149,0,/scratch4/jgray21/zhuggan1/repos/ER_Mutations/outputs/af3_wt_monomer/1a52_wt_monomer_apo/seed-149_sample-0/model.cif,-23.152274803911624,-0.6887599984615806
WT mono apo,428,128,4,/scratch4/jgray21/zhuggan1/repos/ER_Mutations/outputs/af3_wt_monomer/1a52_wt_monomer_apo/seed-128_sample-4/model.cif,-22.699919892785957,-1.2384443152612754
WT mono apo,429,241,0,/scratch4/jgray21/zhuggan1/repos/ER_Mutations/outputs/af3_wt_monomer/1a52_wt_monomer_apo/seed-241_sample-0/model.cif,-22.82959277868721,-1.1036020663258612
WT mono apo,430,36,3,/scratch4/jgray21/zhuggan1/repos/ER_Mutations/outputs/af3_wt_monomer/1a52_wt_monomer_apo/seed-36_sample-3/model.cif,-22.503180656461993,-0.5404287300058519
WT mono apo,431,116,0,/scratch4/jgray21/zhuggan1/repos/ER_Mutations/outputs/af3_wt_monomer/1a52_wt_monomer_apo/seed-116_sample-0/model.cif,-23.11319572249659,-0.5085581910104316
WT mono apo,432,200,1,/scratch4/jgray21/zhuggan1/repos/ER_Mutations/outputs/af3_wt_monomer/1a52_wt_monomer_apo/seed-200_sample-1/model.cif,-23.011085040525355,-0.32421263048119775
WT mono apo,433,203,4,/scratch4/jgray21/zhuggan1/repos/ER_Mutations/outputs/af3_wt_monomer/1a52_wt_monomer_apo/seed-203_sample-4/model.cif,-23.37153422586352,-0.6833940045267152
WT mono apo,434,214,3,/scratch4/jgray21/zhuggan1/repos/ER_Mutations/outputs/af3_wt_monomer/1a52_wt_monomer_apo/seed-214_sample-3/model.cif,-22.888681378091817,-0.7168492058086267
WT mono apo,435,143,3,/scratch4/jgray21/zhuggan1/repos/ER_Mutations/outputs/af3_wt_monomer/1a52_wt_monomer_apo/seed-143_sample-3/model.cif,20.973098076184115,-1.1124404925148212
WT mono apo,436,178,3,/scratch4/jgray21/zhuggan1/repos/ER_Mutations/outputs/af3_wt_monomer/1a52_wt_monomer_apo/seed-178_sample-3/model.cif,-23.359696685908755,3.6601184857802003
WT mono apo,437,45,1,/scratch4/jgray21/zhuggan1/repos/ER_Mutations/outputs/af3_wt_monomer/1a52_wt_monomer_apo/seed-45_sample-1/model.cif,-22.76141884103877,-0.6896514267882792
WT mono apo,438,100,2,/scratch4/jgray21/zhuggan1/repos/ER_Mutations/outputs/af3_wt_monomer/1a52_wt_monomer_apo/seed-100_sample-2/model.cif,-22.87558259335034,-0.7615701468907153
WT mono apo,439,117,0,/scratch4/jgray21/zhuggan1/repos/ER_Mutations/outputs/af3_wt_monomer/1a52_wt_monomer_apo/seed-117_sample-0/model.cif,-23.19033617375546,-0.6738656306953587
WT mono apo,440,217,3,/scratch4/jgray21/zhuggan1/repos/ER_Mutations/outputs/af3_wt_monomer/1a52_wt_monomer_apo/seed-217_sample-3/model.cif,20.327666519523365,-0.9155339409051763
WT mono apo,441,109,1,/scratch4/jgray21/zhuggan1/repos/ER_Mutations/outputs/af3_wt_monomer/1a52_wt_monomer_apo/seed-109_sample-1/model.cif,21.75232668555517,-0.8540007178008582
WT mono apo,442,213,4,/scratch4/jgray21/zhuggan1/repos/ER_Mutations/outputs/af3_wt_monomer/1a52_wt_monomer_apo/seed-213_sample-4/model.cif,-23.03837435368096,-0.9408854831864969
WT mono apo,443,29,1,/scratch4/jgray21/zhuggan1/repos/ER_Mutations/outputs/af3_wt_monomer/1a52_wt_monomer_apo/seed-29_sample-1/model.cif,21.57490864975506,3.890551581178119
WT mono apo,444,97,3,/scratch4/jgray21/zhuggan1/repos/ER_Mutations/outputs/af3_wt_monomer/1a52_wt_monomer_apo/seed-97_sample-3/model.cif,21.869856954360557,3.182008147817544
WT mono apo,445,165,3,/scratch4/jgray21/zhuggan1/repos/ER_Mutations/outputs/af3_wt_monomer/1a52_wt_monomer_apo/seed-165_sample-3/model.cif,-22.67897058518651,-0.8025645701645264
WT mono apo,446,120,3,/scratch4/jgray21/zhuggan1/repos/ER_Mutations/outputs/af3_wt_monomer/1a52_wt_monomer_apo/seed-120_sample-3/model.cif,-23.1163125519938,3.57460856802982
WT mono apo,447,242,1,/scratch4/jgray21/zhuggan1/repos/ER_Mutations/outputs/af3_wt_monomer/1a52_wt_monomer_apo/seed-242_sample-1/model.cif,-23.196402882311457,3.3119775341442788
WT mono apo,448,195,4,/scratch4/jgray21/zhuggan1/repos/ER_Mutations/outputs/af3_wt_monomer/1a52_wt_monomer_apo/seed-195_sample-4/model.cif,-23.205877642432093,3.43964040966253
WT mono apo,449,27,3,/scratch4/jgray21/zhuggan1/repos/ER_Mutations/outputs/af3_wt_monomer/1a52_wt_monomer_apo/seed-27_sample-3/model.cif,-22.776665176267866,-1.0055153442743485
WT mono apo,450,11,2,/scratch4/jgray21/zhuggan1/repos/ER_Mutations/outputs/af3_wt_monomer/1a52_wt_monomer_apo/seed-11_sample-2/model.cif,20.937015958973173,-0.829754969709192
WT mono apo,451,113,3,/scratch4/jgray21/zhuggan1/repos/ER_Mutations/outputs/af3_wt_monomer/1a52_wt_monomer_apo/seed-113_sample-3/model.cif,-23.19445739065548,-0.544209244646572
WT mono apo,452,224,4,/scratch4/jgray21/zhuggan1/repos/ER_Mutations/outputs/af3_wt_monomer/1a52_wt_monomer_apo/seed-224_sample-4/model.cif,-23.316109101603278,-0.7156849012392341
WT mono apo,453,148,4,/scratch4/jgray21/zhuggan1/repos/ER_Mutations/outputs/af3_wt_monomer/1a52_wt_monomer_apo/seed-148_sample-4/model.cif,-23.11246121249367,-0.9322403058941707
WT mono apo,454,250,3,/scratch4/jgray21/zhuggan1/repos/ER_Mutations/outputs/af3_wt_monomer/1a52_wt_monomer_apo/seed-250_sample-3/model.cif,-22.954764872509354,-0.3647095371642898
WT mono apo,455,4,0,/scratch4/jgray21/zhuggan1/repos/ER_Mutations/outputs/af3_wt_monomer/1a52_wt_monomer_apo/seed-4_sample-0/model.cif,-23.312466760037438,-0.5762897378235918
WT mono apo,456,36,1,/scratch4/jgray21/zhuggan1/repos/ER_Mutations/outputs/af3_wt_monomer/1a52_wt_monomer_apo/seed-36_sample-1/model.cif,-22.617358976198247,-0.9277910605718952
WT mono apo,457,228,2,/scratch4/jgray21/zhuggan1/repos/ER_Mutations/outputs/af3_wt_monomer/1a52_wt_monomer_apo/seed-228_sample-2/model.cif,-22.53592001917334,-0.8343883527461918
WT mono apo,458,95,4,/scratch4/jgray21/zhuggan1/repos/ER_Mutations/outputs/af3_wt_monomer/1a52_wt_monomer_apo/seed-95_sample-4/model.cif,-23.380802999638956,-0.812726614805277
WT mono apo,459,15,3,/scratch4/jgray21/zhuggan1/repos/ER_Mutations/outputs/af3_wt_monomer/1a52_wt_monomer_apo/seed-15_sample-3/model.cif,-22.739956887481444,3.4271905010673356
WT mono apo,460,78,0,/scratch4/jgray21/zhuggan1/repos/ER_Mutations/outputs/af3_wt_monomer/1a52_wt_monomer_apo/seed-78_sample-0/model.cif,-23.344106252794408,-0.6334644350638133
WT mono apo,461,68,4,/scratch4/jgray21/zhuggan1/repos/ER_Mutations/outputs/af3_wt_monomer/1a52_wt_monomer_apo/seed-68_sample-4/model.cif,20.088177716842747,-0.88799113850966
WT mono apo,462,150,2,/scratch4/jgray21/zhuggan1/repos/ER_Mutations/outputs/af3_wt_monomer/1a52_wt_monomer_apo/seed-150_sample-2/model.cif,-22.901248493470312,3.1594095229485037
WT mono apo,463,59,1,/scratch4/jgray21/zhuggan1/repos/ER_Mutations/outputs/af3_wt_monomer/1a52_wt_monomer_apo/seed-59_sample-1/model.cif,-22.904589230161896,3.212624156103997
WT mono apo,464,7,0,/scratch4/jgray21/zhuggan1/repos/ER_Mutations/outputs/af3_wt_monomer/1a52_wt_monomer_apo/seed-7_sample-0/model.cif,-23.290743918618514,-0.8080548724031693
WT mono apo,465,227,3,/scratch4/jgray21/zhuggan1/repos/ER_Mutations/outputs/af3_wt_monomer/1a52_wt_monomer_apo/seed-227_sample-3/model.cif,-23.704476659219846,-0.6650129878773451
WT mono apo,466,62,0,/scratch4/jgray21/zhuggan1/repos/ER_Mutations/outputs/af3_wt_monomer/1a52_wt_monomer_apo/seed-62_sample-0/model.cif,-22.70107310463472,-1.001062242123209
WT mono apo,467,103,3,/scratch4/jgray21/zhuggan1/repos/ER_Mutations/outputs/af3_wt_monomer/1a52_wt_monomer_apo/seed-103_sample-3/model.cif,-24.001178892958404,-0.86211043133462
WT mono apo,468,49,0,/scratch4/jgray21/zhuggan1/repos/ER_Mutations/outputs/af3_wt_monomer/1a52_wt_monomer_apo/seed-49_sample-0/model.cif,-22.930717249690957,-0.6749547368614264
WT mono apo,469,145,3,/scratch4/jgray21/zhuggan1/repos/ER_Mutations/outputs/af3_wt_monomer/1a52_wt_monomer_apo/seed-145_sample-3/model.cif,-22.626781573711526,3.6119239766200013
WT mono apo,470,80,2,/scratch4/jgray21/zhuggan1/repos/ER_Mutations/outputs/af3_wt_monomer/1a52_wt_monomer_apo/seed-80_sample-2/model.cif,20.874396480837863,-1.0029283866665957
WT mono apo,471,101,2,/scratch4/jgray21/zhuggan1/repos/ER_Mutations/outputs/af3_wt_monomer/1a52_wt_monomer_apo/seed-101_sample-2/model.cif,21.811021309047316,-1.2752895263419344
WT mono apo,472,175,1,/scratch4/jgray21/zhuggan1/repos/ER_Mutations/outputs/af3_wt_monomer/1a52_wt_monomer_apo/seed-175_sample-1/model.cif,-22.887175895520638,-0.7226865801098661
WT mono apo,473,156,0,/scratch4/jgray21/zhuggan1/repos/ER_Mutations/outputs/af3_wt_monomer/1a52_wt_monomer_apo/seed-156_sample-0/model.cif,20.273597904952954,3.137778665144694
WT mono apo,474,65,0,/scratch4/jgray21/zhuggan1/repos/ER_Mutations/outputs/af3_wt_monomer/1a52_wt_monomer_apo/seed-65_sample-0/model.cif,-23.17627023865269,-0.676078396247713
WT mono apo,475,217,2,/scratch4/jgray21/zhuggan1/repos/ER_Mutations/outputs/af3_wt_monomer/1a52_wt_monomer_apo/seed-217_sample-2/model.cif,20.975874131621,-0.7584644338198627
WT mono apo,476,213,2,/scratch4/jgray21/zhuggan1/repos/ER_Mutations/outputs/af3_wt_monomer/1a52_wt_monomer_apo/seed-213_sample-2/model.cif,-22.866404589769516,3.2275069566662675
WT mono apo,477,127,2,/scratch4/jgray21/zhuggan1/repos/ER_Mutations/outputs/af3_wt_monomer/1a52_wt_monomer_apo/seed-127_sample-2/model.cif,-23.530674070643368,-0.6985922645596857
WT mono apo,478,61,2,/scratch4/jgray21/zhuggan1/repos/ER_Mutations/outputs/af3_wt_monomer/1a52_wt_monomer_apo/seed-61_sample-2/model.cif,-23.87828936568279,-1.0171900865180297
WT mono apo,479,166,0,/scratch4/jgray21/zhuggan1/repos/ER_Mutations/outputs/af3_wt_monomer/1a52_wt_monomer_apo/seed-166_sample-0/model.cif,20.762960312871417,-0.6096959538068073
WT mono apo,480,73,2,/scratch4/jgray21/zhuggan1/repos/ER_Mutations/outputs/af3_wt_monomer/1a52_wt_monomer_apo/seed-73_sample-2/model.cif,-22.726948383393008,-0.6077661736095404
WT mono apo,481,179,3,/scratch4/jgray21/zhuggan1/repos/ER_Mutations/outputs/af3_wt_monomer/1a52_wt_monomer_apo/seed-179_sample-3/model.cif,-23.156769270181794,-0.59936959822609
WT mono apo,482,128,0,/scratch4/jgray21/zhuggan1/repos/ER_Mutations/outputs/af3_wt_monomer/1a52_wt_monomer_apo/seed-128_sample-0/model.cif,-23.276850692219348,-0.9290194778607692
WT mono apo,483,237,4,/scratch4/jgray21/zhuggan1/repos/ER_Mutations/outputs/af3_wt_monomer/1a52_wt_monomer_apo/seed-237_sample-4/model.cif,20.72762733592554,-0.8629254940138673
WT mono apo,484,15,2,/scratch4/jgray21/zhuggan1/repos/ER_Mutations/outputs/af3_wt_monomer/1a52_wt_monomer_apo/seed-15_sample-2/model.cif,-22.928885023100726,3.254205234733901
WT mono apo,485,228,1,/scratch4/jgray21/zhuggan1/repos/ER_Mutations/outputs/af3_wt_monomer/1a52_wt_monomer_apo/seed-228_sample-1/model.cif,-23.123474172293857,-0.6788869024531239
WT mono apo,486,40,3,/scratch4/jgray21/zhuggan1/repos/ER_Mutations/outputs/af3_wt_monomer/1a52_wt_monomer_apo/seed-40_sample-3/model.cif,-23.508408990364597,-0.8445581585386763
WT mono apo,487,155,1,/scratch4/jgray21/zhuggan1/repos/ER_Mutations/outputs/af3_wt_monomer/1a52_wt_monomer_apo/seed-155_sample-1/model.cif,21.277940103799754,-1.0611053305472482
WT mono apo,488,193,1,/scratch4/jgray21/zhuggan1/repos/ER_Mutations/outputs/af3_wt_monomer/1a52_wt_monomer_apo/seed-193_sample-1/model.cif,-23.669455250934753,-0.7048839597405419
WT mono apo,489,38,1,/scratch4/jgray21/zhuggan1/repos/ER_Mutations/outputs/af3_wt_monomer/1a52_wt_monomer_apo/seed-38_sample-1/model.cif,20.81649791687157,3.143453290446182
WT mono apo,490,162,2,/scratch4/jgray21/zhuggan1/repos/ER_Mutations/outputs/af3_wt_monomer/1a52_wt_monomer_apo/seed-162_sample-2/model.cif,-22.865866127913225,-0.7692505354344008
WT mono apo,491,168,1,/scratch4/jgray21/zhuggan1/repos/ER_Mutations/outputs/af3_wt_monomer/1a52_wt_monomer_apo/seed-168_sample-1/model.cif,-24.032356242283857,-0.8901184260983043
WT mono apo,492,200,3,/scratch4/jgray21/zhuggan1/repos/ER_Mutations/outputs/af3_wt_monomer/1a52_wt_monomer_apo/seed-200_sample-3/model.cif,-22.922897865235424,-0.5969784695349575
WT mono apo,493,178,4,/scratch4/jgray21/zhuggan1/repos/ER_Mutations/outputs/af3_wt_monomer/1a52_wt_monomer_apo/seed-178_sample-4/model.cif,-23.120035293120424,-0.7182527658474938
WT mono apo,494,233,3,/scratch4/jgray21/zhuggan1/repos/ER_Mutations/outputs/af3_wt_monomer/1a52_wt_monomer_apo/seed-233_sample-3/model.cif,-23.04358815221236,-0.7428143074171946
WT mono apo,495,3,0,/scratch4/jgray21/zhuggan1/repos/ER_Mutations/outputs/af3_wt_monomer/1a52_wt_monomer_apo/seed-3_sample-0/model.cif,-22.929785727352385,3.117859947830472
WT mono apo,496,99,2,/scratch4/jgray21/zhuggan1/repos/ER_Mutations/outputs/af3_wt_monomer/1a52_wt_monomer_apo/seed-99_sample-2/model.cif,-22.396770961435234,-0.8335588902906894
WT mono apo,497,243,3,/scratch4/jgray21/zhuggan1/repos/ER_Mutations/outputs/af3_wt_monomer/1a52_wt_monomer_apo/seed-243_sample-3/model.cif,-22.213263803753776,-0.721400684784101
WT mono apo,498,37,0,/scratch4/jgray21/zhuggan1/repos/ER_Mutations/outputs/af3_wt_monomer/1a52_wt_monomer_apo/seed-37_sample-0/model.cif,-22.395593132810202,3.5467621813579466
WT mono apo,499,149,4,/scratch4/jgray21/zhuggan1/repos/ER_Mutations/outputs/af3_wt_monomer/1a52_wt_monomer_apo/seed-149_sample-4/model.cif,-23.032336097415115,-0.597514189726602
WT mono apo,500,125,4,/scratch4/jgray21/zhuggan1/repos/ER_Mutations/outputs/af3_wt_monomer/1a52_wt_monomer_apo/seed-125_sample-4/model.cif,-22.716765963683812,-0.6873526038323365
WT mono apo,501,76,1,/scratch4/jgray21/zhuggan1/repos/ER_Mutations/outputs/af3_wt_monomer/1a52_wt_monomer_apo/seed-76_sample-1/model.cif,-22.819256896616075,-1.1539866648801536
WT mono apo,502,140,1,/scratch4/jgray21/zhuggan1/repos/ER_Mutations/outputs/af3_wt_monomer/1a52_wt_monomer_apo/seed-140_sample-1/model.cif,20.39147719613326,-0.9635639503799422
WT mono apo,503,184,3,/scratch4/jgray21/zhuggan1/repos/ER_Mutations/outputs/af3_wt_monomer/1a52_wt_monomer_apo/seed-184_sample-3/model.cif,22.789789032279536,-1.9649281426656517
WT mono apo,504,132,0,/scratch4/jgray21/zhuggan1/repos/ER_Mutations/outputs/af3_wt_monomer/1a52_wt_monomer_apo/seed-132_sample-0/model.cif,-22.825018543520972,-0.7386333484030261
WT mono apo,505,201,1,/scratch4/jgray21/zhuggan1/repos/ER_Mutations/outputs/af3_wt_monomer/1a52_wt_monomer_apo/seed-201_sample-1/model.cif,-23.299425423783042,-1.0861963011755884
WT mono apo,506,194,2,/scratch4/jgray21/zhuggan1/repos/ER_Mutations/outputs/af3_wt_monomer/1a52_wt_monomer_apo/seed-194_sample-2/model.cif,-23.195517959472518,-0.8332970496523581
WT mono apo,507,44,2,/scratch4/jgray21/zhuggan1/repos/ER_Mutations/outputs/af3_wt_monomer/1a52_wt_monomer_apo/seed-44_sample-2/model.cif,-22.65412141799833,3.2903602217163175
WT mono apo,508,146,3,/scratch4/jgray21/zhuggan1/repos/ER_Mutations/outputs/af3_wt_monomer/1a52_wt_monomer_apo/seed-146_sample-3/model.cif,20.805308337026606,-0.9463130552549531
WT mono apo,509,106,0,/scratch4/jgray21/zhuggan1/repos/ER_Mutations/outputs/af3_wt_monomer/1a52_wt_monomer_apo/seed-106_sample-0/model.cif,-23.284167362848095,-0.8230204969063856
WT mono apo,510,143,4,/scratch4/jgray21/zhuggan1/repos/ER_Mutations/outputs/af3_wt_monomer/1a52_wt_monomer_apo/seed-143_sample-4/model.cif,20.55544701849861,-1.2494020122805978
WT mono apo,511,204,2,/scratch4/jgray21/zhuggan1/repos/ER_Mutations/outputs/af3_wt_monomer/1a52_wt_monomer_apo/seed-204_sample-2/model.cif,-22.32455469281532,-0.517620521423931
WT mono apo,512,66,0,/scratch4/jgray21/zhuggan1/repos/ER_Mutations/outputs/af3_wt_monomer/1a52_wt_monomer_apo/seed-66_sample-0/model.cif,-23.47143262065859,-0.9087665745462815
WT mono apo,513,227,0,/scratch4/jgray21/zhuggan1/repos/ER_Mutations/outputs/af3_wt_monomer/1a52_wt_monomer_apo/seed-227_sample-0/model.cif,-22.873998090913453,-0.5454217212134479
WT mono apo,514,132,1,/scratch4/jgray21/zhuggan1/repos/ER_Mutations/outputs/af3_wt_monomer/1a52_wt_monomer_apo/seed-132_sample-1/model.cif,-23.84648043907651,-0.9416702037235518
WT mono apo,515,23,0,/scratch4/jgray21/zhuggan1/repos/ER_Mutations/outputs/af3_wt_monomer/1a52_wt_monomer_apo/seed-23_sample-0/model.cif,-22.343463244032034,-0.8302813866209159
WT mono apo,516,71,1,/scratch4/jgray21/zhuggan1/repos/ER_Mutations/outputs/af3_wt_monomer/1a52_wt_monomer_apo/seed-71_sample-1/model.cif,-23.38351819259859,-0.9488736412819769
WT mono apo,517,70,3,/scratch4/jgray21/zhuggan1/repos/ER_Mutations/outputs/af3_wt_monomer/1a52_wt_monomer_apo/seed-70_sample-3/model.cif,-22.677386070536333,3.505236110253957
WT mono apo,518,63,4,/scratch4/jgray21/zhuggan1/repos/ER_Mutations/outputs/af3_wt_monomer/1a52_wt_monomer_apo/seed-63_sample-4/model.cif,-23.48118636821794,3.410957982848332
WT mono apo,519,16,0,/scratch4/jgray21/zhuggan1/repos/ER_Mutations/outputs/af3_wt_monomer/1a52_wt_monomer_apo/seed-16_sample-0/model.cif,-22.951070766393116,-0.8704777255424129
WT mono apo,520,143,2,/scratch4/jgray21/zhuggan1/repos/ER_Mutations/outputs/af3_wt_monomer/1a52_wt_monomer_apo/seed-143_sample-2/model.cif,21.36534212411461,-1.2995093706628589
WT mono apo,521,80,4,/scratch4/jgray21/zhuggan1/repos/ER_Mutations/outputs/af3_wt_monomer/1a52_wt_monomer_apo/seed-80_sample-4/model.cif,20.62225250587055,3.2273419001003862
WT mono apo,522,235,2,/scratch4/jgray21/zhuggan1/repos/ER_Mutations/outputs/af3_wt_monomer/1a52_wt_monomer_apo/seed-235_sample-2/model.cif,-23.51473359257159,-0.8632953178086772
WT mono apo,523,224,0,/scratch4/jgray21/zhuggan1/repos/ER_Mutations/outputs/af3_wt_monomer/1a52_wt_monomer_apo/seed-224_sample-0/model.cif,-23.41386375795082,-0.46086999452479843
WT mono apo,524,34,3,/scratch4/jgray21/zhuggan1/repos/ER_Mutations/outputs/af3_wt_monomer/1a52_wt_monomer_apo/seed-34_sample-3/model.cif,-22.738706450209435,3.38594878635564
WT mono apo,525,126,0,/scratch4/jgray21/zhuggan1/repos/ER_Mutations/outputs/af3_wt_monomer/1a52_wt_monomer_apo/seed-126_sample-0/model.cif,20.526300742852868,3.3768010002475966
WT mono apo,526,235,1,/scratch4/jgray21/zhuggan1/repos/ER_Mutations/outputs/af3_wt_monomer/1a52_wt_monomer_apo/seed-235_sample-1/model.cif,-22.974816375031093,-0.9207516583304797
WT mono apo,527,200,2,/scratch4/jgray21/zhuggan1/repos/ER_Mutations/outputs/af3_wt_monomer/1a52_wt_monomer_apo/seed-200_sample-2/model.cif,-23.200208863443983,-0.610906346625203
WT mono apo,528,12,0,/scratch4/jgray21/zhuggan1/repos/ER_Mutations/outputs/af3_wt_monomer/1a52_wt_monomer_apo/seed-12_sample-0/model.cif,-23.121774920659426,-0.7426905805477783
WT mono apo,529,162,3,/scratch4/jgray21/zhuggan1/repos/ER_Mutations/outputs/af3_wt_monomer/1a52_wt_monomer_apo/seed-162_sample-3/model.cif,-22.993305272751563,-0.6351161956680164
WT mono apo,530,13,3,/scratch4/jgray21/zhuggan1/repos/ER_Mutations/outputs/af3_wt_monomer/1a52_wt_monomer_apo/seed-13_sample-3/model.cif,20.158807653409486,-0.9595613612484658
WT mono apo,531,138,0,/scratch4/jgray21/zhuggan1/repos/ER_Mutations/outputs/af3_wt_monomer/1a52_wt_monomer_apo/seed-138_sample-0/model.cif,20.620400799979393,-1.1424139829069078
WT mono apo,532,32,2,/scratch4/jgray21/zhuggan1/repos/ER_Mutations/outputs/af3_wt_monomer/1a52_wt_monomer_apo/seed-32_sample-2/model.cif,-23.133586268100878,-0.8734471395489471
WT mono apo,533,109,3,/scratch4/jgray21/zhuggan1/repos/ER_Mutations/outputs/af3_wt_monomer/1a52_wt_monomer_apo/seed-109_sample-3/model.cif,20.344375334589827,-0.9194011922245722
WT mono apo,534,185,3,/scratch4/jgray21/zhuggan1/repos/ER_Mutations/outputs/af3_wt_monomer/1a52_wt_monomer_apo/seed-185_sample-3/model.cif,-22.318229060199766,-0.8772715929974656
WT mono apo,535,2,0,/scratch4/jgray21/zhuggan1/repos/ER_Mutations/outputs/af3_wt_monomer/1a52_wt_monomer_apo/seed-2_sample-0/model.cif,-23.087151055044686,3.3372933990415183
WT mono apo,536,203,1,/scratch4/jgray21/zhuggan1/repos/ER_Mutations/outputs/af3_wt_monomer/1a52_wt_monomer_apo/seed-203_sample-1/model.cif,-23.40121061780103,3.5366834784806582
WT mono apo,537,240,4,/scratch4/jgray21/zhuggan1/repos/ER_Mutations/outputs/af3_wt_monomer/1a52_wt_monomer_apo/seed-240_sample-4/model.cif,-23.06729773960113,-0.8402128311977831
WT mono apo,538,233,1,/scratch4/jgray21/zhuggan1/repos/ER_Mutations/outputs/af3_wt_monomer/1a52_wt_monomer_apo/seed-233_sample-1/model.cif,-23.073689354846366,-0.18711408757588832
WT mono apo,539,190,2,/scratch4/jgray21/zhuggan1/repos/ER_Mutations/outputs/af3_wt_monomer/1a52_wt_monomer_apo/seed-190_sample-2/model.cif,-23.557386594796895,2.7901010618540196
WT mono apo,540,207,4,/scratch4/jgray21/zhuggan1/repos/ER_Mutations/outputs/af3_wt_monomer/1a52_wt_monomer_apo/seed-207_sample-4/model.cif,-22.65261725149514,-0.6688420475399599
WT mono apo,541,181,3,/scratch4/jgray21/zhuggan1/repos/ER_Mutations/outputs/af3_wt_monomer/1a52_wt_monomer_apo/seed-181_sample-3/model.cif,-23.43793191120288,-0.7504194956286852
WT mono apo,542,63,0,/scratch4/jgray21/zhuggan1/repos/ER_Mutations/outputs/af3_wt_monomer/1a52_wt_monomer_apo/seed-63_sample-0/model.cif,-22.50076917674159,-0.9907375888333051
WT mono apo,543,200,4,/scratch4/jgray21/zhuggan1/repos/ER_Mutations/outputs/af3_wt_monomer/1a52_wt_monomer_apo/seed-200_sample-4/model.cif,-23.868079866412053,3.5616462045051454
WT mono apo,544,86,2,/scratch4/jgray21/zhuggan1/repos/ER_Mutations/outputs/af3_wt_monomer/1a52_wt_monomer_apo/seed-86_sample-2/model.cif,-22.73959091420608,3.4289721316060193
WT mono apo,545,87,0,/scratch4/jgray21/zhuggan1/repos/ER_Mutations/outputs/af3_wt_monomer/1a52_wt_monomer_apo/seed-87_sample-0/model.cif,20.51975873959894,-1.2351376212140637
WT mono apo,546,111,0,/scratch4/jgray21/zhuggan1/repos/ER_Mutations/outputs/af3_wt_monomer/1a52_wt_monomer_apo/seed-111_sample-0/model.cif,-23.056503525270035,-0.6824485091026635
WT mono apo,547,217,4,/scratch4/jgray21/zhuggan1/repos/ER_Mutations/outputs/af3_wt_monomer/1a52_wt_monomer_apo/seed-217_sample-4/model.cif,20.465431597476815,-0.8287688066717005
WT mono apo,548,35,0,/scratch4/jgray21/zhuggan1/repos/ER_Mutations/outputs/af3_wt_monomer/1a52_wt_monomer_apo/seed-35_sample-0/model.cif,-22.676000882723987,3.1241833184612564
WT mono apo,549,21,2,/scratch4/jgray21/zhuggan1/repos/ER_Mutations/outputs/af3_wt_monomer/1a52_wt_monomer_apo/seed-21_sample-2/model.cif,-22.973654966860217,-0.6702960122471932
WT mono apo,550,27,2,/scratch4/jgray21/zhuggan1/repos/ER_Mutations/outputs/af3_wt_monomer/1a52_wt_monomer_apo/seed-27_sample-2/model.cif,-23.09802238469791,-0.4279951133090402
WT mono apo,551,28,4,/scratch4/jgray21/zhuggan1/repos/ER_Mutations/outputs/af3_wt_monomer/1a52_wt_monomer_apo/seed-28_sample-4/model.cif,-23.277918326145542,-1.003668363535845
WT mono apo,552,229,3,/scratch4/jgray21/zhuggan1/repos/ER_Mutations/outputs/af3_wt_monomer/1a52_wt_monomer_apo/seed-229_sample-3/model.cif,-23.38043277261003,-0.865251862238029
WT mono apo,553,59,4,/scratch4/jgray21/zhuggan1/repos/ER_Mutations/outputs/af3_wt_monomer/1a52_wt_monomer_apo/seed-59_sample-4/model.cif,-23.625854148785187,-0.570830642492064
WT mono apo,554,182,2,/scratch4/jgray21/zhuggan1/repos/ER_Mutations/outputs/af3_wt_monomer/1a52_wt_monomer_apo/seed-182_sample-2/model.cif,-22.48877612584095,3.5024538525259237
WT mono apo,555,239,3,/scratch4/jgray21/zhuggan1/repos/ER_Mutations/outputs/af3_wt_monomer/1a52_wt_monomer_apo/seed-239_sample-3/model.cif,-22.913021417744933,2.892521931260563
WT mono apo,556,141,0,/scratch4/jgray21/zhuggan1/repos/ER_Mutations/outputs/af3_wt_monomer/1a52_wt_monomer_apo/seed-141_sample-0/model.cif,-22.67742838437718,-0.583166281302926
WT mono apo,557,217,1,/scratch4/jgray21/zhuggan1/repos/ER_Mutations/outputs/af3_wt_monomer/1a52_wt_monomer_apo/seed-217_sample-1/model.cif,20.48200111699457,-1.1073132551099627
WT mono apo,558,215,1,/scratch4/jgray21/zhuggan1/repos/ER_Mutations/outputs/af3_wt_monomer/1a52_wt_monomer_apo/seed-215_sample-1/model.cif,-23.00335362084667,-0.0437756241449676
WT mono apo,559,23,4,/scratch4/jgray21/zhuggan1/repos/ER_Mutations/outputs/af3_wt_monomer/1a52_wt_monomer_apo/seed-23_sample-4/model.cif,-23.02136144332518,-0.11678526357526248
WT mono apo,560,16,1,/scratch4/jgray21/zhuggan1/repos/ER_Mutations/outputs/af3_wt_monomer/1a52_wt_monomer_apo/seed-16_sample-1/model.cif,-23.04467118358452,-0.8226257989139351
WT mono apo,561,23,2,/scratch4/jgray21/zhuggan1/repos/ER_Mutations/outputs/af3_wt_monomer/1a52_wt_monomer_apo/seed-23_sample-2/model.cif,-23.01564914454038,3.7882898370097506
WT mono apo,562,4,4,/scratch4/jgray21/zhuggan1/repos/ER_Mutations/outputs/af3_wt_monomer/1a52_wt_monomer_apo/seed-4_sample-4/model.cif,-22.567105261950566,-0.8588686762052767
WT mono apo,563,164,1,/scratch4/jgray21/zhuggan1/repos/ER_Mutations/outputs/af3_wt_monomer/1a52_wt_monomer_apo/seed-164_sample-1/model.cif,-23.30426240677115,-0.9570719868919686
WT mono apo,564,66,3,/scratch4/jgray21/zhuggan1/repos/ER_Mutations/outputs/af3_wt_monomer/1a52_wt_monomer_apo/seed-66_sample-3/model.cif,-23.257499895532792,-1.256248844176583
WT mono apo,565,134,0,/scratch4/jgray21/zhuggan1/repos/ER_Mutations/outputs/af3_wt_monomer/1a52_wt_monomer_apo/seed-134_sample-0/model.cif,-23.89466620080204,-1.2488304740928267
WT mono apo,566,83,0,/scratch4/jgray21/zhuggan1/repos/ER_Mutations/outputs/af3_wt_monomer/1a52_wt_monomer_apo/seed-83_sample-0/model.cif,-23.093656365242712,-0.10335010751427903
WT mono apo,567,193,3,/scratch4/jgray21/zhuggan1/repos/ER_Mutations/outputs/af3_wt_monomer/1a52_wt_monomer_apo/seed-193_sample-3/model.cif,-22.03147572441833,-0.6118149999138898
WT mono apo,568,31,4,/scratch4/jgray21/zhuggan1/repos/ER_Mutations/outputs/af3_wt_monomer/1a52_wt_monomer_apo/seed-31_sample-4/model.cif,-22.9605560273122,3.5151217528800194
WT mono apo,569,163,0,/scratch4/jgray21/zhuggan1/repos/ER_Mutations/outputs/af3_wt_monomer/1a52_wt_monomer_apo/seed-163_sample-0/model.cif,-23.041083619475906,-0.6926108278727001
WT mono apo,570,183,4,/scratch4/jgray21/zhuggan1/repos/ER_Mutations/outputs/af3_wt_monomer/1a52_wt_monomer_apo/seed-183_sample-4/model.cif,-22.33406280465722,-0.5829459359077719
WT mono apo,571,134,4,/scratch4/jgray21/zhuggan1/repos/ER_Mutations/outputs/af3_wt_monomer/1a52_wt_monomer_apo/seed-134_sample-4/model.cif,20.837471017590435,-1.0816937569007712
WT mono apo,572,139,3,/scratch4/jgray21/zhuggan1/repos/ER_Mutations/outputs/af3_wt_monomer/1a52_wt_monomer_apo/seed-139_sample-3/model.cif,-22.626680070511107,-0.4887527632137631
WT mono apo,573,81,0,/scratch4/jgray21/zhuggan1/repos/ER_Mutations/outputs/af3_wt_monomer/1a52_wt_monomer_apo/seed-81_sample-0/model.cif,-23.343380581386768,-0.9517412482928934
WT mono apo,574,166,2,/scratch4/jgray21/zhuggan1/repos/ER_Mutations/outputs/af3_wt_monomer/1a52_wt_monomer_apo/seed-166_sample-2/model.cif,-23.636829315101263,-1.1383457006775304
WT mono apo,575,122,1,/scratch4/jgray21/zhuggan1/repos/ER_Mutations/outputs/af3_wt_monomer/1a52_wt_monomer_apo/seed-122_sample-1/model.cif,-23.01139765099138,-0.8168315572085241
WT mono apo,576,30,2,/scratch4/jgray21/zhuggan1/repos/ER_Mutations/outputs/af3_wt_monomer/1a52_wt_monomer_apo/seed-30_sample-2/model.cif,-23.678873867624414,3.311334357975696
WT mono apo,577,131,3,/scratch4/jgray21/zhuggan1/repos/ER_Mutations/outputs/af3_wt_monomer/1a52_wt_monomer_apo/seed-131_sample-3/model.cif,-22.65398773458652,3.1402239878914937
WT mono apo,578,107,2,/scratch4/jgray21/zhuggan1/repos/ER_Mutations/outputs/af3_wt_monomer/1a52_wt_monomer_apo/seed-107_sample-2/model.cif,20.957378145933696,3.3661840145188733
WT mono apo,579,58,0,/scratch4/jgray21/zhuggan1/repos/ER_Mutations/outputs/af3_wt_monomer/1a52_wt_monomer_apo/seed-58_sample-0/model.cif,21.681063818093733,-1.0571133600928653
WT mono apo,580,186,0,/scratch4/jgray21/zhuggan1/repos/ER_Mutations/outputs/af3_wt_monomer/1a52_wt_monomer_apo/seed-186_sample-0/model.cif,-23.648255381976806,-0.49921814999074077
WT mono apo,581,131,0,/scratch4/jgray21/zhuggan1/repos/ER_Mutations/outputs/af3_wt_monomer/1a52_wt_monomer_apo/seed-131_sample-0/model.cif,-22.711279560297296,3.2863370288569658
WT mono apo,582,140,0,/scratch4/jgray21/zhuggan1/repos/ER_Mutations/outputs/af3_wt_monomer/1a52_wt_monomer_apo/seed-140_sample-0/model.cif,21.10376048821824,2.805435220179557
WT mono apo,583,250,2,/scratch4/jgray21/zhuggan1/repos/ER_Mutations/outputs/af3_wt_monomer/1a52_wt_monomer_apo/seed-250_sample-2/model.cif,-22.322930948976207,-0.5309553761708542
WT mono apo,584,210,3,/scratch4/jgray21/zhuggan1/repos/ER_Mutations/outputs/af3_wt_monomer/1a52_wt_monomer_apo/seed-210_sample-3/model.cif,-22.48308785094301,-0.2941230094575069
WT mono apo,585,37,3,/scratch4/jgray21/zhuggan1/repos/ER_Mutations/outputs/af3_wt_monomer/1a52_wt_monomer_apo/seed-37_sample-3/model.cif,-23.032197381000394,-0.6500294771957741
WT mono apo,586,48,4,/scratch4/jgray21/zhuggan1/repos/ER_Mutations/outputs/af3_wt_monomer/1a52_wt_monomer_apo/seed-48_sample-4/model.cif,21.187873894922447,-0.6421706147618379
WT mono apo,587,146,1,/scratch4/jgray21/zhuggan1/repos/ER_Mutations/outputs/af3_wt_monomer/1a52_wt_monomer_apo/seed-146_sample-1/model.cif,20.561318608172428,2.9932577657276362
WT mono apo,588,21,3,/scratch4/jgray21/zhuggan1/repos/ER_Mutations/outputs/af3_wt_monomer/1a52_wt_monomer_apo/seed-21_sample-3/model.cif,-22.751000858271414,-0.8005323907798106
WT mono apo,589,220,1,/scratch4/jgray21/zhuggan1/repos/ER_Mutations/outputs/af3_wt_monomer/1a52_wt_monomer_apo/seed-220_sample-1/model.cif,-22.167092888892583,-0.8716182143402373
WT mono apo,590,107,1,/scratch4/jgray21/zhuggan1/repos/ER_Mutations/outputs/af3_wt_monomer/1a52_wt_monomer_apo/seed-107_sample-1/model.cif,20.476773059496086,-1.0162126968613805
WT mono apo,591,99,3,/scratch4/jgray21/zhuggan1/repos/ER_Mutations/outputs/af3_wt_monomer/1a52_wt_monomer_apo/seed-99_sample-3/model.cif,-22.72210869661086,3.448985031459386
WT mono apo,592,109,0,/scratch4/jgray21/zhuggan1/repos/ER_Mutations/outputs/af3_wt_monomer/1a52_wt_monomer_apo/seed-109_sample-0/model.cif,21.680331012872657,-1.0084494692077421
WT mono apo,593,139,4,/scratch4/jgray21/zhuggan1/repos/ER_Mutations/outputs/af3_wt_monomer/1a52_wt_monomer_apo/seed-139_sample-4/model.cif,-22.989133760509898,-0.819354425844274
WT mono apo,594,43,3,/scratch4/jgray21/zhuggan1/repos/ER_Mutations/outputs/af3_wt_monomer/1a52_wt_monomer_apo/seed-43_sample-3/model.cif,21.240647371121483,-0.9338661139862838
WT mono apo,595,179,4,/scratch4/jgray21/zhuggan1/repos/ER_Mutations/outputs/af3_wt_monomer/1a52_wt_monomer_apo/seed-179_sample-4/model.cif,-23.116779816525437,-0.7630486096390495
WT mono apo,596,198,2,/scratch4/jgray21/zhuggan1/repos/ER_Mutations/outputs/af3_wt_monomer/1a52_wt_monomer_apo/seed-198_sample-2/model.cif,-22.87528879317631,-1.0635284849351654
WT mono apo,597,171,0,/scratch4/jgray21/zhuggan1/repos/ER_Mutations/outputs/af3_wt_monomer/1a52_wt_monomer_apo/seed-171_sample-0/model.cif,-23.251233899695812,-0.7427924358513023
WT mono apo,598,242,4,/scratch4/jgray21/zhuggan1/repos/ER_Mutations/outputs/af3_wt_monomer/1a52_wt_monomer_apo/seed-242_sample-4/model.cif,-22.73582652465171,-0.6107631022339818
WT mono apo,599,153,1,/scratch4/jgray21/zhuggan1/repos/ER_Mutations/outputs/af3_wt_monomer/1a52_wt_monomer_apo/seed-153_sample-1/model.cif,-22.778183361142215,-0.3971341788506075
WT mono apo,600,141,4,/scratch4/jgray21/zhuggan1/repos/ER_Mutations/outputs/af3_wt_monomer/1a52_wt_monomer_apo/seed-141_sample-4/model.cif,-22.33043588955321,-0.708845546004883
WT mono apo,601,190,4,/scratch4/jgray21/zhuggan1/repos/ER_Mutations/outputs/af3_wt_monomer/1a52_wt_monomer_apo/seed-190_sample-4/model.cif,-22.948885217923976,-0.46391362678270265
WT mono apo,602,23,3,/scratch4/jgray21/zhuggan1/repos/ER_Mutations/outputs/af3_wt_monomer/1a52_wt_monomer_apo/seed-23_sample-3/model.cif,-23.008657107141385,-0.6917642927235802
WT mono apo,603,32,0,/scratch4/jgray21/zhuggan1/repos/ER_Mutations/outputs/af3_wt_monomer/1a52_wt_monomer_apo/seed-32_sample-0/model.cif,22.016272792048007,-1.1304465371762373
WT mono apo,604,184,1,/scratch4/jgray21/zhuggan1/repos/ER_Mutations/outputs/af3_wt_monomer/1a52_wt_monomer_apo/seed-184_sample-1/model.cif,-22.72345929863807,-0.6656566891519525
WT mono apo,605,11,4,/scratch4/jgray21/zhuggan1/repos/ER_Mutations/outputs/af3_wt_monomer/1a52_wt_monomer_apo/seed-11_sample-4/model.cif,20.875920943477183,-1.193299153008575
WT mono apo,606,69,0,/scratch4/jgray21/zhuggan1/repos/ER_Mutations/outputs/af3_wt_monomer/1a52_wt_monomer_apo/seed-69_sample-0/model.cif,-22.847446863795255,3.5611334153710943
WT mono apo,607,76,0,/scratch4/jgray21/zhuggan1/repos/ER_Mutations/outputs/af3_wt_monomer/1a52_wt_monomer_apo/seed-76_sample-0/model.cif,-22.805423492369833,-0.5883862813918653
WT mono apo,608,172,2,/scratch4/jgray21/zhuggan1/repos/ER_Mutations/outputs/af3_wt_monomer/1a52_wt_monomer_apo/seed-172_sample-2/model.cif,-23.278158104322507,-0.713209537496986
WT mono apo,609,2,2,/scratch4/jgray21/zhuggan1/repos/ER_Mutations/outputs/af3_wt_monomer/1a52_wt_monomer_apo/seed-2_sample-2/model.cif,-22.904875699185176,-0.9235555056918308
WT mono apo,610,24,3,/scratch4/jgray21/zhuggan1/repos/ER_Mutations/outputs/af3_wt_monomer/1a52_wt_monomer_apo/seed-24_sample-3/model.cif,-22.630578315804645,-0.6966957737120865
WT mono apo,611,180,4,/scratch4/jgray21/zhuggan1/repos/ER_Mutations/outputs/af3_wt_monomer/1a52_wt_monomer_apo/seed-180_sample-4/model.cif,-23.008448791189508,-0.7971130490854893
WT mono apo,612,168,4,/scratch4/jgray21/zhuggan1/repos/ER_Mutations/outputs/af3_wt_monomer/1a52_wt_monomer_apo/seed-168_sample-4/model.cif,20.970385383871804,3.414288062331705
WT mono apo,613,3,2,/scratch4/jgray21/zhuggan1/repos/ER_Mutations/outputs/af3_wt_monomer/1a52_wt_monomer_apo/seed-3_sample-2/model.cif,-23.518139583525567,-0.7168376021976556
WT mono apo,614,101,4,/scratch4/jgray21/zhuggan1/repos/ER_Mutations/outputs/af3_wt_monomer/1a52_wt_monomer_apo/seed-101_sample-4/model.cif,-23.77094688701772,-0.8179811225391561
WT mono apo,615,19,4,/scratch4/jgray21/zhuggan1/repos/ER_Mutations/outputs/af3_wt_monomer/1a52_wt_monomer_apo/seed-19_sample-4/model.cif,-22.452833964982823,-0.6205096698577273
WT mono apo,616,107,4,/scratch4/jgray21/zhuggan1/repos/ER_Mutations/outputs/af3_wt_monomer/1a52_wt_monomer_apo/seed-107_sample-4/model.cif,20.396664538566323,-0.8825718738507207
WT mono apo,617,245,1,/scratch4/jgray21/zhuggan1/repos/ER_Mutations/outputs/af3_wt_monomer/1a52_wt_monomer_apo/seed-245_sample-1/model.cif,-22.980044628434968,3.328046696172951
WT mono apo,618,130,4,/scratch4/jgray21/zhuggan1/repos/ER_Mutations/outputs/af3_wt_monomer/1a52_wt_monomer_apo/seed-130_sample-4/model.cif,20.405327741129064,-0.7321228215366254
WT mono apo,619,197,3,/scratch4/jgray21/zhuggan1/repos/ER_Mutations/outputs/af3_wt_monomer/1a52_wt_monomer_apo/seed-197_sample-3/model.cif,20.572703316558467,3.381094913029472
WT mono apo,620,39,1,/scratch4/jgray21/zhuggan1/repos/ER_Mutations/outputs/af3_wt_monomer/1a52_wt_monomer_apo/seed-39_sample-1/model.cif,21.190984743268373,-0.8638503672397634
WT mono apo,621,127,1,/scratch4/jgray21/zhuggan1/repos/ER_Mutations/outputs/af3_wt_monomer/1a52_wt_monomer_apo/seed-127_sample-1/model.cif,-22.58042364494129,-0.759202215172397
WT mono apo,622,126,3,/scratch4/jgray21/zhuggan1/repos/ER_Mutations/outputs/af3_wt_monomer/1a52_wt_monomer_apo/seed-126_sample-3/model.cif,20.925970299392972,-1.3168866580714742
WT mono apo,623,134,3,/scratch4/jgray21/zhuggan1/repos/ER_Mutations/outputs/af3_wt_monomer/1a52_wt_monomer_apo/seed-134_sample-3/model.cif,-22.96973585950907,-0.7437585691422081
WT mono apo,624,216,3,/scratch4/jgray21/zhuggan1/repos/ER_Mutations/outputs/af3_wt_monomer/1a52_wt_monomer_apo/seed-216_sample-3/model.cif,-22.513076952646347,-0.7609709780150775
WT mono apo,625,139,1,/scratch4/jgray21/zhuggan1/repos/ER_Mutations/outputs/af3_wt_monomer/1a52_wt_monomer_apo/seed-139_sample-1/model.cif,-22.84182202823418,-0.7869103936529419
WT mono apo,626,139,2,/scratch4/jgray21/zhuggan1/repos/ER_Mutations/outputs/af3_wt_monomer/1a52_wt_monomer_apo/seed-139_sample-2/model.cif,-22.847083755611845,-0.9093977887764497
WT mono apo,627,31,2,/scratch4/jgray21/zhuggan1/repos/ER_Mutations/outputs/af3_wt_monomer/1a52_wt_monomer_apo/seed-31_sample-2/model.cif,-22.810179665904997,-0.8970845103117424
WT mono apo,628,152,4,/scratch4/jgray21/zhuggan1/repos/ER_Mutations/outputs/af3_wt_monomer/1a52_wt_monomer_apo/seed-152_sample-4/model.cif,20.740535553969185,-1.0441982669205196
WT mono apo,629,35,2,/scratch4/jgray21/zhuggan1/repos/ER_Mutations/outputs/af3_wt_monomer/1a52_wt_monomer_apo/seed-35_sample-2/model.cif,-23.08817047566118,-0.5524965755901556
WT mono apo,630,48,3,/scratch4/jgray21/zhuggan1/repos/ER_Mutations/outputs/af3_wt_monomer/1a52_wt_monomer_apo/seed-48_sample-3/model.cif,21.282111809884068,-0.9442194963653322
WT mono apo,631,138,3,/scratch4/jgray21/zhuggan1/repos/ER_Mutations/outputs/af3_wt_monomer/1a52_wt_monomer_apo/seed-138_sample-3/model.cif,-22.885097340474033,-0.7416834512251831
WT mono apo,632,66,2,/scratch4/jgray21/zhuggan1/repos/ER_Mutations/outputs/af3_wt_monomer/1a52_wt_monomer_apo/seed-66_sample-2/model.cif,-23.22174457369506,-0.30460028945839535
WT mono apo,633,109,4,/scratch4/jgray21/zhuggan1/repos/ER_Mutations/outputs/af3_wt_monomer/1a52_wt_monomer_apo/seed-109_sample-4/model.cif,21.405486631169925,-0.9703034780790931
WT mono apo,634,246,2,/scratch4/jgray21/zhuggan1/repos/ER_Mutations/outputs/af3_wt_monomer/1a52_wt_monomer_apo/seed-246_sample-2/model.cif,-23.48659085551541,-1.0157955348735501
WT mono apo,635,56,1,/scratch4/jgray21/zhuggan1/repos/ER_Mutations/outputs/af3_wt_monomer/1a52_wt_monomer_apo/seed-56_sample-1/model.cif,-23.007004938804144,3.4986994157120894
WT mono apo,636,76,3,/scratch4/jgray21/zhuggan1/repos/ER_Mutations/outputs/af3_wt_monomer/1a52_wt_monomer_apo/seed-76_sample-3/model.cif,-22.6910495839958,-0.6902046846603234
WT mono apo,637,207,3,/scratch4/jgray21/zhuggan1/repos/ER_Mutations/outputs/af3_wt_monomer/1a52_wt_monomer_apo/seed-207_sample-3/model.cif,-22.74523345188737,3.6208463009062095
WT mono apo,638,146,2,/scratch4/jgray21/zhuggan1/repos/ER_Mutations/outputs/af3_wt_monomer/1a52_wt_monomer_apo/seed-146_sample-2/model.cif,20.952612557048308,3.116171291131261
WT mono apo,639,159,1,/scratch4/jgray21/zhuggan1/repos/ER_Mutations/outputs/af3_wt_monomer/1a52_wt_monomer_apo/seed-159_sample-1/model.cif,-22.512639123195335,-0.44723690217327255
WT mono apo,640,106,3,/scratch4/jgray21/zhuggan1/repos/ER_Mutations/outputs/af3_wt_monomer/1a52_wt_monomer_apo/seed-106_sample-3/model.cif,-21.927607493665732,-0.7192952671310721
WT mono apo,641,92,0,/scratch4/jgray21/zhuggan1/repos/ER_Mutations/outputs/af3_wt_monomer/1a52_wt_monomer_apo/seed-92_sample-0/model.cif,21.414879280919823,-1.0724765027032257
WT mono apo,642,163,3,/scratch4/jgray21/zhuggan1/repos/ER_Mutations/outputs/af3_wt_monomer/1a52_wt_monomer_apo/seed-163_sample-3/model.cif,-22.50807033692325,-0.552906655480948
WT mono apo,643,24,0,/scratch4/jgray21/zhuggan1/repos/ER_Mutations/outputs/af3_wt_monomer/1a52_wt_monomer_apo/seed-24_sample-0/model.cif,-22.39473481635917,3.1360876951079497
WT mono apo,644,126,1,/scratch4/jgray21/zhuggan1/repos/ER_Mutations/outputs/af3_wt_monomer/1a52_wt_monomer_apo/seed-126_sample-1/model.cif,20.421136406154346,-0.7534304299242813
WT mono apo,645,101,0,/scratch4/jgray21/zhuggan1/repos/ER_Mutations/outputs/af3_wt_monomer/1a52_wt_monomer_apo/seed-101_sample-0/model.cif,-23.357813825019463,-0.7472858056098521
WT mono apo,646,163,1,/scratch4/jgray21/zhuggan1/repos/ER_Mutations/outputs/af3_wt_monomer/1a52_wt_monomer_apo/seed-163_sample-1/model.cif,-22.8179418364458,-0.9400535905955844
WT mono apo,647,87,4,/scratch4/jgray21/zhuggan1/repos/ER_Mutations/outputs/af3_wt_monomer/1a52_wt_monomer_apo/seed-87_sample-4/model.cif,20.470812095133414,2.0466757391217762
WT mono apo,648,96,2,/scratch4/jgray21/zhuggan1/repos/ER_Mutations/outputs/af3_wt_monomer/1a52_wt_monomer_apo/seed-96_sample-2/model.cif,-22.54784193243702,-0.8535689763163484
WT mono apo,649,8,0,/scratch4/jgray21/zhuggan1/repos/ER_Mutations/outputs/af3_wt_monomer/1a52_wt_monomer_apo/seed-8_sample-0/model.cif,21.27721708828215,-0.8549502094465635
WT mono apo,650,54,4,/scratch4/jgray21/zhuggan1/repos/ER_Mutations/outputs/af3_wt_monomer/1a52_wt_monomer_apo/seed-54_sample-4/model.cif,20.733758071988436,-0.8188824807721967
WT mono apo,651,33,2,/scratch4/jgray21/zhuggan1/repos/ER_Mutations/outputs/af3_wt_monomer/1a52_wt_monomer_apo/seed-33_sample-2/model.cif,-22.629687851473133,-0.8340852388906995
WT mono apo,652,231,0,/scratch4/jgray21/zhuggan1/repos/ER_Mutations/outputs/af3_wt_monomer/1a52_wt_monomer_apo/seed-231_sample-0/model.cif,-23.344425383978155,-0.6200968637889545
WT mono apo,653,34,4,/scratch4/jgray21/zhuggan1/repos/ER_Mutations/outputs/af3_wt_monomer/1a52_wt_monomer_apo/seed-34_sample-4/model.cif,-23.268221735244882,3.3379373413955085
WT mono apo,654,203,0,/scratch4/jgray21/zhuggan1/repos/ER_Mutations/outputs/af3_wt_monomer/1a52_wt_monomer_apo/seed-203_sample-0/model.cif,-22.566312025368056,-0.547235731523196
WT mono apo,655,161,0,/scratch4/jgray21/zhuggan1/repos/ER_Mutations/outputs/af3_wt_monomer/1a52_wt_monomer_apo/seed-161_sample-0/model.cif,21.746100824892128,-1.5195788131329429
WT mono apo,656,180,0,/scratch4/jgray21/zhuggan1/repos/ER_Mutations/outputs/af3_wt_monomer/1a52_wt_monomer_apo/seed-180_sample-0/model.cif,-22.821898052809278,-0.6868027852860723
WT mono apo,657,167,0,/scratch4/jgray21/zhuggan1/repos/ER_Mutations/outputs/af3_wt_monomer/1a52_wt_monomer_apo/seed-167_sample-0/model.cif,-23.10788396337563,-0.7136988947184728
WT mono apo,658,58,4,/scratch4/jgray21/zhuggan1/repos/ER_Mutations/outputs/af3_wt_monomer/1a52_wt_monomer_apo/seed-58_sample-4/model.cif,-24.856160690129855,-0.6208963763003439
WT mono apo,659,82,4,/scratch4/jgray21/zhuggan1/repos/ER_Mutations/outputs/af3_wt_monomer/1a52_wt_monomer_apo/seed-82_sample-4/model.cif,21.60053225739535,1.7110479429607526
WT mono apo,660,40,2,/scratch4/jgray21/zhuggan1/repos/ER_Mutations/outputs/af3_wt_monomer/1a52_wt_monomer_apo/seed-40_sample-2/model.cif,-22.843399093055872,3.6483519068745434
WT mono apo,661,55,2,/scratch4/jgray21/zhuggan1/repos/ER_Mutations/outputs/af3_wt_monomer/1a52_wt_monomer_apo/seed-55_sample-2/model.cif,-22.530739517046374,2.9794171685713664
WT mono apo,662,113,0,/scratch4/jgray21/zhuggan1/repos/ER_Mutations/outputs/af3_wt_monomer/1a52_wt_monomer_apo/seed-113_sample-0/model.cif,22.099374635114184,-1.463419066303979
WT mono apo,663,246,3,/scratch4/jgray21/zhuggan1/repos/ER_Mutations/outputs/af3_wt_monomer/1a52_wt_monomer_apo/seed-246_sample-3/model.cif,-23.07212004884445,3.2341128691368946
WT mono apo,664,213,0,/scratch4/jgray21/zhuggan1/repos/ER_Mutations/outputs/af3_wt_monomer/1a52_wt_monomer_apo/seed-213_sample-0/model.cif,-22.54493399639207,3.262621950205217
WT mono apo,665,181,0,/scratch4/jgray21/zhuggan1/repos/ER_Mutations/outputs/af3_wt_monomer/1a52_wt_monomer_apo/seed-181_sample-0/model.cif,-22.920349132970898,-0.6238938177754041
WT mono apo,666,128,1,/scratch4/jgray21/zhuggan1/repos/ER_Mutations/outputs/af3_wt_monomer/1a52_wt_monomer_apo/seed-128_sample-1/model.cif,21.688977788924223,2.8644116252227247
WT mono apo,667,211,4,/scratch4/jgray21/zhuggan1/repos/ER_Mutations/outputs/af3_wt_monomer/1a52_wt_monomer_apo/seed-211_sample-4/model.cif,20.273190870286726,-1.4124934640676947
WT mono apo,668,230,2,/scratch4/jgray21/zhuggan1/repos/ER_Mutations/outputs/af3_wt_monomer/1a52_wt_monomer_apo/seed-230_sample-2/model.cif,20.811087118521527,3.0969893045880936
WT mono apo,669,161,3,/scratch4/jgray21/zhuggan1/repos/ER_Mutations/outputs/af3_wt_monomer/1a52_wt_monomer_apo/seed-161_sample-3/model.cif,-23.23011778649666,-0.541854147992157
WT mono apo,670,75,1,/scratch4/jgray21/zhuggan1/repos/ER_Mutations/outputs/af3_wt_monomer/1a52_wt_monomer_apo/seed-75_sample-1/model.cif,20.574954740415507,-1.0551095405837971
WT mono apo,671,121,4,/scratch4/jgray21/zhuggan1/repos/ER_Mutations/outputs/af3_wt_monomer/1a52_wt_monomer_apo/seed-121_sample-4/model.cif,-24.02537642854489,-1.0454437748993548
WT mono apo,672,86,0,/scratch4/jgray21/zhuggan1/repos/ER_Mutations/outputs/af3_wt_monomer/1a52_wt_monomer_apo/seed-86_sample-0/model.cif,-23.154222407184122,-0.35134798758515123
WT mono apo,673,229,4,/scratch4/jgray21/zhuggan1/repos/ER_Mutations/outputs/af3_wt_monomer/1a52_wt_monomer_apo/seed-229_sample-4/model.cif,-22.99375013029563,-0.768058981973202
WT mono apo,674,134,1,/scratch4/jgray21/zhuggan1/repos/ER_Mutations/outputs/af3_wt_monomer/1a52_wt_monomer_apo/seed-134_sample-1/model.cif,20.764848942089294,-0.72584866419686
WT mono apo,675,151,2,/scratch4/jgray21/zhuggan1/repos/ER_Mutations/outputs/af3_wt_monomer/1a52_wt_monomer_apo/seed-151_sample-2/model.cif,-23.107904582501803,-1.1014267235808364
WT mono apo,676,151,0,/scratch4/jgray21/zhuggan1/repos/ER_Mutations/outputs/af3_wt_monomer/1a52_wt_monomer_apo/seed-151_sample-0/model.cif,-22.872751768283457,-0.8730714294917457
WT mono apo,677,168,2,/scratch4/jgray21/zhuggan1/repos/ER_Mutations/outputs/af3_wt_monomer/1a52_wt_monomer_apo/seed-168_sample-2/model.cif,21.144144740739705,-1.0295381419945018
WT mono apo,678,168,0,/scratch4/jgray21/zhuggan1/repos/ER_Mutations/outputs/af3_wt_monomer/1a52_wt_monomer_apo/seed-168_sample-0/model.cif,20.524890198400882,-1.3202325746532253
WT mono apo,679,126,4,/scratch4/jgray21/zhuggan1/repos/ER_Mutations/outputs/af3_wt_monomer/1a52_wt_monomer_apo/seed-126_sample-4/model.cif,20.313046209442785,-1.0388357265505979
WT mono apo,680,172,4,/scratch4/jgray21/zhuggan1/repos/ER_Mutations/outputs/af3_wt_monomer/1a52_wt_monomer_apo/seed-172_sample-4/model.cif,-21.987548786319504,-0.9320476326911017
WT mono apo,681,92,3,/scratch4/jgray21/zhuggan1/repos/ER_Mutations/outputs/af3_wt_monomer/1a52_wt_monomer_apo/seed-92_sample-3/model.cif,-24.11692993769224,-0.8079520901233156
WT mono apo,682,209,2,/scratch4/jgray21/zhuggan1/repos/ER_Mutations/outputs/af3_wt_monomer/1a52_wt_monomer_apo/seed-209_sample-2/model.cif,-22.867362467466616,2.9425607929990703
WT mono apo,683,47,0,/scratch4/jgray21/zhuggan1/repos/ER_Mutations/outputs/af3_wt_monomer/1a52_wt_monomer_apo/seed-47_sample-0/model.cif,-22.714476796294743,3.213447597060538
WT mono apo,684,131,2,/scratch4/jgray21/zhuggan1/repos/ER_Mutations/outputs/af3_wt_monomer/1a52_wt_monomer_apo/seed-131_sample-2/model.cif,-22.60240193131856,3.9906658180755827
WT mono apo,685,8,3,/scratch4/jgray21/zhuggan1/repos/ER_Mutations/outputs/af3_wt_monomer/1a52_wt_monomer_apo/seed-8_sample-3/model.cif,21.36720934167419,2.634486776491928
WT mono apo,686,22,4,/scratch4/jgray21/zhuggan1/repos/ER_Mutations/outputs/af3_wt_monomer/1a52_wt_monomer_apo/seed-22_sample-4/model.cif,-22.640810443632656,-0.8949444387172947
WT mono apo,687,123,3,/scratch4/jgray21/zhuggan1/repos/ER_Mutations/outputs/af3_wt_monomer/1a52_wt_monomer_apo/seed-123_sample-3/model.cif,-24.607122938519495,-1.0500764351215908
WT mono apo,688,198,4,/scratch4/jgray21/zhuggan1/repos/ER_Mutations/outputs/af3_wt_monomer/1a52_wt_monomer_apo/seed-198_sample-4/model.cif,-23.204688311903993,-0.4277122841618871
WT mono apo,689,124,2,/scratch4/jgray21/zhuggan1/repos/ER_Mutations/outputs/af3_wt_monomer/1a52_wt_monomer_apo/seed-124_sample-2/model.cif,21.54398746096593,-1.3089532975273575
WT mono apo,690,159,3,/scratch4/jgray21/zhuggan1/repos/ER_Mutations/outputs/af3_wt_monomer/1a52_wt_monomer_apo/seed-159_sample-3/model.cif,-22.68124592161284,-1.0256176653841833
WT mono apo,691,52,0,/scratch4/jgray21/zhuggan1/repos/ER_Mutations/outputs/af3_wt_monomer/1a52_wt_monomer_apo/seed-52_sample-0/model.cif,20.75486231941928,-0.993263384666271
WT mono apo,692,128,2,/scratch4/jgray21/zhuggan1/repos/ER_Mutations/outputs/af3_wt_monomer/1a52_wt_monomer_apo/seed-128_sample-2/model.cif,-22.906924339584357,-0.6064005115357002
WT mono apo,693,6,4,/scratch4/jgray21/zhuggan1/repos/ER_Mutations/outputs/af3_wt_monomer/1a52_wt_monomer_apo/seed-6_sample-4/model.cif,-22.260420425288448,-0.7065427559844639
WT mono apo,694,222,2,/scratch4/jgray21/zhuggan1/repos/ER_Mutations/outputs/af3_wt_monomer/1a52_wt_monomer_apo/seed-222_sample-2/model.cif,-24.056398973971106,-0.6759353807359264
WT mono apo,695,22,1,/scratch4/jgray21/zhuggan1/repos/ER_Mutations/outputs/af3_wt_monomer/1a52_wt_monomer_apo/seed-22_sample-1/model.cif,-22.800835527751822,3.4762702821121674
WT mono apo,696,129,1,/scratch4/jgray21/zhuggan1/repos/ER_Mutations/outputs/af3_wt_monomer/1a52_wt_monomer_apo/seed-129_sample-1/model.cif,21.485884735756393,3.083098800875852
WT mono apo,697,47,3,/scratch4/jgray21/zhuggan1/repos/ER_Mutations/outputs/af3_wt_monomer/1a52_wt_monomer_apo/seed-47_sample-3/model.cif,-23.055664320947102,-0.5358162209294294
WT mono apo,698,103,4,/scratch4/jgray21/zhuggan1/repos/ER_Mutations/outputs/af3_wt_monomer/1a52_wt_monomer_apo/seed-103_sample-4/model.cif,-22.85140652384197,-0.45511675195899653
WT mono apo,699,124,0,/scratch4/jgray21/zhuggan1/repos/ER_Mutations/outputs/af3_wt_monomer/1a52_wt_monomer_apo/seed-124_sample-0/model.cif,21.5163307813093,3.1055303322700696
WT mono apo,700,153,4,/scratch4/jgray21/zhuggan1/repos/ER_Mutations/outputs/af3_wt_monomer/1a52_wt_monomer_apo/seed-153_sample-4/model.cif,-23.398378123068095,-0.5053810587730726
WT mono apo,701,105,0,/scratch4/jgray21/zhuggan1/repos/ER_Mutations/outputs/af3_wt_monomer/1a52_wt_monomer_apo/seed-105_sample-0/model.cif,-23.793464807760653,-0.5943922249959763
WT mono apo,702,41,1,/scratch4/jgray21/zhuggan1/repos/ER_Mutations/outputs/af3_wt_monomer/1a52_wt_monomer_apo/seed-41_sample-1/model.cif,-23.657620162176,-0.9038937633093607
WT mono apo,703,48,2,/scratch4/jgray21/zhuggan1/repos/ER_Mutations/outputs/af3_wt_monomer/1a52_wt_monomer_apo/seed-48_sample-2/model.cif,-23.75677145964861,-0.5792429426266394
WT mono apo,704,13,0,/scratch4/jgray21/zhuggan1/repos/ER_Mutations/outputs/af3_wt_monomer/1a52_wt_monomer_apo/seed-13_sample-0/model.cif,20.453650467214803,-0.9079380598737783
WT mono apo,705,32,3,/scratch4/jgray21/zhuggan1/repos/ER_Mutations/outputs/af3_wt_monomer/1a52_wt_monomer_apo/seed-32_sample-3/model.cif,-22.08255662707683,-1.1707571361736078
WT mono apo,706,29,0,/scratch4/jgray21/zhuggan1/repos/ER_Mutations/outputs/af3_wt_monomer/1a52_wt_monomer_apo/seed-29_sample-0/model.cif,-23.073211392157383,-0.6865106131047357
WT mono apo,707,109,2,/scratch4/jgray21/zhuggan1/repos/ER_Mutations/outputs/af3_wt_monomer/1a52_wt_monomer_apo/seed-109_sample-2/model.cif,-23.489814106271627,3.5930382204004285
WT mono apo,708,82,0,/scratch4/jgray21/zhuggan1/repos/ER_Mutations/outputs/af3_wt_monomer/1a52_wt_monomer_apo/seed-82_sample-0/model.cif,19.97550654654101,-0.9241283683729132
WT mono apo,709,73,4,/scratch4/jgray21/zhuggan1/repos/ER_Mutations/outputs/af3_wt_monomer/1a52_wt_monomer_apo/seed-73_sample-4/model.cif,-22.732036085785,-0.5653273341128484
WT mono apo,710,102,0,/scratch4/jgray21/zhuggan1/repos/ER_Mutations/outputs/af3_wt_monomer/1a52_wt_monomer_apo/seed-102_sample-0/model.cif,22.474700093222545,2.995849158349021
WT mono apo,711,179,2,/scratch4/jgray21/zhuggan1/repos/ER_Mutations/outputs/af3_wt_monomer/1a52_wt_monomer_apo/seed-179_sample-2/model.cif,-22.66055297556964,-0.9350824394555499
WT mono apo,712,102,3,/scratch4/jgray21/zhuggan1/repos/ER_Mutations/outputs/af3_wt_monomer/1a52_wt_monomer_apo/seed-102_sample-3/model.cif,-21.851808251269432,-0.16398387287641777
WT mono apo,713,157,1,/scratch4/jgray21/zhuggan1/repos/ER_Mutations/outputs/af3_wt_monomer/1a52_wt_monomer_apo/seed-157_sample-1/model.cif,-24.180800028888754,-0.7693768015850883
WT mono apo,714,81,2,/scratch4/jgray21/zhuggan1/repos/ER_Mutations/outputs/af3_wt_monomer/1a52_wt_monomer_apo/seed-81_sample-2/model.cif,-22.936381044811817,-0.7401196439946794
WT mono apo,715,92,1,/scratch4/jgray21/zhuggan1/repos/ER_Mutations/outputs/af3_wt_monomer/1a52_wt_monomer_apo/seed-92_sample-1/model.cif,-23.48680539781679,-0.5602718885477586
WT mono apo,716,38,4,/scratch4/jgray21/zhuggan1/repos/ER_Mutations/outputs/af3_wt_monomer/1a52_wt_monomer_apo/seed-38_sample-4/model.cif,-23.585733248652765,-0.9980264926637824
WT mono apo,717,173,4,/scratch4/jgray21/zhuggan1/repos/ER_Mutations/outputs/af3_wt_monomer/1a52_wt_monomer_apo/seed-173_sample-4/model.cif,-22.53800242697118,-0.806983891066282
WT mono apo,718,26,3,/scratch4/jgray21/zhuggan1/repos/ER_Mutations/outputs/af3_wt_monomer/1a52_wt_monomer_apo/seed-26_sample-3/model.cif,-22.721335592029646,3.3970982738272464
WT mono apo,719,222,1,/scratch4/jgray21/zhuggan1/repos/ER_Mutations/outputs/af3_wt_monomer/1a52_wt_monomer_apo/seed-222_sample-1/model.cif,-23.423063214858256,-0.6520658806012509
WT mono apo,720,39,2,/scratch4/jgray21/zhuggan1/repos/ER_Mutations/outputs/af3_wt_monomer/1a52_wt_monomer_apo/seed-39_sample-2/model.cif,21.106769260010687,-1.3885784402117987
WT mono apo,721,151,1,/scratch4/jgray21/zhuggan1/repos/ER_Mutations/outputs/af3_wt_monomer/1a52_wt_monomer_apo/seed-151_sample-1/model.cif,-22.650363834139487,-0.42398889029555736
WT mono apo,722,120,4,/scratch4/jgray21/zhuggan1/repos/ER_Mutations/outputs/af3_wt_monomer/1a52_wt_monomer_apo/seed-120_sample-4/model.cif,-22.256668930649546,-0.7084601593400478
WT mono apo,723,8,4,/scratch4/jgray21/zhuggan1/repos/ER_Mutations/outputs/af3_wt_monomer/1a52_wt_monomer_apo/seed-8_sample-4/model.cif,-25.679880693139133,-0.3578556848728138
WT mono apo,724,210,1,/scratch4/jgray21/zhuggan1/repos/ER_Mutations/outputs/af3_wt_monomer/1a52_wt_monomer_apo/seed-210_sample-1/model.cif,-22.509745837609884,-1.0636717761841006
WT mono apo,725,52,4,/scratch4/jgray21/zhuggan1/repos/ER_Mutations/outputs/af3_wt_monomer/1a52_wt_monomer_apo/seed-52_sample-4/model.cif,-22.75414720768733,-0.9013492146770724
WT mono apo,726,32,1,/scratch4/jgray21/zhuggan1/repos/ER_Mutations/outputs/af3_wt_monomer/1a52_wt_monomer_apo/seed-32_sample-1/model.cif,-24.822914844616367,-1.0170474531544105
WT mono apo,727,26,0,/scratch4/jgray21/zhuggan1/repos/ER_Mutations/outputs/af3_wt_monomer/1a52_wt_monomer_apo/seed-26_sample-0/model.cif,-22.839932322465465,-0.6362337086036443
WT mono apo,728,210,0,/scratch4/jgray21/zhuggan1/repos/ER_Mutations/outputs/af3_wt_monomer/1a52_wt_monomer_apo/seed-210_sample-0/model.cif,-22.670612941334884,-0.6162196545604476
WT mono apo,729,24,2,/scratch4/jgray21/zhuggan1/repos/ER_Mutations/outputs/af3_wt_monomer/1a52_wt_monomer_apo/seed-24_sample-2/model.cif,-22.442174180698075,-0.61775874951706
WT mono apo,730,215,0,/scratch4/jgray21/zhuggan1/repos/ER_Mutations/outputs/af3_wt_monomer/1a52_wt_monomer_apo/seed-215_sample-0/model.cif,-22.022485763629327,-0.65027942377456
WT mono apo,731,49,2,/scratch4/jgray21/zhuggan1/repos/ER_Mutations/outputs/af3_wt_monomer/1a52_wt_monomer_apo/seed-49_sample-2/model.cif,-22.26853023746557,-1.080773881636022
WT mono apo,732,75,0,/scratch4/jgray21/zhuggan1/repos/ER_Mutations/outputs/af3_wt_monomer/1a52_wt_monomer_apo/seed-75_sample-0/model.cif,20.419249053507507,-0.8056318249778209
WT mono apo,733,58,3,/scratch4/jgray21/zhuggan1/repos/ER_Mutations/outputs/af3_wt_monomer/1a52_wt_monomer_apo/seed-58_sample-3/model.cif,21.76889869380339,2.9702721064182946
WT mono apo,734,222,0,/scratch4/jgray21/zhuggan1/repos/ER_Mutations/outputs/af3_wt_monomer/1a52_wt_monomer_apo/seed-222_sample-0/model.cif,21.209579834791047,-1.4236115784473213
WT mono apo,735,103,0,/scratch4/jgray21/zhuggan1/repos/ER_Mutations/outputs/af3_wt_monomer/1a52_wt_monomer_apo/seed-103_sample-0/model.cif,21.06277125098627,0.3872573689220382
WT mono apo,736,146,0,/scratch4/jgray21/zhuggan1/repos/ER_Mutations/outputs/af3_wt_monomer/1a52_wt_monomer_apo/seed-146_sample-0/model.cif,-23.30231008741929,-0.6990278365398518
WT mono apo,737,80,1,/scratch4/jgray21/zhuggan1/repos/ER_Mutations/outputs/af3_wt_monomer/1a52_wt_monomer_apo/seed-80_sample-1/model.cif,-23.553963678757338,-0.33272493485770294
WT mono apo,738,76,4,/scratch4/jgray21/zhuggan1/repos/ER_Mutations/outputs/af3_wt_monomer/1a52_wt_monomer_apo/seed-76_sample-4/model.cif,-22.851878661096503,-0.7756571674592656
WT mono apo,739,230,1,/scratch4/jgray21/zhuggan1/repos/ER_Mutations/outputs/af3_wt_monomer/1a52_wt_monomer_apo/seed-230_sample-1/model.cif,20.704796706677207,-0.8208385200240524
WT mono apo,740,48,1,/scratch4/jgray21/zhuggan1/repos/ER_Mutations/outputs/af3_wt_monomer/1a52_wt_monomer_apo/seed-48_sample-1/model.cif,-24.207149918134267,-0.939097153998538
WT mono apo,741,39,0,/scratch4/jgray21/zhuggan1/repos/ER_Mutations/outputs/af3_wt_monomer/1a52_wt_monomer_apo/seed-39_sample-0/model.cif,21.23911395960153,-1.3592000749080713
WT mono apo,742,46,3,/scratch4/jgray21/zhuggan1/repos/ER_Mutations/outputs/af3_wt_monomer/1a52_wt_monomer_apo/seed-46_sample-3/model.cif,20.49571312899839,3.085045201295722
WT mono apo,743,48,0,/scratch4/jgray21/zhuggan1/repos/ER_Mutations/outputs/af3_wt_monomer/1a52_wt_monomer_apo/seed-48_sample-0/model.cif,20.85145385511391,3.0389235348567905
WT mono apo,744,181,4,/scratch4/jgray21/zhuggan1/repos/ER_Mutations/outputs/af3_wt_monomer/1a52_wt_monomer_apo/seed-181_sample-4/model.cif,-23.139431839499625,3.177781390408241
WT mono apo,745,26,2,/scratch4/jgray21/zhuggan1/repos/ER_Mutations/outputs/af3_wt_monomer/1a52_wt_monomer_apo/seed-26_sample-2/model.cif,21.25044176266619,-1.244154674891756
WT mono apo,746,97,0,/scratch4/jgray21/zhuggan1/repos/ER_Mutations/outputs/af3_wt_monomer/1a52_wt_monomer_apo/seed-97_sample-0/model.cif,20.776291428830017,-1.5282421487846407
WT mono apo,747,126,2,/scratch4/jgray21/zhuggan1/repos/ER_Mutations/outputs/af3_wt_monomer/1a52_wt_monomer_apo/seed-126_sample-2/model.cif,20.461422921956355,-1.067415983122209
WT mono apo,748,75,3,/scratch4/jgray21/zhuggan1/repos/ER_Mutations/outputs/af3_wt_monomer/1a52_wt_monomer_apo/seed-75_sample-3/model.cif,21.311508158383603,-1.073774303624167
WT mono apo,749,39,3,/scratch4/jgray21/zhuggan1/repos/ER_Mutations/outputs/af3_wt_monomer/1a52_wt_monomer_apo/seed-39_sample-3/model.cif,21.37200683364523,2.889615738516012
WT mono apo,750,105,3,/scratch4/jgray21/zhuggan1/repos/ER_Mutations/outputs/af3_wt_monomer/1a52_wt_monomer_apo/seed-105_sample-3/model.cif,-23.812484283872035,-0.8369343574380511
WT mono apo,751,103,2,/scratch4/jgray21/zhuggan1/repos/ER_Mutations/outputs/af3_wt_monomer/1a52_wt_monomer_apo/seed-103_sample-2/model.cif,-23.607593463325298,-0.829217604862571
WT mono apo,752,232,1,/scratch4/jgray21/zhuggan1/repos/ER_Mutations/outputs/af3_wt_monomer/1a52_wt_monomer_apo/seed-232_sample-1/model.cif,-23.017880862975755,-0.6715194597873787
WT mono apo,753,89,0,/scratch4/jgray21/zhuggan1/repos/ER_Mutations/outputs/af3_wt_monomer/1a52_wt_monomer_apo/seed-89_sample-0/model.cif,-23.772245647139776,-1.014570072285785
WT mono apo,754,30,4,/scratch4/jgray21/zhuggan1/repos/ER_Mutations/outputs/af3_wt_monomer/1a52_wt_monomer_apo/seed-30_sample-4/model.cif,-23.11149391353791,-0.8406876265464169
WT mono apo,755,129,0,/scratch4/jgray21/zhuggan1/repos/ER_Mutations/outputs/af3_wt_monomer/1a52_wt_monomer_apo/seed-129_sample-0/model.cif,-23.849380186385513,-0.87131079545383
WT mono apo,756,233,4,/scratch4/jgray21/zhuggan1/repos/ER_Mutations/outputs/af3_wt_monomer/1a52_wt_monomer_apo/seed-233_sample-4/model.cif,-23.227718030454774,-0.7516356273243127
WT mono apo,757,224,2,/scratch4/jgray21/zhuggan1/repos/ER_Mutations/outputs/af3_wt_monomer/1a52_wt_monomer_apo/seed-224_sample-2/model.cif,-22.680935251313908,-0.5094770191597358
WT mono apo,758,75,2,/scratch4/jgray21/zhuggan1/repos/ER_Mutations/outputs/af3_wt_monomer/1a52_wt_monomer_apo/seed-75_sample-2/model.cif,20.88564460491507,3.561381325207147
WT mono apo,759,223,2,/scratch4/jgray21/zhuggan1/repos/ER_Mutations/outputs/af3_wt_monomer/1a52_wt_monomer_apo/seed-223_sample-2/model.cif,21.601976281175922,-1.0609892429359975
WT mono apo,760,223,1,/scratch4/jgray21/zhuggan1/repos/ER_Mutations/outputs/af3_wt_monomer/1a52_wt_monomer_apo/seed-223_sample-1/model.cif,20.419656764958134,-1.0956130663888384
WT mono apo,761,105,2,/scratch4/jgray21/zhuggan1/repos/ER_Mutations/outputs/af3_wt_monomer/1a52_wt_monomer_apo/seed-105_sample-2/model.cif,20.517885581057442,-1.2485426302981044
WT mono apo,762,26,1,/scratch4/jgray21/zhuggan1/repos/ER_Mutations/outputs/af3_wt_monomer/1a52_wt_monomer_apo/seed-26_sample-1/model.cif,20.602546534346803,3.074851540911957
WT mono apo,763,1,4,/scratch4/jgray21/zhuggan1/repos/ER_Mutations/outputs/af3_wt_monomer/1a52_wt_monomer_apo/seed-1_sample-4/model.cif,21.184125801991136,-1.1221001748226067
WT mono apo,764,97,1,/scratch4/jgray21/zhuggan1/repos/ER_Mutations/outputs/af3_wt_monomer/1a52_wt_monomer_apo/seed-97_sample-1/model.cif,20.669860793294742,-1.1890675142875256
WT mono apo,765,52,1,/scratch4/jgray21/zhuggan1/repos/ER_Mutations/outputs/af3_wt_monomer/1a52_wt_monomer_apo/seed-52_sample-1/model.cif,20.52329081995918,-1.0923151759930454
WT mono apo,766,92,2,/scratch4/jgray21/zhuggan1/repos/ER_Mutations/outputs/af3_wt_monomer/1a52_wt_monomer_apo/seed-92_sample-2/model.cif,-24.56388364194635,-0.772454789238837
WT mono apo,767,8,1,/scratch4/jgray21/zhuggan1/repos/ER_Mutations/outputs/af3_wt_monomer/1a52_wt_monomer_apo/seed-8_sample-1/model.cif,20.74336316232018,-1.2343686495342154
WT mono apo,768,156,4,/scratch4/jgray21/zhuggan1/repos/ER_Mutations/outputs/af3_wt_monomer/1a52_wt_monomer_apo/seed-156_sample-4/model.cif,-23.009961775068046,-0.44073425997922994
WT mono apo,769,100,1,/scratch4/jgray21/zhuggan1/repos/ER_Mutations/outputs/af3_wt_monomer/1a52_wt_monomer_apo/seed-100_sample-1/model.cif,-22.451750134304298,-0.27567098254297384
WT mono apo,770,46,2,/scratch4/jgray21/zhuggan1/repos/ER_Mutations/outputs/af3_wt_monomer/1a52_wt_monomer_apo/seed-46_sample-2/model.cif,20.47996042504965,-1.1987660070407835
WT mono apo,771,130,2,/scratch4/jgray21/zhuggan1/repos/ER_Mutations/outputs/af3_wt_monomer/1a52_wt_monomer_apo/seed-130_sample-2/model.cif,19.900646579687727,-0.7464391520469089
WT mono apo,772,121,3,/scratch4/jgray21/zhuggan1/repos/ER_Mutations/outputs/af3_wt_monomer/1a52_wt_monomer_apo/seed-121_sample-3/model.cif,-22.456089053699866,-0.8341011876869866
WT mono apo,773,222,3,/scratch4/jgray21/zhuggan1/repos/ER_Mutations/outputs/af3_wt_monomer/1a52_wt_monomer_apo/seed-222_sample-3/model.cif,-23.246766195476518,-0.9494917152422898
WT mono apo,774,209,0,/scratch4/jgray21/zhuggan1/repos/ER_Mutations/outputs/af3_wt_monomer/1a52_wt_monomer_apo/seed-209_sample-0/model.cif,-22.761634488598894,3.469792213477953
WT mono apo,775,59,2,/scratch4/jgray21/zhuggan1/repos/ER_Mutations/outputs/af3_wt_monomer/1a52_wt_monomer_apo/seed-59_sample-2/model.cif,-22.262789697304925,-1.0999278596224968
WT mono apo,776,168,3,/scratch4/jgray21/zhuggan1/repos/ER_Mutations/outputs/af3_wt_monomer/1a52_wt_monomer_apo/seed-168_sample-3/model.cif,20.498651007933432,-0.8887455955685734
WT mono apo,777,29,3,/scratch4/jgray21/zhuggan1/repos/ER_Mutations/outputs/af3_wt_monomer/1a52_wt_monomer_apo/seed-29_sample-3/model.cif,21.284983875126724,-1.4034334449596646
WT mono apo,778,22,3,/scratch4/jgray21/zhuggan1/repos/ER_Mutations/outputs/af3_wt_monomer/1a52_wt_monomer_apo/seed-22_sample-3/model.cif,20.97952513540228,3.0281913451660816
WT mono apo,779,98,3,/scratch4/jgray21/zhuggan1/repos/ER_Mutations/outputs/af3_wt_monomer/1a52_wt_monomer_apo/seed-98_sample-3/model.cif,-23.882035798902166,3.4775261738277825
WT mono apo,780,52,2,/scratch4/jgray21/zhuggan1/repos/ER_Mutations/outputs/af3_wt_monomer/1a52_wt_monomer_apo/seed-52_sample-2/model.cif,20.554455537585927,-1.1798375500374985
WT mono apo,781,225,0,/scratch4/jgray21/zhuggan1/repos/ER_Mutations/outputs/af3_wt_monomer/1a52_wt_monomer_apo/seed-225_sample-0/model.cif,20.11197705118852,-1.1382573168045698
WT mono apo,782,33,0,/scratch4/jgray21/zhuggan1/repos/ER_Mutations/outputs/af3_wt_monomer/1a52_wt_monomer_apo/seed-33_sample-0/model.cif,-22.96351846288194,-0.6237625780650993
WT mono apo,783,29,2,/scratch4/jgray21/zhuggan1/repos/ER_Mutations/outputs/af3_wt_monomer/1a52_wt_monomer_apo/seed-29_sample-2/model.cif,-24.95360651916435,-0.07571383789793443
WT mono apo,784,35,4,/scratch4/jgray21/zhuggan1/repos/ER_Mutations/outputs/af3_wt_monomer/1a52_wt_monomer_apo/seed-35_sample-4/model.cif,21.41440183597811,3.0093301369844268
WT mono apo,785,92,4,/scratch4/jgray21/zhuggan1/repos/ER_Mutations/outputs/af3_wt_monomer/1a52_wt_monomer_apo/seed-92_sample-4/model.cif,-22.9635332311692,-0.8780302462280124
WT mono apo,786,222,4,/scratch4/jgray21/zhuggan1/repos/ER_Mutations/outputs/af3_wt_monomer/1a52_wt_monomer_apo/seed-222_sample-4/model.cif,-23.732427249323994,-0.9838840131400624
WT mono apo,787,152,3,/scratch4/jgray21/zhuggan1/repos/ER_Mutations/outputs/af3_wt_monomer/1a52_wt_monomer_apo/seed-152_sample-3/model.cif,-22.29968993493826,2.9659452935746904
WT mono apo,788,80,0,/scratch4/jgray21/zhuggan1/repos/ER_Mutations/outputs/af3_wt_monomer/1a52_wt_monomer_apo/seed-80_sample-0/model.cif,-1.6431082871528966,3.0262150230907223
WT mono apo,789,62,1,/scratch4/jgray21/zhuggan1/repos/ER_Mutations/outputs/af3_wt_monomer/1a52_wt_monomer_apo/seed-62_sample-1/model.cif,-23.159623437059114,-0.3020616131880881
WT mono apo,790,247,0,/scratch4/jgray21/zhuggan1/repos/ER_Mutations/outputs/af3_wt_monomer/1a52_wt_monomer_apo/seed-247_sample-0/model.cif,21.109880686459473,-0.733752560777427
WT mono apo,791,156,2,/scratch4/jgray21/zhuggan1/repos/ER_Mutations/outputs/af3_wt_monomer/1a52_wt_monomer_apo/seed-156_sample-2/model.cif,-24.39535289167035,-0.7197775921581627
WT mono apo,792,241,3,/scratch4/jgray21/zhuggan1/repos/ER_Mutations/outputs/af3_wt_monomer/1a52_wt_monomer_apo/seed-241_sample-3/model.cif,22.409169551123636,3.3022840951639427
WT mono apo,793,89,2,/scratch4/jgray21/zhuggan1/repos/ER_Mutations/outputs/af3_wt_monomer/1a52_wt_monomer_apo/seed-89_sample-2/model.cif,-23.071637053167287,-0.8752331480712664
WT mono apo,794,134,2,/scratch4/jgray21/zhuggan1/repos/ER_Mutations/outputs/af3_wt_monomer/1a52_wt_monomer_apo/seed-134_sample-2/model.cif,20.571036520059735,-1.4264268997462737
WT mono apo,795,124,4,/scratch4/jgray21/zhuggan1/repos/ER_Mutations/outputs/af3_wt_monomer/1a52_wt_monomer_apo/seed-124_sample-4/model.cif,21.453555203557855,-1.1658988165648854
WT mono apo,796,159,2,/scratch4/jgray21/zhuggan1/repos/ER_Mutations/outputs/af3_wt_monomer/1a52_wt_monomer_apo/seed-159_sample-2/model.cif,21.749794004412056,3.570830701110911
WT mono apo,797,162,4,/scratch4/jgray21/zhuggan1/repos/ER_Mutations/outputs/af3_wt_monomer/1a52_wt_monomer_apo/seed-162_sample-4/model.cif,21.788643624135638,3.0125902635557575
WT mono apo,798,101,1,/scratch4/jgray21/zhuggan1/repos/ER_Mutations/outputs/af3_wt_monomer/1a52_wt_monomer_apo/seed-101_sample-1/model.cif,19.793721292681038,-1.023449810026932
WT mono apo,799,223,4,/scratch4/jgray21/zhuggan1/repos/ER_Mutations/outputs/af3_wt_monomer/1a52_wt_monomer_apo/seed-223_sample-4/model.cif,-23.16115091291324,-0.7847921267801824
WT mono apo,800,29,4,/scratch4/jgray21/zhuggan1/repos/ER_Mutations/outputs/af3_wt_monomer/1a52_wt_monomer_apo/seed-29_sample-4/model.cif,-23.132999745909327,-0.6481016305045558
WT mono apo,801,200,0,/scratch4/jgray21/zhuggan1/repos/ER_Mutations/outputs/af3_wt_monomer/1a52_wt_monomer_apo/seed-200_sample-0/model.cif,20.55269127137117,-1.4570618830585071
WT mono apo,802,160,3,/scratch4/jgray21/zhuggan1/repos/ER_Mutations/outputs/af3_wt_monomer/1a52_wt_monomer_apo/seed-160_sample-3/model.cif,21.43156701576291,-1.2631302736551722
WT mono apo,803,21,0,/scratch4/jgray21/zhuggan1/repos/ER_Mutations/outputs/af3_wt_monomer/1a52_wt_monomer_apo/seed-21_sample-0/model.cif,20.742998339433292,-1.1761604305100826
WT mono apo,804,129,3,/scratch4/jgray21/zhuggan1/repos/ER_Mutations/outputs/af3_wt_monomer/1a52_wt_monomer_apo/seed-129_sample-3/model.cif,-23.379327661919895,-0.6920153710393626
WT mono apo,805,103,1,/scratch4/jgray21/zhuggan1/repos/ER_Mutations/outputs/af3_wt_monomer/1a52_wt_monomer_apo/seed-103_sample-1/model.cif,-23.774462915804236,3.6239510352684183
WT mono apo,806,1,0,/scratch4/jgray21/zhuggan1/repos/ER_Mutations/outputs/af3_wt_monomer/1a52_wt_monomer_apo/seed-1_sample-0/model.cif,20.900256061890975,-0.9504992199970901
WT mono apo,807,241,1,/scratch4/jgray21/zhuggan1/repos/ER_Mutations/outputs/af3_wt_monomer/1a52_wt_monomer_apo/seed-241_sample-1/model.cif,21.589255297656138,-1.10324179351227
WT mono apo,808,236,1,/scratch4/jgray21/zhuggan1/repos/ER_Mutations/outputs/af3_wt_monomer/1a52_wt_monomer_apo/seed-236_sample-1/model.cif,20.48432813705605,-1.176218767441409
WT mono apo,809,61,0,/scratch4/jgray21/zhuggan1/repos/ER_Mutations/outputs/af3_wt_monomer/1a52_wt_monomer_apo/seed-61_sample-0/model.cif,-22.689936286572266,-0.6781259306334766
WT mono apo,810,244,4,/scratch4/jgray21/zhuggan1/repos/ER_Mutations/outputs/af3_wt_monomer/1a52_wt_monomer_apo/seed-244_sample-4/model.cif,21.656731244964956,-1.0214137554418783
WT mono apo,811,58,2,/scratch4/jgray21/zhuggan1/repos/ER_Mutations/outputs/af3_wt_monomer/1a52_wt_monomer_apo/seed-58_sample-2/model.cif,20.73230559028917,-1.0577288315490874
WT mono apo,812,106,1,/scratch4/jgray21/zhuggan1/repos/ER_Mutations/outputs/af3_wt_monomer/1a52_wt_monomer_apo/seed-106_sample-1/model.cif,-22.20324434382251,3.3170223533943974
WT mono apo,813,129,4,/scratch4/jgray21/zhuggan1/repos/ER_Mutations/outputs/af3_wt_monomer/1a52_wt_monomer_apo/seed-129_sample-4/model.cif,-23.704236226750332,-1.01131066777314
WT mono apo,814,147,3,/scratch4/jgray21/zhuggan1/repos/ER_Mutations/outputs/af3_wt_monomer/1a52_wt_monomer_apo/seed-147_sample-3/model.cif,21.524262270508707,3.211972202850734
WT mono apo,815,188,1,/scratch4/jgray21/zhuggan1/repos/ER_Mutations/outputs/af3_wt_monomer/1a52_wt_monomer_apo/seed-188_sample-1/model.cif,-24.291490550019773,-0.9993251496785974
WT mono apo,816,44,0,/scratch4/jgray21/zhuggan1/repos/ER_Mutations/outputs/af3_wt_monomer/1a52_wt_monomer_apo/seed-44_sample-0/model.cif,20.974431342744445,2.8644611869847068
WT mono apo,817,22,2,/scratch4/jgray21/zhuggan1/repos/ER_Mutations/outputs/af3_wt_monomer/1a52_wt_monomer_apo/seed-22_sample-2/model.cif,21.01324674429094,-1.0339893761275565
WT mono apo,818,124,3,/scratch4/jgray21/zhuggan1/repos/ER_Mutations/outputs/af3_wt_monomer/1a52_wt_monomer_apo/seed-124_sample-3/model.cif,20.50446879922216,3.005638449660878
WT mono apo,819,36,2,/scratch4/jgray21/zhuggan1/repos/ER_Mutations/outputs/af3_wt_monomer/1a52_wt_monomer_apo/seed-36_sample-2/model.cif,21.734232353967556,-0.4949221290357286
WT mono apo,820,67,3,/scratch4/jgray21/zhuggan1/repos/ER_Mutations/outputs/af3_wt_monomer/1a52_wt_monomer_apo/seed-67_sample-3/model.cif,21.071323490324964,-0.8753481748770487
WT mono apo,821,21,1,/scratch4/jgray21/zhuggan1/repos/ER_Mutations/outputs/af3_wt_monomer/1a52_wt_monomer_apo/seed-21_sample-1/model.cif,22.113654455908172,-1.1362745118422957
WT mono apo,822,105,1,/scratch4/jgray21/zhuggan1/repos/ER_Mutations/outputs/af3_wt_monomer/1a52_wt_monomer_apo/seed-105_sample-1/model.cif,20.658398561176757,-1.7041096522825994
WT mono apo,823,132,2,/scratch4/jgray21/zhuggan1/repos/ER_Mutations/outputs/af3_wt_monomer/1a52_wt_monomer_apo/seed-132_sample-2/model.cif,21.994853367052222,-1.0299818838492338
WT mono apo,824,57,2,/scratch4/jgray21/zhuggan1/repos/ER_Mutations/outputs/af3_wt_monomer/1a52_wt_monomer_apo/seed-57_sample-2/model.cif,-23.36092892971806,-0.9273667487116344
WT mono apo,825,161,4,/scratch4/jgray21/zhuggan1/repos/ER_Mutations/outputs/af3_wt_monomer/1a52_wt_monomer_apo/seed-161_sample-4/model.cif,21.599043069141953,-0.8482113321030349
WT mono apo,826,14,0,/scratch4/jgray21/zhuggan1/repos/ER_Mutations/outputs/af3_wt_monomer/1a52_wt_monomer_apo/seed-14_sample-0/model.cif,-23.99444701431852,-1.0668163601304324
WT mono apo,827,129,2,/scratch4/jgray21/zhuggan1/repos/ER_Mutations/outputs/af3_wt_monomer/1a52_wt_monomer_apo/seed-129_sample-2/model.cif,-22.65966166030386,3.7186205889760804
WT mono apo,828,52,3,/scratch4/jgray21/zhuggan1/repos/ER_Mutations/outputs/af3_wt_monomer/1a52_wt_monomer_apo/seed-52_sample-3/model.cif,-23.665952886226236,-0.8178950687368416
WT mono apo,829,121,0,/scratch4/jgray21/zhuggan1/repos/ER_Mutations/outputs/af3_wt_monomer/1a52_wt_monomer_apo/seed-121_sample-0/model.cif,-22.51425606713392,-0.8485089752152095
WT mono apo,830,223,3,/scratch4/jgray21/zhuggan1/repos/ER_Mutations/outputs/af3_wt_monomer/1a52_wt_monomer_apo/seed-223_sample-3/model.cif,20.09293340415581,-1.5419393726665351
WT mono apo,831,206,4,/scratch4/jgray21/zhuggan1/repos/ER_Mutations/outputs/af3_wt_monomer/1a52_wt_monomer_apo/seed-206_sample-4/model.cif,19.496186596795177,-0.9525286170299044
WT mono apo,832,223,0,/scratch4/jgray21/zhuggan1/repos/ER_Mutations/outputs/af3_wt_monomer/1a52_wt_monomer_apo/seed-223_sample-0/model.cif,21.255734536517327,3.068747780368091
WT mono apo,833,199,4,/scratch4/jgray21/zhuggan1/repos/ER_Mutations/outputs/af3_wt_monomer/1a52_wt_monomer_apo/seed-199_sample-4/model.cif,-23.264891542316043,-0.5726835609163503
WT mono apo,834,39,4,/scratch4/jgray21/zhuggan1/repos/ER_Mutations/outputs/af3_wt_monomer/1a52_wt_monomer_apo/seed-39_sample-4/model.cif,20.087506500689948,-1.0780295686878714
WT mono apo,835,152,1,/scratch4/jgray21/zhuggan1/repos/ER_Mutations/outputs/af3_wt_monomer/1a52_wt_monomer_apo/seed-152_sample-1/model.cif,-24.366341036406876,-0.9444360826375051
WT mono apo,836,156,3,/scratch4/jgray21/zhuggan1/repos/ER_Mutations/outputs/af3_wt_monomer/1a52_wt_monomer_apo/seed-156_sample-3/model.cif,-22.94183518078012,-0.6371625767951269
WT mono apo,837,209,3,/scratch4/jgray21/zhuggan1/repos/ER_Mutations/outputs/af3_wt_monomer/1a52_wt_monomer_apo/seed-209_sample-3/model.cif,-22.556107049933413,-0.5239666133152039
WT mono apo,838,161,2,/scratch4/jgray21/zhuggan1/repos/ER_Mutations/outputs/af3_wt_monomer/1a52_wt_monomer_apo/seed-161_sample-2/model.cif,21.25595312015009,-1.443585603223748
WT mono apo,839,1,1,/scratch4/jgray21/zhuggan1/repos/ER_Mutations/outputs/af3_wt_monomer/1a52_wt_monomer_apo/seed-1_sample-1/model.cif,-25.315461657431683,-0.7944902232935305
WT mono apo,840,229,1,/scratch4/jgray21/zhuggan1/repos/ER_Mutations/outputs/af3_wt_monomer/1a52_wt_monomer_apo/seed-229_sample-1/model.cif,-22.005318302844014,3.501086618852817
WT mono apo,841,234,1,/scratch4/jgray21/zhuggan1/repos/ER_Mutations/outputs/af3_wt_monomer/1a52_wt_monomer_apo/seed-234_sample-1/model.cif,20.16267245038697,-1.079101965777628
WT mono apo,842,245,4,/scratch4/jgray21/zhuggan1/repos/ER_Mutations/outputs/af3_wt_monomer/1a52_wt_monomer_apo/seed-245_sample-4/model.cif,21.11383214250782,-0.9828022194576344
WT mono apo,843,26,4,/scratch4/jgray21/zhuggan1/repos/ER_Mutations/outputs/af3_wt_monomer/1a52_wt_monomer_apo/seed-26_sample-4/model.cif,-22.932161758398433,-0.12443974247156143
WT mono apo,844,246,1,/scratch4/jgray21/zhuggan1/repos/ER_Mutations/outputs/af3_wt_monomer/1a52_wt_monomer_apo/seed-246_sample-1/model.cif,21.888255006657666,-0.9385129117852671
WT mono apo,845,187,2,/scratch4/jgray21/zhuggan1/repos/ER_Mutations/outputs/af3_wt_monomer/1a52_wt_monomer_apo/seed-187_sample-2/model.cif,22.00290440937525,3.234802535556367
WT mono apo,846,104,3,/scratch4/jgray21/zhuggan1/repos/ER_Mutations/outputs/af3_wt_monomer/1a52_wt_monomer_apo/seed-104_sample-3/model.cif,-22.969672570162658,3.2627942089420063
WT mono apo,847,185,0,/scratch4/jgray21/zhuggan1/repos/ER_Mutations/outputs/af3_wt_monomer/1a52_wt_monomer_apo/seed-185_sample-0/model.cif,20.85505203774951,-1.3919243255259803
WT mono apo,848,164,3,/scratch4/jgray21/zhuggan1/repos/ER_Mutations/outputs/af3_wt_monomer/1a52_wt_monomer_apo/seed-164_sample-3/model.cif,-23.13904001009576,3.1723027029621336
WT mono apo,849,250,0,/scratch4/jgray21/zhuggan1/repos/ER_Mutations/outputs/af3_wt_monomer/1a52_wt_monomer_apo/seed-250_sample-0/model.cif,20.651982650998534,-1.0897520883670415
WT mono apo,850,46,0,/scratch4/jgray21/zhuggan1/repos/ER_Mutations/outputs/af3_wt_monomer/1a52_wt_monomer_apo/seed-46_sample-0/model.cif,20.08489636111113,-0.8152146151450307
WT mono apo,851,14,3,/scratch4/jgray21/zhuggan1/repos/ER_Mutations/outputs/af3_wt_monomer/1a52_wt_monomer_apo/seed-14_sample-3/model.cif,-23.3917681969271,3.137074930634202
WT mono apo,852,112,3,/scratch4/jgray21/zhuggan1/repos/ER_Mutations/outputs/af3_wt_monomer/1a52_wt_monomer_apo/seed-112_sample-3/model.cif,-23.102122423441443,-0.8089836972796924
WT mono apo,853,130,0,/scratch4/jgray21/zhuggan1/repos/ER_Mutations/outputs/af3_wt_monomer/1a52_wt_monomer_apo/seed-130_sample-0/model.cif,-23.3518901168211,-0.5201662805484341
WT mono apo,854,22,0,/scratch4/jgray21/zhuggan1/repos/ER_Mutations/outputs/af3_wt_monomer/1a52_wt_monomer_apo/seed-22_sample-0/model.cif,20.467219425168814,-0.9853495932337678
WT mono apo,855,18,3,/scratch4/jgray21/zhuggan1/repos/ER_Mutations/outputs/af3_wt_monomer/1a52_wt_monomer_apo/seed-18_sample-3/model.cif,-23.687891790411207,3.658947772359728
WT mono apo,856,153,3,/scratch4/jgray21/zhuggan1/repos/ER_Mutations/outputs/af3_wt_monomer/1a52_wt_monomer_apo/seed-153_sample-3/model.cif,21.885660288745395,-1.2145302181375819
WT mono apo,857,63,3,/scratch4/jgray21/zhuggan1/repos/ER_Mutations/outputs/af3_wt_monomer/1a52_wt_monomer_apo/seed-63_sample-3/model.cif,21.577057928661226,-1.2692721948362589
WT mono apo,858,212,4,/scratch4/jgray21/zhuggan1/repos/ER_Mutations/outputs/af3_wt_monomer/1a52_wt_monomer_apo/seed-212_sample-4/model.cif,-23.92964974220933,-0.7929676091528733
WT mono apo,859,143,1,/scratch4/jgray21/zhuggan1/repos/ER_Mutations/outputs/af3_wt_monomer/1a52_wt_monomer_apo/seed-143_sample-1/model.cif,-22.80639617097373,-0.6558796121980841
WT mono apo,860,88,4,/scratch4/jgray21/zhuggan1/repos/ER_Mutations/outputs/af3_wt_monomer/1a52_wt_monomer_apo/seed-88_sample-4/model.cif,21.214106059261667,-0.5602545434451649
WT mono apo,861,206,3,/scratch4/jgray21/zhuggan1/repos/ER_Mutations/outputs/af3_wt_monomer/1a52_wt_monomer_apo/seed-206_sample-3/model.cif,21.087613736386448,-0.8521881744083983
WT mono apo,862,219,2,/scratch4/jgray21/zhuggan1/repos/ER_Mutations/outputs/af3_wt_monomer/1a52_wt_monomer_apo/seed-219_sample-2/model.cif,20.753948663323424,-1.02653536855787
WT mono apo,863,33,3,/scratch4/jgray21/zhuggan1/repos/ER_Mutations/outputs/af3_wt_monomer/1a52_wt_monomer_apo/seed-33_sample-3/model.cif,-22.412919701937042,-0.6494602039711357
WT mono apo,864,120,1,/scratch4/jgray21/zhuggan1/repos/ER_Mutations/outputs/af3_wt_monomer/1a52_wt_monomer_apo/seed-120_sample-1/model.cif,21.262722338926903,-0.8580989474772225
WT mono apo,865,218,1,/scratch4/jgray21/zhuggan1/repos/ER_Mutations/outputs/af3_wt_monomer/1a52_wt_monomer_apo/seed-218_sample-1/model.cif,-22.96579081204271,-0.9691081064081271
WT mono apo,866,167,1,/scratch4/jgray21/zhuggan1/repos/ER_Mutations/outputs/af3_wt_monomer/1a52_wt_monomer_apo/seed-167_sample-1/model.cif,21.947772580561352,3.5252381285898418
WT mono apo,867,67,2,/scratch4/jgray21/zhuggan1/repos/ER_Mutations/outputs/af3_wt_monomer/1a52_wt_monomer_apo/seed-67_sample-2/model.cif,21.66598608262069,3.182909796562986
WT mono apo,868,165,4,/scratch4/jgray21/zhuggan1/repos/ER_Mutations/outputs/af3_wt_monomer/1a52_wt_monomer_apo/seed-165_sample-4/model.cif,22.43357636416874,3.3433434655045526
WT mono apo,869,224,1,/scratch4/jgray21/zhuggan1/repos/ER_Mutations/outputs/af3_wt_monomer/1a52_wt_monomer_apo/seed-224_sample-1/model.cif,20.734908521894127,-1.093422217911518
WT mono apo,870,136,3,/scratch4/jgray21/zhuggan1/repos/ER_Mutations/outputs/af3_wt_monomer/1a52_wt_monomer_apo/seed-136_sample-3/model.cif,21.627417087534543,-0.9914694278234697
WT mono apo,871,184,0,/scratch4/jgray21/zhuggan1/repos/ER_Mutations/outputs/af3_wt_monomer/1a52_wt_monomer_apo/seed-184_sample-0/model.cif,21.7377120143907,-1.143917970004175
WT mono apo,872,250,1,/scratch4/jgray21/zhuggan1/repos/ER_Mutations/outputs/af3_wt_monomer/1a52_wt_monomer_apo/seed-250_sample-1/model.cif,21.271428381794124,3.2668760851094114
WT mono apo,873,121,1,/scratch4/jgray21/zhuggan1/repos/ER_Mutations/outputs/af3_wt_monomer/1a52_wt_monomer_apo/seed-121_sample-1/model.cif,-22.738325234788604,-0.844849095479768
WT mono apo,874,63,1,/scratch4/jgray21/zhuggan1/repos/ER_Mutations/outputs/af3_wt_monomer/1a52_wt_monomer_apo/seed-63_sample-1/model.cif,21.88726654926573,-0.7520697654432432
WT mono apo,875,57,1,/scratch4/jgray21/zhuggan1/repos/ER_Mutations/outputs/af3_wt_monomer/1a52_wt_monomer_apo/seed-57_sample-1/model.cif,21.418298731500116,-0.9850231624843866
WT mono apo,876,144,1,/scratch4/jgray21/zhuggan1/repos/ER_Mutations/outputs/af3_wt_monomer/1a52_wt_monomer_apo/seed-144_sample-1/model.cif,20.800202726256707,3.2924990486693413
WT mono apo,877,245,3,/scratch4/jgray21/zhuggan1/repos/ER_Mutations/outputs/af3_wt_monomer/1a52_wt_monomer_apo/seed-245_sample-3/model.cif,20.315458335290522,-1.1961481854336136
WT mono apo,878,234,3,/scratch4/jgray21/zhuggan1/repos/ER_Mutations/outputs/af3_wt_monomer/1a52_wt_monomer_apo/seed-234_sample-3/model.cif,20.801584429330177,-0.24259732787438618
WT mono apo,879,203,3,/scratch4/jgray21/zhuggan1/repos/ER_Mutations/outputs/af3_wt_monomer/1a52_wt_monomer_apo/seed-203_sample-3/model.cif,20.368921558557734,-0.9757471597965048
WT mono apo,880,88,3,/scratch4/jgray21/zhuggan1/repos/ER_Mutations/outputs/af3_wt_monomer/1a52_wt_monomer_apo/seed-88_sample-3/model.cif,21.1394181007628,-1.0940194765125002
WT mono apo,881,102,1,/scratch4/jgray21/zhuggan1/repos/ER_Mutations/outputs/af3_wt_monomer/1a52_wt_monomer_apo/seed-102_sample-1/model.cif,20.39941645199707,-0.9661364760170096
WT mono apo,882,8,2,/scratch4/jgray21/zhuggan1/repos/ER_Mutations/outputs/af3_wt_monomer/1a52_wt_monomer_apo/seed-8_sample-2/model.cif,-23.77793312460646,-0.6581511770813947
WT mono apo,883,212,2,/scratch4/jgray21/zhuggan1/repos/ER_Mutations/outputs/af3_wt_monomer/1a52_wt_monomer_apo/seed-212_sample-2/model.cif,-23.367491401647655,3.382452790450128
WT mono apo,884,57,3,/scratch4/jgray21/zhuggan1/repos/ER_Mutations/outputs/af3_wt_monomer/1a52_wt_monomer_apo/seed-57_sample-3/model.cif,21.27875822670845,-1.431489959049671
WT mono apo,885,206,0,/scratch4/jgray21/zhuggan1/repos/ER_Mutations/outputs/af3_wt_monomer/1a52_wt_monomer_apo/seed-206_sample-0/model.cif,21.248912347793304,-1.2318244689563076
WT mono apo,886,219,4,/scratch4/jgray21/zhuggan1/repos/ER_Mutations/outputs/af3_wt_monomer/1a52_wt_monomer_apo/seed-219_sample-4/model.cif,22.064278070535572,-0.8888322785735892
WT mono apo,887,187,3,/scratch4/jgray21/zhuggan1/repos/ER_Mutations/outputs/af3_wt_monomer/1a52_wt_monomer_apo/seed-187_sample-3/model.cif,19.98245268556693,3.2474821411484207
WT mono apo,888,99,1,/scratch4/jgray21/zhuggan1/repos/ER_Mutations/outputs/af3_wt_monomer/1a52_wt_monomer_apo/seed-99_sample-1/model.cif,21.76910276493942,3.4309697213808517
WT mono apo,889,190,1,/scratch4/jgray21/zhuggan1/repos/ER_Mutations/outputs/af3_wt_monomer/1a52_wt_monomer_apo/seed-190_sample-1/model.cif,21.895534873520297,-1.1746853340057222
WT mono apo,890,35,3,/scratch4/jgray21/zhuggan1/repos/ER_Mutations/outputs/af3_wt_monomer/1a52_wt_monomer_apo/seed-35_sample-3/model.cif,21.699576772718128,-1.874781941999565
WT mono apo,891,214,1,/scratch4/jgray21/zhuggan1/repos/ER_Mutations/outputs/af3_wt_monomer/1a52_wt_monomer_apo/seed-214_sample-1/model.cif,19.99793643666804,-0.8442327397893195
WT mono apo,892,244,2,/scratch4/jgray21/zhuggan1/repos/ER_Mutations/outputs/af3_wt_monomer/1a52_wt_monomer_apo/seed-244_sample-2/model.cif,22.066733341861507,-1.0254623304779675
WT mono apo,893,16,3,/scratch4/jgray21/zhuggan1/repos/ER_Mutations/outputs/af3_wt_monomer/1a52_wt_monomer_apo/seed-16_sample-3/model.cif,21.626136612853777,-0.8380339464041715
WT mono apo,894,54,1,/scratch4/jgray21/zhuggan1/repos/ER_Mutations/outputs/af3_wt_monomer/1a52_wt_monomer_apo/seed-54_sample-1/model.cif,-23.52790956433529,3.6605024446070726
WT mono apo,895,119,2,/scratch4/jgray21/zhuggan1/repos/ER_Mutations/outputs/af3_wt_monomer/1a52_wt_monomer_apo/seed-119_sample-2/model.cif,21.68352442721353,-1.0832597138818219
WT mono apo,896,127,0,/scratch4/jgray21/zhuggan1/repos/ER_Mutations/outputs/af3_wt_monomer/1a52_wt_monomer_apo/seed-127_sample-0/model.cif,20.588998411064413,-1.0364209203711834
WT mono apo,897,248,0,/scratch4/jgray21/zhuggan1/repos/ER_Mutations/outputs/af3_wt_monomer/1a52_wt_monomer_apo/seed-248_sample-0/model.cif,20.692941590275804,-1.0880773809578017
WT mono apo,898,147,4,/scratch4/jgray21/zhuggan1/repos/ER_Mutations/outputs/af3_wt_monomer/1a52_wt_monomer_apo/seed-147_sample-4/model.cif,22.18918694420673,-0.7945597736166561
WT mono apo,899,218,0,/scratch4/jgray21/zhuggan1/repos/ER_Mutations/outputs/af3_wt_monomer/1a52_wt_monomer_apo/seed-218_sample-0/model.cif,-22.970873164266763,-0.8019857701525173
WT mono apo,900,177,2,/scratch4/jgray21/zhuggan1/repos/ER_Mutations/outputs/af3_wt_monomer/1a52_wt_monomer_apo/seed-177_sample-2/model.cif,-24.006077274706133,-0.9641889152231203
WT mono apo,901,60,2,/scratch4/jgray21/zhuggan1/repos/ER_Mutations/outputs/af3_wt_monomer/1a52_wt_monomer_apo/seed-60_sample-2/model.cif,-24.302226446099514,-0.7268210085622689
WT mono apo,902,73,0,/scratch4/jgray21/zhuggan1/repos/ER_Mutations/outputs/af3_wt_monomer/1a52_wt_monomer_apo/seed-73_sample-0/model.cif,19.958324854372034,-1.27604118915516
WT mono apo,903,241,4,/scratch4/jgray21/zhuggan1/repos/ER_Mutations/outputs/af3_wt_monomer/1a52_wt_monomer_apo/seed-241_sample-4/model.cif,20.157777294395125,-1.0913298996559173
WT mono apo,904,82,1,/scratch4/jgray21/zhuggan1/repos/ER_Mutations/outputs/af3_wt_monomer/1a52_wt_monomer_apo/seed-82_sample-1/model.cif,-24.39689223501591,-0.9181738998284665
WT mono apo,905,44,3,/scratch4/jgray21/zhuggan1/repos/ER_Mutations/outputs/af3_wt_monomer/1a52_wt_monomer_apo/seed-44_sample-3/model.cif,21.021439594558476,-1.080232100636157
WT mono apo,906,116,3,/scratch4/jgray21/zhuggan1/repos/ER_Mutations/outputs/af3_wt_monomer/1a52_wt_monomer_apo/seed-116_sample-3/model.cif,21.456660959063694,-1.093657952564584
WT mono apo,907,88,0,/scratch4/jgray21/zhuggan1/repos/ER_Mutations/outputs/af3_wt_monomer/1a52_wt_monomer_apo/seed-88_sample-0/model.cif,21.29906800457285,-1.124520350831984
WT mono apo,908,60,4,/scratch4/jgray21/zhuggan1/repos/ER_Mutations/outputs/af3_wt_monomer/1a52_wt_monomer_apo/seed-60_sample-4/model.cif,-22.58758396786564,3.6833000638388245
WT mono apo,909,175,4,/scratch4/jgray21/zhuggan1/repos/ER_Mutations/outputs/af3_wt_monomer/1a52_wt_monomer_apo/seed-175_sample-4/model.cif,20.155054678249275,-1.2548860713318544
WT mono apo,910,104,4,/scratch4/jgray21/zhuggan1/repos/ER_Mutations/outputs/af3_wt_monomer/1a52_wt_monomer_apo/seed-104_sample-4/model.cif,-23.01197057576057,-0.8226034223854946
WT mono apo,911,184,4,/scratch4/jgray21/zhuggan1/repos/ER_Mutations/outputs/af3_wt_monomer/1a52_wt_monomer_apo/seed-184_sample-4/model.cif,19.75342877684297,-1.4053245960464749
WT mono apo,912,175,0,/scratch4/jgray21/zhuggan1/repos/ER_Mutations/outputs/af3_wt_monomer/1a52_wt_monomer_apo/seed-175_sample-0/model.cif,21.684289691631392,3.380073772145529
WT mono apo,913,172,1,/scratch4/jgray21/zhuggan1/repos/ER_Mutations/outputs/af3_wt_monomer/1a52_wt_monomer_apo/seed-172_sample-1/model.cif,20.732679123963422,3.181164475541817
WT mono apo,914,204,4,/scratch4/jgray21/zhuggan1/repos/ER_Mutations/outputs/af3_wt_monomer/1a52_wt_monomer_apo/seed-204_sample-4/model.cif,20.198214065561967,3.278636413413596
WT mono apo,915,226,3,/scratch4/jgray21/zhuggan1/repos/ER_Mutations/outputs/af3_wt_monomer/1a52_wt_monomer_apo/seed-226_sample-3/model.cif,20.651023994027113,-1.2011356419139951
WT mono apo,916,47,1,/scratch4/jgray21/zhuggan1/repos/ER_Mutations/outputs/af3_wt_monomer/1a52_wt_monomer_apo/seed-47_sample-1/model.cif,-23.35223300800772,-0.5505735402139484
WT mono apo,917,206,1,/scratch4/jgray21/zhuggan1/repos/ER_Mutations/outputs/af3_wt_monomer/1a52_wt_monomer_apo/seed-206_sample-1/model.cif,20.906129341674863,-1.2230200615852047
WT mono apo,918,173,1,/scratch4/jgray21/zhuggan1/repos/ER_Mutations/outputs/af3_wt_monomer/1a52_wt_monomer_apo/seed-173_sample-1/model.cif,21.598043137637227,-1.1570533910387542
WT mono apo,919,34,1,/scratch4/jgray21/zhuggan1/repos/ER_Mutations/outputs/af3_wt_monomer/1a52_wt_monomer_apo/seed-34_sample-1/model.cif,21.468105974990547,-1.3552454375875427
WT mono apo,920,7,1,/scratch4/jgray21/zhuggan1/repos/ER_Mutations/outputs/af3_wt_monomer/1a52_wt_monomer_apo/seed-7_sample-1/model.cif,21.705152880986486,-0.9141449259966452
WT mono apo,921,5,2,/scratch4/jgray21/zhuggan1/repos/ER_Mutations/outputs/af3_wt_monomer/1a52_wt_monomer_apo/seed-5_sample-2/model.cif,20.894663853532133,2.8995043147845734
WT mono apo,922,154,3,/scratch4/jgray21/zhuggan1/repos/ER_Mutations/outputs/af3_wt_monomer/1a52_wt_monomer_apo/seed-154_sample-3/model.cif,20.723832173980078,3.2162223497372504
WT mono apo,923,42,0,/scratch4/jgray21/zhuggan1/repos/ER_Mutations/outputs/af3_wt_monomer/1a52_wt_monomer_apo/seed-42_sample-0/model.cif,-22.783838002117207,-0.8169131898230361
WT mono apo,924,232,4,/scratch4/jgray21/zhuggan1/repos/ER_Mutations/outputs/af3_wt_monomer/1a52_wt_monomer_apo/seed-232_sample-4/model.cif,21.15149603266398,-1.1759258584314876
WT mono apo,925,44,4,/scratch4/jgray21/zhuggan1/repos/ER_Mutations/outputs/af3_wt_monomer/1a52_wt_monomer_apo/seed-44_sample-4/model.cif,22.474006677521242,2.971017508402347
WT mono apo,926,88,2,/scratch4/jgray21/zhuggan1/repos/ER_Mutations/outputs/af3_wt_monomer/1a52_wt_monomer_apo/seed-88_sample-2/model.cif,21.581326606216145,2.954565294737969
WT mono apo,927,162,1,/scratch4/jgray21/zhuggan1/repos/ER_Mutations/outputs/af3_wt_monomer/1a52_wt_monomer_apo/seed-162_sample-1/model.cif,21.360422910114817,-1.1421340613265427
WT mono apo,928,14,2,/scratch4/jgray21/zhuggan1/repos/ER_Mutations/outputs/af3_wt_monomer/1a52_wt_monomer_apo/seed-14_sample-2/model.cif,-24.61057610212811,3.5681266608640763
WT mono apo,929,57,0,/scratch4/jgray21/zhuggan1/repos/ER_Mutations/outputs/af3_wt_monomer/1a52_wt_monomer_apo/seed-57_sample-0/model.cif,21.985461996933577,-1.3829634834485112
WT mono apo,930,154,1,/scratch4/jgray21/zhuggan1/repos/ER_Mutations/outputs/af3_wt_monomer/1a52_wt_monomer_apo/seed-154_sample-1/model.cif,20.664207332337714,-1.0742557830024573
WT mono apo,931,12,2,/scratch4/jgray21/zhuggan1/repos/ER_Mutations/outputs/af3_wt_monomer/1a52_wt_monomer_apo/seed-12_sample-2/model.cif,20.689297761513807,-1.0073867095811175
WT mono apo,932,169,2,/scratch4/jgray21/zhuggan1/repos/ER_Mutations/outputs/af3_wt_monomer/1a52_wt_monomer_apo/seed-169_sample-2/model.cif,21.16062776548198,-1.0100232815038122
WT mono apo,933,233,0,/scratch4/jgray21/zhuggan1/repos/ER_Mutations/outputs/af3_wt_monomer/1a52_wt_monomer_apo/seed-233_sample-0/model.cif,21.56746768733695,3.487329588088185
WT mono apo,934,115,4,/scratch4/jgray21/zhuggan1/repos/ER_Mutations/outputs/af3_wt_monomer/1a52_wt_monomer_apo/seed-115_sample-4/model.cif,20.473394977004094,-0.9260026727393782
WT mono apo,935,122,0,/scratch4/jgray21/zhuggan1/repos/ER_Mutations/outputs/af3_wt_monomer/1a52_wt_monomer_apo/seed-122_sample-0/model.cif,21.68871040944456,3.1336308362625775
WT mono apo,936,47,4,/scratch4/jgray21/zhuggan1/repos/ER_Mutations/outputs/af3_wt_monomer/1a52_wt_monomer_apo/seed-47_sample-4/model.cif,21.970762732118455,3.5130733020772635
WT mono apo,937,201,2,/scratch4/jgray21/zhuggan1/repos/ER_Mutations/outputs/af3_wt_monomer/1a52_wt_monomer_apo/seed-201_sample-2/model.cif,22.517515939569456,-0.5663521917753042
WT mono apo,938,60,0,/scratch4/jgray21/zhuggan1/repos/ER_Mutations/outputs/af3_wt_monomer/1a52_wt_monomer_apo/seed-60_sample-0/model.cif,-23.54747400104293,-0.6175727870011762
WT mono apo,939,86,4,/scratch4/jgray21/zhuggan1/repos/ER_Mutations/outputs/af3_wt_monomer/1a52_wt_monomer_apo/seed-86_sample-4/model.cif,20.26660841780822,3.27738145267069
WT mono apo,940,120,0,/scratch4/jgray21/zhuggan1/repos/ER_Mutations/outputs/af3_wt_monomer/1a52_wt_monomer_apo/seed-120_sample-0/model.cif,21.08266127829522,2.9199749718643786
WT mono apo,941,78,4,/scratch4/jgray21/zhuggan1/repos/ER_Mutations/outputs/af3_wt_monomer/1a52_wt_monomer_apo/seed-78_sample-4/model.cif,21.81947409444152,3.259882187988733
WT mono apo,942,90,1,/scratch4/jgray21/zhuggan1/repos/ER_Mutations/outputs/af3_wt_monomer/1a52_wt_monomer_apo/seed-90_sample-1/model.cif,20.965983986228355,-0.8808739907831286
WT mono apo,943,181,1,/scratch4/jgray21/zhuggan1/repos/ER_Mutations/outputs/af3_wt_monomer/1a52_wt_monomer_apo/seed-181_sample-1/model.cif,21.190238065601957,-0.9473378792345766
WT mono apo,944,160,0,/scratch4/jgray21/zhuggan1/repos/ER_Mutations/outputs/af3_wt_monomer/1a52_wt_monomer_apo/seed-160_sample-0/model.cif,21.09839241519511,-0.679957770458351
WT mono apo,945,63,2,/scratch4/jgray21/zhuggan1/repos/ER_Mutations/outputs/af3_wt_monomer/1a52_wt_monomer_apo/seed-63_sample-2/model.cif,21.325586274943312,3.642249318906557
WT mono apo,946,226,2,/scratch4/jgray21/zhuggan1/repos/ER_Mutations/outputs/af3_wt_monomer/1a52_wt_monomer_apo/seed-226_sample-2/model.cif,20.47253348172044,-1.192893806712995
WT mono apo,947,172,0,/scratch4/jgray21/zhuggan1/repos/ER_Mutations/outputs/af3_wt_monomer/1a52_wt_monomer_apo/seed-172_sample-0/model.cif,20.216439155720504,2.9908383912112213
WT mono apo,948,85,1,/scratch4/jgray21/zhuggan1/repos/ER_Mutations/outputs/af3_wt_monomer/1a52_wt_monomer_apo/seed-85_sample-1/model.cif,21.591689345118482,2.860660180366894
WT mono apo,949,90,3,/scratch4/jgray21/zhuggan1/repos/ER_Mutations/outputs/af3_wt_monomer/1a52_wt_monomer_apo/seed-90_sample-3/model.cif,20.523052790679298,-1.0357972955319528
WT mono apo,950,240,1,/scratch4/jgray21/zhuggan1/repos/ER_Mutations/outputs/af3_wt_monomer/1a52_wt_monomer_apo/seed-240_sample-1/model.cif,20.624898330901154,-1.158026887991149
WT mono apo,951,143,0,/scratch4/jgray21/zhuggan1/repos/ER_Mutations/outputs/af3_wt_monomer/1a52_wt_monomer_apo/seed-143_sample-0/model.cif,-23.020559459050244,-0.8963400156914624
WT mono apo,952,127,4,/scratch4/jgray21/zhuggan1/repos/ER_Mutations/outputs/af3_wt_monomer/1a52_wt_monomer_apo/seed-127_sample-4/model.cif,20.286380661428574,-1.4185363723904532
WT mono apo,953,124,1,/scratch4/jgray21/zhuggan1/repos/ER_Mutations/outputs/af3_wt_monomer/1a52_wt_monomer_apo/seed-124_sample-1/model.cif,-21.6624745296364,-0.5263893574659677
WT mono apo,954,7,2,/scratch4/jgray21/zhuggan1/repos/ER_Mutations/outputs/af3_wt_monomer/1a52_wt_monomer_apo/seed-7_sample-2/model.cif,21.653613034178584,-0.8991230260433447
WT mono apo,955,183,2,/scratch4/jgray21/zhuggan1/repos/ER_Mutations/outputs/af3_wt_monomer/1a52_wt_monomer_apo/seed-183_sample-2/model.cif,20.93869488874022,3.3090164877950476
WT mono apo,956,159,0,/scratch4/jgray21/zhuggan1/repos/ER_Mutations/outputs/af3_wt_monomer/1a52_wt_monomer_apo/seed-159_sample-0/model.cif,21.249881231781526,-1.0629845191187792
WT mono apo,957,188,0,/scratch4/jgray21/zhuggan1/repos/ER_Mutations/outputs/af3_wt_monomer/1a52_wt_monomer_apo/seed-188_sample-0/model.cif,-24.240654672102576,-0.9924991395809887
WT mono apo,958,120,2,/scratch4/jgray21/zhuggan1/repos/ER_Mutations/outputs/af3_wt_monomer/1a52_wt_monomer_apo/seed-120_sample-2/model.cif,20.497586026190785,-1.1760783743228203
WT mono apo,959,72,3,/scratch4/jgray21/zhuggan1/repos/ER_Mutations/outputs/af3_wt_monomer/1a52_wt_monomer_apo/seed-72_sample-3/model.cif,20.640969296467077,3.124879107928991
WT mono apo,960,82,3,/scratch4/jgray21/zhuggan1/repos/ER_Mutations/outputs/af3_wt_monomer/1a52_wt_monomer_apo/seed-82_sample-3/model.cif,-24.107532603861202,-0.7277217569355168
WT mono apo,961,151,4,/scratch4/jgray21/zhuggan1/repos/ER_Mutations/outputs/af3_wt_monomer/1a52_wt_monomer_apo/seed-151_sample-4/model.cif,21.325817398170415,-0.6314339247106993
WT mono apo,962,214,2,/scratch4/jgray21/zhuggan1/repos/ER_Mutations/outputs/af3_wt_monomer/1a52_wt_monomer_apo/seed-214_sample-2/model.cif,20.549841598649685,-0.8970198808935232
WT mono apo,963,100,3,/scratch4/jgray21/zhuggan1/repos/ER_Mutations/outputs/af3_wt_monomer/1a52_wt_monomer_apo/seed-100_sample-3/model.cif,21.165297396571965,-1.3617570881879744
WT mono apo,964,24,4,/scratch4/jgray21/zhuggan1/repos/ER_Mutations/outputs/af3_wt_monomer/1a52_wt_monomer_apo/seed-24_sample-4/model.cif,20.516670383055043,-0.5223274935062857
WT mono apo,965,184,2,/scratch4/jgray21/zhuggan1/repos/ER_Mutations/outputs/af3_wt_monomer/1a52_wt_monomer_apo/seed-184_sample-2/model.cif,20.576782244990042,-1.3521817517622532
WT mono apo,966,65,1,/scratch4/jgray21/zhuggan1/repos/ER_Mutations/outputs/af3_wt_monomer/1a52_wt_monomer_apo/seed-65_sample-1/model.cif,20.066497423826892,3.3020150806253783
WT mono apo,967,147,0,/scratch4/jgray21/zhuggan1/repos/ER_Mutations/outputs/af3_wt_monomer/1a52_wt_monomer_apo/seed-147_sample-0/model.cif,21.65357378713142,-1.4437419558393907
WT mono apo,968,66,1,/scratch4/jgray21/zhuggan1/repos/ER_Mutations/outputs/af3_wt_monomer/1a52_wt_monomer_apo/seed-66_sample-1/model.cif,22.673161541137006,3.0075918193154902
WT mono apo,969,59,0,/scratch4/jgray21/zhuggan1/repos/ER_Mutations/outputs/af3_wt_monomer/1a52_wt_monomer_apo/seed-59_sample-0/model.cif,21.868986228511922,-1.2542258379040891
WT mono apo,970,90,4,/scratch4/jgray21/zhuggan1/repos/ER_Mutations/outputs/af3_wt_monomer/1a52_wt_monomer_apo/seed-90_sample-4/model.cif,19.640056682576123,-0.9208634204398045
WT mono apo,971,145,0,/scratch4/jgray21/zhuggan1/repos/ER_Mutations/outputs/af3_wt_monomer/1a52_wt_monomer_apo/seed-145_sample-0/model.cif,21.168383802740983,-1.3270872845339963
WT mono apo,972,219,1,/scratch4/jgray21/zhuggan1/repos/ER_Mutations/outputs/af3_wt_monomer/1a52_wt_monomer_apo/seed-219_sample-1/model.cif,-3.730125447522762,-0.9719275265610381
WT mono apo,973,226,1,/scratch4/jgray21/zhuggan1/repos/ER_Mutations/outputs/af3_wt_monomer/1a52_wt_monomer_apo/seed-226_sample-1/model.cif,21.565060764472022,-1.2579871226292334
WT mono apo,974,231,2,/scratch4/jgray21/zhuggan1/repos/ER_Mutations/outputs/af3_wt_monomer/1a52_wt_monomer_apo/seed-231_sample-2/model.cif,22.350648928168546,-1.1660372515998372
WT mono apo,975,145,1,/scratch4/jgray21/zhuggan1/repos/ER_Mutations/outputs/af3_wt_monomer/1a52_wt_monomer_apo/seed-145_sample-1/model.cif,21.222625551758064,2.80001437668527
WT mono apo,976,238,2,/scratch4/jgray21/zhuggan1/repos/ER_Mutations/outputs/af3_wt_monomer/1a52_wt_monomer_apo/seed-238_sample-2/model.cif,20.14580053101129,3.156557947134014
WT mono apo,977,75,4,/scratch4/jgray21/zhuggan1/repos/ER_Mutations/outputs/af3_wt_monomer/1a52_wt_monomer_apo/seed-75_sample-4/model.cif,-24.632272871842776,-0.5060052717608429
WT mono apo,978,172,3,/scratch4/jgray21/zhuggan1/repos/ER_Mutations/outputs/af3_wt_monomer/1a52_wt_monomer_apo/seed-172_sample-3/model.cif,20.16558906158431,-1.5379433614855351
WT mono apo,979,154,2,/scratch4/jgray21/zhuggan1/repos/ER_Mutations/outputs/af3_wt_monomer/1a52_wt_monomer_apo/seed-154_sample-2/model.cif,22.583063973850585,-1.8288463912772859
WT mono apo,980,190,3,/scratch4/jgray21/zhuggan1/repos/ER_Mutations/outputs/af3_wt_monomer/1a52_wt_monomer_apo/seed-190_sample-3/model.cif,22.27065358214975,-1.3215708471388041
WT mono apo,981,214,4,/scratch4/jgray21/zhuggan1/repos/ER_Mutations/outputs/af3_wt_monomer/1a52_wt_monomer_apo/seed-214_sample-4/model.cif,21.3793145073637,-1.4246708646264135
WT mono apo,982,202,2,/scratch4/jgray21/zhuggan1/repos/ER_Mutations/outputs/af3_wt_monomer/1a52_wt_monomer_apo/seed-202_sample-2/model.cif,21.986670920980124,-1.198874844675011
WT mono apo,983,72,1,/scratch4/jgray21/zhuggan1/repos/ER_Mutations/outputs/af3_wt_monomer/1a52_wt_monomer_apo/seed-72_sample-1/model.cif,21.0574979482339,3.0077060377267992
WT mono apo,984,196,1,/scratch4/jgray21/zhuggan1/repos/ER_Mutations/outputs/af3_wt_monomer/1a52_wt_monomer_apo/seed-196_sample-1/model.cif,-24.64087429251656,-1.0302633554900353
WT mono apo,985,232,0,/scratch4/jgray21/zhuggan1/repos/ER_Mutations/outputs/af3_wt_monomer/1a52_wt_monomer_apo/seed-232_sample-0/model.cif,21.681109891680443,-0.9451573438622246
WT mono apo,986,45,4,/scratch4/jgray21/zhuggan1/repos/ER_Mutations/outputs/af3_wt_monomer/1a52_wt_monomer_apo/seed-45_sample-4/model.cif,20.472734597033654,-1.1144827167180507
WT mono apo,987,17,1,/scratch4/jgray21/zhuggan1/repos/ER_Mutations/outputs/af3_wt_monomer/1a52_wt_monomer_apo/seed-17_sample-1/model.cif,19.977983368592728,-1.038348226606399
WT mono apo,988,150,0,/scratch4/jgray21/zhuggan1/repos/ER_Mutations/outputs/af3_wt_monomer/1a52_wt_monomer_apo/seed-150_sample-0/model.cif,20.494769541242647,-1.0364734554800292
WT mono apo,989,79,0,/scratch4/jgray21/zhuggan1/repos/ER_Mutations/outputs/af3_wt_monomer/1a52_wt_monomer_apo/seed-79_sample-0/model.cif,21.25406145185273,3.295859240342221
WT mono apo,990,155,4,/scratch4/jgray21/zhuggan1/repos/ER_Mutations/outputs/af3_wt_monomer/1a52_wt_monomer_apo/seed-155_sample-4/model.cif,-24.65247568210477,-1.5033887699344795
WT mono apo,991,27,0,/scratch4/jgray21/zhuggan1/repos/ER_Mutations/outputs/af3_wt_monomer/1a52_wt_monomer_apo/seed-27_sample-0/model.cif,21.39328051277072,-1.223223588466129
WT mono apo,992,42,2,/scratch4/jgray21/zhuggan1/repos/ER_Mutations/outputs/af3_wt_monomer/1a52_wt_monomer_apo/seed-42_sample-2/model.cif,-22.27456562701165,-0.46405203785158317
WT mono apo,993,42,4,/scratch4/jgray21/zhuggan1/repos/ER_Mutations/outputs/af3_wt_monomer/1a52_wt_monomer_apo/seed-42_sample-4/model.cif,-22.73710140883068,-0.7947465992054231
WT mono apo,994,57,4,/scratch4/jgray21/zhuggan1/repos/ER_Mutations/outputs/af3_wt_monomer/1a52_wt_monomer_apo/seed-57_sample-4/model.cif,22.004239565132107,-1.482377628078948
WT mono apo,995,192,4,/scratch4/jgray21/zhuggan1/repos/ER_Mutations/outputs/af3_wt_monomer/1a52_wt_monomer_apo/seed-192_sample-4/model.cif,20.433715378755085,-1.217456426171008
WT mono apo,996,1,3,/scratch4/jgray21/zhuggan1/repos/ER_Mutations/outputs/af3_wt_monomer/1a52_wt_monomer_apo/seed-1_sample-3/model.cif,-24.650579641668337,-0.11331557301897649
WT mono apo,997,179,0,/scratch4/jgray21/zhuggan1/repos/ER_Mutations/outputs/af3_wt_monomer/1a52_wt_monomer_apo/seed-179_sample-0/model.cif,20.482353180222884,3.2194655656793585
WT mono apo,998,152,0,/scratch4/jgray21/zhuggan1/repos/ER_Mutations/outputs/af3_wt_monomer/1a52_wt_monomer_apo/seed-152_sample-0/model.cif,-24.091863587679406,-0.9000796981669948
WT mono apo,999,87,3,/scratch4/jgray21/zhuggan1/repos/ER_Mutations/outputs/af3_wt_monomer/1a52_wt_monomer_apo/seed-87_sample-3/model.cif,-23.57636534249975,3.9279727521465566
WT mono apo,1000,33,1,/scratch4/jgray21/zhuggan1/repos/ER_Mutations/outputs/af3_wt_monomer/1a52_wt_monomer_apo/seed-33_sample-1/model.cif,21.05736522235691,-1.003950284757696
WT mono apo,1001,69,2,/scratch4/jgray21/zhuggan1/repos/ER_Mutations/outputs/af3_wt_monomer/1a52_wt_monomer_apo/seed-69_sample-2/model.cif,21.488812543852838,-1.016927161763265
WT mono apo,1002,85,3,/scratch4/jgray21/zhuggan1/repos/ER_Mutations/outputs/af3_wt_monomer/1a52_wt_monomer_apo/seed-85_sample-3/model.cif,20.631668661180154,-1.2728634013895825
WT mono apo,1003,196,2,/scratch4/jgray21/zhuggan1/repos/ER_Mutations/outputs/af3_wt_monomer/1a52_wt_monomer_apo/seed-196_sample-2/model.cif,-24.216390044000367,-0.569788626348971
WT mono apo,1004,178,1,/scratch4/jgray21/zhuggan1/repos/ER_Mutations/outputs/af3_wt_monomer/1a52_wt_monomer_apo/seed-178_sample-1/model.cif,21.378818661864372,-1.3084087698535258
WT mono apo,1005,160,2,/scratch4/jgray21/zhuggan1/repos/ER_Mutations/outputs/af3_wt_monomer/1a52_wt_monomer_apo/seed-160_sample-2/model.cif,20.279545561472865,-1.0759184019285402
WT mono apo,1006,104,1,/scratch4/jgray21/zhuggan1/repos/ER_Mutations/outputs/af3_wt_monomer/1a52_wt_monomer_apo/seed-104_sample-1/model.cif,-22.672197897250644,-0.8039535902565044
WT mono apo,1007,137,4,/scratch4/jgray21/zhuggan1/repos/ER_Mutations/outputs/af3_wt_monomer/1a52_wt_monomer_apo/seed-137_sample-4/model.cif,-24.304909997272734,3.082287881862903
WT mono apo,1008,221,2,/scratch4/jgray21/zhuggan1/repos/ER_Mutations/outputs/af3_wt_monomer/1a52_wt_monomer_apo/seed-221_sample-2/model.cif,-22.916579588800506,-0.7448915204147849
WT mono apo,1009,186,3,/scratch4/jgray21/zhuggan1/repos/ER_Mutations/outputs/af3_wt_monomer/1a52_wt_monomer_apo/seed-186_sample-3/model.cif,20.421082483962376,-0.9068259287559554
WT mono apo,1010,186,1,/scratch4/jgray21/zhuggan1/repos/ER_Mutations/outputs/af3_wt_monomer/1a52_wt_monomer_apo/seed-186_sample-1/model.cif,19.633506231074747,3.005262247076861
WT mono apo,1011,113,1,/scratch4/jgray21/zhuggan1/repos/ER_Mutations/outputs/af3_wt_monomer/1a52_wt_monomer_apo/seed-113_sample-1/model.cif,20.034021375150026,-1.172817593563872
WT mono apo,1012,122,2,/scratch4/jgray21/zhuggan1/repos/ER_Mutations/outputs/af3_wt_monomer/1a52_wt_monomer_apo/seed-122_sample-2/model.cif,21.166260749355708,-1.246855586610857
WT mono apo,1013,219,3,/scratch4/jgray21/zhuggan1/repos/ER_Mutations/outputs/af3_wt_monomer/1a52_wt_monomer_apo/seed-219_sample-3/model.cif,20.179357377319917,3.018850086307273
WT mono apo,1014,56,2,/scratch4/jgray21/zhuggan1/repos/ER_Mutations/outputs/af3_wt_monomer/1a52_wt_monomer_apo/seed-56_sample-2/model.cif,21.595881732814725,-1.2014261104186317
WT mono apo,1015,40,0,/scratch4/jgray21/zhuggan1/repos/ER_Mutations/outputs/af3_wt_monomer/1a52_wt_monomer_apo/seed-40_sample-0/model.cif,21.104659269636574,2.838042651766942
WT mono apo,1016,13,4,/scratch4/jgray21/zhuggan1/repos/ER_Mutations/outputs/af3_wt_monomer/1a52_wt_monomer_apo/seed-13_sample-4/model.cif,-23.53241185630103,-0.48743426651588223
WT mono apo,1017,192,3,/scratch4/jgray21/zhuggan1/repos/ER_Mutations/outputs/af3_wt_monomer/1a52_wt_monomer_apo/seed-192_sample-3/model.cif,22.432188551929052,2.8582032046014576
WT mono apo,1018,243,0,/scratch4/jgray21/zhuggan1/repos/ER_Mutations/outputs/af3_wt_monomer/1a52_wt_monomer_apo/seed-243_sample-0/model.cif,20.593354272158326,-1.2014762957512253
WT mono apo,1019,115,3,/scratch4/jgray21/zhuggan1/repos/ER_Mutations/outputs/af3_wt_monomer/1a52_wt_monomer_apo/seed-115_sample-3/model.cif,21.31095178280629,-0.15089667138988846
WT mono apo,1020,69,1,/scratch4/jgray21/zhuggan1/repos/ER_Mutations/outputs/af3_wt_monomer/1a52_wt_monomer_apo/seed-69_sample-1/model.cif,20.453032123267686,2.954831886578974
WT mono apo,1021,20,1,/scratch4/jgray21/zhuggan1/repos/ER_Mutations/outputs/af3_wt_monomer/1a52_wt_monomer_apo/seed-20_sample-1/model.cif,20.607618626005067,-1.168328035782971
WT mono apo,1022,110,2,/scratch4/jgray21/zhuggan1/repos/ER_Mutations/outputs/af3_wt_monomer/1a52_wt_monomer_apo/seed-110_sample-2/model.cif,-22.30944237434917,-0.5574710378642109
WT mono apo,1023,164,4,/scratch4/jgray21/zhuggan1/repos/ER_Mutations/outputs/af3_wt_monomer/1a52_wt_monomer_apo/seed-164_sample-4/model.cif,21.9859480943324,-0.9843885241205261
WT mono apo,1024,204,3,/scratch4/jgray21/zhuggan1/repos/ER_Mutations/outputs/af3_wt_monomer/1a52_wt_monomer_apo/seed-204_sample-3/model.cif,20.153240790333484,-1.1930985415075923
WT mono apo,1025,41,3,/scratch4/jgray21/zhuggan1/repos/ER_Mutations/outputs/af3_wt_monomer/1a52_wt_monomer_apo/seed-41_sample-3/model.cif,21.76332858752148,-1.8776389526422947
WT mono apo,1026,141,1,/scratch4/jgray21/zhuggan1/repos/ER_Mutations/outputs/af3_wt_monomer/1a52_wt_monomer_apo/seed-141_sample-1/model.cif,21.083002075446778,-1.3665501880486712
WT mono apo,1027,150,1,/scratch4/jgray21/zhuggan1/repos/ER_Mutations/outputs/af3_wt_monomer/1a52_wt_monomer_apo/seed-150_sample-1/model.cif,21.24693387029696,3.1374162769137057
WT mono apo,1028,198,0,/scratch4/jgray21/zhuggan1/repos/ER_Mutations/outputs/af3_wt_monomer/1a52_wt_monomer_apo/seed-198_sample-0/model.cif,20.245084823833288,-1.1024088437525634
WT mono apo,1029,173,3,/scratch4/jgray21/zhuggan1/repos/ER_Mutations/outputs/af3_wt_monomer/1a52_wt_monomer_apo/seed-173_sample-3/model.cif,21.15809524031976,3.1068892148230596
WT mono apo,1030,216,4,/scratch4/jgray21/zhuggan1/repos/ER_Mutations/outputs/af3_wt_monomer/1a52_wt_monomer_apo/seed-216_sample-4/model.cif,21.2928677401422,-0.7142521591451906
WT mono apo,1031,214,0,/scratch4/jgray21/zhuggan1/repos/ER_Mutations/outputs/af3_wt_monomer/1a52_wt_monomer_apo/seed-214_sample-0/model.cif,21.441324108277755,-1.0513799813334184
WT mono apo,1032,9,2,/scratch4/jgray21/zhuggan1/repos/ER_Mutations/outputs/af3_wt_monomer/1a52_wt_monomer_apo/seed-9_sample-2/model.cif,20.39436253321611,-1.2291694001747802
WT mono apo,1033,96,4,/scratch4/jgray21/zhuggan1/repos/ER_Mutations/outputs/af3_wt_monomer/1a52_wt_monomer_apo/seed-96_sample-4/model.cif,20.852690374394204,-0.9788849158775836
WT mono apo,1034,83,3,/scratch4/jgray21/zhuggan1/repos/ER_Mutations/outputs/af3_wt_monomer/1a52_wt_monomer_apo/seed-83_sample-3/model.cif,21.904193516026623,-1.0260731478435816
WT mono apo,1035,17,2,/scratch4/jgray21/zhuggan1/repos/ER_Mutations/outputs/af3_wt_monomer/1a52_wt_monomer_apo/seed-17_sample-2/model.cif,19.83822955983475,-1.0093046719451777
WT mono apo,1036,234,2,/scratch4/jgray21/zhuggan1/repos/ER_Mutations/outputs/af3_wt_monomer/1a52_wt_monomer_apo/seed-234_sample-2/model.cif,20.535234644294757,-0.8370360173553014
WT mono apo,1037,83,4,/scratch4/jgray21/zhuggan1/repos/ER_Mutations/outputs/af3_wt_monomer/1a52_wt_monomer_apo/seed-83_sample-4/model.cif,21.857764208088586,-1.2552648781941174
WT mono apo,1038,204,0,/scratch4/jgray21/zhuggan1/repos/ER_Mutations/outputs/af3_wt_monomer/1a52_wt_monomer_apo/seed-204_sample-0/model.cif,21.513602774735617,-1.3794124734131517
WT mono apo,1039,178,0,/scratch4/jgray21/zhuggan1/repos/ER_Mutations/outputs/af3_wt_monomer/1a52_wt_monomer_apo/seed-178_sample-0/model.cif,21.03743509374364,-1.20597310110657
WT mono apo,1040,4,2,/scratch4/jgray21/zhuggan1/repos/ER_Mutations/outputs/af3_wt_monomer/1a52_wt_monomer_apo/seed-4_sample-2/model.cif,20.6209397143944,-1.2566400112591969
WT mono apo,1041,201,0,/scratch4/jgray21/zhuggan1/repos/ER_Mutations/outputs/af3_wt_monomer/1a52_wt_monomer_apo/seed-201_sample-0/model.cif,20.142052759609584,2.9623433497268805
WT mono apo,1042,247,3,/scratch4/jgray21/zhuggan1/repos/ER_Mutations/outputs/af3_wt_monomer/1a52_wt_monomer_apo/seed-247_sample-3/model.cif,20.93947613365122,2.64684061291781
WT mono apo,1043,235,3,/scratch4/jgray21/zhuggan1/repos/ER_Mutations/outputs/af3_wt_monomer/1a52_wt_monomer_apo/seed-235_sample-3/model.cif,21.519178910666014,2.8319832350849077
WT mono apo,1044,121,2,/scratch4/jgray21/zhuggan1/repos/ER_Mutations/outputs/af3_wt_monomer/1a52_wt_monomer_apo/seed-121_sample-2/model.cif,21.194302755628858,-1.0361266967026794
WT mono apo,1045,192,0,/scratch4/jgray21/zhuggan1/repos/ER_Mutations/outputs/af3_wt_monomer/1a52_wt_monomer_apo/seed-192_sample-0/model.cif,20.571426833208047,-1.1954417170385478
WT mono apo,1046,202,0,/scratch4/jgray21/zhuggan1/repos/ER_Mutations/outputs/af3_wt_monomer/1a52_wt_monomer_apo/seed-202_sample-0/model.cif,20.11926013140714,-1.0765476895117563
WT mono apo,1047,36,4,/scratch4/jgray21/zhuggan1/repos/ER_Mutations/outputs/af3_wt_monomer/1a52_wt_monomer_apo/seed-36_sample-4/model.cif,20.74399905993545,-1.1231592881483472
WT mono apo,1048,47,2,/scratch4/jgray21/zhuggan1/repos/ER_Mutations/outputs/af3_wt_monomer/1a52_wt_monomer_apo/seed-47_sample-2/model.cif,20.335587773819775,-1.6031005558202358
WT mono apo,1049,2,4,/scratch4/jgray21/zhuggan1/repos/ER_Mutations/outputs/af3_wt_monomer/1a52_wt_monomer_apo/seed-2_sample-4/model.cif,19.994621674905993,-1.2141061258401917
WT mono apo,1050,23,1,/scratch4/jgray21/zhuggan1/repos/ER_Mutations/outputs/af3_wt_monomer/1a52_wt_monomer_apo/seed-23_sample-1/model.cif,22.106078311683664,-1.37888174709895
WT mono apo,1051,113,2,/scratch4/jgray21/zhuggan1/repos/ER_Mutations/outputs/af3_wt_monomer/1a52_wt_monomer_apo/seed-113_sample-2/model.cif,21.068869540257854,-0.9798966786217117
WT mono apo,1052,185,4,/scratch4/jgray21/zhuggan1/repos/ER_Mutations/outputs/af3_wt_monomer/1a52_wt_monomer_apo/seed-185_sample-4/model.cif,21.978338519071176,2.4585145187917
WT mono apo,1053,248,1,/scratch4/jgray21/zhuggan1/repos/ER_Mutations/outputs/af3_wt_monomer/1a52_wt_monomer_apo/seed-248_sample-1/model.cif,20.46585988893091,-0.9455472538612476
WT mono apo,1054,9,0,/scratch4/jgray21/zhuggan1/repos/ER_Mutations/outputs/af3_wt_monomer/1a52_wt_monomer_apo/seed-9_sample-0/model.cif,21.528823250107983,-1.3323838141495736
WT mono apo,1055,35,1,/scratch4/jgray21/zhuggan1/repos/ER_Mutations/outputs/af3_wt_monomer/1a52_wt_monomer_apo/seed-35_sample-1/model.cif,20.852049949626004,-1.4033330193506304
WT mono apo,1056,27,1,/scratch4/jgray21/zhuggan1/repos/ER_Mutations/outputs/af3_wt_monomer/1a52_wt_monomer_apo/seed-27_sample-1/model.cif,21.234260648464808,-1.025512556769805
WT mono apo,1057,96,0,/scratch4/jgray21/zhuggan1/repos/ER_Mutations/outputs/af3_wt_monomer/1a52_wt_monomer_apo/seed-96_sample-0/model.cif,21.567862371289657,3.041643657036947
WT mono apo,1058,147,2,/scratch4/jgray21/zhuggan1/repos/ER_Mutations/outputs/af3_wt_monomer/1a52_wt_monomer_apo/seed-147_sample-2/model.cif,20.723343899619707,-1.3147290425202691
WT mono apo,1059,60,1,/scratch4/jgray21/zhuggan1/repos/ER_Mutations/outputs/af3_wt_monomer/1a52_wt_monomer_apo/seed-60_sample-1/model.cif,-23.31039952158736,3.799647176652116
WT mono apo,1060,232,3,/scratch4/jgray21/zhuggan1/repos/ER_Mutations/outputs/af3_wt_monomer/1a52_wt_monomer_apo/seed-232_sample-3/model.cif,21.183699163365386,-0.8396142372746094
WT mono apo,1061,34,0,/scratch4/jgray21/zhuggan1/repos/ER_Mutations/outputs/af3_wt_monomer/1a52_wt_monomer_apo/seed-34_sample-0/model.cif,20.86545960354833,-0.871055186138015
WT mono apo,1062,46,1,/scratch4/jgray21/zhuggan1/repos/ER_Mutations/outputs/af3_wt_monomer/1a52_wt_monomer_apo/seed-46_sample-1/model.cif,-22.780984206090096,-0.8901904603688403
WT mono apo,1063,192,2,/scratch4/jgray21/zhuggan1/repos/ER_Mutations/outputs/af3_wt_monomer/1a52_wt_monomer_apo/seed-192_sample-2/model.cif,21.119165356689013,3.0181183351725616
WT mono apo,1064,20,4,/scratch4/jgray21/zhuggan1/repos/ER_Mutations/outputs/af3_wt_monomer/1a52_wt_monomer_apo/seed-20_sample-4/model.cif,20.657666472927655,-1.3271193948999367
WT mono apo,1065,162,0,/scratch4/jgray21/zhuggan1/repos/ER_Mutations/outputs/af3_wt_monomer/1a52_wt_monomer_apo/seed-162_sample-0/model.cif,20.265532824307908,3.1216858611457137
WT mono apo,1066,56,3,/scratch4/jgray21/zhuggan1/repos/ER_Mutations/outputs/af3_wt_monomer/1a52_wt_monomer_apo/seed-56_sample-3/model.cif,21.23950935449606,-1.0827763075986239
WT mono apo,1067,177,1,/scratch4/jgray21/zhuggan1/repos/ER_Mutations/outputs/af3_wt_monomer/1a52_wt_monomer_apo/seed-177_sample-1/model.cif,-24.514658860478686,-0.38330790874275605
WT mono apo,1068,205,3,/scratch4/jgray21/zhuggan1/repos/ER_Mutations/outputs/af3_wt_monomer/1a52_wt_monomer_apo/seed-205_sample-3/model.cif,20.14492503532855,-1.4155577310702863
WT mono apo,1069,114,4,/scratch4/jgray21/zhuggan1/repos/ER_Mutations/outputs/af3_wt_monomer/1a52_wt_monomer_apo/seed-114_sample-4/model.cif,22.736044654192412,-1.2529053413295677
WT mono apo,1070,244,3,/scratch4/jgray21/zhuggan1/repos/ER_Mutations/outputs/af3_wt_monomer/1a52_wt_monomer_apo/seed-244_sample-3/model.cif,19.90669392104899,-1.1094362112984788
WT mono apo,1071,117,4,/scratch4/jgray21/zhuggan1/repos/ER_Mutations/outputs/af3_wt_monomer/1a52_wt_monomer_apo/seed-117_sample-4/model.cif,21.507344954540397,-1.0274912801216531
WT mono apo,1072,1,2,/scratch4/jgray21/zhuggan1/repos/ER_Mutations/outputs/af3_wt_monomer/1a52_wt_monomer_apo/seed-1_sample-2/model.cif,-23.36709069938926,-0.6214370348118707
WT mono apo,1073,78,2,/scratch4/jgray21/zhuggan1/repos/ER_Mutations/outputs/af3_wt_monomer/1a52_wt_monomer_apo/seed-78_sample-2/model.cif,21.34064885546094,-0.9659888347575801
WT mono apo,1074,144,3,/scratch4/jgray21/zhuggan1/repos/ER_Mutations/outputs/af3_wt_monomer/1a52_wt_monomer_apo/seed-144_sample-3/model.cif,19.92953294652302,-1.1598498773544257
WT mono apo,1075,189,4,/scratch4/jgray21/zhuggan1/repos/ER_Mutations/outputs/af3_wt_monomer/1a52_wt_monomer_apo/seed-189_sample-4/model.cif,20.26418959708615,-1.1701977144296518
WT mono apo,1076,81,3,/scratch4/jgray21/zhuggan1/repos/ER_Mutations/outputs/af3_wt_monomer/1a52_wt_monomer_apo/seed-81_sample-3/model.cif,21.88348527778723,-1.0656896319805738
WT mono apo,1077,45,3,/scratch4/jgray21/zhuggan1/repos/ER_Mutations/outputs/af3_wt_monomer/1a52_wt_monomer_apo/seed-45_sample-3/model.cif,19.799352227864638,-0.5202974173677009
WT mono apo,1078,77,4,/scratch4/jgray21/zhuggan1/repos/ER_Mutations/outputs/af3_wt_monomer/1a52_wt_monomer_apo/seed-77_sample-4/model.cif,-23.010229449177043,3.4017170766491605
WT mono apo,1079,231,3,/scratch4/jgray21/zhuggan1/repos/ER_Mutations/outputs/af3_wt_monomer/1a52_wt_monomer_apo/seed-231_sample-3/model.cif,21.6373331312117,-1.0498470383717884
WT mono apo,1080,204,1,/scratch4/jgray21/zhuggan1/repos/ER_Mutations/outputs/af3_wt_monomer/1a52_wt_monomer_apo/seed-204_sample-1/model.cif,20.300776062833553,-1.0688863741850516
WT mono apo,1081,240,2,/scratch4/jgray21/zhuggan1/repos/ER_Mutations/outputs/af3_wt_monomer/1a52_wt_monomer_apo/seed-240_sample-2/model.cif,20.44150995634007,-1.1680265313932827
WT mono apo,1082,245,2,/scratch4/jgray21/zhuggan1/repos/ER_Mutations/outputs/af3_wt_monomer/1a52_wt_monomer_apo/seed-245_sample-2/model.cif,20.372074263356463,-0.863937453678169
WT mono apo,1083,71,0,/scratch4/jgray21/zhuggan1/repos/ER_Mutations/outputs/af3_wt_monomer/1a52_wt_monomer_apo/seed-71_sample-0/model.cif,21.23050027609032,-1.3066136496992424
WT mono apo,1084,41,0,/scratch4/jgray21/zhuggan1/repos/ER_Mutations/outputs/af3_wt_monomer/1a52_wt_monomer_apo/seed-41_sample-0/model.cif,20.44073377811037,-1.1375227112638393
WT mono apo,1085,114,0,/scratch4/jgray21/zhuggan1/repos/ER_Mutations/outputs/af3_wt_monomer/1a52_wt_monomer_apo/seed-114_sample-0/model.cif,19.913898496238097,-0.8334253416977451
WT mono apo,1086,248,4,/scratch4/jgray21/zhuggan1/repos/ER_Mutations/outputs/af3_wt_monomer/1a52_wt_monomer_apo/seed-248_sample-4/model.cif,19.982646101866692,-1.1318819959565314
WT mono apo,1087,100,4,/scratch4/jgray21/zhuggan1/repos/ER_Mutations/outputs/af3_wt_monomer/1a52_wt_monomer_apo/seed-100_sample-4/model.cif,20.70933995802753,3.442167585736971
WT mono apo,1088,197,1,/scratch4/jgray21/zhuggan1/repos/ER_Mutations/outputs/af3_wt_monomer/1a52_wt_monomer_apo/seed-197_sample-1/model.cif,-24.37800790507846,-0.42084014560699073
WT mono apo,1089,183,3,/scratch4/jgray21/zhuggan1/repos/ER_Mutations/outputs/af3_wt_monomer/1a52_wt_monomer_apo/seed-183_sample-3/model.cif,21.395687308768842,-1.2467762310523895
WT mono apo,1090,13,2,/scratch4/jgray21/zhuggan1/repos/ER_Mutations/outputs/af3_wt_monomer/1a52_wt_monomer_apo/seed-13_sample-2/model.cif,-22.551268191534998,-0.2663410844149211
WT mono apo,1091,173,2,/scratch4/jgray21/zhuggan1/repos/ER_Mutations/outputs/af3_wt_monomer/1a52_wt_monomer_apo/seed-173_sample-2/model.cif,21.84887426239289,-1.1773676550647112
WT mono apo,1092,197,4,/scratch4/jgray21/zhuggan1/repos/ER_Mutations/outputs/af3_wt_monomer/1a52_wt_monomer_apo/seed-197_sample-4/model.cif,-23.825373752610673,-0.7306584857955334
WT mono apo,1093,114,3,/scratch4/jgray21/zhuggan1/repos/ER_Mutations/outputs/af3_wt_monomer/1a52_wt_monomer_apo/seed-114_sample-3/model.cif,20.576185884602978,-1.1474376394118526
WT mono apo,1094,56,4,/scratch4/jgray21/zhuggan1/repos/ER_Mutations/outputs/af3_wt_monomer/1a52_wt_monomer_apo/seed-56_sample-4/model.cif,21.429721803612445,-1.2702616022536704
WT mono apo,1095,160,1,/scratch4/jgray21/zhuggan1/repos/ER_Mutations/outputs/af3_wt_monomer/1a52_wt_monomer_apo/seed-160_sample-1/model.cif,20.471556234400982,-0.7340165978980256
WT mono apo,1096,122,4,/scratch4/jgray21/zhuggan1/repos/ER_Mutations/outputs/af3_wt_monomer/1a52_wt_monomer_apo/seed-122_sample-4/model.cif,19.89426551451269,-0.968327842524418
WT mono apo,1097,34,2,/scratch4/jgray21/zhuggan1/repos/ER_Mutations/outputs/af3_wt_monomer/1a52_wt_monomer_apo/seed-34_sample-2/model.cif,20.631847877161672,3.6494120256590774
WT mono apo,1098,193,4,/scratch4/jgray21/zhuggan1/repos/ER_Mutations/outputs/af3_wt_monomer/1a52_wt_monomer_apo/seed-193_sample-4/model.cif,20.892099458920132,-0.5336354091239545
WT mono apo,1099,44,1,/scratch4/jgray21/zhuggan1/repos/ER_Mutations/outputs/af3_wt_monomer/1a52_wt_monomer_apo/seed-44_sample-1/model.cif,20.874477604199196,-1.050077422619277
WT mono apo,1100,67,1,/scratch4/jgray21/zhuggan1/repos/ER_Mutations/outputs/af3_wt_monomer/1a52_wt_monomer_apo/seed-67_sample-1/model.cif,21.163565875318763,3.246308881896689
WT mono apo,1101,133,1,/scratch4/jgray21/zhuggan1/repos/ER_Mutations/outputs/af3_wt_monomer/1a52_wt_monomer_apo/seed-133_sample-1/model.cif,-24.18158011898911,-0.8414433092689825
WT mono apo,1102,125,1,/scratch4/jgray21/zhuggan1/repos/ER_Mutations/outputs/af3_wt_monomer/1a52_wt_monomer_apo/seed-125_sample-1/model.cif,20.965229579235192,-1.4673882539250571
WT mono apo,1103,119,3,/scratch4/jgray21/zhuggan1/repos/ER_Mutations/outputs/af3_wt_monomer/1a52_wt_monomer_apo/seed-119_sample-3/model.cif,20.21228547240356,-1.1237405189436762
WT mono apo,1104,46,4,/scratch4/jgray21/zhuggan1/repos/ER_Mutations/outputs/af3_wt_monomer/1a52_wt_monomer_apo/seed-46_sample-4/model.cif,-24.884459171485798,-1.0066117405915447
WT mono apo,1105,74,1,/scratch4/jgray21/zhuggan1/repos/ER_Mutations/outputs/af3_wt_monomer/1a52_wt_monomer_apo/seed-74_sample-1/model.cif,-21.87669948071795,-0.33377856047340715
WT mono apo,1106,216,1,/scratch4/jgray21/zhuggan1/repos/ER_Mutations/outputs/af3_wt_monomer/1a52_wt_monomer_apo/seed-216_sample-1/model.cif,19.901701330875223,-1.1183564410628954
WT mono apo,1107,159,4,/scratch4/jgray21/zhuggan1/repos/ER_Mutations/outputs/af3_wt_monomer/1a52_wt_monomer_apo/seed-159_sample-4/model.cif,21.532447822930777,-1.0370021057762624
WT mono apo,1108,125,3,/scratch4/jgray21/zhuggan1/repos/ER_Mutations/outputs/af3_wt_monomer/1a52_wt_monomer_apo/seed-125_sample-3/model.cif,21.622554793255574,3.2183597015320333
WT mono apo,1109,191,1,/scratch4/jgray21/zhuggan1/repos/ER_Mutations/outputs/af3_wt_monomer/1a52_wt_monomer_apo/seed-191_sample-1/model.cif,21.302426806244682,-1.0853209989288792
WT mono apo,1110,19,0,/scratch4/jgray21/zhuggan1/repos/ER_Mutations/outputs/af3_wt_monomer/1a52_wt_monomer_apo/seed-19_sample-0/model.cif,21.14106509773207,-1.421023078213357
WT mono apo,1111,113,4,/scratch4/jgray21/zhuggan1/repos/ER_Mutations/outputs/af3_wt_monomer/1a52_wt_monomer_apo/seed-113_sample-4/model.cif,21.723938897005212,-1.0360846069573932
WT mono apo,1112,78,3,/scratch4/jgray21/zhuggan1/repos/ER_Mutations/outputs/af3_wt_monomer/1a52_wt_monomer_apo/seed-78_sample-3/model.cif,20.925502722235592,-1.3822405969770457
WT mono apo,1113,40,1,/scratch4/jgray21/zhuggan1/repos/ER_Mutations/outputs/af3_wt_monomer/1a52_wt_monomer_apo/seed-40_sample-1/model.cif,20.427144631081486,-1.5017723384287314
WT mono apo,1114,193,0,/scratch4/jgray21/zhuggan1/repos/ER_Mutations/outputs/af3_wt_monomer/1a52_wt_monomer_apo/seed-193_sample-0/model.cif,19.742699627308294,-1.1844780094542384
WT mono apo,1115,196,0,/scratch4/jgray21/zhuggan1/repos/ER_Mutations/outputs/af3_wt_monomer/1a52_wt_monomer_apo/seed-196_sample-0/model.cif,-25.38561734439089,3.544030371756413
WT mono apo,1116,102,4,/scratch4/jgray21/zhuggan1/repos/ER_Mutations/outputs/af3_wt_monomer/1a52_wt_monomer_apo/seed-102_sample-4/model.cif,20.311715324457186,-0.9908108997700226
WT mono apo,1117,27,4,/scratch4/jgray21/zhuggan1/repos/ER_Mutations/outputs/af3_wt_monomer/1a52_wt_monomer_apo/seed-27_sample-4/model.cif,21.765811333959466,-1.2005034535454397
WT mono apo,1118,194,4,/scratch4/jgray21/zhuggan1/repos/ER_Mutations/outputs/af3_wt_monomer/1a52_wt_monomer_apo/seed-194_sample-4/model.cif,20.4359906500701,3.4497553860367223
WT mono apo,1119,144,2,/scratch4/jgray21/zhuggan1/repos/ER_Mutations/outputs/af3_wt_monomer/1a52_wt_monomer_apo/seed-144_sample-2/model.cif,20.159067620597824,-0.9030457850342672
WT mono apo,1120,95,1,/scratch4/jgray21/zhuggan1/repos/ER_Mutations/outputs/af3_wt_monomer/1a52_wt_monomer_apo/seed-95_sample-1/model.cif,20.512300738058883,-1.0298581306149364
WT mono apo,1121,119,4,/scratch4/jgray21/zhuggan1/repos/ER_Mutations/outputs/af3_wt_monomer/1a52_wt_monomer_apo/seed-119_sample-4/model.cif,22.12580203310089,-1.1330099566028193
WT mono apo,1122,41,2,/scratch4/jgray21/zhuggan1/repos/ER_Mutations/outputs/af3_wt_monomer/1a52_wt_monomer_apo/seed-41_sample-2/model.cif,20.842214979069215,-1.0540334227518477
WT mono apo,1123,238,0,/scratch4/jgray21/zhuggan1/repos/ER_Mutations/outputs/af3_wt_monomer/1a52_wt_monomer_apo/seed-238_sample-0/model.cif,20.05118272146325,2.8252930203735334
WT mono apo,1124,240,3,/scratch4/jgray21/zhuggan1/repos/ER_Mutations/outputs/af3_wt_monomer/1a52_wt_monomer_apo/seed-240_sample-3/model.cif,20.454640480939574,-1.5004881101362473
WT mono apo,1125,191,0,/scratch4/jgray21/zhuggan1/repos/ER_Mutations/outputs/af3_wt_monomer/1a52_wt_monomer_apo/seed-191_sample-0/model.cif,19.41607066064575,-0.9361353354725949
WT mono apo,1126,218,2,/scratch4/jgray21/zhuggan1/repos/ER_Mutations/outputs/af3_wt_monomer/1a52_wt_monomer_apo/seed-218_sample-2/model.cif,18.625821630035546,-1.6858874882442116
WT mono apo,1127,136,0,/scratch4/jgray21/zhuggan1/repos/ER_Mutations/outputs/af3_wt_monomer/1a52_wt_monomer_apo/seed-136_sample-0/model.cif,19.94690560073473,3.4081965514671153
WT mono apo,1128,173,0,/scratch4/jgray21/zhuggan1/repos/ER_Mutations/outputs/af3_wt_monomer/1a52_wt_monomer_apo/seed-173_sample-0/model.cif,21.389540131019945,3.1940017581161406
WT mono apo,1129,72,4,/scratch4/jgray21/zhuggan1/repos/ER_Mutations/outputs/af3_wt_monomer/1a52_wt_monomer_apo/seed-72_sample-4/model.cif,20.590835197291685,-1.4826422441483327
WT mono apo,1130,165,1,/scratch4/jgray21/zhuggan1/repos/ER_Mutations/outputs/af3_wt_monomer/1a52_wt_monomer_apo/seed-165_sample-1/model.cif,19.627853691896785,-1.236162878575341
WT mono apo,1131,189,3,/scratch4/jgray21/zhuggan1/repos/ER_Mutations/outputs/af3_wt_monomer/1a52_wt_monomer_apo/seed-189_sample-3/model.cif,18.559849328707497,-1.1239971724418927
WT mono apo,1132,107,3,/scratch4/jgray21/zhuggan1/repos/ER_Mutations/outputs/af3_wt_monomer/1a52_wt_monomer_apo/seed-107_sample-3/model.cif,-22.975854844599496,-0.9055100933888123
WT mono apo,1133,9,3,/scratch4/jgray21/zhuggan1/repos/ER_Mutations/outputs/af3_wt_monomer/1a52_wt_monomer_apo/seed-9_sample-3/model.cif,20.33723183879229,-0.9273410894389503
WT mono apo,1134,86,3,/scratch4/jgray21/zhuggan1/repos/ER_Mutations/outputs/af3_wt_monomer/1a52_wt_monomer_apo/seed-86_sample-3/model.cif,20.29997772714851,-0.9196269940474175
WT mono apo,1135,239,2,/scratch4/jgray21/zhuggan1/repos/ER_Mutations/outputs/af3_wt_monomer/1a52_wt_monomer_apo/seed-239_sample-2/model.cif,20.748184046473067,-1.0068088558854509
WT mono apo,1136,231,4,/scratch4/jgray21/zhuggan1/repos/ER_Mutations/outputs/af3_wt_monomer/1a52_wt_monomer_apo/seed-231_sample-4/model.cif,19.959236448932664,2.097462151171695
WT mono apo,1137,148,3,/scratch4/jgray21/zhuggan1/repos/ER_Mutations/outputs/af3_wt_monomer/1a52_wt_monomer_apo/seed-148_sample-3/model.cif,-5.814245630986713,-1.015373830345627
WT mono apo,1138,240,0,/scratch4/jgray21/zhuggan1/repos/ER_Mutations/outputs/af3_wt_monomer/1a52_wt_monomer_apo/seed-240_sample-0/model.cif,21.051973917744654,-1.3193182113035542
WT mono apo,1139,59,3,/scratch4/jgray21/zhuggan1/repos/ER_Mutations/outputs/af3_wt_monomer/1a52_wt_monomer_apo/seed-59_sample-3/model.cif,20.68058976844384,-1.2972704722632893
WT mono apo,1140,164,2,/scratch4/jgray21/zhuggan1/repos/ER_Mutations/outputs/af3_wt_monomer/1a52_wt_monomer_apo/seed-164_sample-2/model.cif,22.116814404422524,-1.0650208099365481
WT mono apo,1141,2,1,/scratch4/jgray21/zhuggan1/repos/ER_Mutations/outputs/af3_wt_monomer/1a52_wt_monomer_apo/seed-2_sample-1/model.cif,20.33805811367222,-1.0784181376549353
WT mono apo,1142,104,0,/scratch4/jgray21/zhuggan1/repos/ER_Mutations/outputs/af3_wt_monomer/1a52_wt_monomer_apo/seed-104_sample-0/model.cif,20.71901200634735,-1.2750465521999834
WT mono apo,1143,73,3,/scratch4/jgray21/zhuggan1/repos/ER_Mutations/outputs/af3_wt_monomer/1a52_wt_monomer_apo/seed-73_sample-3/model.cif,20.04268178563066,3.1006133895228354
WT mono apo,1144,191,4,/scratch4/jgray21/zhuggan1/repos/ER_Mutations/outputs/af3_wt_monomer/1a52_wt_monomer_apo/seed-191_sample-4/model.cif,20.720590868785994,2.882905057836809
WT mono apo,1145,136,4,/scratch4/jgray21/zhuggan1/repos/ER_Mutations/outputs/af3_wt_monomer/1a52_wt_monomer_apo/seed-136_sample-4/model.cif,20.62140069042883,-1.2638777823348784
WT mono apo,1146,137,0,/scratch4/jgray21/zhuggan1/repos/ER_Mutations/outputs/af3_wt_monomer/1a52_wt_monomer_apo/seed-137_sample-0/model.cif,-23.432587278537017,-0.5409504955498933
WT mono apo,1147,62,4,/scratch4/jgray21/zhuggan1/repos/ER_Mutations/outputs/af3_wt_monomer/1a52_wt_monomer_apo/seed-62_sample-4/model.cif,20.92567929807761,-0.8553880741951602
WT mono apo,1148,201,3,/scratch4/jgray21/zhuggan1/repos/ER_Mutations/outputs/af3_wt_monomer/1a52_wt_monomer_apo/seed-201_sample-3/model.cif,20.32286812838001,-0.9214227837201032
WT mono apo,1149,247,2,/scratch4/jgray21/zhuggan1/repos/ER_Mutations/outputs/af3_wt_monomer/1a52_wt_monomer_apo/seed-247_sample-2/model.cif,20.88374137580109,-0.6217229389257677
WT mono apo,1150,216,0,/scratch4/jgray21/zhuggan1/repos/ER_Mutations/outputs/af3_wt_monomer/1a52_wt_monomer_apo/seed-216_sample-0/model.cif,21.4440873468477,-1.3299727585944972
WT mono apo,1151,209,1,/scratch4/jgray21/zhuggan1/repos/ER_Mutations/outputs/af3_wt_monomer/1a52_wt_monomer_apo/seed-209_sample-1/model.cif,19.69765183800425,-1.2298956837989907
WT mono apo,1152,205,2,/scratch4/jgray21/zhuggan1/repos/ER_Mutations/outputs/af3_wt_monomer/1a52_wt_monomer_apo/seed-205_sample-2/model.cif,20.46028949294507,3.4069222036862477
WT mono apo,1153,228,0,/scratch4/jgray21/zhuggan1/repos/ER_Mutations/outputs/af3_wt_monomer/1a52_wt_monomer_apo/seed-228_sample-0/model.cif,22.163165662505914,-1.1873176930957012
WT mono apo,1154,71,3,/scratch4/jgray21/zhuggan1/repos/ER_Mutations/outputs/af3_wt_monomer/1a52_wt_monomer_apo/seed-71_sample-3/model.cif,21.28904856629154,2.9682648397845113
WT mono apo,1155,234,0,/scratch4/jgray21/zhuggan1/repos/ER_Mutations/outputs/af3_wt_monomer/1a52_wt_monomer_apo/seed-234_sample-0/model.cif,21.693684398545177,3.1369173604157017
WT mono apo,1156,161,1,/scratch4/jgray21/zhuggan1/repos/ER_Mutations/outputs/af3_wt_monomer/1a52_wt_monomer_apo/seed-161_sample-1/model.cif,20.653516764805225,3.33337651148878
WT mono apo,1157,68,0,/scratch4/jgray21/zhuggan1/repos/ER_Mutations/outputs/af3_wt_monomer/1a52_wt_monomer_apo/seed-68_sample-0/model.cif,-23.661089133083536,-0.5939987297288779
WT mono apo,1158,20,0,/scratch4/jgray21/zhuggan1/repos/ER_Mutations/outputs/af3_wt_monomer/1a52_wt_monomer_apo/seed-20_sample-0/model.cif,20.900000204660163,-1.216110084554272
WT mono apo,1159,163,2,/scratch4/jgray21/zhuggan1/repos/ER_Mutations/outputs/af3_wt_monomer/1a52_wt_monomer_apo/seed-163_sample-2/model.cif,20.868855990196167,-0.899953196350061
WT mono apo,1160,95,0,/scratch4/jgray21/zhuggan1/repos/ER_Mutations/outputs/af3_wt_monomer/1a52_wt_monomer_apo/seed-95_sample-0/model.cif,21.52877690892739,-1.390166682244555
WT mono apo,1161,37,1,/scratch4/jgray21/zhuggan1/repos/ER_Mutations/outputs/af3_wt_monomer/1a52_wt_monomer_apo/seed-37_sample-1/model.cif,20.38295217991295,-1.0883945758027687
WT mono apo,1162,182,3,/scratch4/jgray21/zhuggan1/repos/ER_Mutations/outputs/af3_wt_monomer/1a52_wt_monomer_apo/seed-182_sample-3/model.cif,20.53243378157282,3.515878772856961
WT mono apo,1163,4,1,/scratch4/jgray21/zhuggan1/repos/ER_Mutations/outputs/af3_wt_monomer/1a52_wt_monomer_apo/seed-4_sample-1/model.cif,21.173577186641847,-0.9625639133871629
WT mono apo,1164,2,3,/scratch4/jgray21/zhuggan1/repos/ER_Mutations/outputs/af3_wt_monomer/1a52_wt_monomer_apo/seed-2_sample-3/model.cif,20.141225997591373,-1.5626203491381148
WT mono apo,1165,211,3,/scratch4/jgray21/zhuggan1/repos/ER_Mutations/outputs/af3_wt_monomer/1a52_wt_monomer_apo/seed-211_sample-3/model.cif,-24.634347734560667,-0.5947676839369157
WT mono apo,1166,167,4,/scratch4/jgray21/zhuggan1/repos/ER_Mutations/outputs/af3_wt_monomer/1a52_wt_monomer_apo/seed-167_sample-4/model.cif,21.122204187935345,-1.0372015227579372
WT mono apo,1167,232,2,/scratch4/jgray21/zhuggan1/repos/ER_Mutations/outputs/af3_wt_monomer/1a52_wt_monomer_apo/seed-232_sample-2/model.cif,20.663951771973977,-0.8937505890654097
WT mono apo,1168,233,2,/scratch4/jgray21/zhuggan1/repos/ER_Mutations/outputs/af3_wt_monomer/1a52_wt_monomer_apo/seed-233_sample-2/model.cif,22.45541778966841,3.247948511952221
WT mono apo,1169,42,1,/scratch4/jgray21/zhuggan1/repos/ER_Mutations/outputs/af3_wt_monomer/1a52_wt_monomer_apo/seed-42_sample-1/model.cif,20.795565705555944,-1.3499201808947332
WT mono apo,1170,49,3,/scratch4/jgray21/zhuggan1/repos/ER_Mutations/outputs/af3_wt_monomer/1a52_wt_monomer_apo/seed-49_sample-3/model.cif,20.568904749842527,-1.3389845210884772
WT mono apo,1171,197,2,/scratch4/jgray21/zhuggan1/repos/ER_Mutations/outputs/af3_wt_monomer/1a52_wt_monomer_apo/seed-197_sample-2/model.cif,-23.039208339568702,-0.44678768092568727
WT mono apo,1172,218,3,/scratch4/jgray21/zhuggan1/repos/ER_Mutations/outputs/af3_wt_monomer/1a52_wt_monomer_apo/seed-218_sample-3/model.cif,21.377368083144944,-1.196876778224689
WT mono apo,1173,111,4,/scratch4/jgray21/zhuggan1/repos/ER_Mutations/outputs/af3_wt_monomer/1a52_wt_monomer_apo/seed-111_sample-4/model.cif,21.289798703400812,3.204556105379742
WT mono apo,1174,194,1,/scratch4/jgray21/zhuggan1/repos/ER_Mutations/outputs/af3_wt_monomer/1a52_wt_monomer_apo/seed-194_sample-1/model.cif,21.030958747577717,-1.2240615629487013
WT mono apo,1175,116,1,/scratch4/jgray21/zhuggan1/repos/ER_Mutations/outputs/af3_wt_monomer/1a52_wt_monomer_apo/seed-116_sample-1/model.cif,18.810933725643295,2.9874728489092206
WT mono apo,1176,73,1,/scratch4/jgray21/zhuggan1/repos/ER_Mutations/outputs/af3_wt_monomer/1a52_wt_monomer_apo/seed-73_sample-1/model.cif,18.881827849732904,-1.0909783676063227
WT mono apo,1177,243,2,/scratch4/jgray21/zhuggan1/repos/ER_Mutations/outputs/af3_wt_monomer/1a52_wt_monomer_apo/seed-243_sample-2/model.cif,22.113131055598654,3.0080693493222688
WT mono apo,1178,110,1,/scratch4/jgray21/zhuggan1/repos/ER_Mutations/outputs/af3_wt_monomer/1a52_wt_monomer_apo/seed-110_sample-1/model.cif,-22.117990238456358,-0.6483010853409686
WT mono apo,1179,12,4,/scratch4/jgray21/zhuggan1/repos/ER_Mutations/outputs/af3_wt_monomer/1a52_wt_monomer_apo/seed-12_sample-4/model.cif,21.02140150646188,-1.0764048702037166
WT mono apo,1180,37,2,/scratch4/jgray21/zhuggan1/repos/ER_Mutations/outputs/af3_wt_monomer/1a52_wt_monomer_apo/seed-37_sample-2/model.cif,20.57348005461045,3.443991316517443
WT mono apo,1181,137,3,/scratch4/jgray21/zhuggan1/repos/ER_Mutations/outputs/af3_wt_monomer/1a52_wt_monomer_apo/seed-137_sample-3/model.cif,-23.4030140183878,3.677951453022999
WT mono apo,1182,164,0,/scratch4/jgray21/zhuggan1/repos/ER_Mutations/outputs/af3_wt_monomer/1a52_wt_monomer_apo/seed-164_sample-0/model.cif,20.00869733245086,-1.0116331474727576
WT mono apo,1183,140,3,/scratch4/jgray21/zhuggan1/repos/ER_Mutations/outputs/af3_wt_monomer/1a52_wt_monomer_apo/seed-140_sample-3/model.cif,-23.408276139278534,-0.8656766009820014
WT mono apo,1184,3,3,/scratch4/jgray21/zhuggan1/repos/ER_Mutations/outputs/af3_wt_monomer/1a52_wt_monomer_apo/seed-3_sample-3/model.cif,20.650170115169985,-1.2722656462814903
WT mono apo,1185,37,4,/scratch4/jgray21/zhuggan1/repos/ER_Mutations/outputs/af3_wt_monomer/1a52_wt_monomer_apo/seed-37_sample-4/model.cif,21.13557380478906,-1.0948358094575499
WT mono apo,1186,68,3,/scratch4/jgray21/zhuggan1/repos/ER_Mutations/outputs/af3_wt_monomer/1a52_wt_monomer_apo/seed-68_sample-3/model.cif,-25.228812778458455,-0.42068836149530975
WT mono apo,1187,194,0,/scratch4/jgray21/zhuggan1/repos/ER_Mutations/outputs/af3_wt_monomer/1a52_wt_monomer_apo/seed-194_sample-0/model.cif,21.298857001108438,-1.390866888973379
WT mono apo,1188,195,3,/scratch4/jgray21/zhuggan1/repos/ER_Mutations/outputs/af3_wt_monomer/1a52_wt_monomer_apo/seed-195_sample-3/model.cif,21.135807687856424,-1.5744976001940947
WT mono apo,1189,215,3,/scratch4/jgray21/zhuggan1/repos/ER_Mutations/outputs/af3_wt_monomer/1a52_wt_monomer_apo/seed-215_sample-3/model.cif,20.334631074470394,-1.1932786832843743
WT mono apo,1190,140,2,/scratch4/jgray21/zhuggan1/repos/ER_Mutations/outputs/af3_wt_monomer/1a52_wt_monomer_apo/seed-140_sample-2/model.cif,-24.512004158420194,-0.7558698942570572
WT mono apo,1191,45,2,/scratch4/jgray21/zhuggan1/repos/ER_Mutations/outputs/af3_wt_monomer/1a52_wt_monomer_apo/seed-45_sample-2/model.cif,20.54247662204257,-1.0859848041424067
WT mono apo,1192,69,3,/scratch4/jgray21/zhuggan1/repos/ER_Mutations/outputs/af3_wt_monomer/1a52_wt_monomer_apo/seed-69_sample-3/model.cif,20.21984828723511,3.2850252590173055
WT mono apo,1193,226,4,/scratch4/jgray21/zhuggan1/repos/ER_Mutations/outputs/af3_wt_monomer/1a52_wt_monomer_apo/seed-226_sample-4/model.cif,17.079984309426386,-0.8585910176041056
WT mono apo,1194,62,3,/scratch4/jgray21/zhuggan1/repos/ER_Mutations/outputs/af3_wt_monomer/1a52_wt_monomer_apo/seed-62_sample-3/model.cif,20.16232284132081,-1.5195692895715134
WT mono apo,1195,62,2,/scratch4/jgray21/zhuggan1/repos/ER_Mutations/outputs/af3_wt_monomer/1a52_wt_monomer_apo/seed-62_sample-2/model.cif,20.530596786160558,-0.9440086633931166
WT mono apo,1196,235,4,/scratch4/jgray21/zhuggan1/repos/ER_Mutations/outputs/af3_wt_monomer/1a52_wt_monomer_apo/seed-235_sample-4/model.cif,19.414176116909974,-1.3057910283734961
WT mono apo,1197,6,2,/scratch4/jgray21/zhuggan1/repos/ER_Mutations/outputs/af3_wt_monomer/1a52_wt_monomer_apo/seed-6_sample-2/model.cif,21.531629888658212,-1.253065773543326
WT mono apo,1198,218,4,/scratch4/jgray21/zhuggan1/repos/ER_Mutations/outputs/af3_wt_monomer/1a52_wt_monomer_apo/seed-218_sample-4/model.cif,19.21247601590192,-1.2143360698339443
WT mono apo,1199,68,1,/scratch4/jgray21/zhuggan1/repos/ER_Mutations/outputs/af3_wt_monomer/1a52_wt_monomer_apo/seed-68_sample-1/model.cif,-24.227375885728687,-0.4710443256879909
WT mono apo,1200,235,0,/scratch4/jgray21/zhuggan1/repos/ER_Mutations/outputs/af3_wt_monomer/1a52_wt_monomer_apo/seed-235_sample-0/model.cif,20.39501659613019,2.666505374434505
WT mono apo,1201,207,2,/scratch4/jgray21/zhuggan1/repos/ER_Mutations/outputs/af3_wt_monomer/1a52_wt_monomer_apo/seed-207_sample-2/model.cif,21.19459567530818,-1.3038055346608397
WT mono apo,1202,70,2,/scratch4/jgray21/zhuggan1/repos/ER_Mutations/outputs/af3_wt_monomer/1a52_wt_monomer_apo/seed-70_sample-2/model.cif,20.767728156286584,2.683328954481494
WT mono apo,1203,195,0,/scratch4/jgray21/zhuggan1/repos/ER_Mutations/outputs/af3_wt_monomer/1a52_wt_monomer_apo/seed-195_sample-0/model.cif,20.156264127809333,-1.3401629735299088
WT mono apo,1204,116,4,/scratch4/jgray21/zhuggan1/repos/ER_Mutations/outputs/af3_wt_monomer/1a52_wt_monomer_apo/seed-116_sample-4/model.cif,22.011850094534296,-2.1528156148744015
WT mono apo,1205,207,1,/scratch4/jgray21/zhuggan1/repos/ER_Mutations/outputs/af3_wt_monomer/1a52_wt_monomer_apo/seed-207_sample-1/model.cif,21.813535396234652,-1.0791685207391555
WT mono apo,1206,42,3,/scratch4/jgray21/zhuggan1/repos/ER_Mutations/outputs/af3_wt_monomer/1a52_wt_monomer_apo/seed-42_sample-3/model.cif,17.232939774803313,2.7865267971414798
WT mono apo,1207,12,1,/scratch4/jgray21/zhuggan1/repos/ER_Mutations/outputs/af3_wt_monomer/1a52_wt_monomer_apo/seed-12_sample-1/model.cif,20.785939061125113,2.7806396689957262
WT mono apo,1208,19,2,/scratch4/jgray21/zhuggan1/repos/ER_Mutations/outputs/af3_wt_monomer/1a52_wt_monomer_apo/seed-19_sample-2/model.cif,20.697720156548094,-0.37101310061059906
WT mono apo,1209,55,1,/scratch4/jgray21/zhuggan1/repos/ER_Mutations/outputs/af3_wt_monomer/1a52_wt_monomer_apo/seed-55_sample-1/model.cif,18.961834857443392,2.8826498875619113
WT mono apo,1210,7,3,/scratch4/jgray21/zhuggan1/repos/ER_Mutations/outputs/af3_wt_monomer/1a52_wt_monomer_apo/seed-7_sample-3/model.cif,17.053129111829094,2.803437696759014
WT mono apo,1211,185,2,/scratch4/jgray21/zhuggan1/repos/ER_Mutations/outputs/af3_wt_monomer/1a52_wt_monomer_apo/seed-185_sample-2/model.cif,18.84935700397749,-1.096809904883647
WT mono apo,1212,104,2,/scratch4/jgray21/zhuggan1/repos/ER_Mutations/outputs/af3_wt_monomer/1a52_wt_monomer_apo/seed-104_sample-2/model.cif,21.274267252586437,-1.2101583868188368
WT mono apo,1213,33,4,/scratch4/jgray21/zhuggan1/repos/ER_Mutations/outputs/af3_wt_monomer/1a52_wt_monomer_apo/seed-33_sample-4/model.cif,16.55750408147194,-1.2313774840119192
WT mono apo,1214,237,0,/scratch4/jgray21/zhuggan1/repos/ER_Mutations/outputs/af3_wt_monomer/1a52_wt_monomer_apo/seed-237_sample-0/model.cif,-23.571325885918203,-0.670340033135576
WT mono apo,1215,31,0,/scratch4/jgray21/zhuggan1/repos/ER_Mutations/outputs/af3_wt_monomer/1a52_wt_monomer_apo/seed-31_sample-0/model.cif,20.15465983769721,3.3262665641546363
WT mono apo,1216,228,3,/scratch4/jgray21/zhuggan1/repos/ER_Mutations/outputs/af3_wt_monomer/1a52_wt_monomer_apo/seed-228_sample-3/model.cif,19.480550892208875,-1.093922927406171
WT mono apo,1217,102,2,/scratch4/jgray21/zhuggan1/repos/ER_Mutations/outputs/af3_wt_monomer/1a52_wt_monomer_apo/seed-102_sample-2/model.cif,18.155766933416803,-1.5293818403398463
WT mono apo,1218,195,1,/scratch4/jgray21/zhuggan1/repos/ER_Mutations/outputs/af3_wt_monomer/1a52_wt_monomer_apo/seed-195_sample-1/model.cif,21.655291063891564,-1.4594015349439304
WT mono apo,1219,86,1,/scratch4/jgray21/zhuggan1/repos/ER_Mutations/outputs/af3_wt_monomer/1a52_wt_monomer_apo/seed-86_sample-1/model.cif,19.945789743380978,-1.4502791239620338
WT mono apo,1220,76,2,/scratch4/jgray21/zhuggan1/repos/ER_Mutations/outputs/af3_wt_monomer/1a52_wt_monomer_apo/seed-76_sample-2/model.cif,21.032221683287503,3.200185850623375
WT mono apo,1221,158,4,/scratch4/jgray21/zhuggan1/repos/ER_Mutations/outputs/af3_wt_monomer/1a52_wt_monomer_apo/seed-158_sample-4/model.cif,18.426495636958798,-0.7839031762360315
WT mono apo,1222,158,2,/scratch4/jgray21/zhuggan1/repos/ER_Mutations/outputs/af3_wt_monomer/1a52_wt_monomer_apo/seed-158_sample-2/model.cif,17.329186203590993,-1.4562516445177214
WT mono apo,1223,9,1,/scratch4/jgray21/zhuggan1/repos/ER_Mutations/outputs/af3_wt_monomer/1a52_wt_monomer_apo/seed-9_sample-1/model.cif,22.147253527544002,-1.0477443534313644
WT mono apo,1224,169,1,/scratch4/jgray21/zhuggan1/repos/ER_Mutations/outputs/af3_wt_monomer/1a52_wt_monomer_apo/seed-169_sample-1/model.cif,17.00358272553325,-0.5345360466185821
WT mono apo,1225,211,2,/scratch4/jgray21/zhuggan1/repos/ER_Mutations/outputs/af3_wt_monomer/1a52_wt_monomer_apo/seed-211_sample-2/model.cif,-23.656424137553813,-0.9602043122354152
WT mono apo,1226,15,1,/scratch4/jgray21/zhuggan1/repos/ER_Mutations/outputs/af3_wt_monomer/1a52_wt_monomer_apo/seed-15_sample-1/model.cif,20.903546915129574,-1.1895269027227862
WT mono apo,1227,81,4,/scratch4/jgray21/zhuggan1/repos/ER_Mutations/outputs/af3_wt_monomer/1a52_wt_monomer_apo/seed-81_sample-4/model.cif,16.887581966209343,-1.7668594230613899
WT mono apo,1228,15,4,/scratch4/jgray21/zhuggan1/repos/ER_Mutations/outputs/af3_wt_monomer/1a52_wt_monomer_apo/seed-15_sample-4/model.cif,19.319173608581938,-1.2098842134931556
WT mono apo,1229,61,3,/scratch4/jgray21/zhuggan1/repos/ER_Mutations/outputs/af3_wt_monomer/1a52_wt_monomer_apo/seed-61_sample-3/model.cif,20.224899776455388,-1.0510552704988159
WT mono apo,1230,6,1,/scratch4/jgray21/zhuggan1/repos/ER_Mutations/outputs/af3_wt_monomer/1a52_wt_monomer_apo/seed-6_sample-1/model.cif,19.67387600546947,-1.3079586820099356
WT mono apo,1231,215,4,/scratch4/jgray21/zhuggan1/repos/ER_Mutations/outputs/af3_wt_monomer/1a52_wt_monomer_apo/seed-215_sample-4/model.cif,20.019437943847713,-0.570907991040587
WT mono apo,1232,6,3,/scratch4/jgray21/zhuggan1/repos/ER_Mutations/outputs/af3_wt_monomer/1a52_wt_monomer_apo/seed-6_sample-3/model.cif,19.5285474467114,-0.9964313528448946
WT mono apo,1233,181,2,/scratch4/jgray21/zhuggan1/repos/ER_Mutations/outputs/af3_wt_monomer/1a52_wt_monomer_apo/seed-181_sample-2/model.cif,21.080668647769176,3.231692471502454
WT mono apo,1234,194,3,/scratch4/jgray21/zhuggan1/repos/ER_Mutations/outputs/af3_wt_monomer/1a52_wt_monomer_apo/seed-194_sample-3/model.cif,21.327053111446855,-1.4828049008083242
WT mono apo,1235,135,4,/scratch4/jgray21/zhuggan1/repos/ER_Mutations/outputs/af3_wt_monomer/1a52_wt_monomer_apo/seed-135_sample-4/model.cif,21.114412224023578,-0.6055031712938882
WT mono apo,1236,91,3,/scratch4/jgray21/zhuggan1/repos/ER_Mutations/outputs/af3_wt_monomer/1a52_wt_monomer_apo/seed-91_sample-3/model.cif,20.846756567852342,-1.094067561167275
WT mono apo,1237,95,2,/scratch4/jgray21/zhuggan1/repos/ER_Mutations/outputs/af3_wt_monomer/1a52_wt_monomer_apo/seed-95_sample-2/model.cif,20.72407860797915,-0.8939823856635716
WT mono apo,1238,227,4,/scratch4/jgray21/zhuggan1/repos/ER_Mutations/outputs/af3_wt_monomer/1a52_wt_monomer_apo/seed-227_sample-4/model.cif,18.277834372039333,-1.1783536884684929
WT mono apo,1239,163,4,/scratch4/jgray21/zhuggan1/repos/ER_Mutations/outputs/af3_wt_monomer/1a52_wt_monomer_apo/seed-163_sample-4/model.cif,17.527393536830218,3.1700604609160012
WT mono apo,1240,135,2,/scratch4/jgray21/zhuggan1/repos/ER_Mutations/outputs/af3_wt_monomer/1a52_wt_monomer_apo/seed-135_sample-2/model.cif,21.5686204103505,-1.1777670860437426
WT mono apo,1241,213,1,/scratch4/jgray21/zhuggan1/repos/ER_Mutations/outputs/af3_wt_monomer/1a52_wt_monomer_apo/seed-213_sample-1/model.cif,16.21036734555022,-1.294927907987608
WT mono apo,1242,180,2,/scratch4/jgray21/zhuggan1/repos/ER_Mutations/outputs/af3_wt_monomer/1a52_wt_monomer_apo/seed-180_sample-2/model.cif,20.93025133389171,-1.4893054145797238
WT mono apo,1243,229,2,/scratch4/jgray21/zhuggan1/repos/ER_Mutations/outputs/af3_wt_monomer/1a52_wt_monomer_apo/seed-229_sample-2/model.cif,18.635550063758608,-1.0231804559891644
WT mono apo,1244,111,1,/scratch4/jgray21/zhuggan1/repos/ER_Mutations/outputs/af3_wt_monomer/1a52_wt_monomer_apo/seed-111_sample-1/model.cif,19.874307398870553,-1.4637621192184287
WT mono apo,1245,118,4,/scratch4/jgray21/zhuggan1/repos/ER_Mutations/outputs/af3_wt_monomer/1a52_wt_monomer_apo/seed-118_sample-4/model.cif,18.68133014320027,-1.081594359220485
WT mono apo,1246,148,1,/scratch4/jgray21/zhuggan1/repos/ER_Mutations/outputs/af3_wt_monomer/1a52_wt_monomer_apo/seed-148_sample-1/model.cif,16.339565818775064,3.072928414352419
WT mono apo,1247,242,3,/scratch4/jgray21/zhuggan1/repos/ER_Mutations/outputs/af3_wt_monomer/1a52_wt_monomer_apo/seed-242_sample-3/model.cif,21.005840253660327,3.1058643317372514
WT mono apo,1248,87,1,/scratch4/jgray21/zhuggan1/repos/ER_Mutations/outputs/af3_wt_monomer/1a52_wt_monomer_apo/seed-87_sample-1/model.cif,-7.106465262907824,2.7022620242460436
WT mono apo,1249,61,1,/scratch4/jgray21/zhuggan1/repos/ER_Mutations/outputs/af3_wt_monomer/1a52_wt_monomer_apo/seed-61_sample-1/model.cif,18.782411707651544,-1.376725637174945
WT mono apo,1250,10,3,/scratch4/jgray21/zhuggan1/repos/ER_Mutations/outputs/af3_wt_monomer/1a52_wt_monomer_apo/seed-10_sample-3/model.cif,-2.5886381774887908,-2.9237923381287083
