variant,state,seed,sample,cluster,PC1,PC2
H524L,holo,149,4,1,12.597009112588996,2.8780834418050207
H524L,holo,230,2,1,11.654198792247177,1.1177983938483556
H524L,holo,224,1,1,12.869535566793203,0.9231937302893201
H524L,holo,63,3,1,12.497979149851309,1.4605769248776725
H524L,holo,201,2,1,12.036939292025249,-0.003251919735565513
H524L,holo,55,0,1,10.79950735178609,0.8483011365253889
H524L,holo,75,0,1,10.480177388670018,-0.5463503448298627
H524L,holo,8,4,1,12.461682093712348,-0.3540134383050138
H524L,holo,138,3,1,10.754690175237084,0.41473843699002816
H524L,holo,160,0,0,-7.311707366855551,4.093604288504759
H524L,holo,168,2,1,12.733926706178655,1.5967799959700073
H524L,holo,82,4,1,11.68608427040482,1.3428812117094435
H524L,holo,174,2,1,11.961482178224403,1.3028621885323852
H524L,holo,122,1,1,11.360482106247305,0.23227851026194715
H524L,holo,112,1,1,11.238350301690723,0.550771057042981
H524L,holo,189,1,1,11.274797378286367,1.7768642168856867
H524L,holo,103,4,1,11.590415741931313,0.63179126062616
H524L,holo,80,0,1,11.97626486350399,-0.33749215143837163
H524L,holo,223,1,1,11.583402405003778,0.8239555307560907
H524L,holo,191,3,1,11.958519042176517,0.41166369575328327
H524L,holo,149,3,1,11.68460609674847,2.2345427773891022
H524L,holo,172,4,1,12.90238296063055,1.2738793711061687
H524L,holo,168,3,1,11.247679581612338,0.08962845421129795
H524L,holo,49,0,1,11.290351433439115,1.8506941037304256
H524L,holo,122,2,1,11.821378310234198,1.8695248663938375
H524L,holo,250,0,1,11.768855400277536,0.24850475200001138
H524L,holo,36,4,1,11.038715566057075,0.5161653347692735
H524L,holo,167,4,1,11.589909852626363,0.4714049065953787
H524L,holo,136,1,1,11.74139015765832,0.6642125770181024
H524L,holo,178,2,1,11.384356867470721,0.5137453573770784
H524L,holo,62,0,1,11.141107059373303,-0.1448214522418386
H524L,holo,151,3,1,10.539041151369066,0.06795227571448634
H524L,holo,171,0,1,11.054620100876638,0.30229962829948337
H524L,holo,99,2,1,10.854793070216672,0.8067535414240921
H524L,holo,140,3,1,11.249215966504496,0.2175461160387248
H524L,holo,105,4,1,10.824293030567734,-0.5842186557203536
H524L,holo,48,4,1,10.536986818320258,-0.30659789936051635
H524L,holo,39,4,1,11.521026701833412,0.8735342356501516
H524L,holo,115,4,1,11.613938008216152,0.7773209061996779
H524L,holo,76,4,1,11.999456499084989,0.48529005948208737
H524L,holo,144,4,1,11.369617719809195,0.11737107034039446
H524L,holo,227,4,1,10.289835345221341,0.48405824734726616
H524L,holo,119,4,1,11.345503252962459,1.2327435465936123
H524L,holo,175,0,1,10.630080452988409,0.7028428182646805
H524L,holo,191,0,1,10.813085120971113,-0.5670063679957618
H524L,holo,63,0,1,11.818377344386635,1.132175678947439
H524L,holo,211,2,1,11.05301799639249,1.0596160216797361
H524L,holo,82,0,1,10.4596281821322,1.1086935162040223
H524L,holo,140,2,1,11.176413109929259,0.08834536666676958
H524L,holo,82,3,1,9.561880615623508,-0.3454223526542574
H524L,holo,198,0,1,10.976784856651506,0.050440505516112955
H524L,holo,95,2,1,10.937455667512525,0.48293770900879923
H524L,holo,171,4,1,10.837255989318368,-0.38976847539924153
H524L,holo,98,2,1,9.746629240225557,-0.5073554960487946
H524L,holo,45,1,1,10.593199355736246,1.457201549017349
H524L,holo,120,4,1,12.081834617258723,0.7419604835180146
H524L,holo,23,2,1,11.412721328332443,1.510071953526475
H524L,holo,13,3,1,12.21328096490026,0.6275302161021535
H524L,holo,245,0,0,-3.8111716139134777,3.019734623992994
H524L,holo,149,2,1,11.330442778613332,1.0492689839095908
H524L,holo,68,2,0,-5.369685287157909,3.6786737201584683
H524L,holo,212,2,1,12.609037726410993,1.32117807956774
H524L,holo,175,4,1,10.23101652141215,-1.4833176882436918
H524L,holo,250,2,1,11.035706724650126,0.4091555980766014
H524L,holo,113,1,1,11.380114882952192,1.3092346351198816
H524L,holo,89,2,1,12.235836617755961,1.3389841406919776
H524L,holo,148,3,0,-3.827098768107189,2.434958611114119
H524L,holo,51,0,1,11.06868833770645,0.5111618938862026
H524L,holo,231,3,1,10.617107588493,0.12359487570361564
H524L,holo,117,3,1,11.03341314098791,0.06809725635426996
H524L,holo,44,2,1,10.772291305436926,-0.49311698495438167
H524L,holo,38,3,0,-3.8494641449034943,3.475808941033931
H524L,holo,223,4,0,-4.512138484210979,2.2928322003654618
H524L,holo,188,4,1,11.851015941689328,2.349223224249672
H524L,holo,177,0,1,11.318695204879036,0.03178999113488612
H524L,holo,131,0,1,10.851855601670902,-0.4661187785834549
H524L,holo,189,0,1,11.55243635175221,0.23537511154441182
H524L,holo,124,3,1,11.294042110936044,0.5509624319743641
H524L,holo,201,3,1,10.537206412246624,0.5478821157006465
H524L,holo,27,3,1,11.628939536740452,1.0707432523433196
H524L,holo,105,3,1,11.041898296022246,0.4502821440384296
H524L,holo,124,2,1,10.819968294126383,-0.30011251041747267
H524L,holo,36,2,1,11.734427434530499,0.28194969229155203
H524L,holo,239,2,1,10.939718589431296,-0.49690402908727904
H524L,holo,113,4,1,11.158299232550883,0.7781380081565732
H524L,holo,4,3,1,10.015258082547852,-0.7393288365349083
H524L,holo,206,0,1,10.133793252685976,1.0050770013983341
H524L,holo,67,0,1,11.28904775825516,1.1324785984626833
H524L,holo,84,1,1,11.225947437682139,0.013902858226901524
H524L,holo,124,1,1,11.54607183289623,0.2901129809498045
H524L,holo,169,2,1,10.64449443220706,0.8051140309846276
H524L,holo,107,3,1,7.858581624298284,-1.3451018335815406
H524L,holo,89,4,1,7.0246311919857085,1.3763496002318045
H524L,holo,105,1,1,11.351581484306212,0.7851825474313481
H524L,holo,121,2,1,10.968704388327454,0.021068701111489903
H524L,holo,248,4,1,9.126510569637167,-2.388353290679238
H524L,holo,159,1,1,10.693162370388919,0.18464562072317242
H524L,holo,26,4,1,12.30188920146474,2.326890151715374
H524L,holo,76,1,1,10.600217229560071,0.3050815918612306
H524L,holo,52,2,0,-4.8922894980411495,2.5787060714486483
H524L,holo,91,2,1,11.666123825913282,0.28538112233995094
H524L,holo,52,4,1,10.064732045242506,0.5359866657361683
H524L,holo,166,3,0,-5.20381880927156,2.6286287793665775
H524L,holo,155,2,0,-6.603290081385962,3.137334293500945
H524L,holo,26,0,1,11.075199445812213,0.7813406493541696
H524L,holo,64,1,0,-5.594832838862391,2.850677273721365
H524L,holo,3,0,1,11.431353927891537,2.093995239245529
H524L,holo,81,0,1,11.049510840718948,1.2154828409306049
H524L,holo,164,1,1,11.4750051177379,0.7211119774342277
H524L,holo,188,3,1,11.88679623649331,0.6345217360104592
H524L,holo,12,1,1,11.344359191644033,0.13228874634438406
H524L,holo,154,0,1,10.671442184174607,0.3240822874357835
H524L,holo,96,1,0,-5.350196611240813,3.693296265649293
H524L,holo,29,2,1,10.89469158284512,-0.3868247576076958
H524L,holo,131,3,1,11.384355699915899,-0.06008477751118092
H524L,holo,21,3,1,11.152143561468751,0.5723653387405732
H524L,holo,150,4,0,-5.814879406194277,3.181734174304413
H524L,holo,199,2,0,-7.334227147991235,2.487436094821051
H524L,holo,172,0,0,-4.2837479582805456,3.209881173054284
H524L,holo,21,1,0,-3.9108461432160335,3.285509594076663
H524L,holo,205,1,0,-3.4717111528852205,2.1104309461634965
H524L,holo,1,3,0,-4.55066199748199,3.6182424742379484
H524L,holo,89,3,1,11.387326543976714,0.9332904147462516
H524L,holo,66,0,1,10.912744298094829,-0.5182410211202517
H524L,holo,233,4,0,-5.324866352886848,2.8791061141765226
H524L,holo,19,3,1,3.963592316984718,-0.07182338430732303
H524L,holo,69,2,1,11.44957046979784,0.18784585451028007
H524L,holo,143,2,1,10.995781140228036,0.2952197464195671
H524L,holo,147,4,0,-7.045185124036036,2.307852841126672
H524L,holo,76,3,0,-4.870193694225293,2.9377248215684046
H524L,holo,172,1,1,11.530057363170629,1.6694384757793144
H524L,holo,211,3,0,-5.287118688008265,2.777319922999534
H524L,holo,66,3,1,11.184734191338155,-0.3150421201124626
H524L,holo,145,3,0,-5.690448486852046,3.2459550694318398
H524L,holo,37,0,0,-4.436570375022031,3.3019821442709683
H524L,holo,120,2,0,-5.481478427587838,3.591576794229024
H524L,holo,55,2,0,-5.304783491238652,3.178223910497279
H524L,holo,178,4,0,-4.750681594823927,2.9720871090315915
H524L,holo,161,0,0,-5.0512272547706365,3.1235068333557514
H524L,holo,124,4,1,10.799942423031888,0.9831300144707992
H524L,holo,106,2,1,11.109142649835329,0.9266107950171256
H524L,holo,180,3,0,-5.976077836989075,3.781225011132392
H524L,holo,126,2,0,-10.611757953056072,-0.18156343935022456
H524L,holo,212,1,1,10.918259043147057,-0.21972576821931317
H524L,holo,37,2,0,-4.149344689931037,3.732483883255883
H524L,holo,43,4,1,11.74038049747478,0.33629447506374943
H524L,holo,90,0,0,-6.110981442966787,2.500649784568786
H524L,holo,214,0,0,-4.638326800849465,3.670278720971992
H524L,holo,41,1,1,11.232336422608915,0.2381291284099404
H524L,holo,59,0,0,-6.6959886035965965,3.807866019815182
H524L,holo,119,3,0,-6.594925479508264,1.9103167989969627
H524L,holo,126,3,0,-6.16282396886211,1.6840413255058055
H524L,holo,39,0,1,11.419407572667252,0.44432080023298354
H524L,holo,193,2,0,-6.489910719373242,2.355584114605539
H524L,holo,5,3,1,10.605222963738564,0.5619004962930836
H524L,holo,234,1,0,-6.268494294507852,3.282733902444699
H524L,holo,198,4,0,-9.862843498011758,0.7888170679770984
H524L,holo,66,1,1,10.674864327469784,-0.13633995748468072
H524L,holo,212,3,1,10.38911689498636,1.151136190172522
H524L,holo,225,1,0,-5.380091567213624,3.7583478422472676
H524L,holo,187,1,0,-8.610936999708377,2.462466301077205
H524L,holo,242,1,1,11.430475682828733,1.2198619454614983
H524L,holo,145,4,0,-6.749617533349206,2.683032679048791
H524L,holo,52,3,0,-4.819897618005343,0.8112525826420601
H524L,holo,11,0,0,-8.327048542183942,1.3205586075851636
H524L,holo,27,0,1,10.341344458591411,0.6268499482366605
H524L,holo,44,0,0,-6.452687596301712,1.468286741952485
H524L,holo,31,0,0,-9.237835384587687,-1.5803047289551642
H524L,holo,121,3,0,-6.581928487820102,0.7703304099318071
H524L,holo,63,4,0,-5.965831812225538,3.5573295947660704
H524L,holo,203,1,0,-4.557508421337619,3.3183298307165447
H524L,holo,40,2,0,-4.970523624840289,2.8438373904435927
H524L,holo,124,0,0,-5.506414357001501,1.8861668939420368
H524L,holo,11,4,0,-4.107592255481805,2.2276448086750373
H524L,holo,198,3,0,-9.41794655811255,-1.0015001801632153
H524L,holo,17,2,1,11.936752668384909,-0.2520884434217062
H524L,holo,138,0,0,-7.91165481976315,1.6034430436606557
H524L,holo,64,3,0,-5.366162787443136,1.8383979642440595
H524L,holo,31,1,0,-6.368488296672055,1.0759131095984948
H524L,holo,154,3,0,-4.814977494882867,0.8912563660163427
H524L,holo,111,4,0,-5.690799837745911,1.5134539727660674
H524L,holo,147,2,0,-6.140609690618042,0.7369474959763854
H524L,holo,119,1,0,-6.731650371232231,1.1125404062975786
H524L,holo,31,2,0,-5.801716079072001,0.8891160394389316
H524L,holo,198,1,0,-6.925447721445186,1.3205151574176823
H524L,holo,222,0,0,-8.066156037890252,2.678532998380473
H524L,holo,64,4,0,-5.719020755305771,2.095584070767921
H524L,holo,103,1,0,-4.81335052531413,1.4641271215499834
H524L,holo,93,0,0,-3.9802073843745753,2.982500185649238
H524L,holo,23,4,0,-4.676717015858758,1.2136915019309722
H524L,holo,227,3,0,-5.458080566803443,2.780547429655923
H524L,holo,236,3,0,-5.149606632298473,0.5791640887800521
H524L,holo,62,1,0,-5.124215437807309,0.9685295556575649
H524L,holo,133,1,0,-6.139429991002019,1.5850377062696501
H524L,holo,66,2,1,11.878803350760156,0.754660711390681
H524L,holo,222,4,0,-6.31627164395401,1.0720579520684157
H524L,holo,148,4,0,-5.278942055903074,1.3161130426886427
H524L,holo,117,4,0,-5.8743159361721755,1.371553877445752
H524L,holo,231,4,0,-5.657291180647043,0.9389328031632663
H524L,holo,193,4,0,-10.3580004323928,0.2530286215843946
H524L,holo,67,3,1,11.147983188682904,0.26488800583373157
H524L,holo,17,4,1,11.042920413365533,-0.5472848347468294
H524L,holo,155,3,0,-9.194460603693278,1.57205190699521
H524L,holo,16,0,0,-5.947214652459039,2.3013747251873187
H524L,holo,245,4,0,-6.0308143018701585,1.7953499603845329
H524L,holo,171,2,0,-9.021568176741726,0.29353716366486116
H524L,holo,142,0,1,9.986790871579245,0.0693414464749527
H524L,holo,154,1,0,-4.407835437769479,1.3559145335477891
H524L,holo,57,0,0,-7.21903759618421,2.034417659745452
H524L,holo,44,4,0,-5.868573070646962,0.3654881937851383
H524L,holo,147,3,0,-4.3354231253315945,0.9463361822562737
H524L,holo,221,0,0,-10.142894685860218,0.60167125286077
H524L,holo,203,4,0,-10.724795692110312,-0.13689926678505646
H524L,holo,231,0,0,-3.428388628004801,1.5569894135201585
H524L,holo,82,2,0,-5.164294106398986,2.24994309731667
H524L,holo,125,4,0,-4.821628839749737,1.7659717023648613
H524L,holo,51,1,0,-5.956148404851792,1.7509427600756904
H524L,holo,22,0,0,-5.911822790225565,1.5441370981768365
H524L,holo,119,0,0,-6.785548417667832,2.020320358418554
H524L,holo,222,3,0,-6.029483611655474,1.4409809900014672
H524L,holo,98,4,0,-5.841174446767777,0.8980671637005372
H524L,holo,119,2,0,-10.400213179622614,0.6720295931850231
H524L,holo,211,4,0,-9.52012989632925,-0.19777347408433432
H524L,holo,223,3,0,-7.583238059430249,1.34741780626398
H524L,holo,34,0,1,11.343274842276102,0.36161122845893534
H524L,holo,51,3,0,-4.514522659737436,0.7630047004136398
H524L,holo,182,2,0,-6.63855064530092,2.171441243883913
H524L,holo,48,1,0,-5.319230852388081,0.1847807780291236
H524L,holo,193,0,0,-5.3038610932227295,2.2878279774001555
H524L,holo,130,1,0,-7.506155009426394,1.6588184215846296
H524L,holo,49,4,0,-4.852611696437067,0.9782875238171367
H524L,holo,22,2,0,-5.585628799038241,2.364859656414568
H524L,holo,143,4,1,10.911357403683148,-0.003014984833907208
H524L,holo,157,4,0,-10.263926597307034,0.09927684369377945
H524L,holo,133,3,0,-5.757296826477159,1.810076766859016
H524L,holo,199,4,0,-6.330084608730674,0.8600675949695417
H524L,holo,9,0,0,-8.882717519631186,1.3864854577550525
H524L,holo,187,0,0,-6.183240112942452,2.1129187166455687
H524L,holo,133,4,0,-7.653751364622535,1.7945541706950883
H524L,holo,226,2,0,-6.292809021197545,0.6519472921457039
H524L,holo,118,1,0,-5.9718881477958865,1.0652250398541934
H524L,holo,187,3,0,-10.324744124345282,0.7926756152281778
H524L,holo,147,0,0,-5.515452437654651,0.6785234109814542
H524L,holo,86,3,0,-6.297859120610608,2.720008665516124
H524L,holo,50,3,0,-4.106895897659318,2.6376650941926965
H524L,holo,197,3,0,-5.843657798367649,1.7506930904582987
H524L,holo,92,1,0,-3.226120540098393,1.1919948159958575
H524L,holo,30,4,0,-5.436870863483667,3.218092544531307
H524L,holo,31,3,0,-6.403124771376496,0.6059226843117649
H524L,holo,111,1,0,-6.886893549974347,1.4302834065210406
H524L,holo,98,1,0,-6.4722400753976395,1.4648748565153327
H524L,holo,221,3,0,-6.6871679205943115,1.8090676855972552
H524L,holo,197,2,0,-6.676006762161767,1.5313790927275885
H524L,holo,133,0,0,-6.525798008462871,1.341913660012838
H524L,holo,214,2,1,10.85241711826826,0.47625383278274036
H524L,holo,62,3,0,-4.8930811555296305,1.3969869590049337
H524L,holo,38,1,0,-7.1311312186725075,1.5628770832525114
H524L,holo,100,1,0,-4.722471068469513,1.002421144963732
H524L,holo,82,1,0,-4.410295357915383,1.1944494295620824
H524L,holo,226,4,0,-8.960219360905834,-0.9171356005209528
H524L,holo,120,1,0,-8.80800653517978,1.3911135578835032
H524L,holo,51,4,0,-3.5521462416442646,0.3636395447556615
H524L,holo,103,3,0,-9.172316115079624,-0.35826829090467116
H524L,holo,221,4,0,-10.41440336915817,0.37393363626110376
H524L,holo,154,2,0,-8.349755700423595,-1.4272891631313496
H524L,holo,224,3,0,-4.864108254879345,2.1559682095069093
H524L,holo,11,1,0,-7.072366006767643,1.8029277643683745
H524L,holo,44,1,0,-5.255723222050149,1.2797327559407203
H524L,holo,117,2,0,-10.330801344595589,1.283754136612237
H524L,holo,98,0,0,-3.748696380580843,2.124820670929658
H524L,holo,5,0,0,-6.707237135689245,0.9636466882077889
H524L,holo,221,2,0,-6.913326786537445,1.2456830437039883
H524L,holo,137,4,0,-8.27168710219922,2.014624948719349
H524L,holo,129,1,0,-8.462191803786427,-0.2407025829565901
H524L,holo,237,4,0,-5.92789714785487,1.3453833493407275
H524L,holo,240,3,1,11.584150435587913,1.0945425493606893
H524L,holo,211,0,0,-4.873712952013936,1.5494041432040724
H524L,holo,238,3,0,-7.090368276656485,1.0631118344029913
H524L,holo,153,0,0,-6.4131138630123035,1.302828995955068
H524L,holo,77,1,0,-4.238431819076274,0.6397415531298908
H524L,holo,230,1,0,-2.8513688266392587,1.2378885410738465
H524L,holo,173,4,0,-10.314855848458592,0.08115286096927608
H524L,holo,77,4,0,-4.679027399687368,0.7735527308345161
H524L,holo,48,0,0,-6.090820270377303,1.622455932461698
H524L,holo,104,2,0,-6.04959939487121,0.9174433684562197
H524L,holo,219,1,0,-7.2835379125325925,2.410932674927088
H524L,holo,45,3,0,-7.847544760689339,1.6285448840285541
H524L,holo,157,1,0,-6.607071739932531,0.9551003813970516
H524L,holo,154,4,0,-9.137535891527655,-1.1955058867449144
H524L,holo,74,3,0,-6.232903332784706,1.933908637242653
H524L,holo,41,4,0,-3.8568906378316106,1.094219072664409
H524L,holo,163,0,0,-5.734201910330502,0.7659720472982061
H524L,holo,195,0,0,-6.607694893923439,1.8429305902438897
H524L,holo,24,1,0,-7.8675083483229,2.1582954912979826
H524L,holo,17,1,1,11.664254101772086,1.9694625264331096
H524L,holo,219,0,0,-5.8093354676235265,1.492597370359517
H524L,holo,234,0,0,-10.34712949411166,0.5970915067016015
H524L,holo,137,0,0,-10.029350340362408,0.42148237986363496
H524L,holo,11,2,0,-5.6188989281478925,1.1010733686570904
H524L,holo,26,3,0,-4.298993564975254,1.2887070441597055
H524L,holo,62,4,0,-6.0623561061315145,0.4531713794329039
H524L,holo,189,4,0,-5.82479063714618,0.5351167042631713
H524L,holo,103,0,0,-5.264022688553013,1.9337627801347808
H524L,holo,92,3,0,-4.76537550011092,0.47609799057535396
H524L,holo,84,0,0,-6.162551612617099,1.5339374479103784
H524L,holo,93,3,0,-6.290123790453063,1.0466592253012372
H524L,holo,249,1,0,-4.456074328313186,1.1314989027502413
H524L,holo,120,3,0,-6.098885344334044,0.9044368499036114
H524L,holo,58,4,0,-6.802157973927306,1.9183979936659419
H524L,holo,233,2,0,-6.43421305198046,0.3556263419216399
H524L,holo,3,3,0,-4.430441729044275,3.647592047768911
H524L,holo,4,4,0,-5.673563888871556,0.60706970558217
H524L,holo,56,1,0,-5.0410088191703055,0.9981971953081661
H524L,holo,197,0,0,-5.121624087803188,2.0872201284762393
H524L,holo,209,2,0,-6.380274933377554,1.07823343349865
H524L,holo,30,3,0,-5.5281891076437635,1.6217044293395833
H524L,holo,62,2,0,-10.66528664283349,-0.22307701056105084
H524L,holo,22,3,0,-6.911317860697376,1.2972528657588618
H524L,holo,166,0,0,-6.70023877392968,2.856422525494951
H524L,holo,230,4,0,-4.921739488618008,0.9772026499075482
H524L,holo,222,2,0,-6.4148809771889415,1.6216177994580367
H524L,holo,26,1,0,-5.400000674905733,1.538140953441409
H524L,holo,54,1,0,-5.935796522434531,1.6193082353376749
H524L,holo,145,2,0,-7.268755649037247,1.2213481309383076
H524L,holo,29,0,0,-7.500508989787375,0.9402907748641792
H524L,holo,125,3,0,-5.867688768216117,1.747692835758645
H524L,holo,215,4,0,-10.6220228430135,0.6217168039833159
H524L,holo,249,4,0,-4.133266535757284,1.0631798334958216
H524L,holo,131,1,0,-4.91325833462215,1.0645162323734079
H524L,holo,209,3,0,-6.936835917495888,1.614441307067202
H524L,holo,250,3,0,-10.081783322914747,0.9347450531553884
H524L,holo,57,4,0,-9.90420698331076,0.5295631562411596
H524L,holo,236,4,0,-10.810874877879808,0.036741227515731945
H524L,holo,33,0,0,-7.2903117535832935,1.0132524796686846
H524L,holo,141,2,0,-6.062099609473708,1.464434542453264
H524L,holo,227,1,0,-7.254099119010433,0.2905204428651434
H524L,holo,216,4,0,-6.82792495574674,1.9535280104247255
H524L,holo,237,1,0,-6.927868514573231,1.0931325456873182
H524L,holo,2,3,0,-3.979584992722617,0.7916981186681603
H524L,holo,181,4,0,-5.5294656434194,0.6352981699516438
H524L,holo,223,2,0,-3.87433143012105,1.0790030361593426
H524L,holo,163,3,0,-4.541214471112075,0.2117067173904133
H524L,holo,128,2,0,-1.8241483006488088,0.9077659889160518
H524L,holo,215,2,0,-6.60950706240428,0.4496583170687768
H524L,holo,9,2,0,-4.340962321684299,2.2764804638145586
H524L,holo,28,0,0,-7.475116871032139,2.1347867685329147
H524L,holo,15,3,0,-6.403141902287507,0.3543979204269379
H524L,holo,199,1,0,-10.07588494006887,-0.9777124081776818
H524L,holo,11,3,0,-9.719003906781298,-0.14136554948986516
H524L,holo,18,2,0,-5.530546977312608,-0.2683525583075328
H524L,holo,99,3,0,-4.730890099659614,0.7201428651117813
H524L,holo,126,4,0,-5.866182193298323,1.734379538270242
H524L,holo,12,3,0,-7.058826074502388,2.0855429617154675
H524L,holo,132,3,0,-6.30800397267447,1.4306100254371716
H524L,holo,84,4,0,-5.775502626363409,2.0256607254896943
H524L,holo,72,0,0,-5.150617160788429,2.0022820006681425
H524L,holo,68,1,0,-5.36560866928997,1.861869113754407
H524L,holo,198,2,0,-8.998805388285204,-1.0333424831447713
H524L,holo,194,0,0,-4.89504211018015,1.1734831710357398
H524L,holo,21,4,0,-10.791601676259438,0.7436120043010387
H524L,holo,132,0,0,-9.781178435393718,-0.11703535955320289
H524L,holo,108,1,0,-6.379022050092605,1.099010061020933
H524L,holo,115,2,0,-7.2296175598194505,2.844050384100535
H524L,holo,167,2,0,-5.164971471883089,1.8377668847531123
H524L,holo,153,4,0,-10.106190876573272,-0.2065472290157735
H524L,holo,243,2,0,-7.577922445955929,1.5962842687580803
H524L,holo,136,0,0,-5.655508353523098,1.3576126199836636
H524L,holo,224,0,0,-5.989608024889812,1.8863065917897257
H524L,holo,42,2,0,-6.245944001926523,0.8999779536010416
H524L,holo,115,0,0,-9.717644074916299,-0.680232147018612
H524L,holo,19,4,0,-8.42777959740339,0.830041550140265
H524L,holo,88,1,0,-5.162591746039767,1.3126896580726903
H524L,holo,88,2,0,-7.704030602407162,0.9087254711431587
H524L,holo,209,0,0,-3.238585111996185,1.4024961140107308
H524L,holo,54,0,0,-6.3008805535751575,0.9899673482763921
H524L,holo,108,4,0,-9.615688388074572,-0.1367932169833344
H524L,holo,130,3,0,-6.215388470674481,0.5090525409222124
H524L,holo,144,3,0,-4.315728090438408,0.5204735756648295
H524L,holo,150,3,0,-6.818065465945223,1.0331595908547475
H524L,holo,185,2,0,-5.010470129450004,1.30673186910976
H524L,holo,1,2,0,-9.714091552451253,0.32535138039352246
H524L,holo,213,0,0,-6.749733761713094,1.516594617325227
H524L,holo,152,3,0,-7.870316513565991,1.2372989346903374
H524L,holo,219,2,0,-7.401985346614084,2.240301035517826
H524L,holo,132,1,0,-10.799124769597276,-0.29480214939118776
H524L,holo,241,1,0,-7.3182358377923915,1.6499499885412423
H524L,holo,7,3,0,-5.784589526619747,0.7032121397295409
H524L,holo,25,4,0,-8.363390895986539,2.2689515757766006
H524L,holo,149,1,0,-0.2734451596842049,-0.18008156433641942
H524L,holo,200,0,0,-6.574399975137367,1.607081487083027
H524L,holo,92,4,0,-5.099959285843983,1.3855363203090185
H524L,holo,39,3,0,-9.305053177289643,-0.22582017454439196
H524L,holo,208,2,0,-5.07673681895426,1.694438248259838
H524L,holo,39,2,0,-5.010181491811281,0.531362591162719
H524L,holo,67,4,0,-6.538214072253553,0.5315463885829215
H524L,holo,213,3,0,-6.50582728268647,1.00599362533043
H524L,holo,144,0,0,-4.471737071301972,0.4240714198782742
H524L,holo,142,4,0,-5.496365786220076,0.8243156373145802
H524L,holo,109,2,0,-6.178951192359347,2.442151258299901
H524L,holo,143,0,0,-4.336619484597894,1.478632672189347
H524L,holo,216,2,0,-6.405230578474494,2.4945526916987903
H524L,holo,176,4,0,-4.410501247833277,0.764064515151621
H524L,holo,10,0,0,-5.957055531116145,1.7207464486965027
H524L,holo,136,3,0,-6.20920338785686,1.909834193490572
H524L,holo,60,4,0,-5.036013153803611,0.6517646112312215
H524L,holo,137,3,0,-8.31968111562627,0.5641305513033861
H524L,holo,117,1,0,-10.073509530817654,-1.0681586686760867
H524L,holo,55,1,0,-7.289964900335982,1.8087436172001794
H524L,holo,32,4,0,-3.428899500931717,1.8968628459724217
H524L,holo,100,3,0,-4.939754866727072,0.048326927756801474
H524L,holo,22,1,0,-6.735472968700821,1.4965842663215612
H524L,holo,33,4,0,-6.77948653667047,1.8760628745743062
H524L,holo,39,1,0,-5.350871965468264,1.6655745295068083
H524L,holo,48,3,0,-4.67536688381694,1.5200574239347624
H524L,holo,111,0,0,-6.168538349657832,1.3430711324925058
H524L,holo,15,2,0,-5.35838146386477,1.1681427050707496
H524L,holo,130,2,0,-8.52290602881807,-1.3691790915603743
H524L,holo,171,3,0,-6.135015736076523,0.9509086990930963
H524L,holo,180,0,0,-5.013548546257271,0.13223629272206847
H524L,holo,64,0,0,-6.780763908942512,1.297424991538438
H524L,holo,134,3,0,-7.210594833368521,1.7110403050760488
H524L,holo,246,1,0,-9.945920002210636,-0.3071811514350762
H524L,holo,186,3,0,-6.467290550599723,1.7956320245307866
H524L,holo,193,1,0,-9.516978320688287,-0.6950031074203463
H524L,holo,153,2,0,-6.884753577738868,1.09383912231182
H524L,holo,203,3,0,-10.126389303205979,0.243540348260496
H524L,holo,200,3,0,-5.921805493511171,1.846197200295379
H524L,holo,68,4,0,-4.718531689690809,1.3980824156395053
H524L,holo,232,2,0,-4.649911873282523,2.1473021660025897
H524L,holo,223,0,0,-5.409760847026501,0.9433098196605763
H524L,holo,143,3,0,-5.0763759230827725,0.5184106032526284
H524L,holo,225,0,0,-5.197089624105512,1.93285563581137
H524L,holo,23,3,0,-5.361674183827826,1.369201564225284
H524L,holo,170,0,0,-4.893125545717344,0.8189191150463552
H524L,holo,92,2,0,-5.71559731152991,1.094537904355836
H524L,holo,195,2,0,-6.715612450457616,1.6749253401951587
H524L,holo,231,1,0,-3.2925845371671403,1.3226500181923821
H524L,holo,138,1,0,-4.758714218119084,1.4090571439712907
H524L,holo,87,0,0,-6.532446527268152,1.6203440220997063
H524L,holo,60,2,0,-4.9552971309052145,0.506564417190314
H524L,holo,243,1,0,-9.594525566331077,0.4243967888082984
H524L,holo,117,0,0,-6.982133687178469,1.5881770367237444
H524L,holo,23,1,0,-9.53789243332582,0.04261319149295353
H524L,holo,71,3,0,-6.020345245657629,0.8014443825556011
H524L,holo,33,3,0,-6.820632769592011,1.9686727144694782
H524L,holo,226,0,0,-7.426355000861398,0.7992148864907078
H524L,holo,183,1,0,-5.804777569459327,1.8928064527348423
H524L,holo,118,2,0,-10.515416882428703,0.7553373293363597
H524L,holo,191,2,0,-2.3239952309386145,0.0166743378187463
H524L,holo,36,0,0,-5.7232365763016,1.138938176460444
H524L,holo,219,4,0,-6.735616946112669,0.345044231525597
H524L,holo,6,0,0,-5.0816577357495385,1.2060496910158167
H524L,holo,244,1,0,-11.18653693312503,-0.2412538893673095
H524L,holo,125,2,0,-6.946377151427171,2.4037142144277563
H524L,holo,205,4,0,-5.138121953358365,1.4862892209787275
H524L,holo,64,2,0,-5.974902113280725,1.5555252635745684
H524L,holo,227,0,0,-6.625689572671427,1.1958817078306225
H524L,holo,90,4,0,-6.5080449633805175,0.9854471916414913
H524L,holo,169,3,0,-4.239646406430318,1.0806807418966713
H524L,holo,163,1,0,-6.030364932162035,0.9309420724652799
H524L,holo,75,4,0,-8.402239469365016,-0.8132489504273459
H524L,holo,52,1,0,-10.306616853999682,-0.00813497233191329
H524L,holo,166,1,0,-7.328932748130734,0.7803750296601387
H524L,holo,217,2,0,-6.465192665875679,1.8120044411852765
H524L,holo,54,4,0,-10.00679059480065,-0.5501288003261107
H524L,holo,72,1,0,-5.663837200919213,1.7499938599664282
H524L,holo,218,3,0,-5.797481648913868,2.070949159887041
H524L,holo,54,3,0,-5.7217023710646355,0.23498421494919727
H524L,holo,38,2,0,-6.940119455535446,1.3176285239438972
H524L,holo,170,4,0,-10.086968489852081,0.37476762531635316
H524L,holo,190,2,0,-10.203293508713106,-0.3850540192727996
H524L,holo,239,4,0,-7.948269395969455,0.474202770202255
H524L,holo,245,1,0,-5.343905930576389,1.050994368727771
H524L,holo,129,3,0,-5.536269904798528,1.0953789015507236
H524L,holo,130,4,0,-10.39210200720499,-1.1787438577485851
H524L,holo,23,0,0,-5.4263678525880135,1.8251180758978156
H524L,holo,113,0,0,-4.302924272946657,-0.08580597504542664
H524L,holo,6,4,0,-6.818162628497891,1.4915823708421816
H524L,holo,51,2,0,-5.9081615644524295,0.8427648726043854
H524L,holo,18,0,0,-6.09151430539957,1.3487826675858658
H524L,holo,187,4,0,-8.568502776726577,-1.0102705395344391
H524L,holo,189,3,0,-3.5816497760296566,0.22477286623922052
H524L,holo,204,4,0,-6.841936366480396,1.2122335418444508
H524L,holo,52,0,0,-9.269777962159052,-1.0282451686398484
H524L,holo,176,3,0,-5.40214227663962,0.6971313703132299
H524L,holo,12,0,0,-5.233825766106755,0.7763961897880636
H524L,holo,61,2,0,-7.845975316707047,2.4182828066432394
H524L,holo,191,1,0,-3.9040787756482755,-0.4111256790080818
H524L,holo,92,0,0,-3.7899473610036574,0.39115962198624826
H524L,holo,217,0,0,-4.229877496895083,0.7918728245601672
H524L,holo,217,4,0,-9.52839149346977,-1.0138350764224577
H524L,holo,157,2,0,-6.71180671380119,1.489059928731465
H524L,holo,102,2,0,-5.865925750454595,1.0249359290258169
H524L,holo,112,0,0,-7.298541853290733,1.9993200765874095
H524L,holo,90,3,0,-6.480900321488361,2.3369946569337916
H524L,holo,38,4,0,-6.321989501371511,0.755394581285341
H524L,holo,31,4,0,-8.356974588218526,-1.6995292873396521
H524L,holo,74,2,0,-6.353062529271603,0.7966579033424449
H524L,holo,83,4,0,-6.908486812197849,0.17154517556557264
H524L,holo,1,4,0,-6.968599690880402,1.6460435328020058
H524L,holo,128,3,0,-5.821090440514316,0.9184170398318495
H524L,holo,40,3,0,-6.395773656012164,0.17687198832632356
H524L,holo,161,3,0,-6.796616282226293,2.295835530325434
H524L,holo,130,0,0,-6.980791953144259,1.696051335271284
H524L,holo,7,4,0,-4.982204771759323,0.6386659948431569
H524L,holo,42,1,0,-6.044663724822023,0.9000635043630665
H524L,holo,218,2,0,-6.917203865581298,1.6581696400108727
H524L,holo,115,3,0,-10.617579791523625,0.17162479549149787
H524L,holo,81,1,0,-6.820400568646972,0.9749680445581483
H524L,holo,221,1,0,-7.709688747271164,1.8088350665341075
H524L,holo,67,2,0,-5.226786395709191,1.5748663570578165
H524L,holo,197,1,0,-9.54147389631167,-0.927079742310251
H524L,holo,242,3,0,-5.689241799472444,2.230886329639412
H524L,holo,60,1,0,-3.24427605148032,0.7785371489530241
H524L,holo,6,1,0,-3.611234526895493,1.5407072183702457
H524L,holo,72,3,0,-6.554377341129277,1.285679313015183
H524L,holo,200,1,0,-5.276609241649244,1.1658097729752546
H524L,holo,155,1,0,-4.7819499866700275,2.589235676350834
H524L,holo,203,2,0,-6.783684346868741,1.2149050381099864
H524L,holo,197,4,0,-9.780296785520518,-0.6073613590246559
H524L,holo,122,3,0,-9.885778506733987,0.33616228057562725
H524L,holo,104,0,0,-5.074864368306573,0.7744548645744707
H524L,holo,167,3,0,-5.690485713282219,0.8035217176264708
H524L,holo,22,4,0,-5.864166657143532,2.3904126019792353
H524L,holo,98,3,0,-10.164032787947413,0.014041677491134753
H524L,holo,162,1,0,-5.1675257421361716,1.5795089983662625
H524L,holo,76,0,0,-5.400221121671796,1.5262768816130738
H524L,holo,216,1,0,-5.443116660226467,0.9219328669359567
H524L,holo,158,1,0,-3.4922844359470018,0.395566981164034
H524L,holo,227,2,0,-5.093688221720929,0.9105345574741921
H524L,holo,201,0,0,-4.041814641131902,0.9966312276865131
H524L,holo,226,1,0,-5.296858469507411,2.184897202962371
H524L,holo,244,4,0,-7.089782369091675,2.0047534384716594
H524L,holo,10,2,0,-10.530025336713393,-1.135783673276423
H524L,holo,77,2,0,-5.5168905919571625,0.7473377658864424
H524L,holo,215,0,0,-10.256867756213035,0.2551136565107755
H524L,holo,108,2,0,-3.4706577868106203,1.94252079545397
H524L,holo,141,3,0,-10.16310727581788,0.3614820839689742
H524L,holo,144,1,0,-6.580798633474596,1.60805892904391
H524L,holo,100,4,0,-5.694181708436289,1.6487828012760062
H524L,holo,91,4,0,-5.498416024011941,1.3520287957400536
H524L,holo,81,4,0,-5.5256753957247575,0.5881971165468007
H524L,holo,209,1,0,-6.237290459976059,1.3957791575758316
H524L,holo,28,1,0,-6.623477110742102,1.7676963128633227
H524L,holo,148,1,0,-9.64983676614296,0.3333537248822012
H524L,holo,24,3,0,-4.458662597277535,1.2726630503300642
H524L,holo,186,1,0,-3.857938573908373,0.4119162121845989
H524L,holo,248,1,0,-6.315783246567272,2.2219585436973754
H524L,holo,88,4,0,-9.577647480184766,-0.5006773597156688
H524L,holo,7,0,0,-7.6464735922030815,1.3999817436163502
H524L,holo,94,3,0,-9.36394351481892,-0.7929126909584587
H524L,holo,172,2,0,-5.09772090460206,0.809729244362922
H524L,holo,233,1,0,-6.0278173987676755,0.8260976943361716
H524L,holo,61,3,0,-4.756718569832133,0.4263684435902121
H524L,holo,228,4,0,-6.594260034980335,1.0722021626028981
H524L,holo,229,1,0,-6.821087150983108,1.9236736478692549
H524L,holo,104,3,0,-6.399345852465694,1.4741869579818778
H524L,holo,145,1,0,-10.670247905191832,-0.037738787077594836
H524L,holo,19,0,0,-6.631783582105024,1.4546910461380818
H524L,holo,87,2,0,-7.066974590751298,0.6146230633997728
H524L,holo,203,0,0,-6.474646227480387,1.4575968660669831
H524L,holo,238,1,0,-5.60628287421606,0.35792640908351886
H524L,holo,235,0,0,-5.82600102633262,0.8662240016624851
H524L,holo,237,2,0,-6.564788016048473,1.4229069097441018
H524L,holo,157,0,0,-5.161074149116145,1.131678549348626
H524L,holo,215,1,0,-10.846314514825991,0.3509989706897149
H524L,holo,237,3,0,-9.38285500077031,0.10951027414449067
H524L,holo,136,2,0,-4.391626816698185,0.7329053173425382
H524L,holo,120,0,0,-8.59150736641891,-1.7219694406102009
H524L,holo,241,0,0,-6.096402156457124,1.5765215154582268
H524L,holo,102,3,0,-4.837053209566617,1.112672921374697
H524L,holo,153,3,0,-8.044306807755918,2.111823549744636
H524L,holo,112,2,0,-7.449353440063388,1.5845888143643534
H524L,holo,67,1,0,-3.335900325978337,0.40536404646920743
H524L,holo,70,3,0,-5.639973700771726,1.8646596951768393
H524L,holo,42,3,0,-6.054369865122083,1.4626223692607374
H524L,holo,138,2,0,-6.8083556889453,0.8901877667511845
H524L,holo,137,2,0,-7.488616529237216,1.7954654556980412
H524L,holo,88,0,0,-8.555604861317772,-0.6233954923991192
H524L,holo,150,0,0,-6.113240425449368,1.9286651124185326
H524L,holo,107,4,0,-8.417561480103114,-1.7530917750303803
H524L,holo,95,1,0,-6.406990464717052,0.535694695685313
H524L,holo,177,2,0,-7.189784621862111,2.5153333154677546
H524L,holo,163,4,0,-6.055667002757917,1.3178183113852657
H524L,holo,167,1,0,-6.906747714057322,2.3392792844032706
H524L,holo,16,4,0,-4.458507945046218,1.398860307266871
H524L,holo,229,0,0,-5.261651681557474,1.1996349200161878
H524L,holo,181,0,0,-4.488790473525284,0.4244814718489867
H524L,holo,43,3,0,-6.742809990148485,0.3086014374813133
H524L,holo,236,1,0,-8.302386322060965,-2.345039235440842
H524L,holo,212,0,0,-10.452215823896344,-0.032092986922767394
H524L,holo,73,2,0,-6.429443420578521,1.4980876486759913
H524L,holo,54,2,0,-8.633813218718565,1.1693731321264649
H524L,holo,163,2,0,-3.6066894555677234,1.2905591164230432
H524L,holo,194,1,0,-7.644821454771064,1.9561480770626754
H524L,holo,127,4,0,-10.190755085521785,0.5758381422457716
H524L,holo,239,0,0,-5.456758396279636,0.9579640168341653
H524L,holo,239,1,0,-5.494589519163023,1.0587431247917067
H524L,holo,128,4,0,-6.826989451079001,0.6116681241253987
H524L,holo,185,4,0,-5.844172941681496,1.5101030788174645
H524L,holo,189,2,0,-5.156386630264613,0.2645333723682758
H524L,holo,74,1,0,-5.063522891550034,0.9848188994366143
H524L,holo,4,1,0,-5.369122846243308,1.4501573636603957
H524L,holo,201,1,0,-6.333433890635264,0.7786932570741494
H524L,holo,178,0,0,-9.683313651127603,-0.9120628592713073
H524L,holo,75,2,0,-7.518559299668159,2.382827540279824
H524L,holo,77,0,0,-9.704918285148345,-1.5270492617959237
H524L,holo,186,4,0,-5.584683445295462,0.7892988421218502
H524L,holo,48,2,0,-4.001641294042308,0.7428997352294583
H524L,holo,234,2,0,-7.327445686825139,2.0885636094333124
H524L,holo,224,2,0,-10.440323028951793,0.5190087038263052
H524L,holo,13,1,0,-6.42037527372373,1.1442754863493414
H524L,holo,36,3,0,-8.962832003738493,0.24109694053227573
H524L,holo,40,4,0,-6.278537097959342,1.8994857219491361
H524L,holo,165,1,0,-9.968253168313428,1.1008685742309599
H524L,holo,188,0,0,-8.054008440145875,-1.8057379016730597
H524L,holo,133,2,0,-9.351501337076135,-1.987841374056243
H524L,holo,136,4,0,-5.5612706755289025,0.6722666409681033
H524L,holo,59,3,0,-5.5038487437185415,1.7144820650529713
H524L,holo,10,3,0,-6.139231863548103,1.404753983250461
H524L,holo,230,0,0,-4.492170584706099,0.6996094855554427
H524L,holo,127,2,0,-5.534085719022017,1.7883108285995855
H524L,holo,243,4,0,-7.7209604845393764,1.6245175592113659
H524L,holo,173,0,0,-8.629986414176935,-1.2810084142355356
H524L,holo,72,4,0,-5.741884505048537,1.9095461748563212
H524L,holo,95,0,0,-10.060269958952759,0.0625210720173417
H524L,holo,157,3,0,-9.618987629447691,-0.23915769907586407
H524L,holo,171,1,0,-3.749928342752099,0.8896961055813493
H524L,holo,81,2,0,-3.623132525306035,0.9590816824219079
H524L,holo,152,2,0,-6.733154076172518,1.5498503276568822
H524L,holo,56,4,0,-6.888660621877046,1.3861753657602425
H524L,holo,218,1,0,-6.364231271526295,-0.3510747620804517
H524L,holo,33,2,0,-7.23647657801263,0.9882723968108619
H524L,holo,41,2,0,-9.167576863265934,-0.8597996257388837
H524L,holo,182,3,0,-5.963696849938361,2.598050375919594
H524L,holo,16,3,0,-10.015074593790006,0.2174046823666665
H524L,holo,30,0,0,-4.590696076188804,2.359634320141805
H524L,holo,193,3,0,-10.51367711475664,0.1307370451413958
H524L,holo,107,1,0,-10.87613048519699,-0.03640652799528849
H524L,holo,6,3,0,-6.159670139341567,1.5015593425246236
H524L,holo,50,0,0,-5.005163800115045,0.9573730256889159
H524L,holo,121,4,0,-5.597992109472749,0.6319617938750431
H524L,holo,38,0,0,-6.794719246724591,0.9084182480072556
H524L,holo,158,3,0,-9.998811021300114,0.27395339588314355
H524L,holo,213,1,0,-9.791792841187696,0.5454336459993306
H524L,holo,139,0,0,-6.08839135807782,0.9922806726260117
H524L,holo,168,0,0,-4.044689070373302,0.44991840162025726
H524L,holo,45,0,0,-8.031163526291884,2.6449719745135165
H524L,holo,45,2,0,-8.902251905768274,-0.8159234464488763
H524L,holo,214,3,0,-9.505578032429046,-0.36288903905144676
H524L,holo,91,3,0,-5.0078898155493174,1.442618636078655
H524L,holo,26,2,0,-4.175936070256167,0.12784979192627982
H524L,holo,195,1,0,-4.12622073038477,1.0510597699407391
H524L,holo,216,0,0,-6.926388036291482,0.6129155825268334
H524L,holo,28,4,0,-7.001809902506041,1.8000285694761369
H524L,holo,5,2,0,-5.848911981296658,1.553737775942573
H524L,holo,139,3,0,-4.505503294845572,1.6440245608850013
H524L,holo,20,0,0,-9.997879536661566,0.5841190977118651
H524L,holo,16,2,0,-5.975298207244438,0.9135323011257335
H524L,holo,118,4,0,-4.739545605800752,1.8684359970173818
H524L,holo,108,0,0,-6.330344768879513,1.4996415729451267
H524L,holo,199,0,0,-10.866813364291282,-1.0186677131825768
H524L,holo,228,0,0,-5.3669751418062095,1.176649013706943
H524L,holo,41,3,0,-5.674823470936412,1.1677809751873625
H524L,holo,243,3,0,-10.773852139723383,0.6125948735235095
H524L,holo,195,4,0,-6.0047779423003345,1.7745067365215375
H524L,holo,24,2,0,-6.434498930171332,1.3246538346158074
H524L,holo,202,4,0,-5.617862968563883,1.1420332140311056
H524L,holo,228,2,0,-6.260628442119774,2.2472003835924053
H524L,holo,166,4,0,-9.998481947432966,-0.5866405302240598
H524L,holo,80,1,0,-5.23901364213382,1.1937877341452987
H524L,holo,245,3,0,-4.516096818864,1.0412598845700995
H524L,holo,13,2,0,-7.966260818670502,0.9091737757720989
H524L,holo,217,1,0,-5.511041528634653,1.404113162230907
H524L,holo,184,2,0,-9.939364629845524,0.37454660561810654
H524L,holo,77,3,0,-5.4519390085356685,1.0183818824971824
H524L,holo,15,1,0,-4.737933471625831,0.8470458592071498
H524L,holo,169,0,0,-5.018452965447443,1.6756280962904222
H524L,holo,61,4,0,-10.513686005706743,0.712344043473101
H524L,holo,168,1,0,-3.911074777357969,0.5543808625246319
H524L,holo,123,2,0,-6.684723808736293,1.354025335643298
H524L,holo,210,4,0,-4.8828659753112795,2.222417795575807
H524L,holo,2,2,0,-5.508885602433415,0.8982472385777174
H524L,holo,25,1,0,-7.754841877559587,1.4771580567683675
H524L,holo,217,3,0,-8.693314722382109,-1.094347110324901
H524L,holo,114,3,0,-6.74931542353639,1.7284675134925234
H524L,holo,173,2,0,-5.744758170448448,1.6236296644442292
H524L,holo,1,0,0,-5.559833539859168,0.9390643102672577
H524L,holo,152,4,0,-5.645127121789017,1.7267185745672209
H524L,holo,106,1,0,-5.46457720353201,1.3838361926626699
H524L,holo,204,3,0,-6.263563922398722,0.6602326059059324
H524L,holo,249,2,0,-4.258126180410546,0.7649837501562906
H524L,holo,42,0,0,-6.190207600837482,1.7335880913227282
H524L,holo,128,0,0,-3.3148945203519755,0.9366312069806971
H524L,holo,110,0,0,-7.121070094718093,0.5000052354289527
H524L,holo,145,0,0,-4.900560954146147,1.9026328335327385
H524L,holo,129,0,0,-4.619981930534221,1.1803299752604774
H524L,holo,222,1,0,-10.847523293883972,0.3394228451374182
H524L,holo,14,0,0,-4.913489633617342,2.798002509338151
H524L,holo,237,0,0,-6.221921222401647,0.8214260063568322
H524L,holo,172,3,0,-4.665200320561777,0.9509522071990731
H524L,holo,25,2,0,-6.953776540032983,1.498131003147289
H524L,holo,106,3,0,-6.151212648062074,1.009842665091732
H524L,holo,174,4,0,-6.408294458506847,1.7699293848478084
H524L,holo,177,4,0,-9.989726535281838,0.02503730573931264
H524L,holo,9,1,0,-9.825065447854676,1.416867491575257
H524L,holo,5,1,0,-3.3092234875081705,0.8006590699724611
H524L,holo,164,2,0,-6.344303283642389,1.364186951905234
H524L,holo,78,0,0,-10.07974865287129,0.27281799363018433
H524L,holo,56,0,0,-5.0204722327953855,1.328555768063236
H524L,holo,242,0,0,-4.545960458389723,2.2508601236646557
H524L,holo,226,3,0,-4.630089290164172,0.5885874267245461
H524L,holo,125,1,0,-5.536640624254865,0.7697055688561424
H524L,holo,37,3,0,-5.635059561164979,0.2832784238581914
H524L,holo,28,3,0,-5.471397657748246,1.761567823383458
H524L,holo,230,3,0,-4.02819109923328,1.528828815270596
H524L,holo,112,3,0,-10.871450288891417,0.3851476056482505
H524L,holo,220,4,0,-7.586384854620288,1.4030631872601915
H524L,holo,57,1,0,-7.467755752427209,1.4531132675832235
H524L,holo,95,3,0,-4.929132420620924,1.2244482336883846
H524L,holo,55,4,0,-6.747100062602057,1.239118276245995
H524L,holo,24,0,0,-7.090511790522726,0.858261380811792
H524L,holo,34,4,0,-10.619620248320432,1.0597719693538308
H524L,holo,15,4,0,-6.559875300241953,1.1285788503020269
H524L,holo,34,3,0,-4.528243788759361,0.811249188723355
H524L,holo,19,2,0,-6.555483269878706,2.240576765539205
H524L,holo,134,0,0,-7.328803551239065,1.4358388843823315
H524L,holo,1,1,0,-5.959232071926152,1.1139792151827366
H524L,holo,156,2,0,-5.068888788923706,1.3806867677188894
H524L,holo,141,1,0,-7.3897689629279,3.408469879491883
H524L,holo,108,3,0,-8.95125279377055,1.90970569058254
H524L,holo,115,1,0,-5.126243258453939,1.351380976397202
H524L,holo,109,4,0,-6.267217964623657,0.8873369020388334
H524L,holo,40,1,0,-7.044354979396619,2.2719582715863345
H524L,holo,37,4,0,-7.672075180243375,-0.23900549212347136
H524L,holo,165,2,0,-6.240926053709455,0.6501207813540971
H524L,holo,170,1,0,-6.33522537380922,0.18204513471248976
H524L,holo,83,0,0,-5.211353064225592,-0.33698710987628744
H524L,holo,199,3,0,-7.108609913775366,1.7278893097544346
H524L,holo,35,1,0,-7.317545707268326,1.6813459222871705
H524L,holo,181,1,0,-5.069670316894342,0.5317415225380374
H524L,holo,88,3,0,-5.7003808543677215,0.16634127861678427
H524L,holo,4,2,0,-8.591636014794819,-1.80721424843081
H524L,holo,225,4,0,-7.3532783914232,0.8904864723834562
H524L,holo,196,0,0,-5.289920898879777,0.8142368199647851
H524L,holo,174,1,0,-5.326573701991079,2.4482006054638004
H524L,holo,162,2,0,-5.717905136902672,1.822255591543929
H524L,holo,99,4,0,-5.792296458515735,1.7303650383662517
H524L,holo,47,0,0,-6.642810872780973,2.203547084184157
H524L,holo,250,1,0,-6.277450654364348,1.403933474984405
H524L,holo,243,0,0,-8.85797328990726,-1.3418198200818432
H524L,holo,68,0,0,-8.77371285016771,-1.3662694816670453
H524L,holo,58,2,0,-5.531039487198749,0.1394067897721516
H524L,holo,185,0,0,-5.937610254684862,1.344888668856276
H524L,holo,141,0,0,-5.635579530260953,1.1407126502541383
H524L,holo,187,2,0,-6.034337350080272,1.403015133829117
H524L,holo,152,0,0,-7.099964359707908,0.5524280214640611
H524L,holo,204,1,0,-5.047862465096759,0.9750798886750214
H524L,holo,205,2,0,-5.88316755419831,0.6164119393067259
H524L,holo,228,3,0,-10.31895344894492,-0.19431665409689372
H524L,holo,249,3,0,-5.0041076693250615,-0.46683603153316516
H524L,holo,49,1,0,-8.831625213052412,-1.4166888070702972
H524L,holo,139,2,0,-6.231590241471373,0.7028986460534962
H524L,holo,25,3,0,-9.874864169359437,0.12651740908371437
H524L,holo,57,2,0,-6.533778308812258,0.47173425512450734
H524L,holo,194,2,0,-5.753239238172597,1.1106416698319588
H524L,holo,47,3,0,-5.9692883163746115,0.43671576663526734
H524L,holo,178,3,0,-9.545710677566968,1.2053413185495518
H524L,holo,114,1,0,-7.962568984691187,1.681993655598711
H524L,holo,229,3,0,-5.471415110973777,0.2824103447473094
H524L,holo,58,0,0,-5.682267936010349,0.9324761199997293
H524L,holo,242,4,0,-5.810056654908923,1.3863387435572547
H524L,holo,20,4,0,-6.31252485444568,1.4486861348486357
H524L,holo,239,3,0,-8.81663119637793,-1.058797382616088
H524L,holo,232,4,0,-6.305844971732961,0.5198622144425807
H524L,holo,236,2,0,-10.042699954184144,-0.3015071270949036
H524L,holo,103,2,0,-8.287516541248237,-2.3286071706152196
H524L,holo,220,2,0,-9.58267618070514,-0.3700111466697907
H524L,holo,234,3,0,-5.894324484668002,1.1405202484741832
H524L,holo,8,0,0,-5.414043990394373,0.8871300274247672
H524L,holo,233,0,0,-5.945739410289657,0.4771759002603239
H524L,holo,149,0,0,-4.126915921694862,-0.026626541475339088
H524L,holo,123,4,0,-6.648441384364513,2.5062629242149117
H524L,holo,160,2,0,-8.295274631459387,1.0227689683185086
H524L,holo,90,2,0,-9.500361138727394,-0.4386933165814835
H524L,holo,30,1,0,-5.323546296878044,-0.03455023573243725
H524L,holo,46,2,0,-9.034379953588976,1.0552198692837338
H524L,holo,12,2,0,-6.177113551694112,0.6754420362806104
H524L,holo,126,0,0,-6.15943101655753,0.46947485345760426
H524L,holo,240,4,0,-9.761573401637692,-0.07293638563212101
H524L,holo,192,0,0,-5.286125482867117,1.0357476096352722
H524L,holo,188,2,0,-4.392740650976223,0.06554181894555768
H524L,holo,35,2,0,-3.5032907165718434,2.1001977514496244
H524L,holo,201,4,0,-6.26332732132302,-0.07062902324880256
H524L,holo,159,4,0,-4.554821228988932,1.0163505381501654
H524L,holo,114,0,0,-5.793951509097441,1.8448588480275485
H524L,holo,60,0,0,-4.861520227657795,1.1464051800409187
H524L,holo,188,1,0,-2.270900302891412,1.0944414640823446
H524L,holo,13,4,0,-5.819084998520055,1.7188084717726166
H524L,holo,207,0,0,-7.273657604368908,2.2863107942786858
H524L,holo,129,2,0,-5.341600870836671,1.0720945496078862
H524L,holo,218,0,0,-10.613296719454992,1.4460927921142126
H524L,holo,27,1,0,-5.260768799464762,2.0228807124242567
H524L,holo,213,4,0,-5.325006914260683,0.6276635227081185
H524L,holo,220,3,0,-4.271443309144747,0.14310758661699943
H524L,holo,89,1,0,-5.666408708940204,0.3163540214656551
H524L,holo,140,0,0,-5.85884734751216,-0.5161457959987351
H524L,holo,57,3,0,-10.629902543162626,-0.08486950030443786
H524L,holo,246,0,0,-7.060822179714715,1.6897744607629923
H524L,holo,70,1,0,-6.589540225666886,1.7728942851066658
H524L,holo,236,0,0,-9.148223808912675,-1.1464941161827165
H524L,holo,176,0,0,-4.404853707419595,0.625267101202681
H524L,holo,128,1,0,-9.755858404632571,-0.5235894134179789
H524L,holo,5,4,0,-4.220331100153452,2.178690669420456
H524L,holo,238,0,0,-5.70620405817994,0.9143774023860026
H524L,holo,155,0,0,-5.899919255790153,1.0123189645676576
H524L,holo,153,1,0,-5.5927765734084565,0.1634867097399598
H524L,holo,248,2,0,-7.297922340111259,1.8268643481227753
H524L,holo,7,1,0,-8.558247554981405,-0.631765918987148
H524L,holo,114,4,0,-6.116556786357662,1.5327941733454067
H524L,holo,85,2,0,-9.450871755730859,-0.23759540628561165
H524L,holo,33,1,0,-5.577202901478914,0.6681228076149858
H524L,holo,110,4,0,-10.355757212215405,0.3468867111431953
H524L,holo,205,0,0,-8.656092539480904,-0.6471002623343799
H524L,holo,4,0,0,-5.13643039375,-0.17443366666956509
H524L,holo,29,4,0,-4.625667133478603,1.1760967860290963
H524L,holo,87,1,0,-5.6140381619215205,0.6948342043383641
H524L,holo,228,1,0,-7.5341234516520945,-1.8115329186513593
H524L,holo,45,4,0,-3.6974123038173303,1.0935462550252355
H524L,holo,180,1,0,-6.438591296462942,1.0637786718928246
H524L,holo,9,4,0,-6.170239682244424,1.1719467550535503
H524L,holo,175,1,0,-5.693124380754108,0.6237710010462818
H524L,holo,73,1,0,-6.807215510108182,1.1820593436560167
H524L,holo,177,3,0,-6.6285379724919515,1.1352329782427912
H524L,holo,162,0,0,-9.95601278264691,0.19965737419494942
H524L,holo,102,0,0,-3.608382144093639,0.822411034800496
H524L,holo,140,4,0,-3.254712602346652,1.4815543577284165
H524L,holo,109,0,0,-8.652217530430603,-2.08571911740709
H524L,holo,210,2,0,-5.033560261260794,2.256158482007199
H524L,holo,27,4,0,-3.5405446101448694,0.49677236537526
H524L,holo,96,4,0,-6.167998417842895,0.6007448147458152
H524L,holo,132,4,0,-6.304021087321537,1.6801152083074844
H524L,holo,70,0,0,-5.423762310720973,1.8357132583747433
H524L,holo,79,1,0,-5.088097913522705,2.7834276133762157
H524L,holo,161,2,0,-6.062752834029179,0.27568911721218464
H524L,holo,151,4,0,-9.948074563973657,1.0031339038791356
H524L,holo,165,0,0,-9.11800122755062,-0.8916153219639434
H524L,holo,110,3,0,-9.517404433574965,-0.22264447432354945
H524L,holo,211,1,0,-6.195996858848387,1.629337317332264
H524L,holo,146,2,0,-4.340600499628234,1.826837616453931
H524L,holo,129,4,0,-6.211229726834799,1.9301607066223596
H524L,holo,126,1,0,-10.700951317510098,-0.6479542856107782
H524L,holo,195,3,0,-4.546903118594879,1.0200853051842649
H524L,holo,146,3,0,-10.55663735209549,0.019363743701126934
H524L,holo,59,4,0,-7.903333051740312,0.821510996108351
H524L,holo,100,0,0,-5.9307885328437955,1.7425661985870597
H524L,holo,241,4,0,-8.799190117973245,-0.7823706344340714
H524L,holo,104,4,0,-6.033261430212942,1.1849933723642205
H524L,holo,63,2,0,-9.58160440518515,-0.1165476280729642
H524L,holo,246,4,0,-6.404700124511395,1.5045969382722548
H524L,holo,69,1,0,-2.9342031160324966,1.690778650497916
H524L,holo,231,2,0,-9.878894550322226,-0.8381412035373907
H524L,holo,169,4,0,-5.321242700256154,0.16494533217695032
H524L,holo,34,1,0,-10.04787049890676,-0.45424357093095485
H524L,holo,159,2,0,-5.626726012953885,1.6761544190966529
H524L,holo,232,3,0,-5.387704873243248,1.515524872065689
H524L,holo,244,3,0,-5.082820221777901,1.6266081763557059
H524L,holo,58,3,0,-7.004689307507388,1.4509292973443364
H524L,holo,224,4,0,-9.87593179480781,-0.883235537678383
H524L,holo,242,2,0,-10.803447663956522,-0.2143398521893406
H524L,holo,194,4,0,-6.493357805301116,1.3346210412395223
H524L,holo,225,3,0,-5.224443178826137,1.0679125346148726
H524L,holo,134,1,0,-5.6590738284338045,2.0016905554797906
H524L,holo,97,3,0,-3.323104689886562,0.5961086597034073
H524L,holo,47,1,0,-5.523001429549096,-0.03073383506680274
H524L,holo,207,1,0,-5.043993083719753,0.5228128266211226
H524L,holo,219,3,0,-9.203905255153934,0.44335333902886176
H524L,holo,63,1,0,-5.050397290731044,1.5580630203486596
H524L,holo,86,2,0,-6.05608400544978,2.1044289972513983
H524L,holo,173,3,0,-9.650705547868956,-1.418383330652145
H524L,holo,24,4,0,-9.151152584056977,0.31119042182026335
H524L,holo,114,2,0,-9.828768299628283,0.4056896312645324
H524L,holo,111,3,0,-5.7461629425563,1.470928938927592
H524L,holo,241,3,0,-5.89822341107743,2.262200135959207
H524L,holo,182,0,0,-3.796732383053553,0.5765810076026263
H524L,holo,218,4,0,-5.576131255748205,1.6508975202175467
H524L,holo,105,0,0,-5.13739334458508,-0.09953897339645473
H524L,holo,178,1,0,-8.914282338558712,-0.7073536124417606
H524L,holo,36,1,0,-4.056238960146088,0.8316145385570796
H524L,holo,105,2,0,-10.441708349962317,-0.38549574788714763
H524L,holo,142,1,0,-3.308438281252972,0.9090746720511983
H524L,holo,10,1,0,-7.777620023541678,1.6572461542535966
H524L,holo,21,0,0,-6.432702597470196,1.5818617345078747
H524L,holo,208,1,0,-11.038175495240099,0.816160582384747
H524L,holo,166,2,0,-10.68899518805058,0.4983672825759568
H524L,holo,71,0,0,-5.348568400542113,2.3104575737837902
H524L,holo,35,0,0,-5.0124609038021966,1.2913221322713868
H524L,holo,150,2,0,-9.94633332296821,-0.39410857696233254
H524L,holo,73,3,0,-7.221951690078753,1.0657102080731078
H524L,holo,94,4,0,-5.611312502959331,-0.1345450068298853
H524L,holo,191,4,0,-1.77138500879365,1.1030181108544328
H524L,holo,37,1,0,-10.720980209980047,0.13669423409959408
H524L,holo,155,4,0,-5.290603075337351,0.22152169693721765
H524L,holo,200,2,0,-10.052035692139698,0.929074411360047
H524L,holo,179,3,0,-9.835057645219285,-0.5112389425806196
H524L,holo,147,1,0,-8.184938425182997,-2.6307551440315957
H524L,holo,247,1,0,-5.285388097271279,1.1694547260366932
H524L,holo,78,2,0,-4.910119425160283,1.847134343997057
H524L,holo,20,3,0,-4.581553697707609,1.2160533730267653
H524L,holo,118,3,0,-5.105402992677411,1.0769118725273885
H524L,holo,94,1,0,-10.91303300388119,0.6156934730204686
H524L,holo,175,3,0,-4.745545962899042,0.6161509507954968
H524L,holo,17,3,0,-3.663393161477561,1.2415511966716575
H524L,holo,158,2,0,-6.123240366642921,1.693709933340246
H524L,holo,56,2,0,-5.5345583559816465,0.22654062494041127
H524L,holo,32,1,0,-5.937366050858588,0.6438510993089971
H524L,holo,59,1,0,-6.765616077463856,0.57881992019721
H524L,holo,135,0,0,-3.737118402554294,0.4205766618715174
H524L,holo,168,4,0,-5.1023851985958215,1.1541853065521654
H524L,holo,69,0,0,-4.043881485534791,0.39605721535198446
H524L,holo,116,0,0,-5.531700857053785,2.7969018242456802
H524L,holo,44,3,0,-6.049869061037959,1.8594838062283485
H524L,holo,107,0,0,-10.185947111556368,-0.24125555545275185
H524L,holo,158,0,0,-6.46011846402858,1.4612485460545648
H524L,holo,158,4,0,-5.641893434900132,0.9287952043090731
H524L,holo,96,0,0,-4.876157191751621,2.622160251756736
H524L,holo,246,3,0,-7.095228604139135,0.8361946481179577
H524L,holo,41,0,0,-9.369193541788063,-0.21009519440160226
H524L,holo,91,1,0,-6.171924636933338,1.7400776169704621
H524L,holo,85,3,0,-5.74906899168486,0.21917171118017276
H524L,holo,104,1,0,-7.035118385122602,1.2393698607202985
H524L,holo,210,0,0,-7.6717420201170805,1.3560010367163366
H524L,holo,93,1,0,-10.878353584648734,0.35979340175659685
H524L,holo,93,2,0,-5.602429013356021,1.5321900781933993
H524L,holo,207,4,0,-7.23877704228994,0.8483473688108181
H524L,holo,214,4,0,-8.444719972247821,-0.8732782716456899
H524L,holo,220,1,0,-7.731073904930177,0.92874142698025
H524L,holo,186,2,0,-5.208816754333901,0.6986451276740674
H524L,holo,96,2,0,-7.56411891976728,-1.2705584883496943
H524L,holo,97,1,0,-4.734830739050955,0.6363603254645966
H524L,holo,194,3,0,-7.247543698028813,0.6820814440053161
H524L,holo,18,1,0,-5.861472313172844,1.566620703163329
H524L,holo,113,3,0,-8.422684142622881,-1.3212204349157057
H524L,holo,184,3,0,-6.743336614172918,1.7976672697690343
H524L,holo,102,4,0,-2.785411951713536,1.3781181541863972
H524L,holo,169,1,0,-4.614181666939488,0.5792645902978814
H524L,holo,162,4,0,-9.462599658420618,-1.410286936808755
H524L,holo,186,0,0,-5.485408683683505,0.46430150056080155
H524L,holo,161,1,0,-8.397477973156487,-1.2413818489346906
H524L,holo,3,1,0,-4.024975766947205,0.41015525942633146
H524L,holo,100,2,0,-4.66703466873471,0.6446471519051883
H524L,holo,206,1,0,-5.386757867248722,1.720156689897335
H524L,holo,28,2,0,-8.355634366795599,-1.1245228865903147
H524L,holo,2,0,0,-6.277773066231182,1.030472028505824
H524L,holo,74,4,0,-6.8512306369626765,1.3205171479918802
H524L,holo,247,3,0,-6.088553212258907,0.9852407339493255
H524L,holo,244,2,0,-7.128657210684928,0.9180783253502135
H524L,holo,134,4,0,-8.404101858626715,0.11049139101732262
H524L,holo,135,2,0,-4.227580175451863,0.9664709849817399
H524L,holo,192,3,0,-5.165565603234893,0.09980177684273664
H524L,holo,20,2,0,-5.618387932073392,1.2584597191160944
H524L,holo,49,2,0,-8.944976764451514,-1.5068800964259852
H524L,holo,65,3,0,-4.056973813411002,-0.4302543300881889
H524L,holo,89,0,0,-4.740899009313015,0.10229554743685515
H524L,holo,18,3,0,-4.69016421104658,1.4564871462446978
H524L,holo,204,2,0,-8.144697404751406,-1.4758631123853247
H524L,holo,99,1,0,-5.21258944489089,1.181911279454681
H524L,holo,173,1,0,-10.357592303839029,-0.1762096479761074
H524L,holo,34,2,0,-6.594269166444609,1.1078814476949885
H524L,holo,196,2,0,-5.435329644690247,0.6247455335652764
H524L,holo,235,1,0,-5.283630018225485,1.8241634828712658
H524L,holo,135,3,0,-4.505805718069596,1.49805391847418
H524L,holo,79,2,0,-5.405593173537252,1.7137501035110838
H524L,holo,212,4,0,-4.703235626459362,1.0693811277834793
H524L,holo,102,1,0,-3.5314357766517395,0.1481465584745292
H524L,holo,175,2,0,-5.700208763925722,2.383430276892282
H524L,holo,122,0,0,-6.938607573054242,1.4977777517955908
H524L,holo,151,1,0,-5.671845039433519,1.8553960688342512
H524L,holo,75,1,0,-9.851093789195147,-0.17003496425278883
H524L,holo,78,4,0,-3.3129963521994896,0.1592479885582325
H524L,holo,59,2,0,-4.656733382502118,1.2770223914171464
H524L,holo,150,1,0,-5.167878604669525,1.1530852490159709
H524L,holo,112,4,0,-5.6848366916642625,1.437101277754415
H524L,holo,8,1,0,-4.60309953635155,1.1674811909779073
H524L,holo,182,4,0,-6.837111553348306,0.2851602985017672
H524L,holo,207,2,0,-3.8819268008761156,0.19330505603156195
H524L,holo,181,3,0,-5.1480271520029985,0.1363941749455093
H524L,holo,101,2,0,-4.651017683822603,1.5166623070687772
H524L,holo,234,4,0,-6.885052781843676,1.4614482512445592
H524L,holo,161,4,0,-9.93511393278262,-0.4157680345582673
H524L,holo,30,2,0,-4.688183155787878,0.718842020814431
H524L,holo,165,3,0,-7.5248536312612355,0.7760085306330139
H524L,holo,110,1,0,-10.084411419194751,-0.5115200427471851
H524L,holo,148,0,0,-10.354615218890793,-0.06323156769684488
H524L,holo,210,3,0,-9.789883311969596,-0.43879861819036675
H524L,holo,16,1,0,-8.796303263145436,-0.6971567530140906
H524L,holo,81,3,0,-5.662142671657022,1.0049339274669393
H524L,holo,86,4,0,-6.964993149623176,1.3596299375020333
H524L,holo,74,0,0,-6.894268627253708,0.8248778484918207
H524L,holo,184,4,0,-4.245562923355206,1.4671403400129743
H524L,holo,202,3,0,-4.767381601948629,2.0021592039896206
H524L,holo,152,1,0,-9.461792394449748,-1.3178435109333138
H524L,holo,209,4,0,-9.580972043018141,-0.5948912882905845
H524L,holo,84,3,0,-3.5740345023955826,0.23648872471154164
H524L,holo,116,2,0,-6.166596020857959,0.743891542073093
H524L,holo,70,2,0,-6.075244979859013,0.4318675454952451
H524L,holo,3,4,0,-5.120924407711333,0.7267016486807839
H524L,holo,179,2,0,-5.310344943241155,0.08418387167015325
H524L,holo,27,2,0,-6.096238883965114,1.1893941526435023
H524L,holo,151,0,0,-5.8245823146558156,0.0398276483028367
H524L,holo,109,3,0,-6.279865475545445,1.4204718049882543
H524L,holo,46,4,0,-5.762721033214585,1.3417217515248296
H524L,holo,148,2,0,-10.425323315693994,-0.42958640072974125
H524L,holo,210,1,0,-9.035197716497676,-2.377091535793078
H524L,holo,146,1,0,-5.668930036437969,1.4784755881408858
H524L,holo,139,4,0,-8.240566724492416,-1.5402360541062958
H524L,holo,144,2,0,-6.86769405756305,-0.264647013826092
H524L,holo,132,2,0,-9.161809124065222,-1.705885335696622
H524L,holo,42,4,0,-6.928898141547536,1.9667898063654208
H524L,holo,244,0,0,-10.650636328291025,-0.18074392071654133
H524L,holo,141,4,0,-8.292099464151807,-1.5626712071068358
H524L,holo,86,1,0,-8.515530805563822,-0.7095290769476535
H524L,holo,206,4,0,-6.5812682535025075,1.5064356895123603
H524L,holo,220,0,0,-6.762920113759016,1.8576915448391862
H524L,holo,180,4,0,-6.811338518535312,1.6287253828370085
H524L,holo,160,3,0,-3.484133343178447,1.2096924892093615
H524L,holo,2,4,0,-5.373327877551515,1.2287549700456806
H524L,holo,146,0,0,-6.384669607185702,0.9252078505695079
H524L,holo,2,1,0,-4.205446631969785,0.939545214406597
H524L,holo,248,0,0,-6.919014909371282,1.311300174364663
H524L,holo,123,0,0,-6.182604035163284,1.3040043544752886
H524L,holo,79,3,0,-5.015349851285017,0.3027980093805779
H524L,holo,83,3,0,-5.650330249239151,1.399132298708368
H524L,holo,68,3,0,-8.73667481842137,-1.7679972337436438
H524L,holo,106,4,0,-5.172262203011549,1.4986622754041468
H524L,holo,184,0,0,-5.204314045871736,1.4099528760796212
H524L,holo,7,2,0,-4.027560660979233,0.1723920096072619
H524L,holo,232,0,0,-9.955100289183669,-0.22857069716807876
H524L,holo,213,2,0,-6.38299860906189,1.0152692379445953
H524L,holo,111,2,0,-9.604314580128944,-1.6101014128456672
H524L,holo,53,4,0,-4.243267803482399,0.9709679212977256
H524L,holo,55,3,0,-10.219262000486951,0.10185168156627568
H524L,holo,156,3,0,-4.521215957267239,1.9870766955707493
H524L,holo,190,1,0,-4.620571201673036,0.7014196668759994
H524L,holo,229,2,0,-9.89635726854168,-0.6230042236214967
H524L,holo,15,0,0,-9.269721509074266,-2.4483509167715187
H524L,holo,101,3,0,-3.9402081417799986,0.7610522285635289
H524L,holo,14,2,0,-8.285532319325506,2.425758923141392
H524L,holo,56,3,0,-6.662561596235585,2.1354032551537028
H524L,holo,156,1,0,-4.80830393526722,0.37465556835500285
H524L,holo,71,1,0,-7.05207589396071,1.2114323346726181
H524L,holo,53,2,0,-5.309898827514298,0.3871362345350957
H524L,holo,97,0,0,-5.030436401493422,0.4027300041611054
H524L,holo,47,2,0,-7.276080685940631,1.6203032288455537
H524L,holo,204,0,0,-8.212314145673233,2.2660739374727368
H524L,holo,207,3,0,-8.43183933740544,-1.3391615003845172
H524L,holo,190,4,0,-6.829022328816953,1.3220070883484947
H524L,holo,179,1,0,-7.610134339532727,0.1350444953480344
H524L,holo,91,0,0,-7.779593179667811,-2.1209201613913176
H524L,holo,247,4,0,-9.376483553033708,-0.40028925135481924
H524L,holo,6,2,0,-5.163263748730552,1.115786246927166
H524L,holo,43,1,0,-6.727957484745132,1.717589086324345
H524L,holo,179,4,0,-10.123277403384975,0.31177463449587006
H524L,holo,174,0,0,-4.271974226607928,1.1995180893066
H524L,holo,73,4,0,-5.379277116359738,1.2633683664155
H524L,holo,249,0,0,-5.35599948134464,1.1710557693395087
H524L,holo,87,4,0,-8.642147158816982,-1.2971056505000187
H524L,holo,139,1,0,-4.106460943657485,0.9364848060838472
H524L,holo,181,2,0,-8.922255091458902,-1.7601607627813896
H524L,holo,165,4,0,-7.3250520542050195,-1.808435898234833
H524L,holo,143,1,0,-7.047778260119445,1.0457146638507246
H524L,holo,127,3,0,-3.851375158183287,0.20200955606243848
H524L,holo,19,1,0,-5.620978970253883,0.9491416486874069
H524L,holo,80,3,0,-3.717330506749684,1.6929653615950122
H524L,holo,240,0,0,-6.247518358766953,2.1657463503887353
H524L,holo,29,1,0,-4.07274977786982,1.4413446792020692
H524L,holo,107,2,0,-9.075711476644132,-1.9347368239264933
H524L,holo,69,3,0,-5.484092387571411,1.7944900653839122
H524L,holo,238,2,0,-3.3514357504466123,0.47852214134289034
H524L,holo,196,4,0,-6.293979289003973,0.9948744815039069
H524L,holo,245,2,0,-6.171276815115451,1.0803549704060251
H524L,holo,78,3,0,-6.79605167710524,1.7409205146201931
H524L,holo,99,0,0,-6.3960268553056965,2.0431188550269
H524L,holo,80,4,0,-3.7174488622645967,0.9394354469492954
H524L,holo,233,3,0,-9.550156966322795,-1.2343836426486383
H524L,holo,50,4,0,-9.076250643048812,-1.101282100431783
H524L,holo,162,3,0,-6.926037998704896,-0.1653878380209853
H524L,holo,35,3,0,-7.523688254118325,0.9675060963561708
H524L,holo,238,4,0,-3.379130774483841,1.4032007588899857
H524L,holo,248,3,0,-8.474574919095184,-2.060760326198864
H524L,holo,86,0,0,-9.214629322476537,-1.6457717598492774
H524L,holo,131,2,0,-9.052505225007826,-1.368597537675726
H524L,holo,53,3,0,-4.872814456725738,-0.244345477413624
H524L,holo,216,3,0,-1.7954087273725567,-0.6460658859743572
H524L,holo,196,3,0,-4.407816736266899,1.5774105350259218
H524L,holo,214,1,0,-6.500776809700988,1.7184975434937484
H524L,holo,159,3,0,-6.80969969753576,1.409947394897405
H524L,holo,46,1,0,-5.055925359922504,1.1725091455444823
H524L,holo,182,1,0,-5.8216485207988065,1.3882492691271002
H524L,holo,101,1,0,-5.433984822389291,1.1083419500127625
H524L,holo,196,1,0,-4.40466031464547,1.074618115886674
H524L,holo,215,3,0,-10.142666155294089,0.25414071241216296
H524L,holo,246,2,0,-3.466315935603416,1.724434880984738
H524L,holo,205,3,0,-6.813565019776878,1.6823668548292345
H524L,holo,180,2,0,-5.4779263331488846,1.3969229862566086
H524L,holo,200,4,0,-7.262743180538891,1.1800364853613472
H524L,holo,84,2,0,-4.505453038389364,1.263495737854306
H524L,holo,156,4,0,-6.093546515520427,1.209571525061826
H524L,holo,101,0,0,-5.5676426720353485,0.9073959697658898
H524L,holo,225,2,0,-6.227614152646508,0.6668476926652641
H524L,holo,185,3,0,-6.570697963164171,1.3740818506673078
H524L,holo,25,0,0,-9.875861560549708,0.4783159647720734
H524L,holo,184,1,0,-5.522787005310563,1.3354393658800856
H524L,holo,250,4,0,-5.164865167606862,-0.040591241190575694
H524L,holo,113,2,0,-4.644893639914989,1.2838736891770055
H524L,holo,156,0,0,-5.812048710082097,1.056437541691908
H524L,holo,176,1,0,-8.931949901808522,-1.5201904667951542
H524L,holo,8,2,0,-4.674267091557922,1.4971683051316587
H524L,holo,151,2,0,-9.178381144850563,-0.7548798995170255
H524L,holo,96,3,0,-4.114101327436462,0.15900515915354108
H524L,holo,17,0,0,-3.9276743270234538,-0.0396503239054634
H524L,holo,14,1,0,-5.955789539790509,0.49109131096933967
H524L,holo,122,4,0,-4.094185177068237,1.8762162568141445
H524L,holo,106,0,0,-4.641237428873394,0.9248468536618917
H524L,holo,60,3,0,-1.7900227121363614,-0.19435945747382335
H524L,holo,109,1,0,-9.583110873659546,-0.12018341304793678
H524L,holo,116,1,0,-5.5087337460563175,0.3299431058990109
H524L,holo,206,2,0,-6.981716362233685,1.784382964382453
H524L,holo,8,3,0,-3.482267166413131,0.040616422209555324
H524L,holo,72,2,0,-8.245258184238653,-2.64554198317084
H524L,holo,13,0,0,-10.136439060289808,-0.3822857137034716
H524L,holo,116,4,0,-4.836082510388729,1.6274224598079998
H524L,holo,58,1,0,-6.004484094207653,0.6452550321232361
H524L,holo,29,3,0,-7.009339304495177,0.7013560959549767
H524L,holo,134,2,0,-10.729111180577624,1.1533404381487242
H524L,holo,247,0,0,-5.2799686477229475,0.30474398738941844
H524L,holo,159,0,0,-8.372622819821155,-0.24308943169360447
H524L,holo,138,4,0,-10.345932439858908,1.0757975595600564
H524L,holo,70,4,0,-8.138514055076305,-2.22933528577621
H524L,holo,110,2,0,-4.720070562294826,1.2691014474070461
H524L,holo,83,1,0,-6.37082777433422,1.1217904756953805
H524L,holo,75,3,0,-8.740669623991387,-2.2453244856333696
H524L,holo,69,4,0,-3.2830786020769027,2.1599639683356253
H524L,holo,43,2,0,-6.487908303644036,0.8289402052132235
H524L,holo,235,4,0,-10.49586717450342,-0.4557957263954613
H524L,holo,208,0,0,-5.131805022938798,0.617482979682636
H524L,holo,240,2,0,-3.3233138265908946,1.0328823514375405
H524L,holo,80,2,0,-2.6851639546531354,0.8474729068522676
H524L,holo,46,0,0,-6.824871818138095,1.2602303165951707
H524L,holo,192,2,0,-3.706043085315722,1.3334325650635273
H524L,holo,90,1,0,-9.273899921159352,1.8037882841927932
H524L,holo,174,3,0,-9.372810129446767,-0.7302261487823243
H524L,holo,32,3,0,-9.578054087785466,0.28040471285884905
H524L,holo,71,4,0,-4.106076696100024,1.4232899923147697
H524L,holo,93,4,0,-10.380344784144564,0.34408664700747266
H524L,holo,183,0,0,-5.026608385267267,1.4815332869821487
H524L,holo,125,0,0,-8.007902092187468,-1.8256352691280773
H524L,holo,135,1,0,-4.428567436730915,1.6139533838512925
H524L,holo,50,1,0,-4.935285442474126,1.713272073893672
H524L,holo,167,0,0,-4.929650307052748,0.10197210996219364
H524L,holo,95,4,0,-10.10346725259554,0.23669862172103545
H524L,holo,170,2,0,-8.781321538350122,-1.619716720606703
H524L,holo,170,3,0,-8.611903395048872,-1.1059230416310926
H524L,holo,190,3,0,-4.913492156352407,0.2497722137212906
H524L,holo,32,2,0,-5.785358489994104,1.927772509572948
H524L,holo,140,1,0,-5.065921949307987,0.9261504355738733
H524L,holo,164,0,0,-4.360210363681868,1.3469831541473725
H524L,holo,65,2,0,-4.1723424435473255,1.5060470740879428
H524L,holo,3,2,0,-7.613572307196535,-2.4921343919140253
H524L,holo,142,2,0,-9.000231290602619,-2.2647574334450593
H524L,holo,229,4,0,-8.000812284056227,-1.8315827429594969
H524L,holo,97,2,0,-6.0489455801391,1.3855290402109275
H524L,holo,101,4,0,-8.522001399043194,-1.5501817229244712
H524L,holo,192,4,0,-6.58097342193534,0.6378326735319723
H524L,holo,50,2,0,-7.241897417155269,-1.9539647457902165
H524L,holo,118,0,0,-8.665578003080267,-0.9097672263534008
H524L,holo,49,3,0,-4.0996862812317,1.1846851993711753
H524L,holo,35,4,0,-3.914279883845823,0.8752670842203136
H524L,holo,87,3,0,-8.533303578382782,-1.6620063435470687
H524L,holo,247,2,0,-9.82954899757144,-0.16402389818753255
H524L,holo,43,0,0,-2.9571693402515016,1.0492788605038417
H524L,holo,97,4,0,-4.489090006478112,0.7710294694144251
H524L,holo,179,0,0,-9.299979015676978,-1.154852786521488
H524L,holo,66,4,0,-4.695703959273264,0.20819982238474638
H524L,holo,85,4,0,-10.778883987659807,0.6123657528608527
H524L,holo,123,3,0,-9.772724644564972,-0.562728453364445
H524L,holo,121,1,0,-6.080906421637878,1.0679377974107855
H524L,holo,183,4,0,-8.782290341314933,-0.9413033345983298
H524L,holo,202,0,0,-7.4766030870028315,1.4652065476940879
H524L,holo,94,0,0,-9.236914232310738,-1.0671098614275074
H524L,holo,241,2,0,-5.858886371797829,0.11874477804249019
H524L,holo,164,4,0,-9.71176343993491,0.545349988912583
H524L,holo,18,4,0,-5.754461493941707,0.8414959477596148
H524L,holo,142,3,0,-3.8852946732824303,-0.15085411911492932
H524L,holo,232,1,0,-9.623954796649004,-0.33358717349048783
H524L,holo,164,3,0,-6.703445850144044,1.0187647502169654
H524L,holo,76,2,0,-7.902184570434586,-0.9819546731238065
H524L,holo,73,0,0,-6.991010756925823,0.9448131270861507
H524L,holo,183,3,0,-8.805279468611424,-0.9280826028850928
H524L,holo,137,1,0,-6.636673436328029,1.0126741972105264
H524L,holo,61,1,0,-10.47873022880164,-0.12383574937771148
H524L,holo,47,4,0,-6.343056949721598,1.3857286735691925
H524L,holo,32,0,0,-5.477635829807278,2.011558645816484
H524L,holo,160,4,0,-2.7333841509293295,1.123126088101581
H524L,holo,127,1,0,-6.690852193023658,0.8818086449354539
H524L,holo,206,3,0,-10.971218254149855,0.5796427528382633
H524L,holo,183,2,0,-9.577284416198818,-0.6686074699047431
H524L,holo,235,2,0,-7.870799538445537,1.5145281037036522
H524L,holo,12,4,0,-8.104037773974312,-1.9937960640244827
H524L,holo,14,4,0,-9.588866157285969,-0.1742569622049121
H524L,holo,78,1,0,-8.332554274355532,0.2158286114274384
H524L,holo,40,0,0,-9.921113991328477,-1.647669698020055
H524L,holo,135,4,0,-7.992279711208726,-1.4417788134848257
H524L,holo,185,1,0,-9.322867671049352,-2.559025466022793
H524L,holo,235,3,0,-4.280017480557803,0.27818327317342273
H524L,holo,10,4,0,-9.764181556607577,0.032986012144173606
H524L,holo,127,0,0,-3.9074728160977936,0.3316812720864281
H524L,holo,65,4,0,-5.4212932448112845,1.0395226395450714
H524L,holo,116,3,0,-5.147113293140949,2.213431697403802
H524L,holo,202,1,0,-6.2193842566742275,0.5566105559668408
H524L,holo,177,1,0,-10.54621934914276,-0.36861377163364817
H524L,holo,240,1,0,-6.7063084153349966,0.8058781952074764
H524L,holo,9,3,0,-8.278882904102378,-1.3039638063861743
H524L,holo,20,1,0,-9.064474443449646,-1.6900083834897563
H524L,holo,65,1,0,-3.9542806854687833,-0.1367782539040904
H524L,holo,208,4,0,-8.440870922093216,-1.1600171746205152
H524L,holo,14,3,0,-6.083134705242773,1.1118523385921335
H524L,holo,131,4,0,-8.38215656010385,-1.636262313707532
H524L,holo,208,3,0,-4.653796694123117,2.1414254302263696
H524L,holo,61,0,0,-10.30651833193898,-1.0030557754964997
H524L,holo,85,1,0,-8.555650910690998,-0.7856084632030951
H524L,holo,79,0,0,-4.8135821220550215,0.06491300516106487
H524L,holo,53,1,0,-9.048445428462506,-1.8472374839419459
H524L,holo,146,4,0,-8.614322524981318,-1.5006971070171187
H524L,holo,21,2,0,-5.840165473097196,0.8239739086411266
H524L,holo,202,2,0,-8.676173970550504,-0.6079515275629473
H524L,holo,121,0,0,-8.679037326122547,-2.54749636697786
H524L,holo,192,1,0,-3.3112848571651847,0.6122656902622742
H524L,holo,176,2,0,-8.39793285613946,-2.296474371673973
H524L,holo,79,4,0,-7.242262420911537,0.5589030987210234
H524L,holo,160,1,0,-8.766643566130213,-2.1618503327165475
H524L,holo,71,2,0,-5.814951485647978,0.13007842792932295
H524L,holo,94,2,0,-9.438969738440102,-1.1695405201346618
H524L,holo,65,0,0,-8.01086161362554,-1.3715854640240046
H524L,holo,83,2,0,-6.736985777028723,1.7539251519318066
H524L,holo,123,1,0,-6.921193140664278,0.5013622104488937
H524L,holo,46,3,0,-5.872602393365695,1.2619838948281092
H524L,holo,85,0,0,-10.11077466712556,0.30115237871423794
H524L,holo,190,0,0,-9.501387738452692,-1.3112870968431942
H524L,holo,53,0,0,-5.481668674036158,1.3275284937506426
H524L,apo,33,2,2,-2.9651270051968845,-58.390529809478174
H524L,apo,33,3,2,-3.161324921558625,-59.48349604523163
H524L,apo,33,4,2,-3.1774035853363203,-60.02207370037927
H524L,apo,191,0,2,-3.222715318733914,-60.56553818772062
H524L,apo,158,2,2,-3.6599589257831244,-58.53119416429424
H524L,apo,191,3,2,-3.184332468811066,-60.3258365903276
H524L,apo,33,0,2,-3.205331804526412,-59.18720016269585
H524L,apo,191,2,2,-3.326104334158206,-59.74844354395936
H524L,apo,33,1,2,-2.738410999886391,-59.62641064708564
H524L,apo,147,1,1,12.533444229491531,-1.185180008369781
H524L,apo,158,1,2,-2.7151626391154373,-58.978626468475234
H524L,apo,158,3,2,-3.217947837863307,-58.148393111154704
H524L,apo,158,0,2,-3.1110311869408984,-58.84503061521586
H524L,apo,191,4,2,-4.453725548080357,-58.644142707171234
H524L,apo,168,4,1,12.848577715980607,0.4445927144920778
H524L,apo,24,1,1,12.1193926917424,-0.24218338297531522
H524L,apo,143,4,1,12.455795428603674,0.007424882235427487
H524L,apo,147,3,1,12.18214890166872,0.21321809077934442
H524L,apo,147,2,1,12.663079803352062,0.1805382517037304
H524L,apo,243,4,1,12.145859376899406,0.4540574575327654
H524L,apo,147,0,1,11.58787875071592,0.021567242719190822
H524L,apo,158,4,2,-3.2626509757592848,-59.125703499594565
H524L,apo,17,1,1,12.251109172345622,-0.9878584849048093
H524L,apo,217,4,1,11.582215032766433,0.10115934053098526
H524L,apo,143,2,1,12.39729931406716,-0.25928580769210924
H524L,apo,105,2,2,-3.4020540336305745,-57.13604574583012
H524L,apo,48,0,1,12.044319378129977,-0.31948170923228475
H524L,apo,236,0,1,12.027652092877966,-0.5990126307920864
H524L,apo,143,3,1,12.42246021254052,0.39272965825553774
H524L,apo,17,3,1,12.229951816435133,-0.09011393680236568
H524L,apo,243,1,1,12.34364223240495,-0.2741397935504053
H524L,apo,143,0,1,12.181950411809524,0.6748235051007019
H524L,apo,243,2,1,12.639811790794653,0.29067627302964766
H524L,apo,22,4,1,11.69026697565499,-0.30534031983446647
H524L,apo,243,0,1,12.281945758654158,-0.6322993415439161
H524L,apo,147,4,1,12.469773824578969,-0.06436894651039896
H524L,apo,113,4,1,12.90118633690564,-1.189218058751264
H524L,apo,126,2,1,12.335238881383994,1.6572700979455055
H524L,apo,126,3,1,12.755376340389931,1.440142013245391
H524L,apo,17,0,1,12.137007963441551,-0.5298089128425241
H524L,apo,217,2,1,11.801529608300756,0.5281208199945547
H524L,apo,15,1,1,11.602235626862662,-0.6677203758056484
H524L,apo,126,1,1,12.674025003908804,0.2478093895732333
H524L,apo,79,1,1,12.212196109594455,0.15604854701090853
H524L,apo,41,1,1,11.952140319365302,-0.19608467933057894
H524L,apo,13,2,1,12.385913276437817,-0.6996619836026785
H524L,apo,136,3,1,11.975397752937278,-0.6203157904383526
H524L,apo,231,3,1,11.574912106751716,0.20103818998304007
H524L,apo,113,3,1,12.73507220436234,0.05041106015841776
H524L,apo,217,0,1,11.973643382975627,-0.28600519454953344
H524L,apo,226,3,1,11.544745633604077,0.3578312852790391
H524L,apo,52,1,1,12.670692600443589,0.3776144303221302
H524L,apo,198,3,1,12.285421434325832,0.8915854461224395
H524L,apo,41,3,1,11.127090188660473,0.1052508808508051
H524L,apo,24,3,1,12.479719446212167,0.11485570816435918
H524L,apo,236,1,1,11.535431378481151,-0.44791953452522515
H524L,apo,177,2,1,12.229857518057953,0.4312786221436305
H524L,apo,231,0,1,11.866710349272315,0.1948201582867422
H524L,apo,41,4,1,11.894542720271843,0.693484428844351
H524L,apo,177,3,1,12.343626989435657,0.46625230505418425
H524L,apo,68,0,1,12.434967453680924,-0.475845254039857
H524L,apo,231,1,1,12.240963647388327,1.303366857530434
H524L,apo,211,2,1,12.165071234982555,-0.4132657848106537
H524L,apo,203,2,1,12.358519114168448,0.9910157611645078
H524L,apo,203,0,1,12.636631524667248,0.07515541181350686
H524L,apo,172,3,1,11.638942001329612,0.19876992674353344
H524L,apo,15,4,1,11.755586114164737,-0.49184485952741996
H524L,apo,17,2,1,11.92670384435087,-0.5332456700363382
H524L,apo,203,4,1,12.568317677949869,-0.032824907101928626
H524L,apo,198,1,1,11.810931878865969,-0.7503745987188446
H524L,apo,10,0,1,11.620563354119621,0.24012866448135164
H524L,apo,31,2,1,11.1783933653834,-0.05744721857322115
H524L,apo,45,4,1,12.446646848258485,-0.07019859874644838
H524L,apo,113,2,1,12.372309881174491,0.3149860624465272
H524L,apo,177,0,1,12.820902075416967,0.16673212157226608
H524L,apo,144,0,1,11.220685717645221,-0.41257515867365135
H524L,apo,245,4,1,11.250014030422339,0.08118003637450869
H524L,apo,217,1,1,12.123483576728892,-0.5624334301749683
H524L,apo,37,2,1,12.029201002711227,2.226363144342774
H524L,apo,211,0,1,12.548344589142596,-0.2416803073230765
H524L,apo,246,2,1,12.019264494825041,0.10072105839221822
H524L,apo,17,4,1,12.770136224355486,-0.6816918316194126
H524L,apo,111,3,1,12.248206234825938,1.1374434785134828
H524L,apo,15,3,1,12.30431415925204,0.8948939249875149
H524L,apo,144,2,1,12.870917993984957,-0.36610640844613684
H524L,apo,250,2,1,11.953503793897262,0.8024651275507179
H524L,apo,41,0,1,11.976336508069197,0.39140808409700484
H524L,apo,193,1,1,12.458984892442256,0.45162055793772565
H524L,apo,35,2,1,11.737846079521548,0.13732302116346287
H524L,apo,145,4,1,12.215606417268816,0.34682769761149346
H524L,apo,24,4,1,12.159884820185399,-0.47754394048924076
H524L,apo,25,0,1,11.38457914944709,-0.7744586071300207
H524L,apo,219,1,1,11.756462220967064,-0.7639600394885797
H524L,apo,35,0,1,11.824790536164638,1.0645504683356484
H524L,apo,94,2,1,11.855655498795098,0.06660123007966254
H524L,apo,245,0,1,12.408170856401803,-0.6745994752535652
H524L,apo,13,1,1,12.630159083138265,0.0979564915910288
H524L,apo,125,4,1,12.609996777449659,-0.872465802290242
H524L,apo,84,2,1,12.077054516531977,-1.3264582573819461
H524L,apo,219,3,1,11.87017513373123,0.21813314623605398
H524L,apo,124,2,1,11.419633756076214,-1.671487174773665
H524L,apo,233,2,1,12.868458108244738,-0.12431627286008064
H524L,apo,39,4,1,11.11035201851152,-0.6569470203364953
H524L,apo,211,4,1,11.684094749303991,-0.8322258663832188
H524L,apo,217,3,1,12.432156074463606,-0.03915228275531014
H524L,apo,203,1,1,12.500944167172513,-0.6309722529129919
H524L,apo,52,0,1,12.018241250648357,-0.3539397200896295
H524L,apo,231,4,1,11.820004610736792,0.11021171842760616
H524L,apo,227,3,1,11.369913220685246,-0.07068410076631756
H524L,apo,211,3,1,12.136140345722772,0.01720418322266883
H524L,apo,143,1,1,12.704952716812736,-0.3325321057847431
H524L,apo,189,0,1,11.987270253230047,-0.7124528516495442
H524L,apo,52,4,0,-3.14773087774781,-0.07856564745092418
H524L,apo,233,3,1,11.993147057451099,-0.5006298457983347
H524L,apo,207,1,1,11.574468334461463,-0.11605129005634152
H524L,apo,160,4,1,11.99836086964749,-0.42716468627459225
H524L,apo,60,2,1,12.44101066486661,-0.26345658090423
H524L,apo,198,0,1,11.355886140000123,1.2737308799761027
H524L,apo,97,1,1,11.935753471066695,-0.10827928579250913
H524L,apo,79,0,1,12.929659399422293,-0.08173425689730314
H524L,apo,223,2,1,12.531793146407583,-0.2582229670264615
H524L,apo,243,3,1,12.323643881814366,-0.64393023647393
H524L,apo,142,0,1,12.065202987077022,-0.07504367300276406
H524L,apo,79,3,1,11.923913772415625,-0.9123836794763197
H524L,apo,13,0,1,11.792983325184695,0.8436999274139869
H524L,apo,203,3,1,12.544338245319336,0.2231988273258737
H524L,apo,40,1,1,11.807278667635238,-0.8786596304041803
H524L,apo,103,0,1,11.365329697648942,-0.31199678885058907
H524L,apo,207,2,0,-3.2618482065712917,0.3105677296496126
H524L,apo,223,1,1,11.346674013873784,0.08779507306302595
H524L,apo,40,4,1,12.315970542982383,0.9509475027289829
H524L,apo,171,1,1,11.604803492581997,-0.3946363658425181
H524L,apo,174,0,1,11.018625644475076,-0.16568753300812444
H524L,apo,22,1,1,11.716157087893995,-0.5988036872010014
H524L,apo,174,4,1,11.9383517135726,-0.5074063122812223
H524L,apo,54,0,1,11.475825490401695,0.5994831295778091
H524L,apo,195,3,1,12.191059458183199,-0.17150209930272703
H524L,apo,62,4,1,11.882847384290448,0.9698598543252781
H524L,apo,170,3,1,12.407914723559704,-0.3647942967329481
H524L,apo,13,4,1,12.536810039008,-0.22507222768913016
H524L,apo,177,4,1,12.794138184984286,-0.07462582445386035
H524L,apo,195,0,1,12.123489494423476,-0.4179306115922489
H524L,apo,157,1,1,11.782989274356686,-0.6016347956585231
H524L,apo,115,0,1,12.439332110420683,-0.027814597157562928
H524L,apo,236,4,1,10.546054448899177,-1.1898559664677175
H524L,apo,250,0,1,12.2354053638456,-0.6055578016477505
H524L,apo,68,2,1,11.681295399827448,-0.3276461632478543
H524L,apo,229,3,1,12.296539300490915,0.7734895838860634
H524L,apo,177,1,1,12.728275486977939,0.3641815731027448
H524L,apo,92,1,1,12.249794941561124,1.0885784600718276
H524L,apo,172,0,1,11.870553299622797,0.46856681166605135
H524L,apo,122,2,1,12.250936030564146,1.3309070371037173
H524L,apo,180,1,1,12.315257739589084,1.3800251521547082
H524L,apo,205,2,1,12.435071719791843,0.9588952365149626
H524L,apo,104,3,1,11.772644191516973,-0.2864290179904221
H524L,apo,137,0,1,11.646669004436712,0.21145544241764744
H524L,apo,250,3,0,-7.73796289663936,-1.3117735435654645
H524L,apo,246,4,1,12.011607042378234,-0.2804822069348693
H524L,apo,172,4,1,11.713453415670065,0.9597462615359273
H524L,apo,80,0,1,12.276615362407018,0.6984735657086937
H524L,apo,66,4,1,12.49990505937674,1.2793571502685588
H524L,apo,122,4,1,11.58196567356338,0.43229870992523484
H524L,apo,219,4,1,11.387802023706064,-0.8794756614022017
H524L,apo,163,0,0,-3.662335480954457,0.36360034194918295
H524L,apo,181,4,1,12.308329785510766,-0.06186635931197618
H524L,apo,49,2,1,11.768934527164982,0.7530278467144638
H524L,apo,144,3,1,12.404583726728601,0.8413804995764541
H524L,apo,228,0,1,12.774986128333637,1.51431832787633
H524L,apo,79,2,1,12.509399118196107,0.14395119812321644
H524L,apo,150,3,1,12.368994307460138,0.4226494603329438
H524L,apo,170,4,1,10.81612190347769,-0.5405997306813956
H524L,apo,80,3,1,11.662486191572842,0.7624449836217517
H524L,apo,204,0,1,11.711766573443562,0.5843018197526479
H524L,apo,211,1,1,12.402281191026427,-0.15360578316060872
H524L,apo,54,2,1,11.475889748835868,0.3552571556499838
H524L,apo,200,2,1,11.701380506687109,0.5173359401005174
H524L,apo,245,3,0,-5.887481937382026,0.5135864332154764
H524L,apo,145,1,1,12.24241433647993,0.16767557155980578
H524L,apo,144,4,1,11.95101974268904,0.10789369511603056
H524L,apo,97,2,1,12.147332346087524,-0.4651158317485487
H524L,apo,139,0,1,11.664994661901309,-0.061463050172057124
H524L,apo,238,4,1,12.145107395823219,-0.990816576195086
H524L,apo,38,4,1,11.482629244808125,-0.5810744299896025
H524L,apo,28,4,1,11.908298835624771,-0.39789617109170683
H524L,apo,84,4,1,11.55041539629788,0.5410553611603962
H524L,apo,185,0,1,11.887665042030848,-0.0911231052480677
H524L,apo,75,4,1,12.168250302331957,-0.11532354275146442
H524L,apo,126,0,0,-4.52928770522916,0.7560107031386214
H524L,apo,238,2,1,11.835731775972073,-0.8529245478512588
H524L,apo,42,3,1,12.017452124915023,0.513694888487697
H524L,apo,98,4,1,11.224336768882104,-0.22448575740504906
H524L,apo,200,3,1,12.843571179439731,-0.7094255098810949
H524L,apo,113,0,1,12.424843170502262,-0.5839619556022095
H524L,apo,88,3,1,11.188540690205006,-0.43529568169191557
H524L,apo,12,0,1,11.688805994027975,-0.25968520883770835
H524L,apo,131,2,1,12.483442887791856,0.02393283396433636
H524L,apo,109,3,1,12.048401519214034,-0.37360360181268476
H524L,apo,246,0,0,-3.08001744123226,0.3428011707098212
H524L,apo,19,2,1,11.420226086329912,0.01727393302924157
H524L,apo,83,3,1,3.1984726855710273,1.5377123947382985
H524L,apo,129,0,1,11.35920275341824,-0.3807864021411466
H524L,apo,223,4,1,11.79452692428231,0.4988583446919178
H524L,apo,199,1,1,12.504933632588285,0.8674168306939123
H524L,apo,52,3,1,11.571251482970547,-0.4880255843024826
H524L,apo,25,1,1,10.149251741542974,0.08384456009562133
H524L,apo,81,4,2,-2.7381425479606465,-58.47316613944459
H524L,apo,137,3,1,12.207625640037564,0.1331843173079005
H524L,apo,31,4,1,11.666016246959607,0.4386680132842115
H524L,apo,51,4,1,12.102395393923203,1.226167511616697
H524L,apo,250,1,1,12.341451913907523,-0.0637760939853407
H524L,apo,45,3,1,12.054151214856413,1.013508761806724
H524L,apo,244,1,1,11.618210434082062,-0.29462189433019026
H524L,apo,94,4,1,12.388086892585031,0.6408653523352866
H524L,apo,193,0,1,11.306248942382751,1.5362215169384865
H524L,apo,89,2,1,12.055748116952609,0.7484352202158471
H524L,apo,47,3,1,12.225165013639844,-0.4716918494365207
H524L,apo,50,4,1,12.357897176017524,1.418310533614815
H524L,apo,98,1,1,12.511539815564946,0.2003952647984723
H524L,apo,109,0,1,11.986158986114424,0.6529530386241106
H524L,apo,10,4,1,11.220571051471742,0.3558097971883013
H524L,apo,15,0,1,11.866974335638846,0.2898136991001032
H524L,apo,81,1,1,11.679428063376605,0.19561001146849538
H524L,apo,122,3,1,11.153253586872628,-0.15905297568123308
H524L,apo,69,4,1,11.102885294311605,-0.8630572287533294
H524L,apo,70,0,1,11.819725144232535,1.4866345344093543
H524L,apo,176,2,0,-4.269295560238579,2.9690713509226048
H524L,apo,48,2,0,-4.054446889633249,0.4916352148271877
H524L,apo,106,4,1,12.141547381637107,0.3702391992701348
H524L,apo,13,3,1,13.015677796169047,0.6966313199226237
H524L,apo,51,2,1,12.59687882002003,0.5318296288472647
H524L,apo,89,1,1,12.276826600996168,-0.10709626223015083
H524L,apo,59,4,1,11.933816479211284,0.7473926478495555
H524L,apo,161,4,1,11.796017272067894,0.03562722184645652
H524L,apo,72,3,1,12.210111616260491,-0.4762400569849372
H524L,apo,206,3,1,12.05298335520753,-0.4790812887872546
H524L,apo,105,1,1,3.081707443661937,0.14241643089285497
H524L,apo,109,2,1,11.986790212233336,0.2548210043329036
H524L,apo,205,0,1,11.471347320317514,1.4813561362484726
H524L,apo,209,0,1,12.071450118696998,-0.13879704499191234
H524L,apo,52,2,1,11.281869036790374,0.31402521556480123
H524L,apo,142,3,1,12.107280738310015,-1.0110059667824964
H524L,apo,200,4,1,12.19990164497428,0.762502963421803
H524L,apo,81,3,1,11.979401465709762,-1.1201374834352218
H524L,apo,156,2,1,10.984373093624527,-1.7190029181354605
H524L,apo,133,2,1,11.649710721811166,-0.33255014532116417
H524L,apo,22,2,1,11.82686731028003,-1.9244178210713687
H524L,apo,72,2,1,12.5922031666094,1.0857017590844615
H524L,apo,109,4,1,12.211388961034137,-0.14675133291294884
H524L,apo,72,0,1,12.583308365815139,-0.3485645210899066
H524L,apo,212,0,1,12.204745917815586,0.9349633371557634
H524L,apo,178,3,1,12.459512226037837,-0.2723788520898872
H524L,apo,195,2,1,11.851653417726641,-0.32403498240472833
H524L,apo,54,4,1,11.239096380938422,-0.5482630077126549
H524L,apo,40,0,1,11.928254480580202,0.5008966633241606
H524L,apo,244,4,1,12.840533907033594,0.38120227324187056
H524L,apo,195,4,1,11.946242418553465,-0.5490431989534301
H524L,apo,111,0,0,-8.700028299726572,0.12155761707087903
H524L,apo,84,3,1,12.326439943513355,0.12581127369856346
H524L,apo,124,1,1,12.069040842601071,-0.26995476915199906
H524L,apo,105,0,0,2.3110560615947313,-3.552204778982708
H524L,apo,97,4,1,12.325669288516751,-0.4448629020267365
H524L,apo,48,4,1,11.794490506336347,-0.12569316330342126
H524L,apo,109,1,1,12.249055003220295,-0.1849810723335295
H524L,apo,149,2,1,11.87892291341966,1.2492708812604272
H524L,apo,236,3,0,-4.02195387074516,0.549306655415873
H524L,apo,134,3,1,12.457260984331842,0.5475336024890771
H524L,apo,202,3,1,12.1628309977304,0.32695030248414586
H524L,apo,128,3,1,12.090297784750973,1.0726187854039437
H524L,apo,233,1,1,12.56299910823132,-0.0861466525574137
H524L,apo,150,2,1,12.241061089451417,-0.34041013181741475
H524L,apo,150,0,1,11.74933572499637,0.08773921432874095
H524L,apo,145,2,1,11.831748552192677,-0.5939958193524139
H524L,apo,169,3,1,12.117040694586487,0.2521274921021516
H524L,apo,131,4,1,11.915478820820619,-1.7824027756522147
H524L,apo,37,1,1,11.50358420195907,0.45300620374958633
H524L,apo,35,3,1,11.833056740175017,-0.6180147705641887
H524L,apo,233,4,1,12.598620539065163,0.8074263744997315
H524L,apo,181,1,1,12.607078890050976,-0.32246695783190216
H524L,apo,59,0,1,11.501579808561868,0.4336892861368776
H524L,apo,49,0,1,12.16256134661144,0.1881283750315337
H524L,apo,106,1,1,12.266842247990539,0.4231270432883268
H524L,apo,24,0,1,12.14647873683283,-0.053396742051612565
H524L,apo,200,0,1,12.01592559739222,-0.0007046848508754189
H524L,apo,134,1,0,-9.79239804829221,0.05249832325565918
H524L,apo,30,1,0,-0.5662866005134202,-1.6265561810579212
H524L,apo,173,4,0,-9.349026163301811,-1.0627871801818025
H524L,apo,142,2,1,12.066616382410325,-0.5311263743075714
H524L,apo,152,0,1,12.078130452318158,0.9727092339369954
H524L,apo,1,4,1,12.824253942123773,0.0911742768732974
H524L,apo,115,1,1,12.156224180326195,0.4695860922222289
H524L,apo,230,0,1,11.706574269548469,0.49468883935882924
H524L,apo,225,0,1,11.98289250705891,0.04130047444883802
H524L,apo,58,2,1,11.043317679004089,-0.32152333762373075
H524L,apo,144,1,1,12.179159913946469,-0.22440150550888202
H524L,apo,240,1,1,12.312103985802164,-0.6371450074199653
H524L,apo,234,3,1,11.878301584383262,0.03744582225798656
H524L,apo,35,1,1,11.371119447113154,0.32641146708367147
H524L,apo,250,4,1,11.949979891383558,-0.3254219412196541
H524L,apo,62,0,1,12.25340666138691,-0.9470256955369455
H524L,apo,63,2,1,11.833163792946415,-0.43994534515748646
H524L,apo,101,1,1,12.876335443954572,-0.025793042724000934
H524L,apo,181,2,0,-2.3628795531231694,0.8281459315260046
H524L,apo,150,4,1,10.956162014722981,-0.26823866453366557
H524L,apo,127,0,1,11.598769496984996,-0.015006267292247057
H524L,apo,206,0,1,12.061921158634926,0.08569331864108591
H524L,apo,36,0,1,11.120589444753879,0.7265350095743068
H524L,apo,88,1,1,11.631711282890596,-0.3823850767800678
H524L,apo,218,1,1,12.522315991762163,0.08633291964602864
H524L,apo,24,2,1,11.879516223760628,-0.5696112473034453
H524L,apo,8,3,1,11.971920348252455,1.3540922600462304
H524L,apo,82,3,1,11.806671451526185,0.7311222342945289
H524L,apo,88,2,1,11.152283864041353,-0.14939333433155372
H524L,apo,173,3,1,12.014744198939258,-0.2827833317871661
H524L,apo,19,1,1,12.534366438713437,0.6541413921721481
H524L,apo,126,4,0,-2.250344398211124,-0.39464142081323855
H524L,apo,39,1,1,11.957361525314735,-0.7395644953020318
H524L,apo,120,3,1,12.445566998819206,0.08776801881217527
H524L,apo,189,2,1,12.319066619138496,-0.032525150659568174
H524L,apo,189,1,2,-3.6319923696451815,-59.1430528502412
H524L,apo,72,1,0,-2.779599492733059,3.762742479740458
H524L,apo,27,2,1,12.24704448499371,0.06566905387448231
H524L,apo,42,1,1,12.901211610830916,0.004965375270257762
H524L,apo,41,2,1,12.128913327118891,0.3382608756250766
H524L,apo,82,4,0,-10.204615662471557,1.4875977209843576
H524L,apo,195,1,1,11.874350221714515,0.0299612404864193
H524L,apo,62,1,1,11.191063531501452,-1.4562066332438304
H524L,apo,244,0,1,12.51897438024049,1.0808906635129607
H524L,apo,30,2,1,13.392896284108238,1.2565985358871063
H524L,apo,168,1,0,-4.17032131205813,-0.05061542070176643
H524L,apo,62,2,1,11.486205930270904,-0.2942703857595936
H524L,apo,48,3,0,-3.59007256873766,1.2737189395860868
H524L,apo,127,3,1,11.823938854300891,0.01640309680972268
H524L,apo,215,2,0,-3.0795488582967145,1.1053699179331027
H524L,apo,124,4,1,12.111465995612086,0.2663158391616662
H524L,apo,182,4,1,11.73664199511588,0.26945784996181316
H524L,apo,119,0,0,-9.151239040010063,-0.8123370233812057
H524L,apo,113,1,1,12.20796468287808,-1.1857025596616773
H524L,apo,145,0,1,12.287400633951062,0.0294816970867582
H524L,apo,105,3,0,-0.3941344233194423,-2.0831780633714145
H524L,apo,97,0,1,11.842969854423002,0.7857261435210493
H524L,apo,245,2,1,3.6518828596711628,-0.2813484548542876
H524L,apo,28,3,1,11.94225846206345,-0.24848462196608231
H524L,apo,77,1,1,12.43314091922678,-0.0037261882645424804
H524L,apo,55,0,0,-9.35698999649073,0.7244140475153883
H524L,apo,49,4,1,11.629697817850932,0.6249973503933309
H524L,apo,49,1,1,13.077112963859086,-0.25859728035273877
H524L,apo,88,0,1,11.993703018170972,-0.4210238356877232
H524L,apo,67,4,1,12.31962500881158,1.4355580774822745
H524L,apo,226,2,0,-3.6335612354111664,-0.039960001226354076
H524L,apo,124,3,1,12.421505514558952,-0.9260895948395136
H524L,apo,169,2,1,11.600158423200044,0.5551916881263435
H524L,apo,108,2,1,12.107883835271991,-0.39016887090356756
H524L,apo,127,1,1,12.236658230095898,-0.03209641753304609
H524L,apo,7,0,1,11.00533722437052,-0.6187367590356961
H524L,apo,207,0,0,-1.6969759411525986,-0.3169043067935965
H524L,apo,34,2,1,11.576157276577543,1.1044493145700287
H524L,apo,166,0,1,12.067694523463643,-0.012161682263794677
H524L,apo,55,4,1,12.145920496694297,0.23999602966321393
H524L,apo,27,1,1,12.224950630669246,-0.17377100135239587
H524L,apo,98,0,0,-3.14366335944634,1.812830997426169
H524L,apo,163,3,0,-3.403921397816971,1.22739892526672
H524L,apo,180,3,1,11.213927944084142,-0.47418014655495205
H524L,apo,25,4,1,11.954231104206,-1.2831942524715074
H524L,apo,127,2,1,12.161119638736094,0.5717321695978566
H524L,apo,107,4,1,11.015883047703664,-0.7724222633015785
H524L,apo,160,2,1,11.983652866347093,-0.485037960800812
H524L,apo,244,3,1,12.164762313982298,-0.1460236472057556
H524L,apo,89,0,1,11.581077668199258,-1.1899522631026223
H524L,apo,7,2,1,11.101784942426399,-0.4453908643718524
H524L,apo,210,2,1,11.28503445298566,-0.9792384055907783
H524L,apo,154,1,1,11.85399133088452,-0.17920235837900705
H524L,apo,106,0,1,11.967957676657752,0.15270242783039537
H524L,apo,198,4,0,-6.114976657465805,1.2956852460847494
H524L,apo,63,0,1,11.656674639549086,0.9726274908569238
H524L,apo,161,3,1,12.34906949986576,-0.21616683066708148
H524L,apo,130,1,0,-4.190096886559001,2.446641400365499
H524L,apo,30,4,0,0.5576059039754355,-0.5677793383256229
H524L,apo,174,3,1,12.414481946095533,1.0516449110578419
H524L,apo,123,1,1,12.062851271693107,-0.8586868029146294
H524L,apo,219,2,1,11.288154980112813,-1.5347265635174818
H524L,apo,104,4,1,12.573271638279776,0.19602967801899526
H524L,apo,105,4,0,2.3755041984163183,-3.9690548369491103
H524L,apo,136,0,1,12.074256489012265,0.852637123306136
H524L,apo,151,0,1,11.302609694461387,0.022566479847022414
H524L,apo,3,1,1,11.81830799456753,0.6146347135676012
H524L,apo,239,1,0,-2.542077051836386,0.4781600134784431
H524L,apo,150,1,1,11.135045319902437,-0.24280981486765785
H524L,apo,227,2,1,12.909716987867336,1.536365253028138
H524L,apo,66,3,1,12.268888986767884,0.6947706613250693
H524L,apo,11,2,1,11.681311005906142,-0.38661354252012214
H524L,apo,6,0,1,11.947940754169096,0.5197589517325224
H524L,apo,106,3,1,12.190386008900315,0.22186749318835236
H524L,apo,124,0,1,12.023844944917755,0.4707923951307078
H524L,apo,40,3,1,12.294169367348228,-0.13075594745963814
H524L,apo,108,4,0,1.4825569161698957,1.0811287679981254
H524L,apo,226,4,1,11.013366469755688,-1.34102694274604
H524L,apo,198,2,0,-4.527768718692415,1.498419783512415
H524L,apo,85,0,1,11.522470680791901,0.33222469374664887
H524L,apo,236,2,1,10.662828068276939,-1.7991562712113964
H524L,apo,82,0,0,-4.335543437497925,0.3062198175669184
H524L,apo,84,0,1,11.575000220553497,-0.05701367146327676
H524L,apo,119,2,0,-3.6389661309924075,0.4267286180302565
H524L,apo,155,3,0,2.270662265283782,0.8214770812424815
H524L,apo,247,3,1,12.3024278955382,0.2840587596674615
H524L,apo,59,3,1,11.394388846354662,-0.024076110221924494
H524L,apo,164,1,1,11.936758396399378,1.6206538090521094
H524L,apo,170,2,0,-1.4567000272596722,-0.11723285741102063
H524L,apo,135,2,1,12.170271315037388,0.9692442712730152
H524L,apo,181,3,1,12.231477078195304,0.07747832162442132
H524L,apo,44,3,1,11.880746016848795,0.22198014054336596
H524L,apo,80,2,0,-3.3368832415191405,0.8135739930914818
H524L,apo,141,4,1,12.22790755589143,-0.09176991683662268
H524L,apo,174,1,0,-2.2380883872823127,0.8396998110433858
H524L,apo,67,1,1,12.060166006587538,-0.4888192941893355
H524L,apo,50,0,1,11.63576667961455,0.9384101700309171
H524L,apo,149,0,1,11.583885034077419,0.24077796263080242
H524L,apo,47,1,1,12.055172922895451,0.7893484796155202
H524L,apo,19,4,1,11.966166808048218,-0.9888991593241805
H524L,apo,84,1,1,11.362828284457505,0.1579004679708671
H524L,apo,35,4,1,12.006180948107525,0.4150454890694979
H524L,apo,171,3,1,11.57044993580553,0.8880756185950086
H524L,apo,9,1,1,11.781909202619632,0.5164770103648312
H524L,apo,36,1,1,11.963224292416307,-0.3898733694723631
H524L,apo,157,4,1,11.851754341406338,0.18558011599389487
H524L,apo,131,0,1,12.144409273494762,0.2265651588468713
H524L,apo,27,4,1,11.846075817156853,0.3965554547878642
H524L,apo,221,0,1,12.213773960969734,-0.6937627554991441
H524L,apo,100,4,1,11.010421231115727,0.17105174743015242
H524L,apo,107,1,1,11.984629610574657,0.348192970664054
H524L,apo,81,2,0,-2.7986884795657376,1.6512396039482031
H524L,apo,64,4,1,12.018435807836129,-0.5290541832427644
H524L,apo,74,1,1,11.556634343070954,0.6624508746989686
H524L,apo,44,2,1,12.271771584384144,-0.11943025115520572
H524L,apo,188,2,1,10.916172438442352,-0.14665115379267474
H524L,apo,183,3,1,11.645082706989605,0.6925054167495753
H524L,apo,31,0,1,11.932562126344736,0.6627249168932953
H524L,apo,228,3,0,-9.455692843704202,-0.33017669591100274
H524L,apo,79,4,0,-9.352373543285262,-0.020047041259668046
H524L,apo,90,0,0,-2.1350826334369515,0.4372975248817194
H524L,apo,165,2,1,11.971201946014247,-0.2548351580558798
H524L,apo,128,4,0,-5.295284897862452,1.5548696341636534
H524L,apo,199,3,1,11.488801656862837,-0.27529936309162734
H524L,apo,190,0,1,11.533278862439925,-0.3202366450022764
H524L,apo,182,0,0,-3.0559306695788053,-0.4353320446244032
H524L,apo,223,3,0,-2.526846916591198,0.8040424548976401
H524L,apo,161,1,1,12.326301785566265,0.749277614901531
H524L,apo,92,3,1,11.590912057696087,0.5170529909966474
H524L,apo,127,4,1,11.75239277084046,-0.13989597368356163
H524L,apo,54,1,0,-6.541128416160003,1.0110498676103854
H524L,apo,142,4,1,12.067698941682274,-1.2107220324575183
H524L,apo,3,3,0,-0.7979686448206714,0.0480454934040559
H524L,apo,207,3,1,12.285869502298036,-0.6437112550528813
H524L,apo,186,0,1,12.80197298105992,0.6393839042163366
H524L,apo,186,1,1,12.001206143781534,1.411526457532291
H524L,apo,87,0,1,11.673059316920328,1.1106667010731048
H524L,apo,153,4,1,12.85593372624663,0.8876769448698804
H524L,apo,28,0,1,12.595117394220791,0.9068100011665888
H524L,apo,162,2,1,12.549083115092715,0.34555437768442904
H524L,apo,239,0,1,9.315561433879763,0.2552411497191917
H524L,apo,226,1,0,-3.2320672053642943,0.8795121087396776
H524L,apo,239,3,0,-6.075287126076795,1.7694002704544889
H524L,apo,197,3,1,12.040435157226264,-0.5206742917900699
H524L,apo,216,1,1,11.59381061111142,0.6085191034592217
H524L,apo,153,2,1,11.312196138187414,-0.5206458387608952
H524L,apo,15,2,1,11.313563424747727,-0.0639487105008179
H524L,apo,51,0,0,-3.3579019926302354,1.2407180284331343
H524L,apo,197,4,1,11.809815913088862,0.08771680484207058
H524L,apo,169,1,0,-3.3005017595739106,1.4438312156023265
H524L,apo,159,1,1,11.050012868535426,-0.5049334307338044
H524L,apo,8,2,1,11.705776281018737,-0.2620457534777286
H524L,apo,23,2,1,11.388364511019615,0.13813133720727877
H524L,apo,38,0,1,12.181687435007397,0.21952257090873206
H524L,apo,83,1,1,13.099537654665449,0.09290835115043052
H524L,apo,45,0,0,-4.224626700841416,1.3881515401391313
H524L,apo,171,0,1,11.611345518029424,0.26848504585301597
H524L,apo,125,1,1,12.345597806931767,0.6462756621981407
H524L,apo,183,0,1,11.541339077712557,0.6434927275763461
H524L,apo,137,1,1,11.77503182212425,-0.48133409158668644
H524L,apo,91,1,0,-3.3795029468399225,1.6537100583604074
H524L,apo,182,1,1,12.758486965779957,0.37410428836885856
H524L,apo,9,3,1,11.575907005915308,-0.48390345839242666
H524L,apo,93,2,1,12.251496987409023,0.27504217588204016
H524L,apo,194,0,0,-7.803067448147629,-2.6155441318969443
H524L,apo,139,4,0,-4.439454189816036,0.6241729996556465
H524L,apo,157,3,1,11.87764690303966,-0.11922910478840448
H524L,apo,193,2,0,-4.1064783378634075,1.1169319351969684
H524L,apo,167,2,1,12.194481472353662,0.5067875179082274
H524L,apo,42,4,1,12.321694256235746,1.1995371383391737
H524L,apo,31,3,1,12.205881966712447,0.45771866503928343
H524L,apo,74,0,1,12.229671637406746,-0.6427763560344828
H524L,apo,114,3,1,12.102888204637015,1.355989051436408
H524L,apo,94,1,0,-9.903687846498086,-1.5907485568328372
H524L,apo,42,2,1,10.83962183984902,0.7493392243448103
H524L,apo,104,2,1,11.192291760463668,0.6602391852516788
H524L,apo,100,2,1,12.234532404071858,0.7507109970068483
H524L,apo,206,1,1,12.323098172845906,-0.09570278848559458
H524L,apo,240,2,1,12.451153683561678,0.666901880582955
H524L,apo,233,0,1,12.291204431207838,-0.28588439726084924
H524L,apo,11,0,0,-0.6076309244727431,0.21928725191440926
H524L,apo,34,1,1,11.890673652360823,-1.033265404996201
H524L,apo,191,1,1,3.798563557391321,0.9009699000941476
H524L,apo,189,3,1,4.304258739305985,-0.7236694033817267
H524L,apo,21,0,1,11.617435901930769,-0.007972148507485427
H524L,apo,25,2,1,11.211415013047175,0.3313913282745654
H524L,apo,135,3,1,11.900984808680429,-1.5406294801624687
H524L,apo,108,0,1,11.585447018605777,-0.083561181792346
H524L,apo,215,3,0,-4.264696021098826,1.7761500414260705
H524L,apo,246,1,0,-1.801393805732706,-0.2281655082442572
H524L,apo,224,1,1,11.91610049202707,1.4277305129814257
H524L,apo,22,3,1,11.998540135977576,0.9085630882898569
H524L,apo,39,2,1,11.80270669105763,0.04161744644225811
H524L,apo,100,1,1,12.145092052256002,0.8788971547541172
H524L,apo,190,1,1,11.882261081943989,0.05557220846491451
H524L,apo,75,2,1,12.211655650422847,0.09902652454553297
H524L,apo,162,0,1,12.242047154894642,0.4909260159061962
H524L,apo,163,1,0,-7.846194674317988,-1.6310952663343263
H524L,apo,71,3,0,-2.9511741518658976,0.5659708084844843
H524L,apo,163,2,0,-2.1777529528709754,0.5150573629542353
H524L,apo,152,1,0,-7.204006598434818,-2.1168363662373313
H524L,apo,197,0,0,-4.745916002141413,1.7302438127562199
H524L,apo,238,1,0,-1.5045985182598793,-1.0213941379921094
H524L,apo,173,2,0,-1.6373358088652872,0.6933735088033619
H524L,apo,194,1,0,-9.447770894003957,-0.8510789875529108
H524L,apo,247,4,1,12.200031455233743,0.13947088188992973
H524L,apo,104,0,1,12.00087326132449,-0.08242526513713704
H524L,apo,215,1,0,-5.143137092753507,1.5621737294033802
H524L,apo,197,2,1,11.483184371376154,0.5042706234355379
H524L,apo,244,2,1,12.57742492936169,-0.29925292965565614
H524L,apo,134,4,1,11.91580851438512,0.3704121467034623
H524L,apo,120,1,0,-10.236266047122125,-0.0829803256936418
H524L,apo,128,1,1,10.244136295364282,1.0762851094819648
H524L,apo,68,4,1,11.035879183016226,-0.37707032749352537
H524L,apo,82,1,0,-2.7065001771436554,1.092604330215905
H524L,apo,205,4,1,11.524154695370761,-0.2265484831461389
H524L,apo,196,0,1,11.656790904026517,0.3876323941708279
H524L,apo,82,2,0,-2.413003026466969,0.466315541060154
H524L,apo,117,4,1,11.767533615870384,0.5763772587106805
H524L,apo,206,4,1,12.307794986488972,-0.8202184217541727
H524L,apo,199,0,1,11.35319054423156,-0.36979140001073213
H524L,apo,123,3,0,-3.97106693008922,0.4550615633726763
H524L,apo,117,2,1,10.890995592674043,-0.18994004721188615
H524L,apo,12,2,0,-8.422120765131842,-0.8138346434711117
H524L,apo,39,3,1,11.40669696554712,-0.918964648722762
H524L,apo,245,1,0,-3.1915610396715355,1.2182292433348307
H524L,apo,78,2,1,12.212388808267326,-0.11195475188612916
H524L,apo,19,0,1,11.707625275307102,0.20229753403690384
H524L,apo,60,3,1,11.948284552743477,0.6150760467420984
H524L,apo,67,3,1,11.251580759372516,0.009590555596752997
H524L,apo,90,4,0,-0.24464755392737897,0.5360615072960196
H524L,apo,167,4,0,-4.437081445569847,0.4865818721108889
H524L,apo,18,3,1,13.001966677022695,1.4439197368661245
H524L,apo,134,2,1,12.719505633505305,0.42421170709543915
H524L,apo,179,3,1,12.923673755801122,1.6559252346015398
H524L,apo,101,4,1,11.189524126991746,-1.3468624799666844
H524L,apo,50,3,0,-2.853289240701061,0.005943300869175016
H524L,apo,223,0,0,-2.2301278444198496,0.3771628853418071
H524L,apo,220,3,1,11.497484794356767,-0.15955450292677162
H524L,apo,111,2,0,-7.783466402201898,-2.8577995167000756
H524L,apo,37,0,1,11.590485595947172,0.2448316249642943
H524L,apo,88,4,1,10.835102445580468,-0.3868660151868276
H524L,apo,174,2,0,-2.0694599799966373,1.0092380763734508
H524L,apo,21,4,1,11.920792111784072,-0.18978208143344807
H524L,apo,54,3,1,3.8726248324524657,1.2260806541011335
H524L,apo,197,1,1,11.497993303302461,0.02902163103868259
H524L,apo,219,0,1,8.38610088467066,-0.9167234131350491
H524L,apo,132,1,0,-3.4163980937032767,0.644840298238634
H524L,apo,8,1,1,11.720080434559609,0.35887648556634955
H524L,apo,58,4,1,10.540512107337635,-0.9231384990567688
H524L,apo,218,4,1,12.235522346275642,0.09375849803192225
H524L,apo,120,4,0,-2.5413715472470306,1.8244891433760253
H524L,apo,106,2,1,12.521175886876453,-0.5277360572820666
H524L,apo,231,2,1,5.517467225132874,-0.6273548296524906
H524L,apo,93,0,1,11.807629140329466,0.4274973098426904
H524L,apo,31,1,0,-7.565938803694701,-1.3812442687187532
H524L,apo,175,4,1,11.543016466385577,0.5166652707024761
H524L,apo,122,0,0,-3.231508232392063,0.7270196418047257
H524L,apo,91,2,1,12.165956749767238,0.7507841871371925
H524L,apo,108,1,1,10.810685507707177,-1.2514606478192534
H524L,apo,70,2,0,-1.3232571002167401,0.310328299835538
H524L,apo,74,4,1,12.598036353371334,0.44368382591135397
H524L,apo,87,2,1,12.314349395705682,0.5946294137375817
H524L,apo,4,1,1,12.239762017370122,0.040477959069242425
H524L,apo,81,0,1,12.113859287727252,-0.6551336013600979
H524L,apo,136,4,0,-1.5246980871617135,0.6093553911380992
H524L,apo,119,4,0,-2.093153619177047,-0.11471094708068759
H524L,apo,8,0,1,4.0023071639238506,-0.8363854994984213
H524L,apo,159,4,1,10.718460579988133,-0.10292093051496676
H524L,apo,96,2,1,11.845635661309299,-0.2068074157866628
H524L,apo,208,1,1,11.565044781762518,-0.8739244301662495
H524L,apo,94,3,0,-1.4502136832235817,0.5631291371951532
H524L,apo,155,0,0,-3.707885430835536,1.6120146628291487
H524L,apo,10,3,0,-3.8815233569871883,0.8306877365436663
H524L,apo,221,3,0,-8.738605217560956,-0.18961806746043533
H524L,apo,161,0,1,12.431966551556926,-0.30346448701397205
H524L,apo,199,4,0,-3.177015330829751,0.709570392411715
H524L,apo,7,3,0,-1.3900168140458327,0.9835784939631937
H524L,apo,70,1,0,-1.7609450594835583,0.11340047137042998
H524L,apo,229,1,0,-3.7674371650184235,0.7470971986485216
H524L,apo,166,3,0,-3.337752798773052,1.2706794778233095
H524L,apo,27,0,1,12.562702395942967,0.5033623816335473
H524L,apo,70,4,0,-3.7601146406083314,-0.14400797015384112
H524L,apo,5,1,1,12.184515100467383,0.13014803413089565
H524L,apo,68,3,1,11.669587790778245,-0.11912668437578074
H524L,apo,96,4,1,12.405265439799365,0.2660643252546524
H524L,apo,224,3,1,12.111227825807996,0.027676512755849637
H524L,apo,92,0,0,-4.064881763667433,2.1422123556796477
H524L,apo,30,0,1,11.89378862539094,0.8841665782551665
H524L,apo,155,4,0,-3.3947456875781277,1.268919388559723
H524L,apo,168,3,0,-2.3045758934392393,0.8720806003601116
H524L,apo,60,0,0,-4.701836881121497,1.1070340976091226
H524L,apo,95,4,0,-8.912453598239061,1.0245594915674043
H524L,apo,7,4,1,11.644806680556712,0.19646872687315675
H524L,apo,154,0,1,11.160533867864132,-0.6247589453570238
H524L,apo,172,2,0,-1.617804627207888,2.5813771402091246
H524L,apo,168,2,0,-0.7954153336552844,0.3482751964652174
H524L,apo,130,2,0,-3.043710620413631,1.6057915984394864
H524L,apo,40,2,1,12.227447824711872,0.017730098049997325
H524L,apo,186,2,0,-3.2702739045166047,-0.28234912691395314
H524L,apo,241,0,0,-4.355413998203598,1.6818946677124185
H524L,apo,226,0,0,-3.607902087575004,0.5051993253672891
H524L,apo,171,4,1,11.79684076595808,0.4680103439753411
H524L,apo,148,1,0,-2.1173935248774267,-0.26059719700254963
H524L,apo,194,3,0,-3.259001400156964,1.7300142470737667
H524L,apo,1,3,1,12.045666448388227,0.4417292727769543
H524L,apo,18,1,0,-9.574144939446205,-1.0386415129486397
H524L,apo,118,2,1,11.059311722944571,9.203991810904012e-05
H524L,apo,3,4,0,-7.552658220373851,-1.48002190262888
H524L,apo,100,3,1,11.727951510345516,-0.4768108519762991
H524L,apo,43,2,1,11.315987265512797,0.03215171052989517
H524L,apo,55,1,1,11.159580272067888,-0.9481275273924205
H524L,apo,152,4,0,-3.5437708428505537,-0.23668883957737122
H524L,apo,136,1,0,-2.2240620568018463,0.24490341772964044
H524L,apo,146,2,1,12.236668226950714,2.315725566201197
H524L,apo,225,2,1,12.517685191736382,0.8422266210188564
H524L,apo,221,2,0,-1.2526060253047526,0.10385243697483275
H524L,apo,160,3,1,11.925291120712428,-0.8943811657445886
H524L,apo,98,2,0,-7.672294812442523,-1.4810078810639578
H524L,apo,206,2,1,11.975936246300686,0.4433200824768815
H524L,apo,246,3,0,-0.5908662038466865,-0.05353598366908094
H524L,apo,154,4,0,-4.264518864412129,0.7283442563736301
H524L,apo,178,1,0,-7.539486349131122,-1.3227766390168993
H524L,apo,162,3,1,12.169598479515782,-0.3789052383094014
H524L,apo,172,1,0,-1.669905283219222,0.5807458678823827
H524L,apo,125,2,0,-2.8738737819795523,-0.04497979123525174
H524L,apo,180,0,0,-6.188303206758242,-1.4875644943933544
H524L,apo,249,4,1,12.059959208516903,-0.025546749482306536
H524L,apo,89,3,1,11.789994924680467,0.5573504531083059
H524L,apo,201,3,0,-7.769383496716126,-2.0004946354058437
H524L,apo,213,2,1,11.736050382690351,0.28354826776744735
H524L,apo,67,2,1,11.796793301349012,0.18613542704826447
H524L,apo,119,3,0,-2.6958462604044557,1.2869035215210884
H524L,apo,208,4,1,12.698203091705963,-0.09407227438971857
H524L,apo,29,2,1,11.614163243214374,-0.5045163552817046
H524L,apo,80,4,0,-2.9691820490032756,1.1105046627734356
H524L,apo,77,2,1,12.136978686057537,0.8501288310444892
H524L,apo,169,0,0,-4.508748360987666,1.245231335686942
H524L,apo,210,3,0,-2.273184600308871,0.5105954811766605
H524L,apo,44,0,1,12.246505868706764,0.5164276911024187
H524L,apo,18,4,0,-4.063447516396389,0.4881939205908265
H524L,apo,94,0,0,-3.1072196257268954,0.9463415863001046
H524L,apo,142,1,1,12.236119517503875,-0.11405078404019445
H524L,apo,157,0,1,11.650188026676128,0.736058030565734
H524L,apo,107,0,0,-2.721831869778187,1.139740006022927
H524L,apo,48,1,0,-2.2391214901655836,1.128000739243515
H524L,apo,7,1,0,-5.002704694177504,0.9080592997853142
H524L,apo,4,3,0,-2.409075999144496,0.8446398814713183
H524L,apo,75,1,0,-5.137829063523107,0.4361441232540967
H524L,apo,155,2,0,-8.373294202228085,0.3909328796334527
H524L,apo,207,4,1,11.530612910125864,-0.4162837147936724
H524L,apo,9,2,1,12.170334676827071,0.5213429117433571
H524L,apo,75,0,1,13.286798691829691,0.8201224921444139
H524L,apo,76,0,1,12.292758237775944,0.5871720645037279
H524L,apo,179,4,1,12.20600916008322,-1.0753970101046255
H524L,apo,96,1,1,10.547874256627223,-0.5115254894228378
H524L,apo,25,3,0,-3.433363022970986,1.6601027264208772
H524L,apo,96,3,1,11.436683390612243,0.14927778648637355
H524L,apo,190,4,1,12.600034849496902,0.5598166189069507
H524L,apo,34,4,1,12.191490025799544,-0.055715266395097135
H524L,apo,137,4,0,-7.951031159418028,-1.0068288766693132
H524L,apo,65,2,0,-1.9335235261260697,0.4489107192306001
H524L,apo,193,4,0,-3.6524734332051043,0.9351450873654311
H524L,apo,69,0,1,12.518525991605914,0.06409272127296158
H524L,apo,103,2,0,-2.044205486900359,0.7255276195732563
H524L,apo,91,0,1,11.115529165587382,-0.8944458855857348
H524L,apo,149,1,1,12.097952408650384,0.221424023675321
H524L,apo,91,3,0,-9.029505403062617,-0.5572879806303194
H524L,apo,171,2,1,12.120872956906735,0.01650713683673496
H524L,apo,12,1,1,12.406434812025427,1.0976091097906369
H524L,apo,89,4,1,12.335004679695587,-0.5488759546504128
H524L,apo,1,1,1,3.568514787259495,0.17813611239300112
H524L,apo,92,2,0,-4.597987640034474,0.6095522798804809
H524L,apo,220,4,1,12.089739778166152,-0.19180356318314773
H524L,apo,196,2,1,11.149751564928277,-0.6427483189811062
H524L,apo,11,3,0,-3.7535870068824546,1.3248402601913472
H524L,apo,209,3,1,11.782700303350735,-0.6337017360505642
H524L,apo,183,4,0,-9.729659618450702,0.7715244178343399
H524L,apo,9,4,1,11.936935527996626,0.010913470338889016
H524L,apo,176,0,0,-3.702054414597503,1.7438628799225149
H524L,apo,20,4,0,-3.6148420401201617,2.1501033018915297
H524L,apo,135,4,1,11.587797551249633,-0.32073858878298844
H524L,apo,90,3,1,11.851102313173904,1.1155736692084515
H524L,apo,125,3,1,5.072701053037319,0.3617125765089686
H524L,apo,187,3,0,-3.2584766382136237,2.2235713207586363
H524L,apo,11,4,0,-3.8784663374110036,1.2639996673879483
H524L,apo,179,1,0,-5.111399079219502,0.41066838697812935
H524L,apo,11,1,0,-3.455432588141048,0.8186777150051672
H524L,apo,8,4,0,-0.3979943438730276,1.2594941371889306
H524L,apo,170,0,0,-1.7408555536340722,-0.08990746818057772
H524L,apo,50,1,0,-9.27545517472409,-1.0044943326146865
H524L,apo,137,2,1,11.775502174969981,0.12796417858407078
H524L,apo,225,1,1,12.051817826586086,0.7432215633063527
H524L,apo,2,1,1,12.156923978813477,1.5940637171652847
H524L,apo,63,3,0,-2.7600211950224405,1.6674665477397792
H524L,apo,135,0,1,11.269346729069847,1.3159632029397184
H524L,apo,2,0,0,-2.6634781573554105,1.8348561677456932
H524L,apo,116,1,1,11.967635203130582,0.3445183461552454
H524L,apo,161,2,1,11.119590644390653,-0.8026852864816819
H524L,apo,200,1,1,12.622515683000778,-0.49872725284274155
H524L,apo,232,4,1,11.39121342917867,0.44880734968888536
H524L,apo,4,0,1,11.54132627862976,-0.34719175194075386
H524L,apo,49,3,1,12.820239282864707,0.3202555079618928
H524L,apo,75,3,1,11.707701619175614,0.03579656371877875
H524L,apo,38,3,0,-4.1669285101858735,-0.3930941078083488
H524L,apo,42,0,0,-2.008686391180425,1.5223969344904442
H524L,apo,185,2,0,-2.787195967264973,0.8690206420773566
H524L,apo,141,2,0,-8.707417588081782,-0.5945566142176371
H524L,apo,173,1,0,-1.54647092188087,0.47789639675324475
H524L,apo,118,1,0,-3.4890477013828445,3.0290280588589353
H524L,apo,209,2,0,-1.5820187041813005,1.5948971851268665
H524L,apo,26,2,0,-3.6762608820796148,1.2767085226945416
H524L,apo,19,3,0,-2.1323830493219056,1.1282982277833205
H524L,apo,100,0,0,-2.3159268052129756,0.8605027604673593
H524L,apo,102,4,1,11.564596572415267,0.20015453975039368
H524L,apo,181,0,0,-0.38898542689775234,0.5753353413558843
H524L,apo,182,3,1,12.532423160182914,-0.16272040633894877
H524L,apo,37,3,1,11.364577573047072,0.13343350184364308
H524L,apo,90,2,0,-3.6511709998352395,0.6209645442503265
H524L,apo,210,1,1,11.316989798311518,-0.5992124556591646
H524L,apo,38,2,0,-6.066137437842176,1.9009626533266417
H524L,apo,216,2,0,-5.776572407221747,2.3948610244337094
H524L,apo,164,2,0,-5.293488122499734,1.4696696694580222
H524L,apo,214,1,1,12.268865813154145,-0.8961063824363128
H524L,apo,120,2,0,-4.344380502630074,1.7309535262054048
H524L,apo,194,2,1,11.860830663555024,0.7092134399182001
H524L,apo,5,0,1,11.541522275921235,0.590958725615488
H524L,apo,122,1,0,-7.888532422503613,-2.213091262358137
H524L,apo,47,2,1,11.213213928395469,-0.015038645590841993
H524L,apo,71,0,1,12.81176463081963,0.4801688822225816
H524L,apo,216,3,0,-2.146172584593808,1.922196597625763
H524L,apo,67,0,1,12.199267757427682,0.37800210169988013
H524L,apo,39,0,1,12.333790839697427,0.23359223108655158
H524L,apo,44,1,0,-4.982287398588415,1.3095293797569945
H524L,apo,232,2,1,11.833670817746729,-0.20290181415126476
H524L,apo,218,3,1,12.455597047625153,0.8097996682700697
H524L,apo,43,3,1,11.617989831499154,-0.5593992338524253
H524L,apo,103,3,0,-3.9406603560191154,0.9562471630823544
H524L,apo,165,1,0,-4.377335713992289,0.6791703253771934
H524L,apo,220,1,1,10.628622363779629,-0.9029413673347004
H524L,apo,92,4,0,-2.8587745106134217,1.3904481476995039
H524L,apo,160,1,1,11.758485563781388,0.6828686179424166
H524L,apo,20,0,1,10.647379751876523,-1.0975095294224972
H524L,apo,36,3,1,12.10645224814889,0.3728783841961483
H524L,apo,212,1,0,-3.1546400051111196,3.29326967066528
H524L,apo,69,2,0,-9.576426725377283,-0.2251385479741654
H524L,apo,118,3,0,-9.139069986164614,-0.8419531553033834
H524L,apo,138,0,0,-9.510498190686503,0.8431711707112073
H524L,apo,97,3,1,11.373325146357988,-0.9546754616808559
H524L,apo,108,3,1,11.498833122008419,-0.8707654845308558
H524L,apo,240,0,1,11.6026014300882,0.4870957311798326
H524L,apo,83,4,0,-3.499095827129655,0.5873565158670444
H524L,apo,241,1,0,-8.510467885366499,-2.1864812069865427
H524L,apo,162,4,1,11.952062250497857,0.875264053419487
H524L,apo,156,4,1,12.262307523310689,-0.018850991522102945
H524L,apo,239,4,0,-3.6508033172765093,0.6046425731583193
H524L,apo,151,2,0,-4.915446147604208,3.330620085554241
H524L,apo,2,3,0,-3.7205471910901764,0.3056648901231225
H524L,apo,107,3,1,12.482639269178591,0.12446082526219103
H524L,apo,21,1,0,-5.4748212507349585,1.0740034612253646
H524L,apo,107,2,0,-3.3516430045103385,0.831615925723886
H524L,apo,86,1,0,-1.630078247992137,0.4441593852302039
H524L,apo,149,3,1,11.94308669403462,0.2594387531337302
H524L,apo,240,3,1,11.809193165930305,0.2256740631624869
H524L,apo,104,1,0,-3.5711622730372694,1.6475316782041807
H524L,apo,51,1,1,11.175814869368654,-0.0014019424146575774
H524L,apo,152,2,1,11.665707365648922,-0.41898259037091495
H524L,apo,62,3,2,-3.034904464604104,-40.2384079382843
H524L,apo,166,2,0,-3.0809201835777333,0.46237237123783026
H524L,apo,57,2,1,11.891446438947256,1.0611232155443855
H524L,apo,196,4,0,-3.410284061149262,1.3215439787098255
H524L,apo,175,2,0,-10.186329786271456,-0.3938893394756189
H524L,apo,205,3,0,-3.6373392714595196,0.037379902262348524
H524L,apo,51,3,0,-2.155282319139402,0.6727231128924531
H524L,apo,215,4,0,-4.715250198704119,1.6812704044221474
H524L,apo,178,4,0,-2.933255598257506,0.5563539778996887
H524L,apo,178,2,1,11.304960762715648,0.416770996277303
H524L,apo,20,3,0,-4.373659906153611,1.2923024079088714
H524L,apo,55,2,1,11.733913204478595,-0.4188961783617081
H524L,apo,216,0,0,-5.525892487856595,1.3657144663443952
H524L,apo,1,0,0,-4.548990325275943,0.4713063306669129
H524L,apo,140,2,0,-4.560619149094163,-0.2410158864302896
H524L,apo,9,0,1,11.539811399626684,-0.867717954744285
H524L,apo,193,3,0,-7.343299346483826,-2.5588741740112098
H524L,apo,237,4,1,12.17015231224996,1.1161826829085915
H524L,apo,64,3,0,-3.551634502455366,1.3997341104684868
H524L,apo,234,4,0,-2.8293181909715903,1.2938209600203083
H524L,apo,95,2,1,12.054248300773182,0.3646110759330313
H524L,apo,26,1,0,-2.2651005165326272,0.7689155382222852
H524L,apo,153,1,0,-2.0586063558130063,-0.04448965109637264
H524L,apo,1,2,0,-0.8995375728998958,1.7743130586606084
H524L,apo,212,3,1,12.462261618987425,0.8046923782996747
H524L,apo,78,3,0,-8.719379542417482,0.3193320000413948
H524L,apo,115,3,1,12.335006213712532,1.35646086757437
H524L,apo,179,2,1,6.724855113466625,0.2669981883926398
H524L,apo,119,1,0,-2.2029091391107976,0.8122108833876543
H524L,apo,26,0,0,-2.7661358779545444,0.9745227196584748
H524L,apo,2,4,1,11.474070734297984,-0.013379036147360272
H524L,apo,194,4,0,-3.0009786328300896,-0.5022073655360187
H524L,apo,34,0,0,-5.340986741033582,1.4894205570695023
H524L,apo,173,0,0,-2.8965262193584067,1.5627094630077913
H524L,apo,2,2,1,11.416301693125204,0.6765021965777478
H524L,apo,234,0,0,-2.50188248360775,2.6125879683411766
H524L,apo,159,0,1,11.996406875841169,-0.12595195841838988
H524L,apo,72,4,0,-5.6111851387886444,0.14854719736717698
H524L,apo,230,3,1,11.880399457990553,0.4139109430820015
H524L,apo,132,3,0,-3.81899478685471,0.8779219557289225
H524L,apo,111,4,0,-2.977676967766987,0.6627407469673288
H524L,apo,230,1,0,-9.464214813382915,-0.705648706535373
H524L,apo,163,4,0,-1.042276951271369,0.943998246054193
H524L,apo,230,2,0,-2.9498264777253285,-0.9499289752303979
H524L,apo,202,2,0,-2.4195374356481127,1.7634719389666778
H524L,apo,60,1,0,-5.4845117868944975,1.1508660481706263
H524L,apo,153,3,0,-4.691901777240838,0.7366894272068938
H524L,apo,30,3,1,4.247848757465276,-2.4251300399382196
H524L,apo,101,3,1,12.354097525974169,0.006965618657500594
H524L,apo,69,1,1,12.686113591159247,0.6625889265328991
H524L,apo,156,3,0,-2.8441753541670143,1.3415880757611938
H524L,apo,215,0,0,-4.683849034373409,1.8686838500682956
H524L,apo,86,3,1,11.668003434930094,0.3462635492518849
H524L,apo,232,1,1,12.179834610304791,0.8596075145936891
H524L,apo,85,4,0,-3.7796465308361173,-0.016858397373080373
H524L,apo,87,4,1,11.192777365428812,-2.005561756681965
H524L,apo,131,3,1,2.958290108380714,-0.49983317751446066
H524L,apo,121,2,1,11.079952040806628,0.3760829051883467
H524L,apo,190,2,0,-3.773409438833316,-0.49686103751531846
H524L,apo,44,4,0,-3.862611913978105,1.659857141443815
H524L,apo,73,0,0,-4.446500810203885,1.03197765071568
H524L,apo,157,2,1,12.213162817521471,0.09305753546315167
H524L,apo,83,0,1,11.87305907741805,-0.08272898050785184
H524L,apo,28,2,1,12.156192676314209,0.13827433848621148
H524L,apo,241,4,0,-1.94962238595865,1.9778690848435325
H524L,apo,46,4,1,11.977144469259311,1.4629844196412214
H524L,apo,73,4,0,-4.121006847108736,0.7546645357171762
H524L,apo,32,2,1,12.028457742483674,0.16325398516313955
H524L,apo,228,2,0,-1.1502091671439822,-0.17146665453672189
H524L,apo,80,1,0,-3.3914759599808604,0.35164918766046066
H524L,apo,43,0,1,12.354504709861319,-0.29435753421950234
H524L,apo,229,0,0,-2.0507977058654903,0.052992243475841486
H524L,apo,12,4,0,-0.881757476174471,-1.3961465429107354
H524L,apo,22,0,0,-1.862685373492298,2.2817460512531964
H524L,apo,151,4,0,-3.4906859872015312,0.45604539970226093
H524L,apo,34,3,1,11.927476656120142,0.6986397245440455
H524L,apo,224,0,0,-3.829229507646174,0.6772967245970206
H524L,apo,101,0,1,10.771830993464912,0.2912856272876416
H524L,apo,237,3,0,-9.456731105863614,0.3983290173710401
H524L,apo,66,0,0,-0.6510275254150825,0.29218016129728863
H524L,apo,73,3,0,-5.183254339844163,0.29157191652603204
H524L,apo,249,3,1,11.937182206670803,-0.48709863747681986
H524L,apo,239,2,1,3.5867953127330034,1.247593147909013
H524L,apo,59,1,0,-3.8345785832820316,1.2502074975715491
H524L,apo,176,4,0,-2.3014103480498576,1.0551680146585751
H524L,apo,38,1,0,-4.344254333674493,1.2279679219274715
H524L,apo,221,1,0,-5.310165210015225,1.5466369475621984
H524L,apo,23,1,1,12.155131308386698,0.593168351455025
H524L,apo,187,2,0,-2.008195471551857,1.48356276008452
H524L,apo,185,4,0,-11.061877931566617,-1.161831794598337
H524L,apo,59,2,0,1.8838929286411488,1.3499892276080026
H524L,apo,179,0,1,11.87922546972969,-0.5406458951908482
H524L,apo,131,1,1,4.9861239670481,-0.6687518928413037
H524L,apo,249,1,1,11.947120693253922,0.37201884332232704
H524L,apo,218,2,1,12.49676943246469,1.4034701390612636
H524L,apo,120,0,0,-2.1188499660287903,0.5816137502948892
H524L,apo,93,1,1,12.062433837268951,0.22766559640137893
H524L,apo,18,2,0,-4.3738469677580385,0.2893636773981243
H524L,apo,128,0,0,-4.168443653696863,1.3000727835567987
H524L,apo,29,1,1,12.41519812074816,0.6684112153258874
H524L,apo,69,3,0,-3.4482247392055996,1.3816964259988622
H524L,apo,188,3,1,12.302616406074248,0.7105141745208976
H524L,apo,93,4,0,-3.33306596940235,1.5455721858849643
H524L,apo,234,1,1,11.694425488474332,0.32005345789329104
H524L,apo,187,0,0,2.5677343758276576,1.234202474513455
H524L,apo,5,2,0,2.941331203728028,1.5519770765746657
H524L,apo,91,4,1,8.903889480235994,-0.22970866118298644
H524L,apo,96,0,0,-7.8846829792914646,-0.9560927462011093
H524L,apo,185,3,0,-2.6232603639675927,1.0932619350107913
H524L,apo,156,1,0,-2.799532047936011,0.5163253248027918
H524L,apo,241,3,0,-4.507588874372879,-0.19762423508316312
H524L,apo,70,3,0,-3.1046445290173055,1.3323798495253454
H524L,apo,3,2,0,-3.2893490800445875,0.4628174017283424
H524L,apo,148,0,0,-1.960745809853116,0.4786726078841185
H524L,apo,154,3,0,-2.7979759301469906,0.8307698628504787
H524L,apo,78,4,0,-2.2827757325222913,0.372545951356817
H524L,apo,111,1,0,-2.813143360763914,1.0941308036242876
H524L,apo,184,0,1,11.380673103501211,-0.3808512046331715
H524L,apo,50,2,1,11.74874508311248,0.698106131627195
H524L,apo,202,1,1,12.222270338414438,0.8370576158461899
H524L,apo,110,3,0,2.076846480006786,1.5826479923796202
H524L,apo,16,1,1,12.181627676929933,0.9325751098673254
H524L,apo,156,0,0,-2.524482676601798,0.466541831701052
H524L,apo,162,1,1,12.037969481133416,-0.769110427257484
H524L,apo,164,4,1,11.480190026834215,-0.49093798089023855
H524L,apo,129,1,1,12.413917041479651,0.9352093480117176
H524L,apo,175,1,0,-4.908202102680937,0.08859317847838577
H524L,apo,170,1,0,-4.078923816631959,-0.34193209636935284
H524L,apo,20,1,0,-5.506833117448145,1.3016669836155694
H524L,apo,149,4,0,-4.124914882558013,0.5585561254540192
H524L,apo,28,1,1,11.697721898102724,0.15533649837521316
H524L,apo,4,4,1,11.570535472207485,-0.27509321247213786
H524L,apo,83,2,1,12.278566748040324,0.02621631083342784
H524L,apo,227,0,0,-8.06696500094121,-1.9929277624296355
H524L,apo,192,1,0,-4.61677477654962,-0.026389069257736687
H524L,apo,234,2,0,-2.2861861942785597,0.6590864943622511
H524L,apo,166,1,0,-3.139012166882465,0.16288713424469115
H524L,apo,176,1,0,-5.136568414473203,-0.3177851950532469
H524L,apo,64,2,0,-4.102342160528087,1.1242555989389387
H524L,apo,121,3,0,-3.1846061443639013,3.2896310126173613
H524L,apo,45,2,0,-4.599206503172953,-0.6335414886272657
H524L,apo,175,3,0,-2.855406032447305,-0.08666668428864012
H524L,apo,182,2,1,11.501443566116354,0.7152133493870865
H524L,apo,139,1,0,-2.869268482930403,1.195500693989564
H524L,apo,103,4,0,-4.206870998562143,1.7513596498953636
H524L,apo,178,0,0,-9.97245308823588,-0.20740857007122157
H524L,apo,241,2,2,-3.4303513973406443,-58.255922752313445
H524L,apo,248,3,0,-2.699211318689359,1.0737383039977515
H524L,apo,66,1,0,-4.118782354557246,1.7141573745130392
H524L,apo,77,4,0,-5.572680360608724,1.8036288130316847
H524L,apo,103,1,0,-2.5739046530166747,0.3830498424401211
H524L,apo,188,4,1,11.908619134080716,0.6006859063797545
H524L,apo,248,4,1,11.079908144925032,-0.3602298289175425
H524L,apo,196,1,0,-7.96926569106856,-1.074422425090643
H524L,apo,220,2,1,12.11275861571267,0.19277858033400597
H524L,apo,99,1,1,13.157532243389857,0.4870219632206737
H524L,apo,139,2,0,-4.871573127165836,-0.46102222636644236
H524L,apo,167,3,0,-2.3485920320569895,1.796875524223488
H524L,apo,153,0,0,-3.176793237787503,0.7834609092455765
H524L,apo,230,4,0,-2.484392191607868,0.5145686489613921
H524L,apo,222,1,1,11.276032314720245,-1.6015966452642745
H524L,apo,192,2,0,-3.496854477967543,1.5504747940648618
H524L,apo,185,1,0,-4.1763183563279,2.275361233385802
H524L,apo,208,0,0,-9.3592767987298,0.5575490195425475
H524L,apo,140,4,0,-3.8186363575406306,0.8215707585629215
H524L,apo,204,1,0,-9.33372924126635,-1.0151258477250509
H524L,apo,63,4,0,-4.642372551385737,1.4903486440693294
H524L,apo,209,1,0,0.16348030524829962,-0.08987668433185877
H524L,apo,232,3,0,-6.695873707908946,-0.924686458720158
H524L,apo,229,4,1,11.862461471452846,-0.8063099453006847
H524L,apo,165,0,1,12.994922480247174,0.1047793257985359
H524L,apo,225,4,0,-2.4365665614424175,-0.08508360974108478
H524L,apo,18,0,0,-6.8550980603531455,0.7784319779152172
H524L,apo,210,0,0,-2.990804466730016,0.1935981563806398
H524L,apo,102,0,0,-4.309260728450237,0.7489381243157193
H524L,apo,186,4,0,-5.2817164870002555,1.2425644279177952
H524L,apo,115,2,0,-9.749079415529037,-1.6275704944972285
H524L,apo,132,2,0,-1.3318011539176242,0.014044534534815271
H524L,apo,86,0,0,-4.449966463656803,0.056861669566078216
H524L,apo,199,2,1,4.100174880273075,0.8232581715035616
H524L,apo,29,0,0,-9.870397046030083,0.5928775320960662
H524L,apo,58,0,0,-2.518962461072325,0.6242795353764138
H524L,apo,160,0,1,11.380027842957443,0.8937108995498534
H524L,apo,116,0,1,12.114903110964736,-0.36903359285196613
H524L,apo,47,4,0,-3.2973096245669278,1.0509655943361598
H524L,apo,202,4,0,-3.5523349509081195,1.6527978557376526
H524L,apo,47,0,1,11.68215933235843,-0.43412920207999073
H524L,apo,65,1,0,-4.415775663464545,1.0961760740972917
H524L,apo,183,2,0,-3.4221659279061427,0.9395552484178382
H524L,apo,132,4,0,-7.975351172757633,-1.9555636822452276
H524L,apo,209,4,1,11.891641787026641,0.2436176822090712
H524L,apo,58,3,0,-7.185519059433142,-1.3061163307730383
H524L,apo,116,3,0,-2.22743268935589,0.528561503082356
H524L,apo,242,4,0,-2.0569930603159285,0.15424557514969703
H524L,apo,146,4,0,-2.7792525917800264,0.2632669156946104
H524L,apo,165,4,0,-3.4413644888543953,1.2467465259370518
H524L,apo,192,4,0,-7.233099221518198,-1.4486992895721964
H524L,apo,58,1,0,-5.414548358668381,0.6902432809972793
H524L,apo,71,2,1,12.342052187068532,-0.10425272795802955
H524L,apo,123,0,0,-2.3687760324387135,0.5089359489500538
H524L,apo,151,3,0,-4.2086799000672865,1.176278109796027
H524L,apo,190,3,0,-4.414269859281932,0.720524500598386
H524L,apo,208,3,1,11.5478809645833,0.22895841383033896
H524L,apo,169,4,0,-3.2268496400225843,0.8225717473772622
H524L,apo,98,3,0,-2.3462891699277955,0.9044068138301428
H524L,apo,201,4,0,-5.089751033933466,1.3485850757731832
H524L,apo,71,4,1,11.531518472201563,-0.1169907861966231
H524L,apo,74,2,1,13.349479620755607,0.805811235421305
H524L,apo,167,1,1,12.148736929605427,0.2706384060462365
H524L,apo,240,4,2,-3.62552813866825,-58.97243597021417
H524L,apo,202,0,0,-3.9848079257515776,1.6803838839822796
H524L,apo,205,1,0,-3.601732693711089,1.071973355913217
H524L,apo,228,4,1,11.373882736262745,0.6680627123680165
H524L,apo,154,2,0,-3.6634020888655363,0.7108823025763132
H524L,apo,77,0,0,-2.9670826825842855,1.1287632283540572
H524L,apo,64,0,0,-3.833197734908819,1.435916269248412
H524L,apo,110,1,0,-3.3876010769452574,2.30129528215886
H524L,apo,249,2,0,-3.066616439028825,1.9068431342201457
H524L,apo,164,0,0,-3.541041919300878,1.779267361986276
H524L,apo,249,0,1,11.984724407699831,-0.2383477020376781
H524L,apo,189,4,2,-3.3178899761532037,-46.5137166110443
H524L,apo,66,2,0,-3.6521615181432487,0.4643702619457701
H524L,apo,116,2,0,-4.381959396507994,0.8059772398683174
H524L,apo,221,4,0,-3.3133477876482313,-0.693477910147173
H524L,apo,238,3,0,-1.9216455681811757,1.1813926704645479
H524L,apo,218,0,0,-3.324301307155684,1.148613765438705
H524L,apo,93,3,0,-2.5006241387531034,1.114227774318472
H524L,apo,214,3,0,-4.238070468899393,0.836776487795414
H524L,apo,130,3,0,-0.31030180051692874,-0.04559557538772152
H524L,apo,60,4,0,-7.767953489584473,-1.1652845413387038
H524L,apo,165,3,0,-4.653612937330535,1.2644332172745842
H524L,apo,125,0,0,0.7908359726886378,0.4040375645996875
H524L,apo,10,2,0,-3.2574807812422137,1.6457181508024932
H524L,apo,210,4,2,-3.6734068910692774,-60.49916706553165
H524L,apo,128,2,0,-5.172577967207827,1.6790404298162165
H524L,apo,238,0,0,-4.672311768123946,0.6651502149547591
H524L,apo,87,3,0,-1.780741685023079,0.16269011267150738
H524L,apo,164,3,1,3.1839647223290357,1.3940307811709942
H524L,apo,180,2,0,-3.449260455251863,1.6023325553660261
H524L,apo,159,2,1,9.451759322991371,0.23003205928327172
H524L,apo,36,4,0,-1.4968515392992612,2.0074826497113185
H524L,apo,151,1,0,-3.0216142380305193,0.18332740951664106
H524L,apo,134,0,1,12.223132079206346,-0.8663464776199992
H524L,apo,102,1,0,-2.477154659652387,0.9948915616428463
H524L,apo,141,0,0,-3.4375830725572443,0.8745878747797262
H524L,apo,213,1,0,-3.8528567778280753,0.9828350921837024
H524L,apo,213,4,0,-9.350927132411226,-0.7941983298756626
H524L,apo,55,3,1,12.004409186285331,0.2688573635045858
H524L,apo,116,4,0,-3.0567768636006867,-0.27442608305159
H524L,apo,74,3,1,11.879526894707457,1.5699712285720602
H524L,apo,114,4,1,12.433624237226073,0.4011487589709763
H524L,apo,32,0,1,11.787774480172414,-0.1544354198737089
H524L,apo,73,2,0,-3.068781628951308,1.875603627698349
H524L,apo,29,3,0,-3.810166093264004,3.166656508332174
H524L,apo,133,3,0,-4.246273856249224,0.4454754203518135
H524L,apo,152,3,1,11.524898041799219,0.34935602974827046
H524L,apo,76,4,0,-4.651989449708323,1.4452115621740127
H524L,apo,140,3,0,-3.126535889645979,0.4744990923050605
H524L,apo,213,3,0,-5.33758684134579,1.9824868028520135
H524L,apo,167,0,1,11.03389148842004,-1.261253958712202
H524L,apo,65,4,0,-2.4198147874592393,1.3856311390241947
H524L,apo,201,2,0,-3.2888871490536555,0.19525799989120016
H524L,apo,14,2,1,10.953600104704408,1.0859164865258029
H524L,apo,85,2,0,2.831904633588014,1.177232977132829
H524L,apo,36,2,0,0.6245641043600536,0.24840610871626398
H524L,apo,213,0,0,-8.537039440150423,-1.1883944353235991
H524L,apo,71,1,1,11.597360926841496,-1.036832842301036
H524L,apo,65,3,0,-4.411519403564622,-0.8172600554685412
H524L,apo,6,4,0,-7.973274013798373,-0.43126008561508467
H524L,apo,129,2,0,-5.036882757119335,1.1670477649776312
H524L,apo,46,1,1,12.01321921144287,0.4033298629902552
H524L,apo,229,2,1,12.154877618334243,0.08204432374849248
H524L,apo,53,0,1,11.437905183588954,0.5913025098167148
H524L,apo,112,3,0,-3.17260109355113,1.7823826640076024
H524L,apo,16,0,0,-1.363416282785646,0.5791649967927232
H524L,apo,73,1,0,-5.505750006874463,0.9530233981030982
H524L,apo,102,3,1,4.568172776644678,1.6246332754160273
H524L,apo,136,2,0,-2.019343305503413,0.9359742955247301
H524L,apo,43,1,0,-8.716344689059058,-1.1021970046187048
H524L,apo,237,1,0,-4.531727374360118,1.1776033557079584
H524L,apo,212,2,1,11.775896109982753,0.2974785639007568
H524L,apo,237,0,0,-4.834907402373706,0.5778666628449997
H524L,apo,220,0,0,-9.301853385125622,-0.05558066867601919
H524L,apo,21,2,0,-3.6915303079872133,0.18046921234761262
H524L,apo,114,2,0,-1.2049601277599906,0.012247168322206825
H524L,apo,115,4,0,-2.513371280570901,0.597301139798661
H524L,apo,176,3,0,-3.1286676905176103,0.3045681108951326
H524L,apo,216,4,0,-2.3304779309643497,0.6310500388978426
H524L,apo,175,0,0,-2.613722943303209,2.2520424430989503
H524L,apo,102,2,1,12.494827554535744,0.4361353905015616
H524L,apo,112,0,0,-8.08348260954303,-1.9227592561888782
H524L,apo,112,4,0,-2.659245233149115,0.9363271064139235
H524L,apo,87,1,0,-2.2102373160127007,1.0289028650608385
H524L,apo,139,3,0,-2.6778612364377294,-0.6534417801638231
H524L,apo,32,4,1,12.487325938732834,1.6698893791917622
H524L,apo,148,2,0,-3.2988991889251165,1.0970782341418976
H524L,apo,138,1,0,-3.9781649024804806,0.9806108452330703
H524L,apo,130,0,0,-3.739425592653594,1.2997430184127474
H524L,apo,224,4,0,-3.890306709701521,1.072459078354205
H524L,apo,201,0,0,-5.868435868889937,1.6881452161876551
H524L,apo,110,0,0,-2.790644316804712,1.0342394835492157
H524L,apo,56,0,0,-4.604565097637495,0.6082104378609275
H524L,apo,184,3,0,-3.3413657208895873,0.8261413496420169
H524L,apo,26,3,0,-5.327000866136887,1.0114724100745613
H524L,apo,53,3,1,12.372910729578239,0.17015321534377967
H524L,apo,6,1,0,-3.8947338024003337,1.1284710036417926
H524L,apo,145,3,0,-2.450618612452569,1.125964655539929
H524L,apo,242,0,1,11.204960171460304,0.4837135395756839
H524L,apo,27,3,0,-3.2851831946208265,0.39769860298517046
H524L,apo,214,4,1,12.449399727237378,0.12757870226528004
H524L,apo,227,4,0,-2.1395380839166034,0.9721214847264524
H524L,apo,187,1,0,-3.2313896032157103,-0.04098465491948212
H524L,apo,23,0,1,11.828352165933488,0.4471476838815659
H524L,apo,132,0,0,-4.20643914673841,0.6785280264802837
H524L,apo,90,1,0,-3.132627264671662,1.1120510259122782
H524L,apo,208,2,0,-3.6971866892451204,-0.08200912885632745
H524L,apo,64,1,1,11.82866750926754,-0.8667374861611677
H524L,apo,186,3,0,-5.417148869364462,1.4607897699981611
H524L,apo,232,0,0,-4.340069450657794,1.762821787974145
H524L,apo,168,0,0,-0.34526005409087623,0.5239239932766815
H524L,apo,45,1,0,-1.5453288719706018,-0.20349914770599536
H524L,apo,121,1,1,10.99793600043652,1.3616474385271244
H524L,apo,26,4,0,-3.562049160188238,1.8534632793142363
H524L,apo,201,1,0,-6.676300650045284,-1.316375299546299
H524L,apo,37,4,0,-1.2795678075264703,0.15525602968976035
H524L,apo,192,0,0,-4.342944924951682,0.23152845634450428
H524L,apo,140,0,0,-2.396873436136231,0.06619243560621552
H524L,apo,46,2,0,-3.2316815444497218,1.3678855513059507
H524L,apo,23,3,0,-4.28372220561988,1.539411975109207
H524L,apo,183,1,0,-3.3396803189075506,0.12567914792830823
H524L,apo,242,3,1,11.741207105172684,-0.3033399310008643
H524L,apo,235,4,0,-2.932729815225805,2.6736777305758763
H524L,apo,138,3,0,-5.76119603352948,1.9042796203732926
H524L,apo,187,4,1,11.00901494656655,-1.8870788820817668
H524L,apo,237,2,0,-4.8091286237254955,0.21117687261310492
H524L,apo,248,2,0,-4.938429788766318,0.38800028164639644
H524L,apo,148,4,0,-2.8173410626499855,-0.5705023723217693
H524L,apo,112,1,0,-2.691256701162359,0.2842205365664601
H524L,apo,159,3,1,11.785990904870248,-0.07528949513097892
H524L,apo,5,4,0,-2.826703488990984,0.3411029346797649
H524L,apo,76,2,0,-3.6001353279691948,0.8924097966148026
H524L,apo,20,2,0,-4.420340157740318,1.0445385159364429
H524L,apo,68,1,2,-3.015476511934736,-40.86871784710457
H524L,apo,225,3,0,-7.10063567011446,-3.108827101705025
H524L,apo,12,3,0,-1.1757536873124497,0.40654027776722707
H524L,apo,121,0,0,-4.643192501389878,0.18086485734192465
H524L,apo,180,4,0,-0.4874941231496085,1.6712762678893542
H524L,apo,133,1,0,-2.1348310847973098,0.49715573393257934
H524L,apo,155,1,0,-3.81057653341726,2.2194240938588115
H524L,apo,146,3,1,3.4753421634972046,1.6276209649919504
H524L,apo,95,1,0,-8.60374037122065,-0.08333795572621694
H524L,apo,148,3,0,-2.150275436390263,0.6110180241899106
H524L,apo,85,1,1,5.700139967293545,0.6779231366353051
H524L,apo,129,3,0,-2.3805708036870468,1.363951452150521
H524L,apo,5,3,0,-2.6685854363513655,0.7756285954379242
H524L,apo,57,4,0,-2.9928341498928734,1.0082769117645891
H524L,apo,99,0,1,12.602488191262815,0.3986507616713348
H524L,apo,6,2,0,-2.197334332014017,0.8598520918041962
H524L,apo,110,2,1,10.80522729547338,-0.7025096719081974
H524L,apo,14,1,1,12.659238586195265,0.2341542621756658
H524L,apo,61,4,0,-5.214595797818149,0.8085597949214726
H524L,apo,117,1,0,-2.2146731482864057,1.2695263979963884
H524L,apo,204,4,0,2.397738067193731,1.5833066995277796
H524L,apo,214,0,0,-1.8376846671104907,0.6606116439700718
H524L,apo,214,2,0,-4.313735627519674,1.144802651015103
H524L,apo,204,2,0,-4.849062427782747,0.42393267000339047
H524L,apo,146,1,0,-2.4642071218957278,0.45801023542227354
H524L,apo,184,1,0,-1.3014511072855786,1.041400418743287
H524L,apo,133,4,0,-4.7579878841894985,0.8496288530842155
H524L,apo,16,2,1,6.761816363808232,1.0859760021310072
H524L,apo,61,0,0,-4.1637795382759295,0.3218729312710967
H524L,apo,247,1,0,-4.651696797968592,0.5104045843015224
H524L,apo,184,4,0,2.1942436703471944,1.1778664240130319
H524L,apo,188,1,0,-3.4357446187702068,1.1781310750975629
H524L,apo,3,0,1,11.80777314879639,-0.2562048623633743
H524L,apo,123,4,0,-7.135863018681379,1.30288101082832
H524L,apo,204,3,0,-4.079109383328518,0.7431042246682191
H524L,apo,76,3,0,-6.089776910995136,2.006469618941857
H524L,apo,248,1,1,11.13322852183509,-1.6220142187478213
H524L,apo,235,1,0,-4.657854500559757,0.6912577664003001
H524L,apo,228,1,1,11.316328802392436,0.3238176541114401
H524L,apo,121,4,0,-2.7752891224441933,1.0766718784730374
H524L,apo,10,1,0,-3.8807179013741075,2.171103858458303
H524L,apo,130,4,0,-2.228505168683753,0.64276891300804
H524L,apo,188,0,0,-3.7260222731984043,-0.1470697164482012
H524L,apo,140,1,0,-2.793913222842258,0.41308421234082154
H524L,apo,129,4,0,-2.9065816671939797,0.7232734479079058
H524L,apo,57,0,0,-2.2344354482859363,1.6419949009995416
H524L,apo,222,4,0,-9.412919653427673,0.18034378173502072
H524L,apo,118,4,0,-1.4694518348114662,0.4663645598150241
H524L,apo,56,1,0,-9.486946824741965,0.6223923843622851
H524L,apo,133,0,0,-4.46843832160116,1.511599298902419
H524L,apo,247,2,0,-4.127875832470203,2.1256304277501985
H524L,apo,99,4,0,-3.670275837534631,0.8143232808033602
H524L,apo,141,1,0,-2.5135387268953204,-0.009736389902994332
H524L,apo,43,4,0,-5.436473834620971,0.042472515938409026
H524L,apo,63,1,0,-3.0339975166571267,0.18953894515081085
H524L,apo,29,4,1,11.893067122566217,-0.28537818799838655
H524L,apo,16,3,0,-0.5775581815391148,-1.9823348874740754
H524L,apo,23,4,0,-3.3696025595066548,1.1884324121054164
H524L,apo,224,2,0,-2.6486455439319125,0.10632078207017955
H524L,apo,57,1,0,-4.494719127122872,1.2316456204415602
H524L,apo,4,2,2,-2.100461208427592,-40.41909762473835
H524L,apo,86,2,0,-3.28595718552708,0.3873122579522445
H524L,apo,85,3,0,-2.1112533909290274,0.7613020836016492
H524L,apo,95,3,0,-3.719926250759988,1.7651118722465353
H524L,apo,56,3,0,-7.999742155725189,-2.251609261218404
H524L,apo,101,2,1,11.252830201572154,-0.7723183381375307
H524L,apo,138,4,0,-1.959540156144239,1.4613540795593132
H524L,apo,118,0,0,-4.55726060637166,0.8205123293800827
H524L,apo,166,4,0,-3.6109016847911892,1.9206901718890066
H524L,apo,112,2,0,-1.6308316747349243,-0.9845635778568625
H524L,apo,114,1,0,-5.665501949538627,1.4570995356121086
H524L,apo,78,0,0,-1.5571701521086372,-0.5689345100517251
H524L,apo,65,0,0,1.8346963853309806,0.1483878845175539
H524L,apo,247,0,1,12.238818929880283,-0.5699230854679458
H524L,apo,61,1,0,-4.090346367993374,0.1291436394108416
H524L,apo,146,0,0,-4.59803291562929,0.18937906309793182
H524L,apo,53,2,0,-2.736333143601183,0.1255072535137715
H524L,apo,235,2,0,-3.6995792791739373,1.6697648396754472
H524L,apo,16,4,0,0.260875448315879,0.07281469585882973
H524L,apo,242,1,0,-4.1641656452866584,0.8886356905008327
H524L,apo,248,0,1,12.316276768297707,-0.5312261349027799
H524L,apo,138,2,0,-3.915215985643473,1.8784917741792764
H524L,apo,76,1,0,-4.583285222489843,1.5412636634696808
H524L,apo,114,0,0,-9.644394258820643,-0.8445006211925762
H524L,apo,123,2,0,-4.243621442220704,-0.17586281200070553
H524L,apo,212,4,0,-4.081415283944681,0.5588828509763006
H524L,apo,56,2,0,-4.931397127179454,1.1418623029313102
H524L,apo,110,4,1,11.273849516986687,0.46948071337176933
H524L,apo,192,3,0,-3.742125031554731,1.2041221811014506
H524L,apo,6,3,0,-4.166216805647419,2.2361343582672433
H524L,apo,95,0,0,-4.073850735057923,1.2754232986823888
H524L,apo,117,0,0,-2.7499693314257794,0.4147737120632585
H524L,apo,21,3,0,-4.2221150341658635,-0.6486231101453299
H524L,apo,222,3,0,-8.087658525625534,-1.2389839114046668
H524L,apo,56,4,0,-4.778461289561242,1.680738034559525
H524L,apo,184,2,0,-5.270319822801026,2.0267098571844633
H524L,apo,53,1,1,11.681186852731464,-1.176705158297905
H524L,apo,99,3,0,-4.705010350523882,1.1613574225657166
H524L,apo,227,1,1,4.480924933818812,1.9281224224842517
H524L,apo,78,1,0,-0.9122016530802859,0.4807714982044167
H524L,apo,99,2,0,-3.8663922907209676,1.6502604328288222
H524L,apo,57,3,1,11.699382204818143,0.4505839184609084
H524L,apo,222,0,0,-4.257140264060552,1.3692297615396845
H524L,apo,61,2,0,-2.4965808444865814,0.06658286824660545
H524L,apo,196,3,0,-6.743212267048105,-3.0329059546956403
H524L,apo,242,2,0,-4.658439348261837,2.1442308396185443
H524L,apo,117,3,0,-3.1093875752164957,0.9037659999097827
H524L,apo,53,4,0,-6.467819190033386,1.0591454293139637
H524L,apo,32,3,0,-3.405319551080263,2.2246185812110637
H524L,apo,141,3,0,-4.047191158785688,0.9711928707258873
H524L,apo,86,4,0,-4.055669737991646,1.6903637445459205
H524L,apo,46,0,0,-3.906303048077286,1.073953323194173
H524L,apo,46,3,0,-1.3530241010959996,0.6299303731424101
H524L,apo,222,2,2,-3.185295127629463,-58.31541241036129
H524L,apo,135,1,1,11.271987866339755,-0.3063565033690361
H524L,apo,235,3,0,-3.3675501078751333,1.3414347127918806
H524L,apo,14,3,0,-4.699110089690698,0.29215026766116375
H524L,apo,14,4,1,2.9542814458489004,0.7270150236293859
H524L,apo,61,3,0,-3.3489768765233623,0.23025123781624507
H524L,apo,235,0,0,-4.996234250478625,0.921104355368593
H524L,apo,14,0,0,-2.407098666687207,1.2752297780383146
H524L,apo,77,3,0,-2.8520188599376857,1.0685411380168752
H524L,apo,32,1,0,0.2132798006181048,0.6291622310471967
