variant,state,seed,sample,cluster,PC1,PC2
WT,holo,84,0,0,30.65035782890207,10.118329026168443
WT,holo,84,1,0,30.802101439058536,9.938522072508832
WT,holo,84,3,0,30.60120535071812,10.207569210281179
WT,holo,84,2,0,31.16269447318381,10.092191135704802
WT,holo,84,4,0,30.986096804205005,10.1391777043432
WT,holo,189,2,1,-31.10420008046042,0.040311254454550735
WT,holo,172,0,2,31.415120061145185,-7.399905766768204
WT,holo,108,2,0,31.56375458227327,10.666687181220885
WT,holo,136,1,0,30.991575104829447,10.25846476732355
WT,holo,125,4,1,-30.328024661339658,0.5393816953293938
WT,holo,128,3,1,-30.18665603926943,-0.0525583743988884
WT,holo,125,3,1,-29.90322946227263,-0.2496710012767374
WT,holo,3,0,0,31.852016021959116,9.522766291462633
WT,holo,54,0,0,30.391572271749407,9.46884704202817
WT,holo,77,2,1,-30.721837675029033,0.1170152228728416
WT,holo,125,0,1,-30.154546414401043,-0.012630999346634017
WT,holo,230,2,1,-29.82339319676516,0.06935328219078403
WT,holo,172,4,0,31.142973855968858,10.514698844299504
WT,holo,97,3,0,31.095050589528057,10.175895561317011
WT,holo,91,3,0,31.51234896690029,10.120596170978823
WT,holo,178,2,1,-29.93920180545472,-0.11518276145808024
WT,holo,72,2,1,-30.60536541700398,0.23582058464815606
WT,holo,223,4,1,-30.664547906414906,0.4375733341020572
WT,holo,11,3,1,-30.058383944287197,0.16356814329760846
WT,holo,19,4,1,-29.870350016015017,-0.03505423729420789
WT,holo,193,1,1,-29.939792237275427,0.2563751121455819
WT,holo,18,2,1,-30.62727284594451,0.3467868783243719
WT,holo,189,4,1,-30.058762876057255,0.2952288086796392
WT,holo,148,4,1,-29.992694188156225,0.35413207588336876
WT,holo,121,3,1,-30.626700327796225,-0.2831229934528112
WT,holo,146,3,1,-29.724769691415297,0.09657080116290873
WT,holo,199,2,0,31.678248347559016,9.202721886194173
WT,holo,241,0,1,-30.077583774334904,-0.05771772543291525
WT,holo,182,0,1,-30.099729794348356,0.03594785090265155
WT,holo,31,0,1,-29.947886836644738,-0.2868977956180311
WT,holo,92,1,1,-30.330105242714616,0.6851829383017547
WT,holo,193,2,1,-29.243846176465752,-0.11580577565449864
WT,holo,217,4,1,-30.61707574580116,0.3468309346644651
WT,holo,209,2,1,-30.12087375961021,-0.14476900530563136
WT,holo,182,4,1,-29.960527192397738,-0.26601777754034617
WT,holo,100,3,1,-30.577556846750657,0.21716823592821297
WT,holo,128,0,1,-29.646825940369236,-0.40310889637594394
WT,holo,153,0,0,30.410609118819508,8.979676624221865
WT,holo,226,3,1,-31.28683681791689,0.030230357863040614
WT,holo,223,2,1,-30.012089955174034,-0.18503297158048176
WT,holo,209,4,1,-30.73960205095017,0.20659765751188278
WT,holo,6,0,-1,30.27551130312609,6.6225127534930275
WT,holo,10,0,1,-29.796771665844915,0.17531018439240179
WT,holo,35,4,0,31.312385756374617,10.261070915655491
WT,holo,136,0,0,30.836769876236445,9.151583170608827
WT,holo,99,2,0,30.717307168503346,8.560563006324703
WT,holo,37,0,0,31.015439830579954,9.823478043654882
WT,holo,48,4,1,-30.1224913411758,-0.0787419839863278
WT,holo,138,0,1,-29.785037065294357,-0.24841169894275306
WT,holo,140,0,0,30.7088866108399,9.899202682625738
WT,holo,230,4,1,-29.548354641967713,-0.37952905841950274
WT,holo,51,4,1,-30.767923327209846,0.4124906083576363
WT,holo,234,0,1,-30.175530517145404,0.10126775763436076
WT,holo,128,4,1,-30.06700586336302,-0.0577254265099656
WT,holo,92,3,1,-30.285059081323976,0.4403060655857564
WT,holo,72,0,1,-29.82314837943807,0.14875465358170786
WT,holo,197,3,1,-29.574029876392057,-0.012930988932962855
WT,holo,4,1,1,-29.96627786087934,-0.07764336488548307
WT,holo,5,4,1,-29.577263555715955,0.4302656846124454
WT,holo,180,0,1,-30.30127537349423,0.07579745402737598
WT,holo,138,1,1,-30.22749173605523,0.553992849500175
WT,holo,12,0,0,30.19687132026979,9.014607241988456
WT,holo,154,1,1,-29.828872180140408,-0.04190649891388896
WT,holo,178,0,1,-30.496926852712082,0.5879122475317226
WT,holo,144,4,1,-29.905718611238083,0.01128601459401692
WT,holo,123,0,1,-29.684878597992007,-0.2005317754306723
WT,holo,136,3,0,31.652172662447438,9.279981559768238
WT,holo,72,3,1,-30.458323641157985,0.21006712148787526
WT,holo,242,3,1,-29.516488984096792,0.16644907306716245
WT,holo,227,2,0,31.063621644101964,9.718400348192848
WT,holo,60,1,1,-30.19416944253512,-0.12875852738844296
WT,holo,199,4,0,30.109522903549294,9.293640270574105
WT,holo,92,4,1,-30.1651233824658,0.09600660634386282
WT,holo,54,3,0,29.958764906966508,9.472563191042827
WT,holo,189,3,1,-29.551598050053705,-0.6940772552047958
WT,holo,19,2,1,-29.545273724397592,-0.19286254709741785
WT,holo,125,2,1,-29.513597780857378,-0.27592677379159286
WT,holo,146,0,1,-30.71571532028843,0.1660407333267322
WT,holo,91,4,0,31.60707908795752,10.30690325001491
WT,holo,187,3,1,-29.801745257562636,-0.3359720193450362
WT,holo,223,1,1,-29.809152582254928,0.12645782289725366
WT,holo,230,1,1,-29.516821356553567,-0.0828401629020138
WT,holo,72,4,1,-29.179340471742186,-0.4867567633932171
WT,holo,223,3,1,-29.99041523878243,0.16731334957948657
WT,holo,241,1,1,-30.196864511636566,-0.06488482008706992
WT,holo,233,4,1,-31.117292722563946,-0.14964909574788784
WT,holo,121,4,1,-30.660254849632235,-0.2455196379444644
WT,holo,92,0,1,-30.43149680142543,0.20255933509402285
WT,holo,101,2,1,-29.671782974441307,-0.16822475303529072
WT,holo,168,2,0,32.01267695312905,9.837648938488599
WT,holo,19,0,1,-29.855547322405872,0.005496456166503344
WT,holo,100,1,1,-30.966025696869618,0.5792964750744772
WT,holo,105,4,0,30.115656014360322,9.19976245734061
WT,holo,57,3,1,-30.367033977775893,-0.047039862650259466
WT,holo,11,2,1,-30.514336048996764,-0.17283465993221125
WT,holo,60,2,1,-30.159691666467,0.0330945923841044
WT,holo,72,1,1,-29.8071978367416,0.05420348953058425
WT,holo,90,3,1,-29.21181172862229,-0.014064597886408353
WT,holo,57,2,1,-30.18559785911768,-0.1781630305405284
WT,holo,94,3,0,30.955575084612402,8.947828048745366
WT,holo,146,2,1,-29.637206367207977,-0.02898256817748469
WT,holo,128,1,1,-30.069041725522958,0.5369483090156255
WT,holo,201,2,1,-29.936851336851753,0.2770445817819687
WT,holo,31,4,1,-30.121414651468307,-0.04245415535648842
WT,holo,193,3,1,-30.246285653106046,-0.05292609143785629
WT,holo,11,0,1,-29.904766923625665,-0.05139777571480842
WT,holo,117,3,0,29.618206403297428,8.737566084881314
WT,holo,36,2,1,-30.774924501314374,0.13527887532977845
WT,holo,233,3,1,-29.903421584567237,-0.39146705774613744
WT,holo,4,4,1,-30.123827570223327,0.1544932868410187
WT,holo,216,4,1,-29.532905253939926,-0.5707442201518907
WT,holo,129,0,1,-30.090465484690164,-0.16131695308263894
WT,holo,100,2,1,-30.641297906317295,0.19615655841296376
WT,holo,100,0,1,-29.618130031181938,0.03920382679053352
WT,holo,54,1,0,31.133169230643162,8.819740674335007
WT,holo,114,4,0,30.076520070741672,9.04891500320834
WT,holo,10,3,1,-29.76918026762495,-0.441279793783739
WT,holo,4,3,1,-30.21670704036964,0.17304619985920638
WT,holo,117,1,0,29.30764717128731,7.857926812838521
WT,holo,117,4,0,29.9086841641648,8.601138911949755
WT,holo,36,3,1,-30.56101859168468,0.4101434656422767
WT,holo,178,3,1,-29.074811662695865,-0.3053343070427956
WT,holo,106,4,0,31.170502940921942,9.07825541181165
WT,holo,241,2,1,-30.75769011896841,0.19457411152811785
WT,holo,62,4,0,30.452953360545038,9.458191284286364
WT,holo,11,1,1,-30.587866596415704,0.05291922466945555
WT,holo,29,0,1,-30.098754284747066,-0.3485643452446775
WT,holo,80,0,1,-30.865684265337052,0.5796158632524255
WT,holo,201,1,1,-29.994855581306222,-0.08989438423521265
WT,holo,227,1,0,29.931964523114043,9.162482709077398
WT,holo,92,2,1,-29.911047135157638,-0.3029223013687021
WT,holo,48,1,1,-30.46834682773158,0.5506043962936558
WT,holo,187,4,1,-30.220739285981857,0.3762005793710267
WT,holo,42,2,1,-30.63814980090535,0.03481030847904992
WT,holo,208,2,1,-30.868400118363454,0.32704890321332714
WT,holo,105,2,0,30.38338013975297,8.911226216574928
WT,holo,69,0,1,-30.648532693686672,0.2186111191589127
WT,holo,223,0,1,-30.852609536111366,-0.022471323219614654
WT,holo,250,3,0,30.989371787258516,9.917852086747859
WT,holo,226,0,1,-30.43276428131895,0.2689973398327513
WT,holo,138,3,1,-30.295040515140848,0.04974663549997562
WT,holo,242,2,1,-30.322359010840408,0.04504464644205008
WT,holo,5,1,1,-30.217514860065364,-0.25346083730499236
WT,holo,19,3,1,-30.484467027542813,0.3733802841568028
WT,holo,18,0,1,-29.785991639980292,0.05781335708906956
WT,holo,234,4,1,-29.993906534906394,-0.12798375232569115
WT,holo,45,3,0,31.196304578928675,9.653791192467777
WT,holo,57,4,1,-29.709092968879208,0.2551154229737572
WT,holo,216,3,1,-29.94622023435045,-0.09916738656639647
WT,holo,12,1,0,30.311593447641183,9.58136558042813
WT,holo,74,0,0,29.41881755319044,8.433647195726023
WT,holo,210,0,1,-30.05546581928574,-0.2077170635332449
WT,holo,204,2,1,-30.47542913451278,0.5206309941418081
WT,holo,18,1,1,-29.835480382311957,-0.09682993462916914
WT,holo,127,0,0,30.241044089831224,9.666246217264776
WT,holo,201,4,1,-29.9201482892023,0.18123406819803686
WT,holo,145,3,1,-29.160940118072336,-0.4091495388821623
WT,holo,36,4,1,-29.985214435099447,-0.24020934127897467
WT,holo,77,0,1,-30.44374447120023,-0.23133857419938392
WT,holo,62,0,0,30.104893619408404,9.606575481201434
WT,holo,79,2,0,30.827639817830544,9.572386199013975
WT,holo,108,0,0,30.875203718842666,9.698041442675166
WT,holo,16,1,1,-29.86892464498496,0.04434185477857925
WT,holo,91,2,0,30.788520495733138,9.650056210719846
WT,holo,230,0,1,-29.941257060044702,0.06721880177451076
WT,holo,77,3,1,-30.15724759304804,0.13864411413478395
WT,holo,31,2,1,-30.890604981046813,0.47039051865903714
WT,holo,75,3,0,29.861594630528792,9.388292695091833
WT,holo,211,4,1,-30.32942478958633,0.30535323926457714
WT,holo,45,1,0,30.259339403020157,10.238347893185352
WT,holo,99,4,0,31.120344326649313,9.76514758177027
WT,holo,129,1,1,-29.219271141729394,-0.05232311126933105
WT,holo,214,3,1,-30.061111965185354,0.3124847454048019
WT,holo,89,1,1,-30.450238636681604,0.1123781766031447
WT,holo,80,2,1,-29.25393619546844,-0.2246597401870627
WT,holo,86,4,1,-30.98069698982465,0.06288965887721765
WT,holo,222,3,1,-29.568995837392265,0.20370487432045334
WT,holo,133,3,1,-29.179470975296354,-0.10188435773770442
WT,holo,9,0,0,30.738994820554105,9.639202347026277
WT,holo,154,4,1,-30.475244949476643,0.3414495281759326
WT,holo,133,1,1,-29.85815884230378,-0.26046889819056673
WT,holo,60,4,1,-30.05583825444111,0.2303523210720152
WT,holo,89,3,1,-29.895931869040222,0.12489001473270278
WT,holo,75,1,0,30.57252869175105,10.124944417921395
WT,holo,226,2,1,-30.497342873099914,0.3921305148854044
WT,holo,180,2,1,-30.019716484928075,0.028918348240884136
WT,holo,133,0,1,-30.292153152797262,0.24659625947419406
WT,holo,204,1,1,-29.64313280536802,-0.005988438331333973
WT,holo,116,0,1,-29.200646768361157,-0.5008860713822045
WT,holo,48,3,1,-29.343164794302815,-0.6369101675552167
WT,holo,189,1,1,-28.86810338534337,-0.19491309709108734
WT,holo,36,0,1,-29.701727316755616,-0.061711297136216973
WT,holo,89,0,1,-30.406997253808715,0.15578071687677233
WT,holo,125,1,1,-30.354482735749436,0.586477387036819
WT,holo,129,4,1,-30.044315681392494,0.31479800450493806
WT,holo,148,0,1,-29.07020568590722,-0.3607434133926338
WT,holo,97,1,0,30.71362507468128,9.156727651261628
WT,holo,97,4,0,31.129618899879063,10.382352040078317
WT,holo,4,2,1,-30.322131487502993,0.3233578017907026
WT,holo,235,1,0,30.20308181382206,9.58940473014995
WT,holo,201,0,1,-30.271315672605585,0.4283878829854302
WT,holo,188,4,1,-29.228465913072032,-0.36063807068052733
WT,holo,133,2,1,-30.138326039825902,-0.3314889762872098
WT,holo,111,1,1,-29.564857054087792,-0.2507571746437642
WT,holo,62,2,0,30.600204432832765,9.678810544999962
WT,holo,147,0,1,-31.135467003981592,0.6676099744152618
WT,holo,114,0,0,30.903190970588994,8.650160329738162
WT,holo,35,0,0,31.773905402027403,9.62721864737009
WT,holo,172,3,0,30.367006196650813,9.245616512822961
WT,holo,174,4,1,-30.315216419473025,-0.4934257651599768
WT,holo,141,3,1,-29.755847525606832,-0.06102113555961523
WT,holo,234,2,1,-30.063310505236682,-0.2788075241664328
WT,holo,155,2,1,-30.51308048210882,-0.08267836880618276
WT,holo,114,1,0,30.610315601751864,8.254639475631905
WT,holo,178,4,1,-29.61681028418033,-0.004156720768851999
WT,holo,147,2,1,-30.395667278376227,0.3452454061919827
WT,holo,180,3,1,-29.452225275966818,-0.18117459843443623
WT,holo,99,0,0,30.986527566778253,8.785208990422355
WT,holo,187,0,1,-28.983286983570125,-0.24892387230566543
WT,holo,148,2,1,-29.334542872813756,-0.4186048385689374
WT,holo,111,4,1,-29.67441953854454,-0.00958217414107228
WT,holo,180,1,1,-30.066785297568313,-0.012203861601823305
WT,holo,93,0,0,31.182872887473327,10.13853114758779
WT,holo,210,3,1,-30.203721791222947,-0.14424462687501352
WT,holo,22,2,1,-29.30702069531897,-0.2936175569451087
WT,holo,236,2,0,30.881212716325074,9.844958757677169
WT,holo,232,2,1,-29.49734144405871,-0.007992767909410567
WT,holo,4,0,1,-31.58025071145169,0.4070966918435472
WT,holo,153,1,0,29.595479384710394,9.562270443160612
WT,holo,138,2,1,-30.51983061738621,0.3039003695435246
WT,holo,89,4,1,-28.499142112548082,0.04716984535631725
WT,holo,154,2,1,-29.54914392898419,0.3057521763183899
WT,holo,73,4,1,-30.143617924516942,-0.15462364065610287
WT,holo,126,2,1,-30.10830244406929,0.49641017049451197
WT,holo,101,1,1,-29.814347924154344,-0.4768517944097749
WT,holo,230,3,1,-30.19973869028096,0.28437428860742753
WT,holo,222,2,1,-29.554757645428168,-0.25073325110430233
WT,holo,109,0,1,-30.651891350219213,0.5112469567375746
WT,holo,215,0,1,-30.337983899886993,0.41624941336108173
WT,holo,77,1,1,-30.28955277166529,0.1302998612696613
WT,holo,80,1,1,-29.501580590039485,-0.1279218442120405
WT,holo,146,4,1,-29.780453533355402,0.3300067918154941
WT,holo,5,3,1,-29.48330241877445,-0.362865928397141
WT,holo,1,0,0,30.71007150249464,9.923356740192181
WT,holo,109,2,1,-29.171261644018173,0.05823435583308543
WT,holo,140,4,0,31.414546813405764,9.389066286050753
WT,holo,193,0,1,-29.11578127349146,0.053293826386782664
WT,holo,227,3,0,30.735427603985944,10.711902978541868
WT,holo,171,2,1,-28.955549451406224,0.011815516192002955
WT,holo,145,2,1,-29.42119756542375,-0.0486197708169859
WT,holo,48,0,1,-29.466183843277197,-0.011623849056109378
WT,holo,204,3,1,-30.07070029643057,0.07167521420466935
WT,holo,143,2,0,30.493551559349985,9.296491310780825
WT,holo,27,3,0,31.950502960771356,9.492506529628946
WT,holo,178,1,1,-29.48935360573627,-0.23003954930697737
WT,holo,16,4,1,-30.006714769861816,0.12629318795600256
WT,holo,104,0,1,-30.07312863106056,0.18977828728007798
WT,holo,106,2,0,30.96227274407741,8.730661473092004
WT,holo,182,2,1,-30.42303052245642,0.3604122236849461
WT,holo,242,0,1,-28.755115146418632,-0.4930131325194793
WT,holo,80,3,1,-29.6977615674617,-0.01815023352645283
WT,holo,85,3,0,29.927261251734674,9.71096483705093
WT,holo,90,2,1,-29.57701772825207,0.02793714630197029
WT,holo,201,3,1,-30.293199162254684,-0.2211941361889223
WT,holo,188,1,1,-29.438404188896236,-0.18606359483575433
WT,holo,109,3,1,-30.470635190763826,0.005830813041269526
WT,holo,232,0,1,-29.991598880251974,0.10097733997037422
WT,holo,222,4,1,-29.29015388231769,-0.02697085879478095
WT,holo,1,1,0,30.299684047303217,9.596430814202925
WT,holo,153,3,0,30.861512561894155,8.541942637784546
WT,holo,137,3,0,29.13661729812065,8.287519448048869
WT,holo,1,2,0,30.941104516194887,9.624249835954188
WT,holo,144,0,1,-29.43495658983085,1.018041326219859
WT,holo,93,1,0,30.89407993323289,8.626542640604136
WT,holo,27,1,0,31.585323566120937,9.839042893450287
WT,holo,141,0,1,-30.00025971631677,-0.07558151080459766
WT,holo,141,2,1,-29.82903179493312,0.5917401914161942
WT,holo,216,0,1,-30.053300446683934,-0.12584535368480587
WT,holo,226,4,1,-29.637248120697908,0.15600632306967022
WT,holo,90,0,1,-30.582465265254225,0.5541165822077785
WT,holo,250,2,0,30.34349681484073,9.276038898576672
WT,holo,123,2,1,-29.99478669005713,0.3985520918319591
WT,holo,224,4,1,-30.44343859782689,0.22894075465045513
WT,holo,58,2,0,29.743419356576926,8.7614822939678
WT,holo,140,2,0,30.303371641414145,9.319153281272875
WT,holo,31,3,1,-30.609015747893682,0.001560830058638137
WT,holo,86,1,1,-29.041951676049646,0.007849248817796086
WT,holo,94,0,0,31.198144175618232,8.946725630277232
WT,holo,45,4,0,31.24263136393956,10.451815398316658
WT,holo,102,2,1,-29.571407425320746,-0.434555909503304
WT,holo,143,3,0,29.95273054741223,9.120957898863761
WT,holo,182,1,1,-30.048847729848585,0.05795012777866333
WT,holo,132,0,1,-30.479495139576844,0.8223000084917733
WT,holo,220,3,0,30.204684833940068,9.445377092979546
WT,holo,217,1,1,-29.784073812303884,0.33267440782170266
WT,holo,12,3,0,32.265349582467756,8.212340399171362
WT,holo,42,3,1,-30.000769479320255,0.284342103104751
WT,holo,250,0,0,30.517695753729768,9.471194300841729
WT,holo,233,2,1,-30.367002664247945,-0.2323971405893831
WT,holo,217,0,1,-30.49514683739374,0.3268288525338405
WT,holo,233,0,1,-30.96240372967856,0.5080334617520529
WT,holo,119,3,1,-29.905289209922238,0.03074359904593536
WT,holo,171,4,1,-30.387248684016775,-0.024234189782629412
WT,holo,182,3,1,-29.71758643249033,0.042565917999678154
WT,holo,142,2,1,-29.84258500559893,-0.08297947879751015
WT,holo,102,3,1,-30.057105455795554,0.21443348465370274
WT,holo,197,2,1,-29.65578442425316,0.2377006253901571
WT,holo,174,3,1,-30.204754178511404,0.21951003989552945
WT,holo,82,1,1,-30.471637143131083,0.07285718421001171
WT,holo,44,0,0,30.84387278306883,9.265085863287219
WT,holo,82,3,1,-30.0958244965596,-0.3144938094329986
WT,holo,123,3,1,-30.2734485072724,0.15742738540243376
WT,holo,145,0,1,-29.243864797247873,-0.3662351406176124
WT,holo,174,2,1,-30.861257390524383,0.08052537859808882
WT,holo,237,4,1,-29.456358159879134,-0.2841548492570908
WT,holo,154,0,1,-30.292358959668196,0.12990577852659374
WT,holo,166,4,1,-30.35363111061392,0.47178209280040995
WT,holo,109,1,1,-30.287983698758055,-0.23308825744838546
WT,holo,105,3,0,30.652161994233598,9.144439723210905
WT,holo,80,4,1,-29.883791322046886,-0.14214609490207847
WT,holo,69,4,1,-29.273660249879736,-0.03774230939004901
WT,holo,48,2,1,-30.03828211141411,0.2631227827677793
WT,holo,90,4,1,-30.201336542223494,0.2663280091346855
WT,holo,211,0,1,-30.008911938729028,-0.05365579874756798
WT,holo,70,4,1,-30.67582202198922,-0.08091331533248154
WT,holo,224,0,1,-29.441966611910004,-0.0841756375128583
WT,holo,218,4,0,31.200483216097698,10.124683903579294
WT,holo,218,3,0,31.196269339910785,9.322689169243151
WT,holo,44,1,0,30.476180991472912,9.216114345259367
WT,holo,16,2,1,-30.127468645664187,0.01997449761386003
WT,holo,29,2,1,-30.025744677979812,-0.30793743923952305
WT,holo,10,4,1,-29.66527654906407,0.13406070367911432
WT,holo,155,0,1,-29.81884430839539,-0.06587511674050248
WT,holo,222,0,1,-28.65540791085757,0.018020728662166325
WT,holo,39,4,0,30.79367757371333,9.217266939183501
WT,holo,147,3,1,-30.681456487303414,0.7456761560793141
WT,holo,39,0,0,30.06561790297009,8.954066990987682
WT,holo,54,2,-1,29.334261467915645,7.318335617637725
WT,holo,224,1,1,-29.652305727433184,1.1157041480748024
WT,holo,27,0,0,32.74988999182552,9.800025321156351
WT,holo,155,4,1,-30.852524238197812,0.04521701373972094
WT,holo,119,1,1,-29.61874060946446,0.14791100556549328
WT,holo,209,0,1,-30.140772275159748,0.15803718574682388
WT,holo,31,1,1,-29.96103281934628,0.1392724960404869
WT,holo,86,3,1,-30.698793831886245,0.09413331678355984
WT,holo,135,1,0,31.90871151306996,10.157715299905483
WT,holo,188,0,1,-29.966053850474864,0.24613890311562203
WT,holo,217,2,1,-29.487074969783162,-0.4108221806709394
WT,holo,58,3,0,30.46964419062314,8.581664076352144
WT,holo,144,1,1,-29.285150859385148,-0.44492992735636283
WT,holo,199,0,0,29.078737452945205,8.587320220601184
WT,holo,241,3,1,-29.52968312143876,-0.06886451069814496
WT,holo,60,0,1,-30.250049600761333,0.23212445174952845
WT,holo,10,2,1,-30.41431308766694,0.07191777340635326
WT,holo,35,3,0,29.45954491068065,7.931481555100895
WT,holo,200,0,0,31.0413008651261,9.249490930877842
WT,holo,154,3,1,-30.070771852417842,0.38992217909768934
WT,holo,57,1,1,-30.107758575257797,-0.13781777668627018
WT,holo,100,4,1,-29.759226903512612,0.05014734966040426
WT,holo,189,0,1,-30.44044116513746,0.18975799173299823
WT,holo,129,2,1,-29.994807756664507,-0.31485701320391524
WT,holo,136,4,0,30.153452689852504,9.301554557027877
WT,holo,165,1,0,32.06243550361426,9.674812716675417
WT,holo,147,4,1,-28.76247827887735,0.15100902594894647
WT,holo,10,1,1,-29.61364183268749,0.042168188884722596
WT,holo,161,3,1,-29.169768412071257,0.28259737552222397
WT,holo,61,3,0,30.147545238203676,10.149852047054505
WT,holo,242,4,1,-29.601658374889784,-0.1598642882574176
WT,holo,242,1,1,-29.39282709633201,-0.08948380477540571
WT,holo,140,3,0,30.54341020788416,9.111619277804657
WT,holo,97,2,0,30.88613093907585,8.751115606505373
WT,holo,24,4,1,-30.318151518942745,1.032759613954573
WT,holo,204,4,1,-29.91809941965599,0.14893591158972214
WT,holo,128,2,1,-29.703340477797912,0.22734814702506273
WT,holo,244,4,1,-29.808744034694026,-0.011896551899051378
WT,holo,87,2,1,-30.377929822085747,-0.1086613665751007
WT,holo,47,1,1,-30.412658075233097,0.15910863216413862
WT,holo,245,0,0,31.181005449655817,9.071288515061617
WT,holo,79,0,0,29.598925347053623,9.768442775372902
WT,holo,175,0,0,31.296639801445256,8.675015540775192
WT,holo,101,4,1,-29.522696046457156,-0.0052195102333357
WT,holo,228,1,1,-29.975370160490975,0.26044345931899593
WT,holo,235,0,1,-31.02979623391986,-0.15632532115105646
WT,holo,215,1,1,-30.120132880359506,0.10446259890457232
WT,holo,146,1,1,-29.466635584723008,-0.0052924768161531945
WT,holo,119,4,1,-29.121503571197163,0.22848597684329758
WT,holo,168,0,0,30.911965207749322,9.148475754809386
WT,holo,109,4,1,-29.820540136631568,-0.21212978416975634
WT,holo,155,3,1,-28.476857984757203,-0.6706861650151809
WT,holo,232,4,1,-30.556784815770797,0.26902665480738724
WT,holo,202,4,1,-30.38573738307315,0.9144505684929766
WT,holo,177,3,1,-29.494744207871072,-0.04619388579357094
WT,holo,124,2,1,-29.934301483621446,0.1311641550700884
WT,holo,61,2,0,30.393285154520093,8.719936820252153
WT,holo,129,3,1,-30.432685549435107,0.24176319340677033
WT,holo,152,2,1,-30.146594468413433,0.07700588620096964
WT,holo,228,0,1,-30.255779024760834,0.5947671846848236
WT,holo,46,0,1,-29.88360928453117,-0.2135258250519929
WT,holo,69,2,1,-29.975201569959975,0.038973482020512734
WT,holo,43,3,0,29.869798257813684,8.949350742656204
WT,holo,28,0,1,-29.426575811391782,-0.16043924208705967
WT,holo,234,1,1,-29.57767105066518,0.3746117728363377
WT,holo,222,1,1,-30.120643534396475,-0.2479041451235962
WT,holo,215,4,1,-29.765304446230648,0.2908732669605736
WT,holo,208,4,1,-29.570357753384254,0.5733976635830152
WT,holo,239,4,1,-30.456756968393975,0.049629418839895224
WT,holo,142,4,1,-29.81122404723314,0.33548114287372344
WT,holo,98,2,0,29.856060452512466,8.821680491847376
WT,holo,102,4,1,-29.90731485238575,0.09923868970217642
WT,holo,101,0,1,-29.554499280453207,-0.11850260313440404
WT,holo,102,1,1,-29.93888171215377,0.65279422141187
WT,holo,126,3,1,-29.34449388874908,0.3099833549008471
WT,holo,104,1,1,-30.18907493781553,-0.3191325060534258
WT,holo,168,3,0,30.24001369165545,8.76650080660171
WT,holo,142,3,1,-29.774407943039275,-0.029388984931682932
WT,holo,208,1,1,-29.600174390366647,-0.6805589512927965
WT,holo,158,3,1,-29.959048290136593,0.030079597834892995
WT,holo,232,3,1,-30.146920402848345,0.18030647998596488
WT,holo,3,1,0,30.234283939292002,8.422718213976387
WT,holo,175,2,0,32.020957490264195,9.768223551387097
WT,holo,127,2,2,29.3210496975086,-3.868151296254901
WT,holo,82,2,1,-29.818847237413518,0.039584405571948554
WT,holo,161,4,1,-30.11786556429877,0.1899311565370539
WT,holo,74,3,2,29.534779038559133,-4.524173722118918
WT,holo,175,4,0,28.830776224602378,9.035126937536933
WT,holo,63,0,1,-29.5463306618013,-0.7118740323775782
WT,holo,107,4,1,-29.94852516727518,0.6180744498332333
WT,holo,119,0,1,-29.60303905791916,-0.5857914089829972
WT,holo,244,1,1,-31.601312588166714,0.89331321138617
WT,holo,207,3,1,-30.143198029296705,0.3007509607163682
WT,holo,237,2,1,-30.212546526674505,0.18631199699586953
WT,holo,142,0,1,-30.236167244618436,0.1876206823382671
WT,holo,46,1,1,-29.99076377495609,0.116763294826945
WT,holo,42,4,1,-29.29724597182539,-0.36638245833982597
WT,holo,166,3,1,-29.697616214524825,-0.38153867717936757
WT,holo,228,4,1,-29.834969109470364,0.1550548974425575
WT,holo,67,4,0,29.07375177014671,8.218313143607926
WT,holo,229,2,1,-30.337447203824798,0.062096866241447154
WT,holo,89,2,1,-29.815060685868552,-0.04456113127460739
WT,holo,67,3,0,30.18809843339207,9.324778585942052
WT,holo,94,4,0,29.81807174584033,9.544516791042577
WT,holo,214,2,1,-29.868098994844736,0.23585827331916615
WT,holo,136,2,2,28.21022172425855,-2.6039333553656427
WT,holo,123,4,1,-29.432257265735895,-0.20790011626634328
WT,holo,171,0,1,-30.143249789588765,0.21259760312688436
WT,holo,98,0,-1,29.34086532707179,-0.6091626935660407
WT,holo,29,3,1,-30.266920022870938,0.09003551461936264
WT,holo,168,1,0,30.954957193415154,8.57646223105581
WT,holo,215,2,1,-30.309614305401745,0.13837293175196394
WT,holo,121,1,1,-28.95473140456054,-0.15771901407549804
WT,holo,73,3,1,-29.47025063477274,0.5039421216682088
WT,holo,159,1,0,30.72217862766197,8.311758393238474
WT,holo,46,2,1,-29.159047301004193,0.07075836344367632
WT,holo,116,3,1,-29.631822982032457,0.6176402312928304
WT,holo,41,2,0,31.033810985337283,9.440182019438177
WT,holo,207,1,1,-29.751746613852035,0.08149622986489104
WT,holo,177,2,1,-29.792252126022202,0.10272784434911984
WT,holo,214,0,1,-29.249882232295295,0.24786531538336448
WT,holo,74,2,2,28.397631685834646,-4.813483130170936
WT,holo,64,1,1,-30.64319608274158,0.25832510370625733
WT,holo,106,1,2,29.456837347447486,-5.168946547410171
WT,holo,159,4,0,30.782091428980003,9.024710593514758
WT,holo,188,3,1,-29.91398393443857,-0.02901074293077594
WT,holo,18,4,1,-30.36981258403033,-0.09096606207245413
WT,holo,105,1,0,30.845285634935028,9.265025475396747
WT,holo,171,1,1,-29.511183270690335,0.5261658666211093
WT,holo,47,2,1,-29.53523224173179,-0.37987490983762057
WT,holo,113,1,1,-29.770147690267937,0.04765170944974993
WT,holo,229,4,1,-30.28436592364142,0.6526110629680074
WT,holo,58,1,0,30.59244813703472,9.126799068337752
WT,holo,143,4,0,30.055946849366027,9.295415427178382
WT,holo,3,4,0,29.598405461359366,8.152722014108573
WT,holo,44,4,0,29.24886876437983,8.786611914372562
WT,holo,132,3,1,-28.967322075195714,0.21238211148717653
WT,holo,213,3,1,-30.09662764346255,-0.10882171109938274
WT,holo,207,2,1,-30.102749952462016,-0.14174072377669458
WT,holo,145,4,1,-29.940772156609437,-0.004659523691364173
WT,holo,28,2,1,-29.009802743861,0.6242561929338534
WT,holo,9,3,0,31.04227588952401,9.71849758313547
WT,holo,224,2,1,-29.735649142258506,-0.18626011465405856
WT,holo,198,3,1,-30.097967791226452,0.13122423397090338
WT,holo,17,0,1,-30.34454140787597,0.43190279422114924
WT,holo,51,3,1,-30.669436748245857,0.7230837008780815
WT,holo,96,3,1,-30.407667383571578,0.7486336370272005
WT,holo,218,2,0,30.446634094372225,9.203055771197315
WT,holo,82,4,1,-29.53556473208726,0.07086338298332721
WT,holo,239,1,1,-29.960220952479805,0.4106496037739385
WT,holo,207,0,1,-28.394184208560603,-0.5046119186583392
WT,holo,85,0,0,31.25118927680191,9.46583475944785
WT,holo,62,3,2,28.821959141683497,-3.2163703103059236
WT,holo,22,4,1,-28.630082864544416,-0.057240964200497894
WT,holo,104,2,1,-30.00482089733158,-0.04336633559024641
WT,holo,87,4,1,-29.556763253251198,0.20483580779309532
WT,holo,144,2,1,-29.56692480931054,-0.4317693092592934
WT,holo,210,4,1,-30.998537053340947,0.670143185419169
WT,holo,44,3,0,31.682646634541328,9.67616644639791
WT,holo,161,0,1,-29.88153120513859,-0.10366690321186002
WT,holo,202,3,1,-29.049553214023305,0.028913602342841387
WT,holo,169,0,1,-29.82026291514617,0.05813542569213138
WT,holo,127,3,2,27.792894449474225,-2.80428235396534
WT,holo,137,1,0,31.140484836945358,8.9381137805844
WT,holo,214,1,1,-29.848918308738817,-0.025788759239560328
WT,holo,218,0,0,31.11728520130133,9.340463745472704
WT,holo,22,1,1,-29.54789198800742,0.10474550552978358
WT,holo,236,1,1,-30.17946281251167,0.3686292359117656
WT,holo,37,3,2,27.818570485662573,-4.497952927339836
WT,holo,113,2,1,-30.0672778029061,0.09705843392917103
WT,holo,73,2,1,-29.497821326630998,-0.06129013057709647
WT,holo,199,1,1,-30.45463582611391,0.4268578604005852
WT,holo,227,4,1,-29.938828823644545,-0.710640776011806
WT,holo,158,4,1,-30.278152517904154,0.5453300840123122
WT,holo,149,2,1,-29.93246971641029,-0.058634512481581615
WT,holo,6,3,2,29.300984011063775,-6.084092425571683
WT,holo,119,2,1,-29.07649462798148,-0.49292353118314874
WT,holo,111,3,1,-29.780239545242097,0.2578154143848294
WT,holo,147,1,1,-30.401659357737685,0.8165632501730793
WT,holo,169,3,1,-29.786378456109848,0.26098889739780845
WT,holo,98,1,0,30.8179581689013,9.44147582658068
WT,holo,16,0,1,-29.34403503013187,-0.12942689360093731
WT,holo,18,3,1,-29.62436761733144,0.284830453328292
WT,holo,93,4,0,31.59139194144243,8.717645090082783
WT,holo,54,4,2,28.469020432345264,-4.768524584601878
WT,holo,225,2,1,-31.00812994223063,0.3952024651453969
WT,holo,229,1,1,-29.923690786222252,-0.12420405878770187
WT,holo,22,3,1,-29.46249809773173,-0.22860183348969965
WT,holo,117,2,2,29.85056947253792,-6.860795635052743
WT,holo,174,1,1,-28.786604348113627,-0.054647362118490306
WT,holo,211,2,1,-29.5350562928655,-0.08528943724478276
WT,holo,239,0,1,-30.096435520081187,0.05790504737583595
WT,holo,67,0,0,31.22360060593503,9.499780806292723
WT,holo,116,2,1,-29.824085104437927,0.19799578327194003
WT,holo,65,0,1,-30.461305227919368,-0.3144963913384127
WT,holo,73,1,1,-29.804816423563008,0.4666686190399194
WT,holo,6,1,2,29.69374805257119,-4.28160526795244
WT,holo,82,0,1,-29.746701383844506,-0.6106936745506737
WT,holo,168,4,0,30.88902730094889,8.99592096563191
WT,holo,51,0,1,-30.01807323315253,0.1652540611686861
WT,holo,156,2,1,-29.22136584897681,0.0995928435181324
WT,holo,9,4,1,-31.107681055761997,0.708123765454024
WT,holo,132,2,1,-30.166923979359733,0.01737242670595885
WT,holo,187,2,1,-29.81892011424609,0.16944027909570825
WT,holo,198,2,1,-30.109550097123915,0.1172683888322123
WT,holo,107,3,1,-29.989699308863617,0.6013599263065234
WT,holo,74,4,2,28.82746881601334,-5.241916525607052
WT,holo,216,2,1,-29.04613958218764,-0.32456365688073324
WT,holo,93,3,2,28.67626878470612,-4.481091699248697
WT,holo,228,2,1,-29.359427717425767,0.22796719939942828
WT,holo,169,4,1,-30.5958565865083,-0.1530945833318202
WT,holo,166,1,1,-30.49241139679375,0.23142228700647505
WT,holo,121,0,1,-30.179639668772328,-0.06841082413137096
WT,holo,23,4,-1,-30.85628782512209,2.3435771602901814
WT,holo,224,3,1,-29.062881907782224,0.02775639599430344
WT,holo,124,1,1,-29.549483285725536,-0.18118371489615118
WT,holo,76,4,1,-30.467742912115302,-0.06314869331293618
WT,holo,126,0,1,-30.366536562734414,0.08668720141278152
WT,holo,174,0,1,-30.326871974202735,0.4795842756515303
WT,holo,17,1,1,-28.82617263398518,-0.36435540145576056
WT,holo,74,1,2,28.533192959650577,-3.627294810407646
WT,holo,151,3,0,30.14128072600163,9.055305685298336
WT,holo,102,0,1,-29.794298250209902,0.28169597076543257
WT,holo,64,4,1,-29.78092052711072,-0.010182762377083997
WT,holo,229,0,1,-29.83183181633692,0.40616461323585507
WT,holo,75,4,2,28.892796522726755,-2.3457905239868677
WT,holo,166,0,1,-30.133218210613165,-0.19884689568772315
WT,holo,249,1,2,29.395967580100102,-5.064486634121336
WT,holo,40,3,-1,-30.826789378952846,2.4580941160797654
WT,holo,45,0,2,29.997261940881014,-6.328507225200895
WT,holo,64,2,1,-30.445838716959255,0.3622491920648601
WT,holo,107,1,1,-29.777417607716966,-0.43869659679058914
WT,holo,81,1,1,-29.84329576287852,-0.2014096640816575
WT,holo,149,0,1,-30.528541302343807,-0.27458410873670136
WT,holo,249,2,2,29.30837558110884,-5.508919811760278
WT,holo,38,3,2,27.65430665202898,-3.4737948862494585
WT,holo,108,4,2,28.36536404115793,-2.1006866333575647
WT,holo,113,4,1,-29.721993527816224,0.3847501728165482
WT,holo,108,1,1,-30.289563690486208,0.03391781858562853
WT,holo,249,4,2,29.471709190746438,-5.152103318822444
WT,holo,47,4,1,-29.877860191343192,-0.2306493089840457
WT,holo,41,4,2,28.879963219780144,-2.9433076486769694
WT,holo,151,4,-1,33.53815638104014,10.417314801530436
WT,holo,200,4,0,30.59855170073601,8.495079879705322
WT,holo,207,4,1,-30.417246910805524,0.16435498142828672
WT,holo,60,3,1,-29.837506738285835,-0.29235092125800016
WT,holo,96,4,1,-30.6718438301575,-0.09092607546847374
WT,holo,101,3,1,-30.202253578091653,0.34920837356947226
WT,holo,132,4,1,-29.551493035137913,0.6011234575289933
WT,holo,245,3,0,31.428107031463316,9.592913583510708
WT,holo,244,0,1,-30.404035758634446,-0.38202632626731076
WT,holo,104,3,1,-29.016395325429453,-0.45797135869636624
WT,holo,29,4,1,-29.487129005457064,0.993822625733193
WT,holo,177,4,1,-29.64282093667319,0.025885596881853556
WT,holo,65,1,1,-30.68207072805691,-0.19329845439149201
WT,holo,184,2,1,-29.694184654634192,0.04483519365766227
WT,holo,87,1,1,-30.764265121332812,0.43771712075489616
WT,holo,152,3,1,-30.982755622986307,-0.1689626397669827
WT,holo,213,0,1,-30.012453987493085,0.33278562656304617
WT,holo,167,2,0,32.42388659055472,10.062880446123147
WT,holo,42,1,1,-29.654900202594565,0.780056466454371
WT,holo,116,1,1,-30.642089136745817,0.34733434541873615
WT,holo,229,3,1,-29.638425365632912,0.0383250117852818
WT,holo,8,0,1,-30.002138462650596,-0.0823180410871485
WT,holo,107,0,1,-30.020401178112444,0.014492189841427935
WT,holo,117,0,2,29.617002707528584,-6.5856159844596025
WT,holo,42,0,1,-30.044994650390066,0.2188648429026055
WT,holo,202,1,1,-29.73385482048753,0.1689067682502138
WT,holo,231,4,1,-29.639652424194878,1.0528925586063553
WT,holo,244,2,1,-30.656208203600716,0.09933047725226833
WT,holo,211,1,1,-29.23604933026505,-0.1747299004851235
WT,holo,208,3,1,-28.381362313720942,0.47603319079880324
WT,holo,99,1,2,29.343562385601505,-3.853889064986413
WT,holo,29,1,1,-29.671849478864093,-0.1256634659201368
WT,holo,87,0,1,-30.043221573597556,0.26639200351658876
WT,holo,58,4,1,-29.52236695435167,0.04625747489603286
WT,holo,143,0,2,29.321078582498828,-3.190901717124272
WT,holo,120,4,0,30.649211171409398,9.537192086670725
WT,holo,209,3,1,-29.38865742736254,-0.4999070557144608
WT,holo,237,3,1,-30.215424286786,0.41529808636900933
WT,holo,200,2,0,32.04054059332667,9.40604175192989
WT,holo,183,1,1,-29.283018327949108,-0.5184110170648966
WT,holo,167,4,0,30.969801071553036,9.888816349554395
WT,holo,183,4,1,-29.52122116197709,0.8748336667769468
WT,holo,58,0,2,28.112546876393008,-3.2485806550617022
WT,holo,181,4,0,30.079436066393693,8.966091628333134
WT,holo,46,4,1,-29.194146531505474,-0.14269958505986102
WT,holo,118,1,2,29.175845060125315,-4.903742307189983
WT,holo,47,3,1,-29.934567743931787,0.2741973863781518
WT,holo,53,3,0,28.96364434375146,8.636517154898707
WT,holo,237,1,1,-29.806598007587503,0.5112789958085967
WT,holo,79,3,2,27.313496200333294,-3.2467634714081903
WT,holo,137,2,1,-30.083644244432826,0.23237311018691834
WT,holo,99,3,2,28.2814510076959,-2.9850222949168765
WT,holo,87,3,1,-30.11379307856368,0.6429840062846264
WT,holo,149,1,1,-30.242340837058883,0.5301498354834231
WT,holo,7,2,0,30.03029034095731,9.290979072384484
WT,holo,179,2,1,-30.331616536547816,0.4348041395997949
WT,holo,235,4,1,-30.54531116028851,-0.13339944279476817
WT,holo,111,0,1,-30.188259351619443,0.37076986063240835
WT,holo,2,2,-1,-29.76479161732148,2.221134419929193
WT,holo,45,2,2,28.61427622696882,-2.986984982372977
WT,holo,90,1,1,-29.23058507402252,-0.1407352365341731
WT,holo,158,2,1,-29.35700234978329,0.14814488657694394
WT,holo,137,0,2,28.668602586976444,-3.7480889402627473
WT,holo,219,4,0,30.109661569582073,8.96492703863017
WT,holo,145,1,1,-29.73382777282339,0.14121209056646142
WT,holo,172,2,3,26.55648569840421,-9.229102150423953
WT,holo,248,2,0,31.208023744687953,9.515106820846928
WT,holo,232,1,1,-29.736655434320223,-0.2486434230494834
WT,holo,197,1,1,-29.187516116756917,0.3178530450061535
WT,holo,152,4,1,-29.80407251641124,0.35952942953075295
WT,holo,249,3,2,27.99321063077687,-5.253529982445138
WT,holo,75,0,2,29.34915078543324,-1.9498513355270632
WT,holo,37,2,2,29.98054495661572,-4.952959564362599
WT,holo,184,3,1,-29.480275812589635,0.08155267659754328
WT,holo,196,3,0,31.06198848054008,9.795467112320425
WT,holo,169,1,1,-29.827014195959837,0.3517813776844515
WT,holo,135,0,1,-30.53381271754366,-0.09130591784972784
WT,holo,96,2,1,-29.35675922884617,0.9369300433486089
WT,holo,97,0,2,28.15748343850327,-4.590313252072316
WT,holo,32,1,0,29.696639953101176,8.769660676017267
WT,holo,24,0,1,-29.67043384139513,0.43667225601446646
WT,holo,43,4,0,30.30367110313027,9.371247593134541
WT,holo,62,1,2,27.926791139431586,-3.3623265666573605
WT,holo,126,1,1,-30.07373625291815,-0.08480445176773069
WT,holo,86,2,1,-28.759397019271635,0.22975926501440763
WT,holo,141,1,1,-28.39431419195435,-0.5551609183696873
WT,holo,236,3,2,27.36692864457717,-1.5076121749156468
WT,holo,164,1,1,-29.553964518262937,1.3611647794789319
WT,holo,239,3,1,-29.474189122585734,0.5315068573803293
WT,holo,227,0,-1,-28.024542769064826,2.0898081687103574
WT,holo,83,4,-1,26.82044619150767,-5.654099309237178
WT,holo,41,3,0,31.122279391483545,8.364429958028952
WT,holo,153,2,2,28.532255313116586,-5.397580249800875
WT,holo,6,4,2,29.51775306166253,-6.655702455913681
WT,holo,173,0,1,-29.540214449405436,0.47296331980701106
WT,holo,37,4,2,28.405352905577438,-4.623209916205574
WT,holo,205,1,1,-29.504120357088134,-0.03972800915580181
WT,holo,51,1,1,-30.286266648164126,0.2932801474440239
WT,holo,249,0,2,29.580765835631382,-5.819282160071422
WT,holo,220,0,2,29.743006218063353,-6.735739658132383
WT,holo,193,4,-1,-0.5988590252708453,-2.2603012464397096
WT,holo,12,4,2,28.184561957919602,-3.4601819578610358
WT,holo,179,0,1,-29.38643420886404,0.11245588720175709
WT,holo,76,3,1,-29.398285422751275,0.8009661007409151
WT,holo,103,1,1,-30.03813207301803,-0.2675380092351483
WT,holo,43,1,0,31.632407054417,9.030149048009608
WT,holo,76,0,1,-29.30566124109842,0.3423604169949501
WT,holo,24,2,1,-28.74938446545179,0.10822165082157074
WT,holo,116,4,1,-29.06812508081243,0.6342826279885103
WT,holo,73,0,1,-31.039796579451504,0.513225956700414
WT,holo,248,1,0,31.491426656884855,9.187427118702384
WT,holo,228,3,1,-29.348095342603305,0.19000524451049708
WT,holo,30,1,1,-30.96814375490726,1.1336902456039988
WT,holo,127,4,3,28.094192275393976,-10.974436514028099
WT,holo,56,2,2,27.918464722961865,-3.4257488072145414
WT,holo,245,2,0,30.045346762430654,8.935585981971528
WT,holo,76,2,1,-29.117426309597466,0.4054451543660076
WT,holo,248,4,-1,28.075113505064003,8.185725653040903
WT,holo,199,3,2,29.344929345165735,-4.681363573681644
WT,holo,96,0,1,-29.643887414773943,0.01819639026461474
WT,holo,47,0,1,-29.435574592939616,0.06742221299523228
WT,holo,64,3,1,-29.441965734416357,0.04505617109244798
WT,holo,250,4,2,27.883712740862393,-4.258431304206003
WT,holo,195,0,-1,-2.6512271032513732,-1.1587715743000644
WT,holo,6,2,2,29.074755849613872,-5.543004831385928
WT,holo,37,1,0,30.49192108528053,9.039351853506837
WT,holo,39,2,2,28.676220086537008,-5.845958439020999
WT,holo,110,0,1,-30.76820608224793,0.09381877433779771
WT,holo,123,1,1,-31.272331576023632,0.10107654510048489
WT,holo,198,1,1,-29.471726781362804,0.2482117164875452
WT,holo,213,2,1,-30.321799201524325,-0.2331377185466514
WT,holo,12,2,2,28.19065403547711,-4.909976549371354
WT,holo,180,4,1,-29.33642678449382,-0.09732306208186588
WT,holo,140,1,2,28.64712307121704,-4.255352787194717
WT,holo,250,1,2,29.176154453976846,-5.8600393282373044
WT,holo,179,1,1,-29.31211894569971,0.2206026633962958
WT,holo,202,0,1,-30.78338865575113,0.6765760010666757
WT,holo,23,3,1,-29.893165989550923,-0.11725246436818874
WT,holo,63,4,1,-30.17561053569692,-0.12710526440638398
WT,holo,91,0,-1,26.382781997305017,-7.547846021680789
WT,holo,191,0,1,-30.584854582621958,0.009801248473393235
WT,holo,34,0,1,-30.045861143670237,0.8048211969950011
WT,holo,213,4,1,-30.23765396007742,-0.03362929365001017
WT,holo,106,3,2,28.896231039279193,-5.813199385045747
WT,holo,185,4,-1,-28.17090022399266,1.9839213159941795
WT,holo,17,3,1,-29.516577764036246,-0.09308370359940611
WT,holo,184,0,1,-29.464702669037685,0.27210328142361756
WT,holo,93,2,2,29.16367064139186,-3.9587675118568626
WT,holo,197,0,1,-29.58759920787922,0.15275602945897485
WT,holo,110,3,1,-29.948030198825457,1.677703064845561
WT,holo,110,4,1,-30.430163126899146,-0.2700196723619942
WT,holo,248,0,0,30.35363224293382,9.20303279527788
WT,holo,141,4,-1,-13.94743056651422,-1.8503119625889402
WT,holo,91,1,2,29.56757410712792,-4.396411985211253
WT,holo,225,4,1,-30.14824908446623,0.13979502264174726
WT,holo,28,1,1,-29.855772619893337,0.43870358230744155
WT,holo,205,4,-1,-28.27959219700563,1.6282202618873551
WT,holo,71,2,1,-30.565449860583616,0.7850849987274084
WT,holo,79,1,2,29.25556487285934,-4.182836360369096
WT,holo,20,3,1,-29.80879537424112,0.30426312886087936
WT,holo,8,3,1,-29.876823392419052,0.6800894343903556
WT,holo,63,3,1,-29.062605244215714,1.2647716545417425
WT,holo,81,3,1,-29.508035194282105,0.8000618359021019
WT,holo,245,4,2,29.677306978483028,-5.093754981777177
WT,holo,17,2,1,-29.87670266131719,0.6131805873044929
WT,holo,32,2,0,30.95875984415669,9.500348110674393
WT,holo,85,1,1,-29.007196136046904,0.5445643411293869
WT,holo,118,2,2,29.320916377953854,-4.475829258389046
WT,holo,172,1,2,30.403056049705757,-6.148736795883602
WT,holo,122,1,0,31.028522199331473,9.08352414693752
WT,holo,108,3,2,29.383359408016574,-6.779927441515749
WT,holo,135,2,2,29.03518995035246,-4.008540763001576
WT,holo,76,1,1,-29.671187743537192,0.21789978804992924
WT,holo,173,2,1,-29.723600502613017,-0.3434502296912789
WT,holo,186,1,0,30.54737409675943,8.778632721571613
WT,holo,105,0,3,26.498091268026183,-10.61544527461568
WT,holo,197,4,-1,-11.071142272151231,-0.9121031867500998
WT,holo,16,3,1,-29.513819889300372,0.08965708054047859
WT,holo,115,3,1,-30.552112920940054,-0.25230045597540285
WT,holo,17,4,1,-29.46297180362866,0.009398712762432468
WT,holo,159,2,2,29.1984478265162,-4.175856460974616
WT,holo,110,1,1,-31.054476744712648,0.8024296710132501
WT,holo,88,1,0,31.420693819662613,10.002823154096273
WT,holo,35,2,2,29.958562572655573,-3.014782580687832
WT,holo,170,3,2,28.835754218393134,-1.910395899323119
WT,holo,153,4,3,26.888942798655684,-9.748338589956292
WT,holo,157,4,0,29.714416139641884,8.987796881726164
WT,holo,20,0,1,-29.79810337891856,-0.10224501310397019
WT,holo,164,4,1,-28.70864831236729,-0.31433868274912935
WT,holo,35,1,2,29.299497068838846,-6.313891595821981
WT,holo,151,2,0,30.874820348873037,10.148497697199385
WT,holo,112,1,0,31.034720072796706,9.471430825405218
WT,holo,44,2,0,29.513003190719008,8.703951986437874
WT,holo,41,1,0,29.445807136748737,8.549787005304307
WT,holo,190,2,-1,26.380773788501205,-2.7419004014529356
WT,holo,231,1,1,-28.365959161955132,0.21636689629185782
WT,holo,83,3,2,28.526043449685304,-3.575064410480576
WT,holo,220,4,2,29.153668569828888,-7.133367913332191
WT,holo,225,3,1,-30.28740512412397,-0.33716968403425746
WT,holo,215,3,-1,-9.57838049327529,-1.7658534422337366
WT,holo,56,1,-1,-28.34683663205648,2.4223206541654925
WT,holo,85,2,-1,26.6628493610517,-8.010031317303442
WT,holo,127,1,2,29.71107809034096,-4.096004954195329
WT,holo,240,4,1,-29.855128477781264,1.0256089847072016
WT,holo,21,4,0,32.23824581171256,8.80387513072245
WT,holo,225,1,1,-29.79993119508928,0.04534353494988444
WT,holo,50,0,1,-29.023620215280094,1.0237133088525003
WT,holo,203,1,1,-29.502902637003775,0.1821396850888432
WT,holo,96,1,1,-29.75972447488685,0.539685535293035
WT,holo,13,2,1,-29.431511574895048,-0.3603929500477362
WT,holo,165,2,0,29.410979341182216,8.415428411457505
WT,holo,81,2,1,-30.034142339992787,1.3908340810838635
WT,holo,98,4,2,28.062683154702476,-2.0537267565833823
WT,holo,175,3,2,27.972455893222044,-2.3302268604996335
WT,holo,246,1,-1,-10.825677387723132,-0.4363736403305937
WT,holo,55,0,2,28.309340172434705,-1.734076357704271
WT,holo,150,4,0,31.594804350724115,9.361031191172598
WT,holo,137,4,2,29.379546698102686,-6.333756433481402
WT,holo,131,1,2,28.2872375264937,-4.579748848083288
WT,holo,139,4,1,-30.0622082360382,0.40882908111617594
WT,holo,143,1,0,29.70512245325892,8.516986555440504
WT,holo,246,3,1,-30.93581327691786,0.41708168999539474
WT,holo,156,3,2,28.8574860008259,-2.7441322149730287
WT,holo,46,3,1,-29.833656605134706,0.1650169871346541
WT,holo,211,3,1,-30.0284465447744,0.15724119079881824
WT,holo,41,0,2,29.31098015595843,-4.524685098706075
WT,holo,7,3,2,28.44201992895205,-3.6976281997251625
WT,holo,40,4,1,-29.27613291003494,1.0669434810602318
WT,holo,183,0,1,-29.112188716239842,0.4665606303225206
WT,holo,139,0,1,-29.641337237136078,0.28710688416396696
WT,holo,135,3,2,29.630720213105423,-4.07127506954323
WT,holo,15,0,1,-30.108169772058048,0.3659797521975395
WT,holo,185,2,1,-30.353243793779995,1.9229086699597358
WT,holo,165,4,-1,28.592767338269034,-0.17796641388545342
WT,holo,181,1,0,30.457675905568863,8.69035261986508
WT,holo,165,3,0,29.180921626176765,8.449981674349395
WT,holo,30,3,2,28.629210263341243,-3.435099062074817
WT,holo,9,1,2,29.066639598443484,-6.300888549376665
WT,holo,114,3,1,-28.69923769437469,0.4667012491893781
WT,holo,50,2,-1,-29.215585042920708,1.8977867661731402
WT,holo,183,3,1,-28.885900566439254,0.10515697998611578
WT,holo,21,1,0,30.686877831016176,9.324131468128833
WT,holo,63,2,1,-29.220023074607628,0.8820387261026416
WT,holo,59,4,0,31.365755196003956,9.142498714567505
WT,holo,15,2,-1,27.872669895618632,-0.2892775749273677
WT,holo,235,3,2,27.749190664268415,-1.5008630307216466
WT,holo,49,2,-1,26.064724661665025,-1.498567752226595
WT,holo,56,4,1,-29.823095531393346,-0.40518623228250916
WT,holo,177,1,1,-30.69662780326731,-0.11414780091222021
WT,holo,248,3,0,29.911425172550143,9.55434422057339
WT,holo,196,0,2,28.1112801499579,-2.5149546310426034
WT,holo,220,1,2,28.557232279917365,-7.304573204160934
WT,holo,157,3,0,30.597488801156278,9.41477544537478
WT,holo,38,2,2,27.786915483618092,-4.58174986187776
WT,holo,200,3,1,-29.291281435241366,0.136762086009918
WT,holo,106,0,2,28.800749749325508,-4.2964077978325825
WT,holo,148,1,-1,-11.178074208866713,-0.6925392289963891
WT,holo,27,4,-1,25.516772960429567,-7.113086789491228
WT,holo,112,4,0,31.437644371403916,9.568600964441353
WT,holo,244,3,1,-29.592617151340868,0.31417623781745646
WT,holo,238,1,1,-30.036774171054475,0.877483566817451
WT,holo,68,2,0,31.368563747711704,8.913133106003242
WT,holo,157,1,2,27.876230817570104,-3.857842070567243
WT,holo,71,1,1,-29.158264465200237,0.1445776571566349
WT,holo,9,2,2,29.164286608819893,-2.3029465792666977
WT,holo,38,4,-1,26.301581502696664,-2.55563948747676
WT,holo,81,4,1,-30.856755683206547,0.8849348552521916
WT,holo,247,1,2,27.18412795616215,-2.374250254920363
WT,holo,23,0,2,29.08992464388529,-2.5005531271953454
WT,holo,179,3,1,-30.363830665007853,0.8910073603474845
WT,holo,67,1,2,27.58900170708703,-2.121849064148263
WT,holo,120,3,2,26.79543714695493,-3.2272090441181382
WT,holo,194,2,1,-29.86747465831551,1.16360479344152
WT,holo,38,0,-1,27.116883060333194,-4.428551713584721
WT,holo,38,1,1,-29.631604885456603,0.3153615071041341
WT,holo,51,2,-1,-6.080517085950373,-0.6405780786059523
WT,holo,15,3,1,-29.982894337268245,0.5426096819941031
WT,holo,218,1,-1,26.706281098911234,-3.4828674202976715
WT,holo,167,3,0,30.175723885084828,9.893255163139026
WT,holo,103,2,1,-30.973039422602273,0.33965062833895776
WT,holo,131,0,-1,26.773331471834208,-4.771401408393923
WT,holo,14,2,-1,-5.597229243338795,-1.408456086334935
WT,holo,139,1,1,-29.995256377708053,1.0006236399478667
WT,holo,219,0,2,28.58914110724128,-4.010437129777281
WT,holo,13,3,1,-30.890178262620978,1.3697457029118836
WT,holo,81,0,1,-29.803220131675236,0.9498777131025126
WT,holo,200,1,1,-29.87410767507231,0.3605884425791534
WT,holo,186,0,0,30.363722676728205,8.831154873759662
WT,holo,236,4,2,28.013855676057762,-4.915613990655782
WT,holo,118,4,2,29.750668395534344,-4.15996148370713
WT,holo,220,2,3,27.80023282591504,-9.879573029202293
WT,holo,170,2,1,-30.295450276900848,0.17827997826339095
WT,holo,186,3,2,29.092047930887905,-4.434647286817348
WT,holo,237,0,1,-30.225307659164105,0.5564331960810349
WT,holo,3,2,-1,26.150365922202504,-8.603781835098516
WT,holo,181,0,0,30.843412804967613,8.955114945662846
WT,holo,14,3,1,-29.52430859201101,-0.028264677971836842
WT,holo,103,3,1,-29.016930453339672,0.09097514744016062
WT,holo,159,0,-1,-27.96346637456225,1.2667056614373486
WT,holo,120,2,1,-29.632441565968445,-0.5765507318635908
WT,holo,181,2,0,29.398562925627576,8.184633836039769
WT,holo,157,0,0,29.84201683660509,8.855264249486671
WT,holo,241,4,2,27.038507512899283,-1.761423067289769
WT,holo,177,0,1,-29.916090108481534,0.22892446485485587
WT,holo,165,0,2,28.525646005630584,-2.6150388703610767
WT,holo,25,4,2,29.555520663183533,-7.580295043935651
WT,holo,14,0,-1,-5.680551003662202,-0.22961575949689111
WT,holo,191,2,1,-30.34894709646824,0.27749862432964706
WT,holo,26,0,0,30.95708290288442,8.815401468701472
WT,holo,55,4,1,-29.899625052146998,-0.49227542652841233
WT,holo,238,3,2,27.8060400134693,-3.1790983529724097
WT,holo,43,0,2,28.58426916845226,-1.2817427932353245
WT,holo,212,0,1,-30.32360803145652,0.6504293897724478
WT,holo,78,0,1,-29.449127399269393,1.010357969561579
WT,holo,195,1,-1,-28.715900411140673,1.5719617222597697
WT,holo,53,2,2,28.26800271685369,-4.973234699386114
WT,holo,122,2,0,32.14567870646308,9.766206876183336
WT,holo,83,1,2,28.571167848606272,-5.3935268585305485
WT,holo,176,3,2,27.095343075635075,-2.6231786064929032
WT,holo,156,1,2,27.486021109748034,-2.1177450688286372
WT,holo,103,4,-1,26.958367828970452,-0.8446141144330642
WT,holo,192,0,2,27.757893130899703,-3.607217062328627
WT,holo,26,1,0,30.317186801208234,9.137150489699026
WT,holo,231,2,0,30.58820613675713,8.743139203660824
WT,holo,221,0,2,29.525179410804302,-5.260883162658391
WT,holo,61,4,1,-28.984115257105195,-0.09115590560823673
WT,holo,112,2,-1,28.307954961156845,-0.3559974872684758
WT,holo,120,1,2,27.9433019272248,-5.973449545546818
WT,holo,56,3,2,29.834049995820244,-5.25300915209517
WT,holo,24,3,1,-29.563919143219593,0.5758888669420164
WT,holo,221,3,2,29.349649776557303,-5.61989985330706
WT,holo,176,1,2,27.975909648866335,-3.194866133445278
WT,holo,83,0,-1,26.254709308526795,-3.1130398974905575
WT,holo,157,2,2,28.222191972059115,-3.499935304388469
WT,holo,14,4,1,-30.05555601633617,0.7353547260744996
WT,holo,7,4,2,28.389710258582447,-2.566151556271817
WT,holo,114,2,3,27.98425715756874,-9.764167373579427
WT,holo,77,4,-1,25.759503693145124,-0.7233426799655027
WT,holo,236,0,-1,-1.8504883209453,-1.7014533325194334
WT,holo,159,3,2,28.741008156052505,-5.9558552329875445
WT,holo,221,2,2,29.03803303442929,-5.896002352344039
WT,holo,118,3,2,29.15132409409964,-3.5652306878659186
WT,holo,194,1,2,29.072687684719973,-3.6697535268534573
WT,holo,122,3,0,30.95168584551262,9.268791524417592
WT,holo,203,2,1,-29.913461741139727,0.284737749639219
WT,holo,94,1,3,28.196814064745386,-10.882554598554194
WT,holo,39,1,3,28.236957785544348,-10.346743607208062
WT,holo,56,0,1,-29.682344804934342,0.6292542846742961
WT,holo,203,0,-1,-10.732836154913333,-0.6651860588148545
WT,holo,151,0,0,28.941287285616834,8.543090574141004
WT,holo,173,1,1,-30.03310267096731,0.7317972841914994
WT,holo,173,3,2,27.845000273330008,-3.581458988390821
WT,holo,33,1,2,26.942706652550697,-1.9223531424168234
WT,holo,25,1,2,27.545216586772693,-4.8349987008573585
WT,holo,55,2,1,-28.481984611428665,1.0124036634354354
WT,holo,7,0,1,-30.900833965559805,-0.09760344208088581
WT,holo,85,4,3,26.894021612487,-9.218936394745642
WT,holo,33,2,2,27.299509287085602,-3.677467948418437
WT,holo,162,1,2,28.543633961593805,-3.421238965420072
WT,holo,21,3,0,30.982237292523997,9.49299918430467
WT,holo,23,1,2,28.514541801861764,-2.8702052141456353
WT,holo,170,4,2,28.220512740531333,-1.913444301324841
WT,holo,150,3,2,28.3495898328812,-3.9959080540696275
WT,holo,66,4,2,26.814643302108696,-3.115560131725474
WT,holo,49,4,1,-29.634209734617563,0.39140880758351476
WT,holo,185,1,0,29.680637679092197,8.788608918361323
WT,holo,219,2,2,29.24770920023812,-4.967329528932281
WT,holo,88,4,2,28.55643522428883,-2.996768957174203
WT,holo,231,3,1,-29.520502302457565,0.22617251350702053
WT,holo,39,3,3,27.79119837596792,-10.59840167156227
WT,holo,25,3,2,28.127198726297955,-4.689983899221233
WT,holo,30,0,2,29.190853443316243,-2.7668495393655097
WT,holo,59,3,2,28.510802824290586,-3.2732838409576708
WT,holo,167,1,2,29.139215628675817,-3.679022196794601
WT,holo,59,2,2,28.212608664081912,-2.4827371697303144
WT,holo,231,0,-1,28.604795798650603,0.15848651523117807
WT,holo,83,2,2,28.298842436872405,-5.018339745612382
WT,holo,185,0,2,28.154472648263166,-1.8511837151828023
WT,holo,30,2,2,27.967260613520242,-1.0678001925896838
WT,holo,112,0,2,28.34393051988671,-4.602137326390565
WT,holo,66,3,-1,26.274016093998323,-2.8940673799648406
WT,holo,20,4,1,-29.534690541964206,-0.21921517739484703
WT,holo,131,2,2,28.15749851728034,-5.271085674258435
WT,holo,176,0,2,27.204293245280876,-1.5992151589289507
WT,holo,30,4,2,28.025237676195243,-0.7042303878996894
WT,holo,186,4,2,27.876820792784525,-3.5904356964796427
WT,holo,243,1,0,31.869268153679347,10.280256949312838
WT,holo,33,3,1,-28.97557502061771,0.6885429830839165
WT,holo,155,1,2,28.853054530977897,-1.5379996741875324
WT,holo,7,1,2,29.153043833114527,-3.7990397991158154
WT,holo,187,1,2,26.880642388442087,-3.262299223343377
WT,holo,221,1,0,30.809105609220452,8.830856949985684
WT,holo,170,0,2,27.62842083810603,-1.394694005211134
WT,holo,175,1,-1,27.351673361336793,-0.8272858024362525
WT,holo,115,4,2,28.123032971525763,-2.470965519323454
WT,holo,196,2,2,27.77818466947398,-2.718135258041699
WT,holo,2,1,-1,27.204639286828897,0.06576484739388166
WT,holo,120,0,1,-31.13732932694394,1.8163721019182522
WT,holo,131,3,2,28.926657740229178,-4.147178273012841
WT,holo,238,2,1,-30.13206890234645,0.6659774612379452
WT,holo,8,2,1,-28.876263202211113,-0.4019289640427829
WT,holo,173,4,2,27.33047497796072,-2.233183385438423
WT,holo,94,2,2,28.908773698785826,-4.3392791384983935
WT,holo,53,1,-1,26.02769217964258,-9.065829663712567
WT,holo,181,3,0,29.134098339381623,8.89580748179088
WT,holo,212,4,1,-29.527978635569177,0.7904457544252601
WT,holo,192,2,1,-28.49436762485292,0.680299903644616
WT,holo,52,2,2,26.656894716572555,-2.3760883231534553
WT,holo,196,1,2,28.608942184192042,-1.201833398634656
WT,holo,150,2,0,30.64189390370778,8.567204636832075
WT,holo,247,4,2,28.793603234762717,-5.312636117735731
WT,holo,151,1,2,28.765119656347217,-2.5167763852003384
WT,holo,245,1,1,-29.070164853689345,1.030455665970351
WT,holo,163,1,-1,-5.959344519889492,-1.331160129185478
WT,holo,5,0,-1,25.584306018200557,-3.523712905720753
WT,holo,78,4,-1,26.880028278731373,0.2551685074921036
WT,holo,2,3,-1,27.039228262202354,-0.039921687246076795
WT,holo,75,2,-1,-10.12191894606649,-1.7787057868674914
WT,holo,203,4,-1,26.24489975959402,-3.441173852558387
WT,holo,53,4,2,29.098363426280425,-3.992617300010455
WT,holo,50,3,-1,28.840823692698386,-0.8751420465314923
WT,holo,52,3,2,26.74204886819742,-2.6596936706507766
WT,holo,66,1,2,27.26612139568362,-3.727142551527792
WT,holo,15,1,-1,27.696462580724504,0.2733328135107503
WT,holo,71,3,0,29.626849072747667,9.318495696280879
WT,holo,55,1,1,-29.429465345059107,-0.09585595055834024
WT,holo,238,4,-1,28.845094795170528,-0.6277680923301016
WT,holo,27,2,3,27.235023474341087,-10.693690648800583
WT,holo,1,4,2,28.728983767112734,-5.421906350022745
WT,holo,210,1,-1,24.51461385495618,-1.7634800655391538
WT,holo,219,3,2,28.344269932616196,-4.27112121919517
WT,holo,25,2,2,27.649317908547307,-4.36422109730327
WT,holo,247,3,2,27.215106101030152,-2.8114843612724427
WT,holo,192,3,-1,26.45840987709777,-2.9181021262124642
WT,holo,162,4,1,-30.176791783843218,0.41876694403260395
WT,holo,26,4,0,32.6723781415388,10.442274839729192
WT,holo,95,0,2,28.614495186028066,-2.6853859576330477
WT,holo,163,4,2,27.011831165938506,-2.7996119102858215
WT,holo,57,0,-1,26.522741725024034,-1.5915372135371835
WT,holo,23,2,2,28.11136283372435,-1.8969506072350648
WT,holo,156,0,2,27.530979633148657,-2.409766635945549
WT,holo,156,4,2,28.384686783498438,-3.946534595985216
WT,holo,33,4,2,28.078047267932213,-3.3528170655508744
WT,holo,79,4,1,-30.113519430688147,1.2456255098031166
WT,holo,149,3,0,31.331102501164253,9.147913349014855
WT,holo,206,4,2,28.094006464207492,-3.180738746115328
WT,holo,112,3,0,29.872952629468784,8.3771334596242
WT,holo,216,1,-1,24.878807656795985,-1.8538083638719034
WT,holo,247,2,2,27.5765709119539,-3.9024969276585098
WT,holo,88,2,2,27.58115477083589,-3.9277698326633366
WT,holo,3,3,3,27.346611825142926,-9.014589436400417
WT,holo,49,1,-1,-18.230828239848737,-0.5250911487000031
WT,holo,8,1,2,27.30445472524419,-2.8010312695948327
WT,holo,240,1,1,-29.61472981058964,0.3517274150689661
WT,holo,176,4,2,27.77729230432972,-2.3029850554801308
WT,holo,150,0,2,29.144972717915476,-2.347155733858846
WT,holo,203,3,1,-30.682950884546624,0.38121905167792874
WT,holo,13,4,2,28.84302934365605,-2.9341717914184064
WT,holo,190,1,-1,-3.186752080966029,-0.7944585523015241
WT,holo,158,1,-1,26.361272524620425,0.6280606650388397
WT,holo,103,0,1,-28.088745029294387,-0.049635367207807764
WT,holo,188,2,-1,25.188620208216086,-1.8186628111073428
WT,holo,55,3,2,27.787460973026306,-4.372320094204541
WT,holo,163,2,-1,27.406510542216846,-0.3972394154166636
WT,holo,95,3,2,27.70470407685519,-1.809051525516164
WT,holo,196,4,2,27.675258400500397,-2.0699345688110062
WT,holo,162,0,2,28.60923754777286,-4.2179582420299795
WT,holo,40,2,2,27.75355305143627,-1.6365007994461034
WT,holo,135,4,-1,26.77943546794934,-7.678571347531847
WT,holo,240,0,2,29.525320613796342,-4.4266267868754685
WT,holo,186,2,2,27.65255484437024,-3.0837960588358007
WT,holo,115,0,-1,26.56810301222036,-1.1366739535904853
WT,holo,8,4,2,27.302802280330532,-2.2278090871142413
WT,holo,167,0,2,26.935500455742986,-1.707738639592501
WT,holo,2,4,-1,27.92369743825259,-0.21039897309224562
WT,holo,13,1,-1,-8.391020264331518,-0.6809823717019079
WT,holo,176,2,2,26.83991810915782,-2.6918684377085684
WT,holo,190,4,2,28.06838914098585,-3.3634570455614923
WT,holo,13,0,2,27.85521717776433,-3.3626177921135776
WT,holo,192,1,2,27.83942781664538,-0.9711372977493253
WT,holo,21,0,2,28.90788312597693,-2.519021611015103
WT,holo,24,1,-1,18.774761226027152,-5.327373776174091
WT,holo,53,0,2,29.125346066914297,-5.374059409146488
WT,holo,115,1,2,28.576804962658706,-1.217377993057017
WT,holo,206,3,1,-28.613649894287796,-0.5113097334810889
WT,holo,133,4,2,27.055240436224597,-3.8224032073111758
WT,holo,219,1,0,32.04815752192178,8.51955772724722
WT,holo,59,1,-1,26.908779341672133,-3.8478215248288836
WT,holo,192,4,1,-30.716267331740642,0.22327730756585978
WT,holo,190,0,2,27.87764950451543,-3.6805037799808678
WT,holo,32,0,2,29.31700037038589,-2.7226636267944353
WT,holo,78,2,-1,27.434563125041645,-0.584713802671293
WT,holo,247,0,1,-30.02337927830539,1.2909923400770238
WT,holo,78,1,2,28.18131889510174,-2.330063815319891
WT,holo,194,0,-1,28.60869711279931,-0.21679548952417824
WT,holo,170,1,2,27.07788060637916,-3.46980995765859
WT,holo,184,4,2,28.908383314247015,-1.6490978089396926
WT,holo,68,3,-1,-3.3586998688251914,-0.47453410650064815
WT,holo,52,4,0,31.843953091053702,8.774084318001847
WT,holo,246,0,0,30.83316874984512,9.206124754462756
WT,holo,20,1,1,-29.9395922930023,-0.1112254899785984
WT,holo,191,1,-1,25.675313332655445,-2.4216495252561954
WT,holo,70,3,2,29.190294984947272,-2.7566133026682698
WT,holo,190,3,-1,26.389125233603533,-1.71440309862635
WT,holo,212,2,2,29.061081586919673,-4.173077347804237
WT,holo,205,0,2,28.878414108699047,-3.0001707755306293
WT,holo,59,0,-1,-16.472721453314364,-1.50743353131401
WT,holo,22,0,2,26.79137003954591,-1.8001346555792428
WT,holo,130,2,-1,27.446405262949625,-0.8107059786718827
WT,holo,11,4,-1,27.709496051406962,-0.3492244760461825
WT,holo,107,2,-1,26.07380319134229,-1.134795674956639
WT,holo,171,3,-1,25.11041716010207,-2.5708527022485055
WT,holo,88,0,-1,30.19276590200832,-1.0924053204047193
WT,holo,88,3,2,26.628534272569077,-2.1856230331565074
WT,holo,212,1,2,27.02926211115344,-2.80444382741766
WT,holo,134,3,2,28.374261225132976,-3.8640149352229654
WT,holo,126,4,2,27.45721753987038,-2.1549462462052493
WT,holo,118,0,-1,26.68610968705121,-8.039721325968346
WT,holo,194,3,2,27.235952523133186,-2.357019587462081
WT,holo,61,0,2,29.14203307571502,-6.64705750002254
WT,holo,1,3,2,27.847740937356065,-4.312912493428524
WT,holo,65,3,-1,26.028996615261462,-0.440260077560754
WT,holo,68,0,2,27.26626317843746,-1.7104687452312237
WT,holo,214,4,-1,26.911733673927685,1.026015759156194
WT,holo,66,2,1,-30.21232248855306,0.15565604085233822
WT,holo,134,4,-1,28.45085291515491,1.1261843218257335
WT,holo,32,4,-1,28.760013301842626,-0.10302375001222999
WT,holo,130,3,2,27.300143660478877,-1.895982957114326
WT,holo,115,2,2,29.788751554406723,-4.557751102329928
WT,holo,169,2,2,27.808550093283717,-2.0294453613424435
WT,holo,36,1,2,27.52656529326835,-1.1462547367146543
WT,holo,202,2,2,29.00073353188968,-3.4863406066801335
WT,holo,68,1,2,27.928327817273964,-2.324111848978482
WT,holo,20,2,-1,-10.288909562655746,-1.7078966659802945
WT,holo,198,4,-1,26.737599759788516,-0.8363795479637539
WT,holo,243,0,-1,-12.210583543560409,-1.017394367489046
WT,holo,21,2,2,28.387061026249675,-2.154452667544576
WT,holo,134,1,0,31.210619024174058,9.457464070024027
WT,holo,194,4,2,27.510165964424967,-3.311707024996514
WT,holo,15,4,-1,26.530957007313244,-1.7008161621477191
WT,holo,113,0,2,26.83072368442767,-2.394723362177429
WT,holo,49,0,1,-28.323443927377124,0.16332698391842462
WT,holo,50,4,-1,-2.217891025609717,-2.204287575403332
WT,holo,111,2,-1,26.812315647598034,-4.122050196016754
WT,holo,206,0,2,27.809662248014003,-2.281750639976647
WT,holo,25,0,2,28.385430555066527,-4.51809799097043
WT,holo,185,3,2,27.97440200488669,-2.9329808913353967
WT,holo,209,1,2,26.80083520275246,-2.13454358079307
WT,holo,78,3,2,27.81689038057529,-2.5345906081126266
WT,holo,132,1,-1,26.591538513132207,-3.9274930255925042
WT,holo,69,1,-1,27.62185290330623,-0.4485590531847271
WT,holo,205,2,2,27.110062865377735,-2.7355702463954206
WT,holo,206,1,2,28.214944506991362,-1.8257394099012878
WT,holo,122,4,0,31.836045878147118,9.92452102508355
WT,holo,162,2,2,28.319727721232773,-3.703656449761866
WT,holo,131,4,-1,26.028631586641698,-8.38263862267233
WT,holo,213,1,2,27.50099848998112,-2.4823552700919063
WT,holo,163,3,-1,25.570497016198516,-1.2168153469639666
WT,holo,238,0,2,27.709829406247998,-1.8762631523944224
WT,holo,33,0,2,27.616550683471118,-3.3654282566907616
WT,holo,122,0,2,28.636288240795416,-4.2405376412069025
WT,holo,68,4,2,28.12881836910273,-1.5481918699087185
WT,holo,179,4,-1,9.998431319688613,-3.3893754827973313
WT,holo,95,2,0,31.244505729535657,9.638773825048025
WT,holo,26,3,2,28.416502606436712,-1.9445266945330677
WT,holo,28,4,2,28.82789000542433,-3.347165347608151
WT,holo,52,1,1,-29.48271695082988,0.21206791287205876
WT,holo,163,0,2,27.176398199064117,-3.363015822310692
WT,holo,98,3,3,27.186163599954316,-9.691947566975047
WT,holo,43,2,1,-30.902066212881056,0.3841753097708082
WT,holo,235,2,-1,-18.89508587428389,0.3544851637353638
WT,holo,148,3,-1,25.838852113784004,-2.433986233914723
WT,holo,234,3,-1,25.852260195571777,-1.8798992109802704
WT,holo,95,1,2,27.124998489183778,-2.20796291100791
WT,holo,34,4,2,28.874848795216277,-2.988294427698856
WT,holo,66,0,-1,-9.556398815140787,-0.8036876572769744
WT,holo,221,4,3,27.831114754354815,-10.745425975289008
WT,holo,65,2,2,28.260668624148302,-1.0505179929497699
WT,holo,139,2,-1,26.63179614295081,-1.2288664672369798
WT,holo,86,0,-1,26.555670644836017,-3.2873503834042483
WT,holo,161,2,-1,25.122694930065798,-0.18905962395412726
WT,holo,134,0,2,28.27556018965236,-2.9544654514855715
WT,holo,71,4,2,28.717472131102667,-1.3484587409146387
WT,holo,2,0,2,27.166460952578838,-1.4416098291891135
WT,holo,195,2,2,28.088494338922246,-3.597875472748698
WT,holo,64,0,2,26.89694270050929,-1.9176599454523116
WT,holo,162,3,-1,-30.45454123079141,2.088123099550962
WT,holo,130,4,-1,26.63930654879165,-3.3643836444400304
WT,holo,70,0,2,29.223878709447998,-2.3144228937413716
WT,holo,67,2,-1,-20.37146682329586,-0.3278348790042587
WT,holo,61,1,3,27.04367189991522,-9.32386008859432
WT,holo,130,1,-1,-12.00074700087237,-0.35668875947204737
WT,holo,161,1,-1,25.795770899168634,-1.2219893230888585
WT,holo,206,2,2,28.08336184058166,-3.9976368343956556
WT,holo,49,3,1,-30.079370735053164,0.5928947935368016
WT,holo,50,1,2,28.68036937028287,-1.4074412433358423
WT,holo,52,0,2,28.087444337131213,-3.1602410087037995
WT,holo,5,2,2,28.090242657833443,-3.3675277173610363
WT,holo,71,0,2,28.89031893257614,-2.073419201258365
WT,holo,198,0,-1,26.03058726630937,-1.7752168016408472
WT,holo,26,2,1,-30.210430760888677,1.5721394129428854
WT,holo,19,1,-1,20.065672945431196,0.66027301816065
WT,holo,243,4,0,30.51796205657183,9.062675579099972
WT,holo,32,3,-1,27.373331751000183,-6.450361922088099
WT,holo,246,2,-1,29.157248695502915,-0.3648136642480107
WT,holo,217,3,-1,26.952493650085998,0.23175528155952657
WT,holo,184,1,2,27.460554561969815,-1.525263306110445
WT,holo,113,3,-1,28.904754227639117,-0.0004315935704329428
WT,holo,95,4,2,28.505471026103056,-2.3020081218612627
WT,holo,246,4,0,30.261156888969815,9.17021415523319
WT,holo,149,4,2,27.302957538460497,-4.522883704370476
WT,holo,243,2,2,28.357737587611297,-2.8116723081255337
WT,holo,152,1,2,28.39123109433159,-2.7928248296831946
WT,holo,212,3,2,28.19633139708311,-2.657474048846489
WT,holo,191,4,-1,27.51230330617333,-0.5939527192395255
WT,holo,191,3,-1,26.284704075863292,-0.1657481007374868
WT,holo,14,1,-1,25.78011359203748,-2.382965267072839
WT,holo,225,0,2,27.52208749191474,-1.165459127023866
WT,holo,150,1,2,27.83648907161284,-2.168736413680985
WT,holo,142,1,2,26.960799118009877,-1.6231490949991705
WT,holo,160,2,2,28.53330977852986,-3.640486222433681
WT,holo,240,2,-1,27.916680465338803,-0.6205514016721334
WT,holo,121,2,-1,27.649015751174538,-0.565927562990141
WT,holo,40,1,2,28.12709685660159,-2.6260310542544856
WT,holo,158,0,2,27.858637996782736,-2.654384861915325
WT,holo,226,1,-1,27.049285914189646,-0.5528285984508209
WT,holo,204,0,2,27.22008378951157,-3.9565891250717313
WT,holo,138,4,2,26.900643054003286,-3.1128711207781907
WT,holo,210,2,2,28.502965372334156,-1.8404462668938004
WT,holo,195,4,2,28.69680196198818,-2.5116258164653185
WT,holo,134,2,0,31.904001633239808,8.646160539978174
WT,holo,205,3,2,28.094328134829517,-3.305137457926075
WT,holo,144,3,-1,26.162267042358824,-2.0649331378663067
WT,holo,28,3,2,28.764391269422866,-2.0056798504966573
WT,holo,160,0,2,26.50464726895982,-1.9986131753510241
WT,holo,40,0,2,27.18253900724786,-3.081260262007065
WT,holo,70,2,-1,26.177253271529377,-2.3579445077393353
WT,holo,34,3,-1,27.260036284663773,-0.5894690034571862
WT,holo,152,0,2,27.55798064812341,-3.903578046384049
WT,holo,243,3,-1,-3.0738357228172912,-1.1029445478642814
WT,holo,139,3,2,28.71963057652789,-1.3977430239478617
WT,holo,195,3,-1,27.942901294558258,0.17748569575718276
WT,holo,164,0,2,27.988990124896326,-1.3289928360471037
WT,holo,70,1,2,29.18593571429225,-4.380143536691588
WT,holo,34,2,2,27.704656618568855,-2.2990631720957873
WT,holo,65,4,2,27.056087561186644,-1.9342591987533169
WT,holo,34,1,2,26.817288094992943,-1.5470019619297894
WT,holo,164,2,2,27.731751631595955,-3.334024778698506
WT,holo,124,3,2,28.693550819433337,-3.0779669211773024
WT,holo,104,4,-1,25.579308794894477,-1.6625910190338582
WT,holo,130,0,1,-28.849515174405763,0.4595827441177247
WT,holo,160,3,-1,28.5333700788042,-0.5883008272768966
WT,holo,240,3,2,28.167822979645525,-1.4046642662010114
WT,holo,69,3,2,27.116595233010948,-2.6285116439521907
WT,holo,233,1,-1,26.15475026547539,-2.2008603272558322
WT,holo,239,2,-1,25.28520124011306,-1.8897051864186942
WT,holo,124,0,-1,25.71836156280397,-3.738750630154584
WT,holo,208,0,-1,25.118831077921097,1.9313301705224775
WT,holo,183,2,2,27.29655965582469,-3.238133102447488
WT,holo,160,4,-1,27.676232635467457,0.6445552220195282
WT,holo,160,1,-1,26.728361699860997,-1.1862018114992745
WT,holo,164,3,-1,27.020155707435084,-3.9220724762856856
WT,holo,124,4,2,28.284912475350655,-1.966419845397734
WT,holo,166,2,2,26.80230722253827,-1.985646838469091
WT,holo,63,1,2,28.152677131167696,-2.4095366660797715
WT,holo,110,2,2,27.501657610938217,-1.2997221034003423
WT,apo,128,4,1,-32.10113959569759,0.009957473855851747
WT,apo,147,3,1,-30.959605768416985,-0.39611884615490545
WT,apo,97,1,1,-31.549416151756958,-0.4409379003029021
WT,apo,147,1,1,-32.10239490684873,0.38825208527936206
WT,apo,236,0,1,-31.27214265744181,-0.07554811364346778
WT,apo,59,3,1,-31.931784458470947,-0.47232577923733693
WT,apo,229,3,1,-31.11271143736402,-0.22213011224182594
WT,apo,31,1,1,-31.3225254599682,-0.10157412066316926
WT,apo,123,3,1,-30.985057364570597,0.11268576933686217
WT,apo,236,3,1,-31.194489113508244,-0.7831770602745668
WT,apo,17,1,1,-32.77253471178025,-0.3082743246661234
WT,apo,59,0,1,-31.076341495677283,-0.5949919072139433
WT,apo,201,3,1,-31.525980119050054,-0.3460657388024156
WT,apo,105,1,0,32.04105407274906,8.927259784914973
WT,apo,144,4,1,-30.821421015132877,-0.6968286518732241
WT,apo,125,4,1,-32.66164646775546,0.06590088972859945
WT,apo,241,2,1,-30.709617294636445,-0.5891814624323768
WT,apo,203,2,1,-29.91724576703761,-1.1091542986782388
WT,apo,54,1,1,-31.222060643672933,-0.7993152775507282
WT,apo,122,3,1,-31.797375587037894,-0.7473308748676306
WT,apo,85,2,1,-31.72936487864386,-0.9219682934847168
WT,apo,74,2,1,-31.260289442504753,0.24067827334431796
WT,apo,74,4,1,-31.03484193914258,-0.13634344264586967
WT,apo,232,1,1,-31.51046474897045,0.01927228045150303
WT,apo,183,4,1,-30.4332782242537,-0.5905391333186785
WT,apo,86,2,1,-31.040672399948875,-0.5551217706899984
WT,apo,27,4,1,-30.77877886103308,-0.35046987044171635
WT,apo,75,1,1,-31.563502166149448,-0.7968310181840342
WT,apo,128,3,1,-30.688318338318997,-0.615860012070217
WT,apo,148,1,1,-32.28651286769948,0.11658809191959765
WT,apo,247,2,1,-31.052577197534077,-0.5161864021912475
WT,apo,246,2,1,-31.26039022096748,-0.4337924516881978
WT,apo,118,3,1,-32.03307869749175,-0.48748993983827604
WT,apo,227,3,1,-31.484774829941074,-0.6816202208095351
WT,apo,205,1,1,-31.39117277949886,-0.1262302919235259
WT,apo,97,4,1,-32.25823640137831,0.4859492123646096
WT,apo,227,0,1,-31.516795934468018,-0.6923591183434016
WT,apo,38,4,1,-31.570441976957834,-0.11776250387398308
WT,apo,139,0,1,-30.992871923607577,-0.18580428242455288
WT,apo,196,4,1,-31.139081251498915,-0.15060398175509893
WT,apo,24,1,0,31.714220208157624,8.552997399115393
WT,apo,154,4,1,-31.8850001425846,-0.861783865941853
WT,apo,100,0,1,-32.19415718457504,0.15006252892788308
WT,apo,17,3,1,-30.75204515128783,-0.6285686484224937
WT,apo,147,0,1,-31.341201826382175,-0.8945863642910298
WT,apo,115,1,1,-30.94620447258496,-0.06276708200162026
WT,apo,21,0,1,-30.850758731394592,-0.41752371016030704
WT,apo,242,4,1,-31.137688698908025,-0.03715574055943779
WT,apo,239,3,1,-30.275149605976214,-1.2199267136623861
WT,apo,182,0,1,-31.691585012452126,-0.3356429134318329
WT,apo,40,1,1,-31.52669040045967,-0.3946938152640571
WT,apo,192,3,1,-31.17861193918044,-0.27284907056960306
WT,apo,198,1,1,-32.52937959634409,0.18375261682238436
WT,apo,125,2,1,-31.589522184230507,-0.15435984909516468
WT,apo,198,2,1,-30.349088058143103,-0.3824779565880288
WT,apo,105,4,0,30.3351617053156,8.615898457621277
WT,apo,26,2,1,-30.402579666590707,-0.4063889655631719
WT,apo,21,1,1,-30.9591364910248,-0.6544506638532014
WT,apo,14,0,1,-30.891641482376727,-0.4719057771011754
WT,apo,19,3,1,-31.227615952547854,-0.17416962682958104
WT,apo,246,1,1,-31.715038870851348,-0.43378380185182686
WT,apo,60,2,1,-31.65993818899402,0.2350098229748752
WT,apo,52,4,1,-31.300671617365367,0.08995786813514658
WT,apo,90,0,1,-31.92384622023279,-0.08142015898233605
WT,apo,66,1,1,-31.190620364263335,-0.8235007471465694
WT,apo,205,2,1,-30.897253732324035,-0.6271336955523316
WT,apo,18,2,1,-31.262887041718464,-0.5315464594112012
WT,apo,75,0,1,-31.6723170143065,0.28879192535655096
WT,apo,246,0,1,-31.51639238303868,-0.37471073209684697
WT,apo,246,4,1,-31.93077933036472,-0.25756486691793073
WT,apo,131,1,1,-32.61258189135967,0.11130177975004744
WT,apo,66,0,1,-31.563002054759252,0.1835217569461528
WT,apo,192,2,1,-30.891029716192428,-0.6370531183766872
WT,apo,95,3,1,-30.91705383661094,-0.23791994203691832
WT,apo,31,4,1,-30.87147243008579,-0.5347011369409365
WT,apo,60,0,1,-31.283028131353444,-0.29568251049114547
WT,apo,238,3,1,-31.596391619081256,0.2831079070237928
WT,apo,25,1,1,-31.328181653208098,-1.0231520131422556
WT,apo,161,3,1,-31.730250268351092,-0.169880770659336
WT,apo,117,2,1,-30.65989830848745,-0.8659612828148701
WT,apo,25,2,1,-31.040121934179698,-1.064435602099304
WT,apo,97,2,1,-31.555204287974853,-0.17813514326983637
WT,apo,59,2,1,-31.731544290261798,-0.18974377797575703
WT,apo,126,4,1,-32.483133969968414,0.29311037876700563
WT,apo,26,3,1,-32.00354800907941,-0.6944424804703587
WT,apo,217,0,0,31.36926302414291,8.55666075660213
WT,apo,66,2,1,-31.53498736042091,0.05615822884483233
WT,apo,99,1,1,-31.499103802344937,0.6579317563023879
WT,apo,1,1,1,-30.511178521106324,0.32550144906624207
WT,apo,182,1,1,-31.41304739431138,0.2691971170686938
WT,apo,75,3,1,-31.21421875046073,-0.29740482802030205
WT,apo,247,4,1,-31.052278883635122,-0.5568598820252221
WT,apo,54,3,1,-30.980977913245717,0.029878813140423562
WT,apo,51,1,1,-32.26129703500847,-0.3042400182216599
WT,apo,117,0,1,-32.571144123765684,-0.011459167535295762
WT,apo,175,1,1,-31.453698985081637,0.7085903126330796
WT,apo,11,2,1,-31.895096032198087,-0.2727560766139488
WT,apo,80,2,1,-31.835987441579015,-0.4887870197986246
WT,apo,241,3,1,-31.975141205882938,-0.4802725249817916
WT,apo,234,2,1,-30.82499271976104,-0.2719553765223975
WT,apo,205,3,1,-31.799185285753207,-0.42520196302209806
WT,apo,44,0,1,-30.662975637783067,-0.3694962819043126
WT,apo,189,4,1,-31.874535367126867,0.34365043872830997
WT,apo,94,3,1,-31.941132618592636,-0.17410496226873604
WT,apo,134,3,1,-30.680718156114715,-0.36893459121379646
WT,apo,67,1,1,-32.03334943673343,-0.3758799618664879
WT,apo,146,1,1,-31.915108721215816,-0.04244742033303253
WT,apo,223,0,0,31.205500321078407,8.37083083459594
WT,apo,122,1,1,-32.725979656734715,0.03133922025320502
WT,apo,243,3,1,-32.31231456551677,-0.27969308791782876
WT,apo,86,3,1,-31.70836818389067,-0.48614664387293277
WT,apo,24,4,0,31.37037294957043,8.76649589015829
WT,apo,139,1,1,-31.668401963254112,-0.40114568817925345
WT,apo,72,0,1,-31.90998586070101,0.13030381290803564
WT,apo,202,3,1,-31.371202748797135,-0.37975607193554983
WT,apo,148,0,1,-31.820778972202234,-0.17219343223460348
WT,apo,131,4,1,-32.84354294725931,0.19963568797595874
WT,apo,228,3,1,-31.95917753607845,-0.27346289167481785
WT,apo,82,1,1,-30.812451315184084,-0.09337553066642054
WT,apo,77,4,1,-31.026486020759936,-0.31358114965418393
WT,apo,74,1,1,-30.140123638080524,-0.4188201689048082
WT,apo,173,3,1,-32.18590549452557,-0.19592175689873223
WT,apo,105,3,0,31.039670588869857,8.616738178515611
WT,apo,59,1,1,-30.998673194405168,0.11825333181796369
WT,apo,183,1,1,-31.283533818150307,-0.8093168882975664
WT,apo,223,4,0,31.71967926472118,9.105576552734048
WT,apo,118,1,1,-31.612393440168805,-0.16844965045753235
WT,apo,127,3,1,-31.70748890670628,0.43846863738516767
WT,apo,40,2,1,-31.287488530961106,-0.4179581509498095
WT,apo,85,1,1,-31.172015254369633,-0.5454271552294848
WT,apo,196,3,1,-32.421035716966436,1.0326593579380785
WT,apo,226,4,1,-32.23726650419842,0.05999059134004374
WT,apo,235,0,1,-31.290682862489785,-0.317355228025459
WT,apo,23,2,1,-30.531159059922025,-0.5075896301771996
WT,apo,98,3,1,-30.56803647326986,-0.4009179830776272
WT,apo,213,1,1,-30.9257832226445,0.4799047161221399
WT,apo,100,2,1,-31.30976476206823,-0.6837457449312856
WT,apo,221,1,1,-31.029858063984964,-0.8122974968290777
WT,apo,183,3,1,-30.34428689604233,-0.6085382899000633
WT,apo,118,2,1,-30.87855110253276,-0.8187451848153011
WT,apo,198,4,1,-31.44874291715614,-0.7129222257580614
WT,apo,122,4,1,-31.332102599862793,-0.3520858722639754
WT,apo,188,4,1,-31.261181442155205,-0.6467117967309614
WT,apo,236,2,1,-31.929510300450367,0.021158162696480538
WT,apo,79,3,1,-32.17508160735069,0.13997640577169118
WT,apo,77,1,1,-31.306277801963446,0.5286985216201345
WT,apo,161,4,1,-31.80514357507898,-0.3614943813780643
WT,apo,12,2,1,-30.516978674451305,-0.3182814955932669
WT,apo,51,0,1,-30.47826764394637,-0.30717351631897577
WT,apo,77,2,1,-30.893344367803,-0.76878092748659
WT,apo,243,0,1,-31.12256812617774,-0.2814852921861706
WT,apo,62,3,1,-31.158653140838478,-0.35362338030413626
WT,apo,202,0,1,-29.944197778842376,-0.8237569822902936
WT,apo,113,2,1,-31.18469586797356,-0.32857587383202885
WT,apo,158,1,1,-31.219380470118278,0.3674384604984403
WT,apo,202,1,1,-30.544292181131667,-0.20325184484434197
WT,apo,164,2,1,-30.592273759955372,-0.494760009717791
WT,apo,81,4,1,-30.740419766765573,-0.394410396474764
WT,apo,81,1,1,-30.87731991638484,-0.44482651774320514
WT,apo,121,4,1,-30.952246802274136,-0.301892179627892
WT,apo,87,4,1,-32.498549921245726,0.2417890311115031
WT,apo,35,3,1,-31.563892228906603,-0.37747845057111246
WT,apo,24,3,0,32.22124049536452,9.27929768014616
WT,apo,124,1,1,-31.837440486004883,-0.4395751127020819
WT,apo,70,4,1,-31.055826184679436,-0.24721953505592284
WT,apo,196,1,1,-31.09111205522179,0.2075202349931551
WT,apo,95,1,1,-30.7156432155122,-0.5230563306859778
WT,apo,51,4,1,-30.35511594606428,-0.11578248010542855
WT,apo,125,3,1,-29.751715477804904,-0.7971695891534064
WT,apo,54,2,1,-30.66256075140782,-0.7531773677044504
WT,apo,110,3,1,-31.46383363159644,0.30206777163529724
WT,apo,220,0,1,-31.54755943666172,-0.39572403887304103
WT,apo,221,3,1,-31.645889769753403,0.7722383876614264
WT,apo,105,2,0,32.04810161516621,8.575397033236122
WT,apo,94,2,1,-32.364987572084225,-0.31366340104440255
WT,apo,130,1,1,-31.682433228045163,-0.9815067032957839
WT,apo,134,2,1,-31.66415879198094,0.05287847804096679
WT,apo,144,0,1,-31.42921912573814,-0.44558242709627366
WT,apo,1,3,1,-31.38920739039897,-1.020083058064403
WT,apo,2,3,1,-31.903377387646852,-0.5853657014271995
WT,apo,69,2,1,-30.53356097146945,-0.2583782580142604
WT,apo,220,4,1,-31.291383995612563,0.34087757650739703
WT,apo,71,2,1,-31.548466110673004,0.2026146409384565
WT,apo,243,1,1,-31.83699702250782,-0.38321727381635834
WT,apo,235,2,1,-30.347717294456576,-0.4855681662610898
WT,apo,127,0,1,-31.106610048301665,0.02127030875007823
WT,apo,208,2,1,-31.894495967559134,-0.08212796611706084
WT,apo,156,2,1,-32.23755499416505,-0.166162034157479
WT,apo,158,3,1,-30.22561236914694,-0.286569228324892
WT,apo,90,2,1,-31.629200570185862,-0.11774432772622553
WT,apo,205,0,1,-29.93832845161815,-0.8480805931271318
WT,apo,209,0,1,-31.767992059097157,0.5715062468895874
WT,apo,239,2,1,-30.955125326105094,-0.26408717980966734
WT,apo,110,1,1,-29.919288833561076,-1.2674948694469002
WT,apo,172,3,1,-31.357200402138208,-0.4117778436995057
WT,apo,35,1,1,-30.95572041479903,-0.2280127600642033
WT,apo,195,1,1,-31.468860812347728,-0.7274682133085305
WT,apo,148,3,1,-31.998730630272153,0.333228734460691
WT,apo,126,1,1,-30.729319606498418,0.27895035773345844
WT,apo,88,3,1,-31.01346858320813,-0.39036099306566907
WT,apo,63,2,1,-31.439511340184644,0.4448788512121615
WT,apo,182,2,1,-31.061423964200646,-0.5048069819993753
WT,apo,89,0,1,-31.179349611176615,0.47149415714000115
WT,apo,159,3,1,-31.616724581894644,-0.35499841316640646
WT,apo,214,4,1,-30.719544041397846,-0.6040826795506176
WT,apo,55,4,0,31.675033993312585,8.769703087554888
WT,apo,101,1,1,-31.210730993861866,0.5794634935552201
WT,apo,195,0,1,-32.005117924443404,0.03823367576732046
WT,apo,102,3,1,-31.246008345318046,0.4180372889803527
WT,apo,14,4,1,-30.769572083311676,-0.1998551203032774
WT,apo,125,0,1,-31.042243058335313,0.07374673722761087
WT,apo,115,4,1,-31.043118158045612,-0.12367679103550523
WT,apo,97,3,1,-31.62112132977991,-0.7197705479061633
WT,apo,194,1,1,-31.696920064319787,-0.24888831767829137
WT,apo,236,4,1,-32.03225361710561,-0.5124331764264872
WT,apo,98,0,1,-30.686326022499706,-1.0121702337343257
WT,apo,191,2,1,-31.439359068473312,-0.43494963490129157
WT,apo,134,1,1,-30.44740341835209,-0.39882569605181556
WT,apo,205,4,1,-31.686519204834223,0.2650817982979753
WT,apo,219,1,1,-31.825021122666,-0.0284405108922439
WT,apo,88,0,1,-30.846523173509826,0.14834789294750078
WT,apo,226,3,1,-30.419465362327593,-0.22997388918258935
WT,apo,227,4,1,-30.62554762286738,-0.18391606665512347
WT,apo,44,2,1,-31.038658656931922,-0.20240318137200658
WT,apo,126,3,1,-30.80748511155253,-0.8982960878733768
WT,apo,38,1,1,-32.077906262291414,0.37789451901932886
WT,apo,250,4,1,-31.531351679550834,-0.5613909725312971
WT,apo,9,3,1,-31.64702108080992,-0.12007060875782624
WT,apo,1,2,1,-29.490692649967492,0.03601856797230945
WT,apo,171,4,1,-31.23931125442556,-0.6560266932368092
WT,apo,206,2,1,-31.391217500337984,-0.8729994905047879
WT,apo,144,3,1,-30.35554987274937,-0.5860507330216427
WT,apo,20,3,1,-32.10455407850112,0.2151939986306014
WT,apo,232,3,1,-30.61151851503031,0.07546908709884116
WT,apo,223,3,0,32.720665944792835,9.177090275492095
WT,apo,172,1,1,-31.40465633706638,0.2676406446624819
WT,apo,243,2,1,-31.7075252194939,0.11051631217833684
WT,apo,90,1,1,-31.27268687073935,-0.25935926659824404
WT,apo,50,0,1,-31.32656260379063,-0.27636611852858334
WT,apo,242,2,1,-30.249246391070805,-1.0186119861029275
WT,apo,239,0,1,-30.643047381276773,0.015266336091160617
WT,apo,123,4,1,-31.683661145347244,-0.3986867679383976
WT,apo,161,2,1,-31.7117146464242,-0.39548635367321977
WT,apo,95,0,1,-30.819349272020442,-0.633812654869096
WT,apo,80,3,1,-31.315686983690615,-0.8144590768582378
WT,apo,105,0,0,30.859568755255346,8.598601007996526
WT,apo,198,0,1,-29.938016847722277,-0.29172295271587356
WT,apo,194,2,1,-31.778904444197686,-0.26374842003254384
WT,apo,69,3,1,-31.001016366178632,0.025340500108468958
WT,apo,47,3,1,-31.42280724050202,0.2228749045051455
WT,apo,202,2,1,-30.496821279561978,-0.5089770496417106
WT,apo,68,3,1,-31.53963959164808,-0.410425909422994
WT,apo,154,0,1,-31.99247179925123,-0.30605176407243984
WT,apo,106,1,1,-30.728890683404035,-0.5846613632579764
WT,apo,10,4,1,-30.525134193862428,-0.29687952014306707
WT,apo,166,2,0,30.94163706418597,8.93531690478495
WT,apo,131,0,1,-31.066523790560698,-0.259806019678165
WT,apo,199,3,1,-31.4256530733499,-0.531821643918133
WT,apo,88,1,1,-31.48098830637069,0.09285097971452842
WT,apo,115,3,1,-30.96755823720763,-0.09781349814509667
WT,apo,164,3,1,-30.383780063389807,-0.2288309181729514
WT,apo,139,2,1,-31.989548144948035,-0.1462401027194363
WT,apo,165,1,1,-31.269548584027458,-0.29481166664727576
WT,apo,189,2,1,-31.46902599114609,0.4292708784204463
WT,apo,194,4,1,-32.06682490445253,0.2589306485348664
WT,apo,240,2,1,-30.430845926897607,0.1063193360986228
WT,apo,69,0,1,-31.863119628217856,0.4286984607229684
WT,apo,206,0,1,-31.638599539486254,-0.750495078429622
WT,apo,29,3,1,-29.63327980692353,-0.5470781517054235
WT,apo,214,2,1,-30.925932672600823,-0.5502412696083872
WT,apo,57,4,1,-30.957108483522905,-0.5070054273087463
WT,apo,108,0,1,-31.188643335280105,-0.5334342125415231
WT,apo,216,2,1,-31.07871621032059,-0.6164225406685172
WT,apo,144,1,1,-31.791844537603655,-0.35792306276452607
WT,apo,25,4,1,-32.04027772259521,0.40414931596042886
WT,apo,70,0,1,-30.050732625168987,-0.6219526385641937
WT,apo,56,2,1,-31.205068324704722,-0.17246387648497669
WT,apo,117,3,1,-31.319763403949533,0.42719078196046156
WT,apo,46,4,1,-30.47483931480871,-0.5166638885718194
WT,apo,127,4,1,-31.75494899171795,-0.17282764544173765
WT,apo,244,4,1,-30.63611242727572,0.16879980968331168
WT,apo,98,1,1,-31.14120302562146,-0.0800742704349588
WT,apo,106,2,1,-32.05574341071041,-0.03531230137015625
WT,apo,154,2,1,-31.364327269626017,-0.2577440576319299
WT,apo,131,3,1,-31.100913760807526,-0.2520124976128585
WT,apo,55,1,0,30.703084946493636,8.46798877596275
WT,apo,175,4,1,-30.408028611904978,-0.649722406973851
WT,apo,62,2,1,-31.7500955005462,-0.5449569267608528
WT,apo,19,4,1,-31.291852264699695,0.005108347673850405
WT,apo,238,0,1,-30.876050614383217,0.17054906424571653
WT,apo,222,0,1,-30.393412641095995,-0.4410888432914269
WT,apo,67,2,1,-31.110589682619246,-0.5777688550345014
WT,apo,48,2,1,-31.389072177765883,0.11887625160222785
WT,apo,118,4,1,-30.28527522401633,0.11772019886026544
WT,apo,240,3,1,-30.313476469364506,-0.35477115305347123
WT,apo,16,3,1,-32.343585656156236,0.036251290898919986
WT,apo,8,1,1,-31.134164822920685,-0.3785136012821504
WT,apo,146,3,1,-31.20990506538486,-0.2543226885697988
WT,apo,223,1,0,31.687695885814684,8.820730637351785
WT,apo,219,3,1,-30.753823096823922,0.14639699081000965
WT,apo,140,0,1,-31.80398225889826,0.1788891950390776
WT,apo,20,4,1,-30.010083283719975,-0.3792125897688297
WT,apo,116,3,1,-31.663097602304425,0.15578784312874364
WT,apo,185,2,1,-31.21792671736138,-0.10306198242492302
WT,apo,124,4,1,-30.73067762553305,-0.4237972330019409
WT,apo,32,2,1,-31.029960388577734,-0.46356861800877003
WT,apo,98,4,1,-30.564037834069254,-0.29138927698719286
WT,apo,212,4,1,-32.159885024485675,-0.5482013759796823
WT,apo,99,0,1,-30.867623080380916,-0.3439040922596597
WT,apo,112,2,1,-32.14618841826304,0.526098002389921
WT,apo,71,0,1,-31.395810520360634,0.36045300493112997
WT,apo,46,3,1,-32.03258978444274,-0.24768158807314222
WT,apo,19,1,1,-30.73640754058493,-0.3663043949130051
WT,apo,208,4,1,-30.877222637483907,0.5715851054335755
WT,apo,142,1,1,-30.218174584516692,-1.1265590073812495
WT,apo,201,1,1,-30.284012850851862,0.2128107869341372
WT,apo,89,1,1,-30.414445787632147,0.5799794485419005
WT,apo,34,1,1,-31.91944029908256,0.08216204212997727
WT,apo,165,3,1,-30.251323093739163,-0.2968780446580823
WT,apo,99,2,1,-30.96396515065839,-0.45580598079353724
WT,apo,7,1,0,31.4351831665915,8.959673182301618
WT,apo,171,0,1,-30.677640025771254,-0.24499656658071858
WT,apo,223,2,0,30.78778593952696,9.32162902854362
WT,apo,48,3,1,-30.30132485185477,-0.10345761694029565
WT,apo,110,0,1,-31.17933527701979,-0.2658270486114437
WT,apo,176,4,1,-31.917451428116927,-0.03479961928116396
WT,apo,102,1,1,-30.762735052125308,0.5599814086359216
WT,apo,12,1,1,-31.13100707131524,-0.3165587945345434
WT,apo,2,0,1,-30.722449664625294,-0.6987574290672326
WT,apo,50,4,1,-30.728917299743625,-0.27246094227740564
WT,apo,114,4,1,-31.260473280581927,-0.4620283435445697
WT,apo,39,1,1,-31.983738331771555,0.05257382548113613
WT,apo,100,3,1,-31.431080818137026,-0.7897243121076101
WT,apo,173,1,1,-31.391019562739206,0.15388340578696894
WT,apo,110,2,1,-31.835218320251222,-0.1909895350098213
WT,apo,212,2,1,-31.27134260979373,-0.6587111513862512
WT,apo,193,4,1,-31.06794843407463,0.12441611178770873
WT,apo,165,2,1,-31.314686459889874,0.14079417600277838
WT,apo,20,1,1,-31.421643985383984,-0.49708567563765693
WT,apo,228,4,1,-30.328827148927527,-0.6233709509643547
WT,apo,123,2,1,-31.973236671045388,0.2974794673736217
WT,apo,39,4,1,-31.795014587115144,-0.3352319190697643
WT,apo,240,4,1,-30.74273252734962,-0.3763276187251303
WT,apo,29,0,1,-31.15075783106218,-0.6369069876691641
WT,apo,199,1,1,-31.12454241149574,0.0497331056636469
WT,apo,57,1,1,-31.03993903673546,-0.27464320300371664
WT,apo,222,2,1,-30.711133314385435,-0.6607371173667753
WT,apo,56,1,1,-31.33461056508529,-0.36385273914983685
WT,apo,22,1,1,-31.43171074156589,0.3479553301989538
WT,apo,235,1,1,-31.05489334712758,-1.1326944556714802
WT,apo,177,4,1,-32.40492100606564,-0.199149850773281
WT,apo,56,4,1,-31.457495588318118,-0.6941304504680558
WT,apo,61,3,1,-31.125058680668683,0.036150378841024886
WT,apo,193,0,1,-29.95846797590574,-1.2254351751676824
WT,apo,23,3,1,-30.61579189457231,-0.11421824053695702
WT,apo,169,0,1,-30.64061203864893,0.20562475415842343
WT,apo,143,3,1,-31.270327433394307,-0.2791160879153769
WT,apo,49,2,1,-30.191008611773764,-0.29419880242601604
WT,apo,61,4,1,-31.73244879328549,-0.22687125019795593
WT,apo,65,0,1,-31.938180075862075,-0.06715769542156448
WT,apo,6,2,1,-30.540461589707103,0.0554168310610703
WT,apo,57,2,1,-30.516811028937028,-0.9837762444556475
WT,apo,172,4,1,-30.741502449977666,0.5664614565338704
WT,apo,185,1,1,-29.792745310274704,-0.6614131598335097
WT,apo,55,0,0,32.513694775390796,8.80964928735185
WT,apo,73,3,1,-31.31240299334694,-0.3463433955496618
WT,apo,233,4,1,-30.024846275385926,-1.0354634969848417
WT,apo,32,1,1,-31.654894153245102,-0.030753604419313938
WT,apo,91,1,1,-30.33000807293947,-0.5120586879146568
WT,apo,23,1,1,-31.348806003992813,-0.35429840990638456
WT,apo,181,1,1,-31.68747311914616,-0.17778550297925616
WT,apo,9,4,1,-31.253028684547125,-0.12478695225337123
WT,apo,32,0,1,-31.576783689095755,0.19954475149103548
WT,apo,226,0,1,-30.71019096698505,-0.016733068214417255
WT,apo,48,0,-1,-0.9486794926908974,4.342286941891523
WT,apo,164,4,1,-31.110381752093055,-0.10002326098031668
WT,apo,178,4,1,-31.180111086712504,-0.0101072239871924
WT,apo,190,0,1,-31.215647170896432,-0.32225753645830735
WT,apo,139,3,1,-32.272714089233965,0.10357904676180844
WT,apo,189,1,1,-32.08128671132484,-0.07668066705162853
WT,apo,12,4,1,-31.968163523352434,0.056638552593339976
WT,apo,146,2,1,-28.929122764566134,-0.9669450248190808
WT,apo,118,0,1,-30.50868533993275,-0.8280014094635286
WT,apo,8,2,1,-31.881762605277473,-0.3039101141295585
WT,apo,78,4,1,-30.856869838014294,-0.7204301046030184
WT,apo,101,3,1,-31.590381513497114,-0.0828254621279974
WT,apo,232,0,1,-30.78787900780918,0.26165964399572056
WT,apo,162,4,1,-30.876661816613296,-0.5437914542935243
WT,apo,219,4,1,-31.828505628028456,-0.09462734543501691
WT,apo,121,2,1,-30.82906657291708,-0.48175234002487743
WT,apo,169,1,1,-31.066951950729706,0.08969713728605856
WT,apo,140,1,1,-31.56711508945306,-0.18024367092845897
WT,apo,224,0,1,-30.888698505605554,0.11546740282107786
WT,apo,229,1,1,-30.679392369624182,-0.7910049776861732
WT,apo,165,4,1,-30.68116205420002,-0.2914521484326367
WT,apo,195,2,1,-30.688538425367913,-0.000556529051001713
WT,apo,94,1,1,-31.58155931905668,0.06435370048963225
WT,apo,164,1,1,-30.437411849406818,-0.45411150980472736
WT,apo,158,0,1,-31.17594921530427,-0.18189678234220558
WT,apo,154,1,1,-31.734606401170357,-0.3997354989629413
WT,apo,199,0,1,-31.748224674346897,-0.08534892851805985
WT,apo,204,0,1,-30.907577357570624,-0.4316998415226208
WT,apo,121,3,1,-30.77004666501303,-0.34173119850975864
WT,apo,24,0,0,31.79906388991909,8.727228488723416
WT,apo,63,3,1,-31.10055999542508,0.004693895788905479
WT,apo,79,0,1,-30.431172597245524,0.8585114922828653
WT,apo,215,0,1,-31.2788089299048,-0.7875437776416065
WT,apo,230,4,1,-30.544467949386338,0.1009747743869514
WT,apo,71,1,1,-32.05224548402375,-0.017001961279356596
WT,apo,176,1,1,-32.2610904423023,-0.08213980666290877
WT,apo,41,4,1,-29.68500540184388,0.020623019058025972
WT,apo,163,0,1,-30.858312542062457,-0.06936997722952291
WT,apo,34,0,1,-30.61624529075424,-1.2253552124256113
WT,apo,29,1,1,-30.509026842857782,0.2354225988580683
WT,apo,7,2,0,30.656720773109953,8.501847991692573
WT,apo,35,4,1,-31.252166203622803,-0.4429081831246668
WT,apo,171,2,1,-30.312347264876617,-0.22466945880243935
WT,apo,215,3,1,-30.41010614183141,-0.5099358669229362
WT,apo,229,2,1,-31.878452698386923,0.10480670877814065
WT,apo,58,0,1,-30.995262161728228,0.22613421445691242
WT,apo,32,4,1,-30.578576118689693,-0.19313740634174892
WT,apo,212,3,1,-30.703122268446876,-0.35395731068904984
WT,apo,22,2,-1,-33.73573327769101,0.36332978752778
WT,apo,47,4,1,-30.33071976311856,0.18280415157378932
WT,apo,62,0,1,-31.180745699552123,-0.39155963390556997
WT,apo,200,4,1,-30.092034811057303,-0.5685759008621043
WT,apo,240,0,1,-29.916002087613638,-0.5465341035570724
WT,apo,178,1,1,-30.403154198008316,-0.11202346563069802
WT,apo,116,1,1,-30.942056287109065,0.10850704058114974
WT,apo,200,2,1,-30.59401867257332,0.21415028684957124
WT,apo,177,0,1,-31.043100042261088,0.1251999173351795
WT,apo,58,4,1,-30.63230341824461,-0.29141877766168467
WT,apo,112,0,1,-31.364700880953855,-0.6294092546263248
WT,apo,73,4,1,-30.661785921166235,-0.1821440527062
WT,apo,4,2,1,-30.363617088368137,-0.18809355038748357
WT,apo,20,0,1,-31.530190469666106,-0.2080481656658535
WT,apo,245,3,1,-31.523397946586574,-0.1936265055454929
WT,apo,143,2,1,-31.35861353997008,-0.34170035732001813
WT,apo,20,2,1,-31.258495915553382,0.349801321227343
WT,apo,217,2,0,32.71549911843252,8.399242019107861
WT,apo,53,0,0,31.98241446932167,8.813191762956178
WT,apo,48,4,1,-31.714444960049438,0.011774594467621212
WT,apo,248,2,1,-30.6821349404146,0.018652658054394755
WT,apo,68,1,1,-31.07048631401113,-0.9239794872275688
WT,apo,46,2,1,-31.392254968304293,-0.2093511313544268
WT,apo,29,4,1,-32.28038071954683,-0.22589630858036897
WT,apo,100,1,1,-31.499263858178587,0.2676583782066794
WT,apo,177,2,1,-30.410782756743536,-0.20844276567723408
WT,apo,218,4,1,-31.205748338479445,-0.5277472303793567
WT,apo,89,3,1,-30.432823829592078,-0.07805824097408147
WT,apo,138,0,1,-30.266821641732992,-0.6147286035987489
WT,apo,217,4,0,31.886707181149163,8.053247555883043
WT,apo,166,1,0,30.40826405638934,8.886832453043846
WT,apo,58,1,1,-30.764806554441808,-0.3710273446033369
WT,apo,93,2,1,-31.021486402094638,-0.2889279402913031
WT,apo,189,0,1,-31.824540335685437,-0.557561690158467
WT,apo,200,0,1,-31.26033603716441,-0.4863661733795711
WT,apo,64,3,1,-30.0343670918658,-0.7099869679232269
WT,apo,176,0,1,-30.538536874903123,-0.9686391403298635
WT,apo,185,4,1,-31.971968968239565,-0.5332579271731207
WT,apo,143,1,1,-32.24022156848154,0.971820407785511
WT,apo,55,2,0,31.105262037562362,8.660282082661768
WT,apo,200,1,1,-32.3320840911058,0.6462204014978284
WT,apo,137,3,1,-30.661599353794323,0.30476879007328206
WT,apo,63,1,1,-31.793771787256063,0.5758989735133472
WT,apo,120,4,1,-30.62559346545798,-0.24755842346062146
WT,apo,41,0,1,-30.913045030969254,0.44847225370172605
WT,apo,230,0,1,-29.975902569171453,-0.31147670524109505
WT,apo,18,0,1,-31.26004270982601,-0.334662854551431
WT,apo,162,0,1,-30.62211620843724,-0.1504009928338022
WT,apo,134,4,1,-31.11057584446122,-0.6205913421269843
WT,apo,90,3,1,-30.579987928413576,-0.9283622057219523
WT,apo,181,3,1,-31.537096824909245,-0.17649759194253867
WT,apo,181,0,1,-31.68755119561275,-0.09050386141947318
WT,apo,120,3,1,-31.92557020531902,-0.3721175569479821
WT,apo,47,2,1,-30.65729934548997,-0.7674603848508693
WT,apo,22,0,1,-30.578502209224812,-0.601740153397495
WT,apo,64,0,1,-31.128255641264623,-0.11341892625935251
WT,apo,94,4,1,-30.387666887732397,-0.5564478078035566
WT,apo,78,3,1,-30.41084828532885,-0.28870683444860806
WT,apo,91,4,1,-31.53103134771434,0.19291322654033288
WT,apo,39,2,1,-30.96133534402483,-0.21134711057484595
WT,apo,5,4,1,-30.0090926454445,-0.5255930432748738
WT,apo,249,4,1,-32.43529937990421,0.06517299191147867
WT,apo,41,2,1,-30.494661909396076,0.36070959540749314
WT,apo,68,2,1,-31.945660085117865,1.044935748581794
WT,apo,63,4,1,-31.030213679311238,0.8172214100903747
WT,apo,92,1,0,31.92453160346568,9.360866716955718
WT,apo,160,4,0,30.706755016331353,8.915310885668182
WT,apo,249,1,1,-30.49826885947269,-0.39669610434814645
WT,apo,34,3,1,-31.345089206026042,-0.4396567584779665
WT,apo,178,0,1,-30.27970386282889,-0.508465164793962
WT,apo,248,0,1,-31.485825061081876,0.30974035904733127
WT,apo,209,1,1,-31.472335523115927,-0.34592102078292414
WT,apo,91,0,1,-31.719581793435744,-0.032544470614619916
WT,apo,78,2,1,-31.541235391838743,0.21207702522560595
WT,apo,174,0,1,-31.509350624498815,-0.9822379247040236
WT,apo,162,3,1,-31.502926321708905,-0.1689136425928014
WT,apo,211,2,0,30.789548155318105,8.730691979476768
WT,apo,229,4,1,-32.064967861430205,-0.18295271917485995
WT,apo,120,1,1,-30.8758084063168,-0.04979387231333151
WT,apo,7,3,0,31.72067739365762,9.511431533991717
WT,apo,166,0,0,31.63638825231636,9.155845341973523
WT,apo,174,1,1,-30.696560344077152,0.2904388685283101
WT,apo,218,1,1,-32.28543347800413,0.6040466228107266
WT,apo,104,0,1,-30.65521061960071,0.2899452731890122
WT,apo,101,0,1,-30.646476128276444,-0.5470115597608207
WT,apo,230,3,1,-29.831141913223828,0.3381944493814515
WT,apo,138,1,1,-30.97116734327357,0.11563509658538532
WT,apo,210,1,1,-32.85456170350818,-0.39266357291448983
WT,apo,137,1,1,-31.238592973218967,0.013208850813304704
WT,apo,189,3,1,-31.69091431789974,-0.051771607138137464
WT,apo,224,3,1,-31.213967861098173,0.4033878476600962
WT,apo,249,3,1,-32.043524167102774,0.18528506933854313
WT,apo,245,2,1,-32.84998912847534,-0.27068309331129614
WT,apo,137,4,1,-30.81899609236192,-0.0017178840100190058
WT,apo,166,3,0,32.01622195969277,9.723350799463079
WT,apo,209,3,1,-32.56021096256743,0.03036354467378959
WT,apo,159,2,1,-30.85641963329224,-0.5614540858597608
WT,apo,217,3,0,32.092646095776345,9.245359392648513
WT,apo,53,3,0,31.58514500805641,9.051965875353163
WT,apo,143,0,1,-30.27277876889064,-0.43506204808051485
WT,apo,230,1,1,-30.700413049864128,-0.3257970788444743
WT,apo,46,0,1,-30.846847216398555,0.113193116812835
WT,apo,133,1,0,32.31069340931781,9.506852718280133
WT,apo,28,4,0,30.779669572348038,8.630402643912564
WT,apo,191,0,-1,-0.8408047861970307,4.087243340390215
WT,apo,156,4,1,-30.994564983991197,0.6246579992085308
WT,apo,133,3,0,30.294060398319672,8.194662589188503
WT,apo,174,3,1,-30.717166019682672,-0.1703051345069489
WT,apo,163,3,1,-29.693073625040668,0.16866502517194185
WT,apo,179,1,1,-31.518768124733953,-0.4424965334857904
WT,apo,168,4,1,-31.254593860340613,0.47013729846188557
WT,apo,163,1,1,-30.688647235575747,0.7924296377187725
WT,apo,28,3,0,31.497895351353417,9.164460396480225
WT,apo,24,2,0,31.01546859427658,8.232266662234084
WT,apo,93,3,1,-31.27670414339835,-0.7810067592063611
WT,apo,210,0,1,-31.651787209587393,0.5257544510610669
WT,apo,133,0,0,31.676172997793095,8.921316938138082
WT,apo,28,2,0,32.0206655353695,9.427538211018062
WT,apo,92,3,0,31.669652389071654,8.679678116105388
WT,apo,249,0,1,-31.951104396947397,-0.36300363632189653
WT,apo,210,3,1,-32.20163661409771,0.14260328112456722
WT,apo,73,2,1,-30.139020821407186,0.1037243264572953
WT,apo,163,2,1,-30.86321230644216,0.6088748124228881
WT,apo,176,3,1,-31.804733760477095,1.1573027893680023
WT,apo,92,2,0,30.70355723878578,8.56357618739425
WT,apo,120,2,1,-30.708425955272048,-0.9473778481790277
WT,apo,22,3,1,-30.187665177946354,0.6240146976426216
WT,apo,78,1,1,-31.730732069904228,0.7898591153693901
WT,apo,53,2,0,31.1387752987079,8.871585749329231
WT,apo,76,0,1,-31.0101868491961,0.08375932571754095
WT,apo,7,0,0,31.03932359114447,8.676610065002334
WT,apo,179,0,1,-31.667534931198848,0.038933061349705624
WT,apo,204,2,1,-32.116917934725315,-0.29030888639055974
WT,apo,132,1,1,-29.97922609396247,-0.26080384419991787
WT,apo,111,0,1,-29.79898868870444,-0.30455019210768014
WT,apo,211,0,0,31.264497615416413,9.03814941925121
WT,apo,211,3,0,31.514290479195278,9.114688636258828
WT,apo,6,3,1,-29.422310826657387,1.6545569499883455
WT,apo,78,0,1,-31.629480097942476,0.7552900586186412
WT,apo,3,3,0,31.403129247668623,9.28731281867142
WT,apo,92,0,0,32.223408264011994,8.783371877231247
WT,apo,167,4,1,-31.787466497243337,-0.21157942686561126
WT,apo,92,4,0,32.080295765953025,9.214141970043558
WT,apo,190,3,1,-30.761431437472464,-0.5719178913763641
WT,apo,109,0,0,32.900260044858,8.929056603908935
WT,apo,55,3,0,32.120661447557374,8.716517966382677
WT,apo,28,1,0,31.365485497615392,8.422892122796913
WT,apo,119,2,0,31.493278395727344,8.999988264922775
WT,apo,218,2,1,-30.31922393764201,-0.14908716825382476
WT,apo,204,4,1,-30.900327198528693,-0.5812033154321589
WT,apo,53,1,0,30.446089369983945,8.846932791602459
WT,apo,7,4,0,31.73684064578017,8.988592546756214
WT,apo,37,2,0,33.37509403213375,8.955048717833163
WT,apo,133,2,0,30.86908822184326,8.668102078231366
WT,apo,160,1,0,32.64880930471008,8.757207548288614
WT,apo,33,3,1,-31.386659538454886,-0.07000187244856065
WT,apo,210,4,1,-32.7660701389403,-0.4655043018123707
WT,apo,135,4,1,-31.2856518952515,0.3292613411236029
WT,apo,179,4,1,-32.55506566509273,0.01098107003462361
WT,apo,237,0,0,30.104257590489862,9.177574279502565
WT,apo,45,0,1,-31.773596009735698,-0.08645381422436275
WT,apo,180,0,0,32.85245526021091,9.715340181331879
WT,apo,160,2,0,30.7536646669404,8.82103977775308
WT,apo,155,1,1,-29.858118400081374,-0.11787662344899413
WT,apo,211,4,0,30.87918738938902,8.41928003892014
WT,apo,133,4,0,31.270495817024003,8.539471456474153
WT,apo,132,3,1,-30.67438167136762,-0.08924953849320418
WT,apo,129,0,0,30.539387435999842,8.537754903147622
WT,apo,109,3,0,31.156517975122057,9.050591364540914
WT,apo,186,2,1,-32.549655779602624,0.6496230295468143
WT,apo,218,0,1,-31.2594252234905,0.20961493720984456
WT,apo,218,3,1,-30.54390628033311,-0.3563898370020417
WT,apo,217,1,0,30.769646287684655,8.692998109268293
WT,apo,28,0,0,32.14474675319907,9.619183287297794
WT,apo,119,0,0,31.510032490240892,9.128508066885784
WT,apo,53,4,0,31.139512406941755,8.057126892621868
WT,apo,112,1,-1,-1.0514701554470527,4.4837313703391946
WT,apo,3,1,0,31.887957336796784,8.438668918505606
WT,apo,160,3,0,30.68752236036838,9.02757788315287
WT,apo,141,4,0,31.539810463804557,9.732796523701104
WT,apo,179,3,1,-29.469752512359992,-0.05913737094002463
WT,apo,3,2,0,31.834393329271816,9.108145973548572
WT,apo,160,0,0,32.804680112342204,8.45135058450511
WT,apo,31,2,0,30.553370095288724,9.03538901114294
WT,apo,76,1,0,31.62526523408238,8.613006378710256
WT,apo,149,2,0,32.8032586990372,9.435536364293009
WT,apo,33,2,1,-29.936894055505807,1.3058653154429658
WT,apo,40,3,0,29.90964004967359,10.397084614245289
WT,apo,237,2,0,30.88195156868956,8.751488829543053
WT,apo,151,4,1,-32.6282192461455,0.27576333335734415
WT,apo,187,0,-1,30.34613960208038,1.2398686412279445
WT,apo,187,2,0,31.542525823856685,9.342400790904394
WT,apo,170,2,1,-31.517404884246197,0.17472062040017847
WT,apo,72,4,-1,27.298782522623732,-5.643261977865285
WT,apo,109,4,0,31.65086811531672,9.076534101598725
WT,apo,241,1,2,28.611944624044757,-2.716107280252563
WT,apo,33,1,1,-31.728774936597752,1.2366150191737146
WT,apo,38,2,2,30.03752563857176,-6.08404726057429
WT,apo,153,3,0,31.092506374549888,8.01292600404569
WT,apo,109,2,0,31.93133406410008,8.904327126367775
WT,apo,76,4,1,-30.85603962159454,-0.2839544445770551
WT,apo,74,0,-1,26.398667744749737,-2.8174514537181854
WT,apo,119,4,0,31.16166212666338,8.984527490620385
WT,apo,96,3,0,29.74103045833994,8.867055892272901
WT,apo,37,1,0,31.29504521140499,9.158142576448455
WT,apo,119,1,0,32.05102733831793,9.526488844309297
WT,apo,196,0,0,30.24223348129991,9.012177782042087
WT,apo,170,3,0,30.735913941908432,9.139202515144369
WT,apo,17,2,2,29.00335626826816,-3.026920398444579
WT,apo,52,0,2,28.82406674281641,-4.01894600943064
WT,apo,40,4,0,32.925886628646886,9.515576825875762
WT,apo,161,1,-1,29.43550328220245,-1.4544605154488186
WT,apo,153,1,0,30.99824608414696,8.982917522432823
WT,apo,103,0,0,30.81155173817451,8.468944589691075
WT,apo,136,3,0,29.887081013671033,9.005993996168288
WT,apo,145,1,0,30.40745702652095,9.828944890119695
WT,apo,173,4,2,28.4080488482802,-5.177087098051816
WT,apo,107,2,1,-32.19198597005491,-0.3369080303630588
WT,apo,194,0,2,26.761029864853295,-2.7103295588996668
WT,apo,103,2,0,32.325247456668286,8.708893530587419
WT,apo,231,3,0,30.98463014122592,8.840862119884552
WT,apo,17,0,0,31.59766481176035,9.009684008782546
WT,apo,86,1,0,29.888681670519627,10.224877423725477
WT,apo,241,4,-1,30.06317975236767,-1.9853434879445386
WT,apo,123,1,0,29.342374328398474,9.76643776944843
WT,apo,101,4,0,28.976188532807164,8.616212568635651
WT,apo,150,4,-1,27.183138694342798,-4.92810589292466
WT,apo,27,3,2,28.271209861964106,-4.272934953526392
WT,apo,237,4,0,31.14150260709553,9.974515267132714
WT,apo,21,4,0,30.678591645389627,9.466702822651188
WT,apo,76,2,0,31.655841666559553,9.222875447272981
WT,apo,59,4,2,29.969238468065296,-3.513227008300351
WT,apo,43,0,1,-31.526018388298237,0.03470327178001349
WT,apo,166,4,0,32.294844157012555,8.55517120587395
WT,apo,96,1,0,30.641572424396376,8.781593060554004
WT,apo,168,1,1,-31.70490840519709,-0.7320147307530224
WT,apo,15,3,2,30.006045119240646,-3.8752083259286767
WT,apo,141,0,1,-31.41096856843975,-0.7406650860401686
WT,apo,241,0,0,31.51910236593382,9.144067976659299
WT,apo,75,4,0,29.818924073483192,9.632272097672145
WT,apo,38,3,2,26.985808505379524,-3.674795291845431
WT,apo,38,0,2,29.452833501687177,-3.120330126970652
WT,apo,113,4,-1,26.71902586634876,1.2298955353162904
WT,apo,31,3,0,31.448816880795317,9.454760078396813
WT,apo,44,1,2,30.14208264864807,-4.689957912500477
WT,apo,109,1,1,-30.963428185319817,-0.6664047904872972
WT,apo,86,0,0,30.065495966339686,9.61352193331065
WT,apo,140,2,0,29.628286460984743,8.743542938169469
WT,apo,192,4,-1,29.178149410862115,0.8179222990153221
WT,apo,119,3,0,31.579138358515337,9.500117478900458
WT,apo,196,2,0,29.318345905839927,8.762312869502505
WT,apo,14,2,0,31.70995127259661,9.439879285966759
WT,apo,188,2,0,29.82354634304074,8.467548031462158
WT,apo,62,1,-1,26.855546728829182,-5.242195067112671
WT,apo,231,0,0,31.292511743801867,9.093278551373036
WT,apo,168,2,-1,29.475186674149068,-1.0273766590632218
WT,apo,21,3,0,28.14961486808313,8.9046343222321
WT,apo,150,3,0,31.005341423896496,10.029406749279856
WT,apo,41,1,2,27.457472689843556,-1.3560324054410116
WT,apo,124,2,0,27.907931169465872,9.101996756345638
WT,apo,72,3,0,29.71055781889263,10.388871129813946
WT,apo,180,3,0,30.787824307971217,8.347995179317694
WT,apo,147,2,-1,28.691544630794386,-0.37370272653626563
WT,apo,87,1,0,31.539830065446857,9.321693526391059
WT,apo,170,0,0,31.445152500687435,9.0622046306884
WT,apo,194,3,0,31.80089539135377,8.966282992152495
WT,apo,221,2,-1,30.163890203280367,2.3954649919193662
WT,apo,145,0,0,30.842501443786727,9.642310681276797
WT,apo,124,3,0,28.74675166749807,9.890223891216927
WT,apo,250,2,0,32.98575509816768,8.83082195179573
WT,apo,206,3,2,28.47883023156228,-5.374817145065473
WT,apo,115,0,0,30.525328807723493,10.03778895626318
WT,apo,187,1,0,30.46311076891403,8.526809133590996
WT,apo,104,3,2,27.02395209420944,-1.3648807375627436
WT,apo,216,3,0,31.347960326275377,11.04303627207141
WT,apo,158,2,2,29.729082084614973,-2.5321068663019615
WT,apo,65,2,-1,29.341004993029173,0.43561504810873514
WT,apo,82,0,-1,29.210167919402544,1.7744409399642647
WT,apo,12,0,0,30.03663054211674,9.073266068955396
WT,apo,129,2,0,31.231378653906802,8.794754889040693
WT,apo,96,4,0,30.272621798469235,10.220950055445398
WT,apo,84,2,0,29.82137077570226,9.542617109972605
WT,apo,191,3,0,29.489363551549662,9.097274545434527
WT,apo,187,3,0,31.769786374623134,10.161391153096895
WT,apo,108,2,0,31.027890481692193,9.455598342106637
WT,apo,96,0,2,28.349340982111553,-1.9002713239292472
WT,apo,8,4,0,32.263318834207915,9.214737269035941
WT,apo,14,1,0,30.818507875682826,10.12680620645323
WT,apo,178,3,-1,27.72601005558182,2.7337749717520694
WT,apo,122,0,2,28.515572678436126,-1.8826389327958246
WT,apo,3,4,0,31.210085587328205,8.979993879393223
WT,apo,102,0,2,28.676577651925847,-3.393730649265176
WT,apo,49,0,2,28.703395544638223,-3.1331732908756917
WT,apo,67,0,0,31.218730100814106,9.597590544294018
WT,apo,52,1,0,31.363148037560343,9.981090297019367
WT,apo,145,3,0,30.842777202901424,9.117698715792788
WT,apo,123,0,2,28.614771643517372,-1.9846666596301459
WT,apo,231,4,0,31.444419677281825,9.108894888306533
WT,apo,84,4,0,31.989590250026644,8.61333068104826
WT,apo,144,2,0,30.461147431408737,10.188241540160522
WT,apo,95,4,0,31.191289381743086,9.711289728357226
WT,apo,82,4,0,31.82971154265308,9.254409017918162
WT,apo,85,0,0,31.855536530060583,9.371081373909501
WT,apo,1,4,0,30.50371479682646,9.902917094616093
WT,apo,54,0,0,30.934391295336347,9.31182738106513
WT,apo,26,1,0,29.94712646048326,9.697201714343862
WT,apo,103,1,0,31.55733744531467,9.022421199770788
WT,apo,37,4,0,30.391031879148862,9.971862201473744
WT,apo,230,2,-1,25.177241921121844,-2.568645238614284
WT,apo,170,1,0,30.925036436940882,8.445259821223376
WT,apo,216,0,2,29.680818012935962,-2.5999235921129165
WT,apo,36,0,0,32.187647002219414,8.36389809122243
WT,apo,69,4,0,30.041475243325397,9.461380324950968
WT,apo,44,4,-1,30.13595881478018,-2.4153361934956443
WT,apo,114,1,2,29.260487170349403,-6.791989101207405
WT,apo,66,3,0,31.674528632518022,9.198749574345916
WT,apo,167,2,0,31.858828049174086,9.321114101944856
WT,apo,107,0,0,31.5971537998618,9.023469616951694
WT,apo,201,4,2,29.437814613555723,-5.054255046765161
WT,apo,11,1,2,28.405573558437055,-3.1026736827994923
WT,apo,74,3,2,27.949090142975837,-4.120249980856941
WT,apo,42,3,0,31.683858526509464,9.084744669724031
WT,apo,203,1,0,28.08272797355435,8.941132444854757
WT,apo,244,2,-1,27.627688266642412,-0.3483114373002683
WT,apo,129,3,0,31.9258681474765,9.211095494591497
WT,apo,136,4,0,31.255048122056177,8.818731909642484
WT,apo,140,3,-1,29.318563931797506,-0.042487411354350114
WT,apo,208,1,0,29.347144090586735,9.395789924833908
WT,apo,66,4,0,32.11299377435741,9.196099924309404
WT,apo,122,2,0,31.7002661555336,9.400266503014816
WT,apo,82,3,0,31.94936113603668,9.464585272656066
WT,apo,220,1,0,29.834252396999638,8.339955935541411
WT,apo,145,4,0,31.314102598292795,9.244768885454013
WT,apo,127,2,2,29.396090968719857,-4.717395548831054
WT,apo,173,0,2,30.06364737462334,-3.6694942968147948
WT,apo,201,2,2,27.407197673386264,-1.7941784298820649
WT,apo,234,4,0,30.40831691055154,10.029197735154044
WT,apo,157,4,0,31.03006954175275,8.976429833258685
WT,apo,80,0,0,31.043982633871476,9.480839925027581
WT,apo,188,0,2,28.151847883932298,-3.3832414274491747
WT,apo,242,1,2,29.558196980290443,-1.7672215671916802
WT,apo,220,3,0,30.193437926531857,8.786178287208699
WT,apo,43,2,0,31.081036672684366,8.341897937367785
WT,apo,152,1,2,27.702428730017218,-1.397648435013429
WT,apo,142,2,-1,26.436388336914558,-1.1146691642938784
WT,apo,60,1,2,29.26589882943954,-4.675373731955039
WT,apo,76,3,0,31.714402684597374,8.427498738044484
WT,apo,140,4,0,30.721854943324402,9.50013737346939
WT,apo,81,3,0,29.792117768878427,9.57181583867548
WT,apo,182,4,0,30.69378615868224,9.23363583135364
WT,apo,135,3,0,29.044392282397975,8.958799352818843
WT,apo,65,3,0,29.872309268692792,8.673033798113499
WT,apo,31,0,0,30.83719170390353,9.800767651708016
WT,apo,18,4,0,28.591056894102447,8.506263474372709
WT,apo,117,4,0,30.43054406055147,9.42749151277598
WT,apo,70,1,0,30.970338507162076,9.825641352830235
WT,apo,203,4,0,29.6659946956901,10.103614131264253
WT,apo,21,2,0,29.991773243660536,9.645027121328303
WT,apo,145,2,0,30.203973306805413,9.566909081442713
WT,apo,240,1,-1,32.233623837705174,6.035928512332257
WT,apo,136,1,0,30.45117863687023,9.795328135351092
WT,apo,11,0,0,30.603378486261533,9.767251641398962
WT,apo,236,1,0,29.7745856525467,8.833600855845763
WT,apo,41,3,2,28.601394363561667,-1.0632164104128752
WT,apo,152,4,2,27.620670470618922,-2.8443767142714633
WT,apo,113,3,2,27.661891585486874,-2.605661518465392
WT,apo,128,0,2,29.179933958556575,-3.0472502711438083
WT,apo,150,0,0,31.741113832517886,9.144146614692279
WT,apo,237,1,0,30.645504448125305,9.299461318619183
WT,apo,97,0,0,31.61905467751363,9.230745482338591
WT,apo,103,3,0,30.99596785177209,9.60767287489713
WT,apo,79,2,2,29.398006306496573,-3.337767063101509
WT,apo,72,1,0,28.816722783998813,8.788528128132594
WT,apo,242,3,0,30.233055209016452,9.254451709174415
WT,apo,5,1,0,30.84972804721253,9.707481977243868
WT,apo,213,4,2,27.929936044717767,-3.809247462905862
WT,apo,159,4,0,31.404871069226576,9.402849039871603
WT,apo,103,4,0,32.33233537962724,9.220778818223543
WT,apo,137,0,-1,26.987654799444755,3.42185363070415
WT,apo,4,0,-1,26.750120218403392,-0.3558296265768533
WT,apo,73,1,2,28.119323737184818,-2.2111751513026885
WT,apo,150,2,0,29.580410087195236,9.291321047509781
WT,apo,192,1,0,30.312562548780303,9.357493210241518
WT,apo,135,2,0,31.641050145741097,8.93889758665955
WT,apo,213,3,-1,30.956544347023087,-2.317596781612391
WT,apo,35,0,0,31.462144425276893,8.965976585500393
WT,apo,248,4,2,28.01942230285419,-4.887221823167883
WT,apo,146,4,0,29.94379529405432,9.30582477449628
WT,apo,71,3,2,28.70988366575197,-3.5000827441742217
WT,apo,197,4,0,30.540069107582866,8.608952416352519
WT,apo,26,0,0,30.01277078745854,9.750009012564504
WT,apo,10,3,0,29.716542732808264,9.496199234875483
WT,apo,201,0,0,31.272665556074827,8.892226798749519
WT,apo,142,0,0,30.346941406479157,9.105648850388526
WT,apo,108,4,-1,30.853493846452828,2.399729326851042
WT,apo,84,3,0,30.530415929246917,9.065658995518621
WT,apo,15,0,2,28.559041996047537,-5.164391119181137
WT,apo,73,0,-1,27.63275811281618,-0.7660142031543709
WT,apo,89,2,0,30.824714424893198,9.604842549132924
WT,apo,142,3,2,28.501990223314507,-2.181164755310197
WT,apo,185,0,0,30.83420616069244,9.424356676890158
WT,apo,127,1,0,30.285487345368022,9.622019313869133
WT,apo,43,3,0,30.740407963438596,9.038796568586168
WT,apo,212,0,0,31.39865245058262,9.236399380095836
WT,apo,238,1,-1,26.54609640267205,-0.21772499373456486
WT,apo,208,3,0,31.02761057358488,8.844471693293109
WT,apo,44,3,0,30.87789767530457,9.660958492417981
WT,apo,96,2,0,30.1816948394385,9.55569505817399
WT,apo,198,3,0,31.00939205538586,10.143894531923713
WT,apo,250,3,0,31.99996561791072,9.340425499503002
WT,apo,180,1,0,31.31458653752194,10.139702289846634
WT,apo,4,3,-1,28.680617333521578,-0.33104475413971907
WT,apo,157,1,0,30.579591126809643,8.883164665193075
WT,apo,121,0,2,27.862025766954442,-4.576547500836616
WT,apo,113,1,2,26.96517050424399,-2.84585017427807
WT,apo,170,4,0,30.686718327059417,8.585204732595567
WT,apo,156,3,2,29.82331045130666,-3.510484330733323
WT,apo,213,2,0,29.93624487300333,9.315387002869597
WT,apo,216,4,2,28.34489247758048,-1.4401468322255564
WT,apo,85,4,0,29.57020733222147,9.160431055811497
WT,apo,14,3,0,30.29250574901528,8.675839626808582
WT,apo,130,2,2,29.993002797923147,-2.1882162198897595
WT,apo,153,2,0,30.69970315266146,8.44865579610082
WT,apo,67,3,0,31.566152253185397,8.877991449501351
WT,apo,203,0,-1,30.75824355875975,2.3901816559477225
WT,apo,150,1,0,30.251884505208047,7.729538038670967
WT,apo,182,3,0,30.309043549659638,10.097693233298914
WT,apo,143,4,0,31.28729727540936,9.20775546493036
WT,apo,221,0,0,29.561960584949702,10.542010554472224
WT,apo,108,1,0,28.911547503661964,8.498941774624564
WT,apo,91,2,0,32.36425043328814,9.794570861294233
WT,apo,104,2,0,32.139330849882704,8.639742936082783
WT,apo,247,1,0,30.115236120733663,9.18172974593875
WT,apo,4,1,2,27.540492130989936,-1.9774551803340223
WT,apo,232,4,0,30.628433959946708,9.03930094906222
WT,apo,25,0,0,30.903945162815454,9.039072268654122
WT,apo,199,2,2,28.55092936434934,-3.1894461879885263
WT,apo,129,1,0,32.18705594164551,9.268741244580873
WT,apo,187,4,0,28.87292019843331,9.353878473852783
WT,apo,188,1,0,30.940025416655928,8.875368341893047
WT,apo,54,4,0,29.25712449361875,8.985950963699317
WT,apo,157,2,0,31.311447100504655,9.060791815150562
WT,apo,128,1,0,32.309688359402045,8.128943714808194
WT,apo,181,2,2,28.619170093198427,-1.210957412984863
WT,apo,68,0,-1,30.818322596675344,-3.5925827343123102
WT,apo,152,2,0,29.9365433367512,10.137382332843671
WT,apo,27,1,0,29.86440811942325,9.473501643650467
WT,apo,65,1,0,31.038690749555183,8.92454470122188
WT,apo,42,0,0,31.849246270472882,9.265152447795895
WT,apo,245,0,2,29.594346172877845,-4.935333940140374
WT,apo,27,2,0,30.041253814074448,9.612111276974717
WT,apo,231,1,0,32.125109036880325,9.26875638178844
WT,apo,227,2,0,32.07956605501588,10.129045108526707
WT,apo,238,2,0,29.904465083893903,9.311005509275303
WT,apo,16,2,0,30.043557289472357,10.141677882599296
WT,apo,72,2,0,31.47802644108423,9.6016962447558
WT,apo,222,4,-1,31.056107938497615,-0.6605525244085758
WT,apo,5,0,0,30.914611700113774,9.042304793962861
WT,apo,6,4,0,31.899640041571388,9.32294676736305
WT,apo,67,4,0,32.37075586665086,8.962265587507144
WT,apo,159,1,0,30.670740267464744,9.055103582689851
WT,apo,10,0,0,30.455443184636003,9.02605374531338
WT,apo,153,4,1,-30.086507489298157,1.0006685500863146
WT,apo,111,3,0,32.97863240143946,9.648178851881129
WT,apo,124,0,0,31.320020450439465,9.235308022843732
WT,apo,80,4,0,31.17968096385037,9.981560483145234
WT,apo,220,2,0,30.647701219437533,9.638259303488924
WT,apo,239,4,0,30.44249608294539,9.333940427698483
WT,apo,79,4,2,28.814933127034745,-2.900863135739588
WT,apo,192,0,0,30.381414526933437,9.832156253729279
WT,apo,227,1,-1,31.10649054816183,1.8216684026580543
WT,apo,88,2,0,30.058709672140544,8.772480466302675
WT,apo,52,3,0,31.81299604882467,9.613379043010083
WT,apo,244,3,0,31.019527027635768,9.380590259539623
WT,apo,139,4,0,29.56499184513599,9.517182257492143
WT,apo,216,1,0,31.084242526958707,9.225606719233646
WT,apo,5,2,-1,29.05084659817911,2.484803839488119
WT,apo,228,0,0,31.804967415668216,10.444597086961872
WT,apo,132,2,0,31.113116905470008,9.45184537514808
WT,apo,167,0,0,29.97544699891974,8.382828533458856
WT,apo,199,4,2,28.640286297188812,-1.523469342294286
WT,apo,70,3,0,33.21418306426962,9.21866693139129
WT,apo,234,3,0,30.120269033046835,9.269054726335314
WT,apo,157,0,0,31.54361265405925,8.670680351601868
WT,apo,239,1,0,30.189632983971155,9.3518242492779
WT,apo,248,3,-1,29.545990321386185,0.958169812046715
WT,apo,79,1,2,29.930263236917654,-2.26542151485776
WT,apo,60,3,0,31.291997514462537,9.267930621490336
WT,apo,149,0,0,31.23527179545941,8.508418199152803
WT,apo,167,3,1,-30.01135548513979,0.515195387598949
WT,apo,215,1,2,29.404108271592737,-3.83937126991514
WT,apo,163,4,-1,28.330897297928818,1.2695686484777502
WT,apo,250,1,0,31.370709414710547,9.251221961796906
WT,apo,180,2,0,31.99365066283234,8.559835861613236
WT,apo,168,3,1,-31.053481704946275,0.611496678461049
WT,apo,164,0,-1,30.208820904581035,-2.919329472955869
WT,apo,87,0,0,31.917079008822856,8.820948929619236
WT,apo,77,0,0,31.01389022267927,9.317176326579439
WT,apo,188,3,0,31.958198794863566,9.457153927904614
WT,apo,231,2,0,30.449004610879836,9.181665368833299
WT,apo,43,1,0,30.840223501119645,9.898392632300046
WT,apo,25,3,0,32.27094439041927,9.187922064665415
WT,apo,149,3,0,30.542431506816154,10.121903768634699
WT,apo,84,0,0,31.265332152244124,8.688382049862614
WT,apo,237,3,-1,30.905793399884164,2.340841151247669
WT,apo,22,4,0,31.06896136535506,8.960619422943305
WT,apo,26,4,0,32.56046741621771,10.196017870673042
WT,apo,36,3,0,31.573434950761914,9.275997691416947
WT,apo,202,4,2,29.834215355962876,-2.5923255158592835
WT,apo,193,1,0,31.25062841272584,9.87902875947467
WT,apo,141,2,2,29.34462038770427,-1.4928247422900445
WT,apo,114,3,0,31.14404329265185,10.19549105954319
WT,apo,244,1,0,30.456665429710675,8.815218773871203
WT,apo,148,2,2,28.564166098927796,-2.3309186737506864
WT,apo,229,0,0,30.750220993605343,9.314367914882341
WT,apo,147,4,0,29.924644414921037,10.099338271582141
WT,apo,197,1,0,31.151878106142263,8.565752018390727
WT,apo,228,2,0,29.778629449586283,9.786017209995231
WT,apo,191,1,0,32.52643491743989,10.040473609754363
WT,apo,6,0,0,30.71482188848269,9.67769698840939
WT,apo,238,4,0,28.852251894338533,10.141483407630776
WT,apo,115,2,-1,27.835121546203155,8.586257101951805
WT,apo,61,1,2,27.97084895378066,-4.312529616170976
WT,apo,16,0,0,32.19294976845688,9.117181825552676
WT,apo,36,2,0,31.394313466610054,9.22205833701156
WT,apo,247,3,0,31.222110693978838,9.905267534126768
WT,apo,225,0,0,30.76315129871401,9.122819053112277
WT,apo,90,4,0,30.942230498649216,10.279669747783927
WT,apo,63,0,0,32.033828148963764,9.39810780395641
WT,apo,165,0,2,29.093024004964754,-2.472572834674524
WT,apo,172,0,0,30.537464213103792,9.25375402983387
WT,apo,11,4,0,31.41304071577954,8.710208422409224
WT,apo,222,1,0,28.809883884516882,9.277438905992533
WT,apo,18,1,0,30.03141113596264,9.910818258336821
WT,apo,101,2,0,29.248699042008802,8.453497156014699
WT,apo,15,2,1,-30.766914811876923,-0.24183587984341703
WT,apo,151,0,0,30.68457447809698,8.92162668877704
WT,apo,184,4,1,-31.01529134555247,-0.8426390854275755
WT,apo,128,2,-1,29.889378283475587,1.510189248658068
WT,apo,50,2,2,29.898703088336195,-3.853881317100914
WT,apo,235,4,0,30.46292072277535,9.441718316058024
WT,apo,141,3,0,31.947390785525705,9.06684967589528
WT,apo,15,1,2,28.609982866995484,-4.3622624041532285
WT,apo,153,0,0,30.677516739973516,8.574915175801614
WT,apo,58,2,0,30.370800766672847,8.425322327520632
WT,apo,146,0,2,28.086075720806722,-3.7560124061084745
WT,apo,171,1,0,30.43821212017673,9.23270784332024
WT,apo,180,4,1,-30.8533570399388,0.03520527835460511
WT,apo,203,3,0,31.028861628069663,9.37743168908001
WT,apo,130,4,-1,29.313225244062462,-0.45192492427655784
WT,apo,82,2,0,31.309805587015514,9.219801223684177
WT,apo,161,0,0,30.323367820075223,10.7004115069083
WT,apo,173,2,0,30.408752297051194,9.380375060974714
WT,apo,1,0,0,31.57223406843002,8.259602619876551
WT,apo,148,4,0,29.487949572200673,8.703060195346119
WT,apo,57,0,-1,29.793586452457646,-0.10466188416021353
WT,apo,114,2,0,29.584794852300774,9.532127959501043
WT,apo,42,1,0,31.70857020715452,10.232459924517096
WT,apo,152,0,0,31.514445446916202,9.395089692853599
WT,apo,83,0,0,30.244963681825496,8.900914903268783
WT,apo,40,0,0,30.666159831419552,9.54065597456625
WT,apo,8,3,0,33.037054175285114,9.735920651484284
WT,apo,157,3,0,31.551839400516112,9.52102674226284
WT,apo,108,3,0,29.83725078641278,8.982387328923073
WT,apo,195,3,0,30.64722962266553,9.216871714772916
WT,apo,214,1,0,29.009528377011033,9.705880542520939
WT,apo,5,3,2,29.14583487984758,-1.4262424082366663
WT,apo,151,3,0,32.02625168204901,8.542471290599511
WT,apo,112,4,2,29.300999182688784,-2.1158006519965924
WT,apo,64,4,0,29.284238480418143,9.699178927209829
WT,apo,226,2,0,30.09211062729041,9.834676752031356
WT,apo,50,1,2,28.065933922244756,-3.9440853636511912
WT,apo,87,2,0,31.021971737339104,9.539761405745162
WT,apo,10,1,0,31.962367532891925,8.837768157987151
WT,apo,175,2,0,30.143779941664295,8.038058003111653
WT,apo,100,4,0,30.306706814186693,8.817274355741175
WT,apo,45,4,0,30.36389716743137,9.605844044085003
WT,apo,8,0,-1,30.368895995252714,2.940708473909276
WT,apo,209,2,-1,31.17933004834109,3.0429729832216483
WT,apo,29,2,2,28.107324141326597,-1.320274686562796
WT,apo,37,0,1,-30.72299292940918,-0.5132996952332761
WT,apo,56,0,0,30.224399521167783,9.349055937201065
WT,apo,250,0,0,29.325355721588394,9.081372169602588
WT,apo,244,0,0,32.15848311358572,9.918963784938509
WT,apo,184,1,0,31.51187448261611,11.090507978399648
WT,apo,197,0,-1,-9.34634135167738,-1.2405250716010277
WT,apo,129,4,0,30.8767834048375,8.921827524238397
WT,apo,141,1,2,28.27269484993951,-1.1867572486073545
WT,apo,183,2,-1,29.237878741370412,-1.2580456245064586
WT,apo,126,0,0,30.599513942564066,9.112274983580926
WT,apo,126,2,0,31.930309727831187,9.029535603062328
WT,apo,104,4,0,31.030155940216396,9.439604760459694
WT,apo,35,2,0,30.126105876793872,9.428172516274355
WT,apo,200,3,0,29.451087778757813,10.13444176305762
WT,apo,62,4,-1,30.474553169489457,-1.580346003523685
WT,apo,51,3,2,28.779403335330116,-1.8922279003428795
WT,apo,45,3,-1,-9.427904621438438,-1.1224685294273047
WT,apo,131,2,0,30.890877212783256,9.5489019591244
WT,apo,27,0,0,31.458416219492232,10.011830134624939
WT,apo,69,1,0,31.960662680130298,9.906813487639589
WT,apo,50,3,2,28.325239397099587,-0.7783549673318853
WT,apo,60,4,2,30.04209906834767,-5.0398425513380065
WT,apo,176,2,2,30.361939175862286,-4.910867769475635
WT,apo,242,0,0,30.672525548196777,8.87180586182723
WT,apo,191,4,0,32.03163522078648,8.235972510986139
WT,apo,226,1,2,29.341843363391988,-3.093739497541397
WT,apo,98,2,0,30.744570102754608,8.756845007829401
WT,apo,169,2,0,32.100750126694855,9.420526442431797
WT,apo,71,4,0,30.98485120613523,9.265861612787736
WT,apo,197,3,0,30.52638247399815,9.355202611592174
WT,apo,195,4,0,30.518090089128478,9.00690499700481
WT,apo,75,2,0,30.862597066184325,9.095139162661729
WT,apo,70,2,-1,29.769532588395457,3.6989475961525726
WT,apo,56,3,0,30.311711390124305,9.291104338299752
WT,apo,47,1,0,31.53436862192424,9.358379723230962
WT,apo,15,4,-1,29.273974261494974,2.131816757126832
WT,apo,3,0,0,31.099823921207395,8.74812642895335
WT,apo,142,4,0,28.98057825594205,9.35021021853739
WT,apo,224,4,2,28.453737144392058,-1.3645291634275543
WT,apo,234,0,-1,33.616701746673634,9.692899706671128
WT,apo,12,3,-1,28.901609159418864,-0.6636168469463992
WT,apo,65,4,0,32.454057254266885,9.107212313025352
WT,apo,210,2,0,29.722125478470716,8.912885120744361
WT,apo,81,2,0,32.333564518060456,8.94668889287311
WT,apo,84,1,0,31.731429589854578,8.760800104180293
WT,apo,243,4,0,31.354287883189095,9.132444723988018
WT,apo,49,1,0,30.11410403223706,10.504175131340201
WT,apo,215,2,-1,29.73855244481192,-1.238569781305981
WT,apo,155,0,-1,28.791329180056284,-0.7931620797361248
WT,apo,106,3,0,31.010588941285356,9.005584235969705
WT,apo,149,1,1,-30.95638599857625,0.5697353243889065
WT,apo,83,1,0,31.20935129604006,10.01104219088749
WT,apo,155,3,-1,27.722699021185516,1.6824147390763355
WT,apo,114,0,0,29.778082655941034,8.912072650354318
WT,apo,117,1,0,30.720731569278787,9.886959655216026
WT,apo,37,3,0,30.995070868428275,9.44453856661004
WT,apo,6,1,-1,28.145162201555003,0.10563884563034166
WT,apo,175,0,-1,30.512417159915106,-1.9021619467022977
WT,apo,32,3,0,32.655017462610424,8.932952127642153
WT,apo,185,3,-1,28.992584233148175,-1.0899198035425886
WT,apo,52,2,0,31.147301699662194,10.077688314446847
WT,apo,9,0,2,28.27306156142869,-4.782347380398395
WT,apo,83,3,0,32.296494375371104,9.571037216718922
WT,apo,184,3,0,30.445131137615263,10.772180044213616
WT,apo,149,4,2,28.81993296864773,-3.7087003856427896
WT,apo,99,4,2,28.784850259370018,-2.6762022592667614
WT,apo,68,4,0,31.583670127503858,9.462125866360113
WT,apo,116,4,2,27.222491759156238,-2.1317539886845642
WT,apo,171,3,0,32.654294758304296,9.334202002068308
WT,apo,246,3,0,30.27282968210545,10.676433913944901
WT,apo,107,3,0,31.547028706973894,9.341514035131832
WT,apo,247,0,0,29.70726922654095,9.59764480480727
WT,apo,193,2,0,29.930576079697705,9.223898221110456
WT,apo,95,2,0,30.42382589296066,10.013922050290729
WT,apo,36,1,0,31.137731726764844,9.530188778101843
WT,apo,172,2,-1,33.57215162878674,9.552062254783221
WT,apo,9,1,0,30.536817288095097,9.291170146594364
WT,apo,107,1,0,32.15325709314392,9.356075110889568
WT,apo,213,0,-1,29.942134725039523,-1.61336408406229
WT,apo,138,2,2,29.983190103545045,-3.6804043137804747
WT,apo,42,4,0,32.249296081039695,9.192466096266052
WT,apo,184,0,1,-32.29199696421586,-0.7202329010870572
WT,apo,86,4,0,30.83954038089533,9.816608838193996
WT,apo,221,4,0,28.970066140041144,9.347350263300852
WT,apo,211,1,1,-32.121100370438114,-0.27115890352389194
WT,apo,16,4,0,31.603434434243916,10.2390800804083
WT,apo,85,3,0,31.528682109993703,10.075984449803572
WT,apo,34,2,0,32.1895893839304,8.66815524673276
WT,apo,64,2,2,29.842871265409887,-2.550202592209787
WT,apo,130,0,0,31.007393309033954,10.006186351796908
WT,apo,83,4,2,28.24729647007187,-4.196972297307594
WT,apo,249,2,2,30.145926203611847,-3.2139279976452495
WT,apo,206,4,0,29.398924533120216,9.532479758627899
WT,apo,89,4,0,31.24951758874556,10.181821935376206
WT,apo,112,3,2,29.77444720838276,-3.49079646702047
WT,apo,174,4,0,30.094502475679235,9.300421390733728
WT,apo,23,4,2,29.905027271700437,-3.9112878543329694
WT,apo,2,4,0,30.92793447497766,8.746841864816187
WT,apo,107,4,0,31.05087624637573,8.988537887317653
WT,apo,206,1,0,31.03047489222648,9.336183942850809
WT,apo,134,0,2,27.53775907985619,-1.7314059508749606
WT,apo,162,2,-1,29.54725712746783,-0.3568306011164863
WT,apo,215,4,2,29.685838060436645,-4.368576088365996
WT,apo,17,4,-1,28.636750632041192,0.4884323167634441
WT,apo,208,0,0,31.31391231121996,9.63998114799216
WT,apo,2,1,0,31.935659521235145,8.89747039860388
WT,apo,190,2,2,27.665587214031778,-3.422446745455965
WT,apo,10,2,0,31.90656324486031,9.183595935651203
WT,apo,42,2,0,31.403548292618233,8.891653177265153
WT,apo,19,0,0,30.372958024439157,8.67448956781608
WT,apo,156,0,2,29.14859228693361,-2.8137858258856085
WT,apo,120,0,2,28.90767464481446,-3.0070087097030775
WT,apo,151,2,0,31.34435596792612,8.270817014100814
WT,apo,106,4,0,30.68219218286121,9.11930732639053
WT,apo,155,2,-1,26.760605158265026,1.071413906946151
WT,apo,156,1,2,28.930704779008583,-3.3215516952503883
WT,apo,77,3,0,32.1435655654092,9.046515396967877
WT,apo,219,0,0,28.80477339426595,9.097008703094936
WT,apo,169,4,-1,29.018444767000954,2.3161950884372904
WT,apo,183,0,0,31.39480902080428,9.453950302248076
WT,apo,138,4,2,29.099998645655642,-1.618688586106284
WT,apo,43,4,0,30.95905388353313,8.94013837704126
WT,apo,214,0,2,28.12134171486748,-1.2964089794347802
WT,apo,102,4,0,30.71453710267143,8.915232234925252
WT,apo,87,3,0,30.61705003254384,9.458458390058661
WT,apo,158,4,0,32.01532839240715,9.778274818672966
WT,apo,169,3,0,31.86235102950675,9.57871966842391
WT,apo,80,1,0,30.372492588253554,8.771973040766184
WT,apo,233,2,0,30.279003777824066,10.940608495316752
WT,apo,13,0,2,29.953951942852488,-4.915232477924931
WT,apo,121,1,0,32.0583534686404,9.22347978769927
WT,apo,91,3,0,31.32609655559209,9.69008181025911
WT,apo,136,0,0,31.433202615321534,8.865133125232756
WT,apo,233,1,0,30.665663616648892,9.812054094345031
WT,apo,11,3,0,31.177833707781055,8.503036222202203
WT,apo,214,3,2,28.95370238605806,-3.422911870940804
WT,apo,168,0,1,-29.766597402481565,0.2298731517372613
WT,apo,16,1,0,31.606320986451003,9.239064320720416
WT,apo,233,3,0,29.460354556475618,9.702714433913979
WT,apo,51,2,0,30.58130008577622,9.755890566215369
WT,apo,193,3,0,29.492966953324952,9.067350770261974
WT,apo,94,0,0,31.90068828659767,9.24958324565312
WT,apo,106,0,0,30.2238315483574,8.683307883577958
WT,apo,49,4,2,30.038199150769298,-4.2536249983122785
WT,apo,111,2,0,30.78546514068204,8.930644459950228
WT,apo,152,3,0,30.545434872256298,9.690306550846664
WT,apo,219,2,-1,28.273946350932647,6.76583517140356
WT,apo,45,2,0,32.11414272611866,10.319155270437491
WT,apo,137,2,-1,28.928793906117953,-0.22316816988071558
WT,apo,130,3,-1,27.82359414096414,1.1037947725523685
WT,apo,174,2,2,29.393237017449465,-2.0186474589269383
WT,apo,248,1,-1,26.678696110603905,2.1826297896241114
WT,apo,245,4,0,30.297376012453068,8.615442968172834
WT,apo,93,4,2,29.784251950377534,-4.093432598312892
WT,apo,175,3,0,29.384676221084764,8.948894167940784
WT,apo,83,2,0,30.707390938239943,9.251436996576546
WT,apo,181,4,0,30.072708729920453,10.144074343381625
WT,apo,23,0,0,31.70861556540278,9.149028261013987
WT,apo,104,1,-1,29.731397085917337,2.389851615427399
WT,apo,102,2,0,31.51950842679192,9.977608462754853
WT,apo,132,4,-1,25.964178474185335,-8.279937728116707
WT,apo,125,1,0,31.805812540846986,10.27580626745273
WT,apo,4,4,0,31.39432660166122,8.825303856072477
WT,apo,49,3,0,31.499741004458265,9.139721842281086
WT,apo,2,2,0,31.508553003281364,8.638892078644703
WT,apo,138,3,0,31.59987397954797,8.813119423800511
WT,apo,224,1,-1,30.44722942593146,2.911602089779851
WT,apo,81,0,0,31.30851732612822,9.776678155786607
WT,apo,110,4,0,32.21763682092488,8.744810596807811
WT,apo,178,2,-1,28.23864638509818,1.5767586814188292
WT,apo,47,0,0,29.834399050542967,8.981464769405838
WT,apo,151,1,0,31.246666166895977,9.361033806556858
WT,apo,58,3,2,28.653019735840402,-2.910509848151385
WT,apo,197,2,0,31.038222166907747,8.487518929789102
WT,apo,225,1,0,31.64262183328394,9.353431021176256
WT,apo,232,2,0,31.4919174723061,9.286415766485142
WT,apo,135,0,0,32.31547575478317,8.68122345286139
WT,apo,136,2,1,-30.661815842169894,0.022166438889063944
WT,apo,177,3,0,31.46393683382227,9.291227946807746
WT,apo,207,1,0,31.090519792169943,8.700704158927378
WT,apo,224,2,-1,27.06067473645364,-0.25940745636916973
WT,apo,222,3,0,31.524026809946097,9.262287075019083
WT,apo,48,1,-1,30.301451344541718,-2.6160486576886464
WT,apo,111,1,0,31.682571929641203,9.672407914397242
WT,apo,235,3,2,29.64301219383233,-3.15857068135544
WT,apo,34,4,0,30.233529009449715,9.639390703644638
WT,apo,225,4,0,30.458388545374262,8.882210791896897
WT,apo,99,3,0,30.531401176937724,9.187406958673405
WT,apo,9,2,0,31.22437296367338,9.372432046126162
WT,apo,245,1,0,32.55736799427023,8.96152195735414
WT,apo,111,4,0,31.677929433512748,8.960616375986481
WT,apo,57,3,0,32.186470496247104,9.271028048560694
WT,apo,233,0,0,31.12161328350264,9.45629257245368
WT,apo,36,4,0,32.81180188143979,10.193943955203892
WT,apo,177,1,0,30.86689500427915,9.687150161994515
WT,apo,18,3,0,32.50858663393012,10.493193942228212
WT,apo,116,0,0,31.866635275927152,9.584809383079474
WT,apo,159,0,0,31.210508571043853,9.09319947166948
WT,apo,113,0,0,28.719007115086246,9.410269858393374
WT,apo,225,2,0,32.23890675868335,9.562167831462713
WT,apo,225,3,0,29.820602976445116,9.436018280642061
WT,apo,154,3,-1,29.554115230505907,-1.176671148583282
WT,apo,88,4,0,30.060767091246767,8.210154343342435
WT,apo,207,2,2,28.36144290308539,-3.4190321604094907
WT,apo,190,1,0,30.386349514563655,9.366278031234891
WT,apo,30,4,0,31.45607967895452,8.757285916379166
WT,apo,184,2,0,31.09962910395009,9.849488397430813
WT,apo,204,1,2,28.464900569656056,-5.036960221477267
WT,apo,212,1,-1,30.868785927739136,4.269982729700645
WT,apo,155,4,-1,29.36401901111525,2.964991399668014
WT,apo,39,0,-1,28.549469034193987,1.172003447678891
WT,apo,116,2,0,30.440402145201272,8.511624677016593
WT,apo,132,0,0,31.49792870101945,9.235471815532625
WT,apo,46,1,0,30.824561660908547,9.598059044835964
WT,apo,13,2,0,29.65085961773977,8.96208159977967
WT,apo,30,1,-1,29.301287884226166,1.4164126108700874
WT,apo,39,3,0,28.802558516628306,9.024646844474786
WT,apo,162,1,0,31.12715187716599,9.774444257941493
WT,apo,179,2,0,29.750603382589652,9.290389029314113
WT,apo,19,2,0,30.100069979800626,8.64723724342831
WT,apo,61,0,0,29.853707031729495,9.30979424724965
WT,apo,234,1,0,31.38681194867886,9.17315611876269
WT,apo,30,3,0,32.17279993628666,9.006072393832008
WT,apo,228,1,0,30.891263083755753,9.796005749316226
WT,apo,61,2,0,30.89617634206737,9.223786368342102
WT,apo,13,1,0,30.23229674139036,9.33371234240718
WT,apo,93,0,0,30.56503645415403,9.434599665587955
WT,apo,167,1,-1,-15.159249255486843,-1.456245311832817
WT,apo,135,1,0,30.09311269220127,8.988848218492825
WT,apo,209,4,0,31.041176353613483,9.349769711408726
WT,apo,45,1,0,31.051895170300774,9.064935342731221
WT,apo,207,4,0,29.875242121801403,9.052041107132846
WT,apo,207,0,2,27.78081123319545,-1.9176456640646076
WT,apo,30,2,0,31.909914198409506,9.920501583237908
WT,apo,64,1,0,29.365995840165297,9.269739735786725
WT,apo,186,3,0,31.412984903180504,8.645347681010097
WT,apo,13,4,2,28.284846931507907,-3.4099622208623015
WT,apo,93,1,0,30.345420777509844,9.172123566712177
WT,apo,207,3,-1,28.939017539566045,-1.135877690208735
WT,apo,204,3,-1,32.19742912934589,5.296771630357825
WT,apo,186,0,0,31.58863966811469,9.781798641809061
WT,apo,190,4,0,31.624014813571684,9.506469394395133
WT,apo,186,1,0,31.34999861961379,9.440931000277509
WT,apo,13,3,-1,29.36900550473778,0.48592753518677295
WT,apo,186,4,2,29.37335831167732,-5.462410051781525
WT,apo,33,0,0,31.18154816908322,9.296500326547882
WT,apo,30,0,0,32.421851232665915,9.056109478738618
WT,apo,33,4,0,29.9766404149005,9.047492374204438
H524L,holo,149,4,0,32.866841246017124,10.122953083756675
H524L,holo,230,2,0,31.095914678444625,9.39223192633016
H524L,holo,224,1,0,30.989400870286236,10.554957311227545
H524L,holo,63,3,0,31.465334070642797,10.155867608495294
H524L,holo,201,2,0,30.073019981529658,9.731917649350276
H524L,holo,55,0,0,30.80066015791232,8.364385358154001
H524L,holo,75,0,0,29.415425217044252,8.363298499156254
H524L,holo,8,4,0,29.709681615835947,10.218204261365502
H524L,holo,138,3,0,30.385381190928985,8.545403083333548
H524L,holo,160,0,-1,32.23631585554617,-9.444886455827112
H524L,holo,168,2,0,31.670669147897037,10.343044460846093
H524L,holo,82,4,0,31.3613449983856,9.258584005827196
H524L,holo,174,2,0,31.28833374097171,9.607392671852114
H524L,holo,122,1,0,30.2391176456934,9.059806103803183
H524L,holo,112,1,0,30.550583996232376,8.869143406278837
H524L,holo,189,1,0,31.738275471773374,8.9170593308963
H524L,holo,103,4,0,30.59379879495689,9.27202036275074
H524L,holo,80,0,0,29.70950015048013,9.67200261251846
H524L,holo,223,1,0,30.803288808504146,9.206491111998849
H524L,holo,191,3,0,30.456308918764247,9.588823832808801
H524L,holo,149,3,0,32.28305318676436,9.242180349316351
H524L,holo,172,4,0,31.346519837979326,10.515874288482438
H524L,holo,168,3,0,30.117467114822116,9.011518368428375
H524L,holo,49,0,0,31.867267137120955,8.872200587671676
H524L,holo,122,2,0,31.880818866095737,9.361598709713794
H524L,holo,250,0,0,30.25269675299428,9.48685873968758
H524L,holo,36,4,0,30.50500589564706,8.610909948290603
H524L,holo,167,4,0,30.500804266422218,9.335805760039104
H524L,holo,136,1,0,30.66378297310126,9.384351783379334
H524L,holo,178,2,0,30.444758736645202,9.098011364026272
H524L,holo,62,0,0,29.82627179580334,8.845499950170547
H524L,holo,151,3,0,30.016513529162292,8.204218675938606
H524L,holo,171,0,0,30.279873123692166,8.824206806581433
H524L,holo,99,2,0,30.817513556284222,8.548137581149046
H524L,holo,140,3,0,30.2218144095456,8.925658690332025
H524L,holo,105,4,0,29.37246328845832,8.581540747091598
H524L,holo,48,4,0,29.637127395439244,8.253201021243527
H524L,holo,39,4,0,30.92021519899231,9.167924427045635
H524L,holo,115,4,0,30.801132715152356,9.262532096728137
H524L,holo,76,4,0,30.467813863935707,9.72082871662495
H524L,holo,144,4,0,30.141002408853236,9.099499895271027
H524L,holo,227,4,0,30.382474505634296,7.912256593763079
H524L,holo,119,4,0,31.194157305637354,9.062782013023929
H524L,holo,175,0,0,30.627933699062726,8.337742337703322
H524L,holo,191,0,0,29.420426919421303,8.583369093275639
H524L,holo,63,0,0,31.130866425158754,9.444052230907358
H524L,holo,211,2,0,31.005484449658397,8.773300013991847
H524L,holo,82,0,0,31.06761376786269,8.024876571172275
H524L,holo,140,2,0,30.082939169049112,8.844042709810477
H524L,holo,82,3,-1,29.533797809249663,7.314044402051683
H524L,holo,198,0,0,30.015947092911368,8.652891274694703
H524L,holo,95,2,0,30.45597330254589,8.657241486856952
H524L,holo,171,4,0,29.570168957099334,8.491095985607705
H524L,holo,98,2,0,29.419447363822414,7.555874251925391
H524L,holo,45,1,0,31.400659240738864,8.209461730395478
H524L,holo,120,4,0,30.783333176551537,9.78116482571756
H524L,holo,23,2,0,31.505495942047357,9.009659786373206
H524L,holo,13,3,0,30.704945416811807,9.83056160646409
H524L,holo,245,0,2,31.43162121625641,-6.518598292893295
H524L,holo,149,2,0,31.03902041577417,8.97768155684775
H524L,holo,68,2,-1,31.983063040704323,-8.137885983731278
H524L,holo,212,2,0,31.37924519558842,10.217822953028236
H524L,holo,175,4,0,28.460202247287942,8.075940270040299
H524L,holo,250,2,0,30.41450698592634,8.740674201991098
H524L,holo,113,1,0,31.254900380558077,8.981323356448495
H524L,holo,89,2,0,31.433904366595876,9.79539656628732
H524L,holo,148,3,2,30.8542829628349,-6.521904514379223
H524L,holo,51,0,0,30.50304069807935,8.723660743803798
H524L,holo,231,3,0,30.086474787739437,8.292052243020638
H524L,holo,117,3,0,30.0098722773923,8.749480674153906
H524L,holo,44,2,0,29.46822022219008,8.545294358070555
H524L,holo,38,3,-1,31.80180656350635,-6.623803111335068
H524L,holo,223,4,2,30.668086490292758,-6.975742384119913
H524L,holo,188,4,0,32.328412572047654,9.38831338164605
H524L,holo,177,0,0,30.034837117440343,9.009968354755408
H524L,holo,131,0,0,29.54014084530455,8.76648900715377
H524L,holo,189,0,0,30.221080003526794,9.268442426074897
H524L,holo,124,3,0,30.557429841605178,8.967709172093379
H524L,holo,201,3,0,30.504871739535993,8.192887422523146
H524L,holo,27,3,0,31.083619021951623,9.334190955414194
H524L,holo,105,3,0,30.431723328974584,8.75666628466753
H524L,holo,124,2,0,29.705521457454683,8.52095878725264
H524L,holo,36,2,0,30.299452758391617,9.374988237178247
H524L,holo,239,2,0,29.473507841516746,8.751904222454524
H524L,holo,113,4,0,30.739412338359614,8.929527263264397
H524L,holo,4,3,0,29.2491346902798,7.836525793410632
H524L,holo,206,0,0,31.036510317980444,7.7976373902706015
H524L,holo,67,0,0,31.17292366027914,8.926627649269575
H524L,holo,84,1,0,29.999370469987188,8.934990725501278
H524L,holo,124,1,0,30.315283147330344,9.244737514106061
H524L,holo,169,2,0,30.776224017582294,8.34767667971902
H524L,holo,107,3,-1,28.347445048312753,6.192745232112849
H524L,holo,89,4,-1,31.12188066302969,4.989779878895545
H524L,holo,105,1,0,30.77628010960543,8.989798802116722
H524L,holo,121,2,0,30.001272805662754,8.666911668281207
H524L,holo,248,4,-1,27.548730507523985,6.970691235046559
H524L,holo,159,1,0,30.16149781190964,8.417657092892911
H524L,holo,26,4,0,32.36735199564263,9.871910942272764
H524L,holo,76,1,0,30.309048324736718,8.374154079445347
H524L,holo,52,2,2,30.948774912562012,-7.548032301101051
H524L,holo,91,2,0,30.331457424519396,9.379271140159016
H524L,holo,52,4,0,30.480141160295354,7.937847866485503
H524L,holo,166,3,2,31.01603531236118,-7.772870595849569
H524L,holo,155,2,2,31.4321649170341,-9.116879226377321
H524L,holo,26,0,0,30.76421413653244,8.811375543699794
H524L,holo,64,1,2,31.168370285406695,-8.166538658469415
H524L,holo,3,0,0,32.13181352282113,8.979816260522025
H524L,holo,81,0,0,31.179065525764155,8.648036362149343
H524L,holo,164,1,0,30.742918090337966,9.146977653929042
H524L,holo,188,3,0,30.68130235984896,9.571528698809722
H524L,holo,12,1,0,30.162242649094825,9.163724479966305
H524L,holo,154,0,0,30.28135209799706,8.47295778140646
H524L,holo,96,1,-1,32.029678334124014,-7.918336456812254
H524L,holo,29,2,0,29.560100220057784,8.668202575934489
H524L,holo,131,3,0,30.000166735904838,9.056668453966081
H524L,holo,21,3,0,30.631451019188095,8.802867064926472
H524L,holo,150,4,2,31.462905017172226,-8.311574125152339
H524L,holo,199,2,2,30.94788198703805,-9.553294566513033
H524L,holo,172,0,2,31.65629242354533,-6.993693232322556
H524L,holo,21,1,-1,31.673133056426288,-6.738184835916828
H524L,holo,205,1,2,30.577166617122366,-5.87593227921733
H524L,holo,1,3,-1,31.965370691139306,-7.37383588605258
H524L,holo,89,3,0,30.928619672667647,9.075052876472652
H524L,holo,66,0,0,29.484342261197487,8.61658100525119
H524L,holo,233,4,2,31.192756506159107,-8.038972400911153
H524L,holo,19,3,-1,29.29996333365099,1.7418200204457068
H524L,holo,69,2,0,30.177963651844692,9.18100488921774
H524L,holo,143,2,0,30.285463239448067,8.740440556102124
H524L,holo,147,4,2,30.8046159279281,-9.217175970454623
H524L,holo,76,3,2,31.306228953019236,-7.477302907889816
H524L,holo,172,1,0,31.730264579949836,9.195691079811503
H524L,holo,211,3,2,31.171440395641213,-8.002671146575805
H524L,holo,66,3,0,29.704102430236304,8.913147491058021
H524L,holo,145,3,2,31.553824314479265,-8.259721160919595
H524L,holo,37,0,2,31.718818654493006,-7.201005156023018
H524L,holo,120,2,-1,31.924439633305436,-8.246776870389487
H524L,holo,55,2,2,31.5384098806538,-7.968637181035294
H524L,holo,178,4,2,31.338733162512153,-7.49302922202673
H524L,holo,161,0,2,31.493618905520076,-7.716283854599225
H524L,holo,124,4,0,30.946739464675442,8.547949286148906
H524L,holo,106,2,0,30.95098245941962,8.808067102812833
H524L,holo,180,3,-1,32.08854335688248,-8.60607970104025
H524L,holo,126,2,3,28.473987862245853,-12.541544369335627
H524L,holo,212,1,0,29.769654831989484,8.686595190614012
H524L,holo,37,2,-1,32.084189649346804,-6.944240258545666
H524L,holo,43,4,0,30.338870822362782,9.402371942345638
H524L,holo,90,0,2,30.838592707369745,-8.574149664479112
H524L,holo,214,0,-1,32.006395155814545,-7.346201358408042
H524L,holo,41,1,0,30.278335916023636,8.861120197323146
H524L,holo,59,0,-1,32.09452276081709,-9.107852482651833
H524L,holo,119,3,2,30.47447733830292,-8.999420137871915
H524L,holo,126,3,2,30.231561200883476,-8.222128563826072
H524L,holo,39,0,0,30.441959104052284,9.107311006264
H524L,holo,193,2,2,30.886018134018215,-8.823227113235049
H524L,holo,5,3,0,30.579701234078986,8.264768418847444
H524L,holo,234,1,2,31.62128990595684,-8.675901121289211
H524L,holo,198,4,3,29.408930615798035,-11.999454774247399
H524L,holo,66,1,0,29.86138439490106,8.443013485071404
H524L,holo,212,3,0,31.092173475692757,8.06253476102549
H524L,holo,225,1,-1,32.0603062762508,-8.125208589938945
H524L,holo,187,1,-1,30.822503081713357,-10.714002402867818
H524L,holo,242,1,0,31.21964619676501,8.957766812001367
H524L,holo,145,4,2,31.01267155864153,-9.17299054612156
H524L,holo,52,3,2,29.45728188094095,-6.975344181964346
H524L,holo,11,0,2,29.80519049531683,-10.491904229161936
H524L,holo,27,0,0,30.642965821057047,8.077993582488132
H524L,holo,44,0,2,29.975828733858236,-8.738162579075336
H524L,holo,31,0,3,27.341606142275214,-10.934142811638061
H524L,holo,121,3,2,29.392148093940346,-8.781274987446833
H524L,holo,63,4,-1,31.85100493919038,-8.704313146605053
H524L,holo,203,1,2,31.775558072466954,-7.200878415879809
H524L,holo,40,2,2,31.255786517999965,-7.272020771489347
H524L,holo,124,0,2,30.29035260660831,-7.9624373606329195
H524L,holo,11,4,2,30.846042624638464,-6.585115196308238
H524L,holo,198,3,3,27.811834429030025,-11.219639169031153
H524L,holo,17,2,0,29.825272809501538,9.66679996697827
H524L,holo,138,0,2,29.998438858581018,-10.121155966378408
H524L,holo,64,3,2,30.278889266345203,-7.775868773335926
H524L,holo,31,1,2,29.55974552458102,-8.516577817186503
H524L,holo,154,3,2,29.499970831320812,-6.939102746625452
H524L,holo,111,4,2,30.068187551163327,-7.99881010831396
H524L,holo,147,2,2,29.29817490632923,-8.361755905516295
H524L,holo,119,1,2,29.641007152460663,-8.814146855425921
H524L,holo,31,2,2,29.455613210592258,-8.057706521696653
H524L,holo,198,1,2,29.84304524177559,-9.035345317745664
H524L,holo,222,0,-1,31.158661030124467,-10.29325653766857
H524L,holo,64,4,2,30.66003283311291,-7.922335829674837
H524L,holo,103,1,2,30.077826981829237,-7.116831078595055
H524L,holo,93,0,2,31.392494177511907,-6.401529981032418
H524L,holo,23,4,2,29.87181192829086,-6.731785634103109
H524L,holo,227,3,2,31.116769725341996,-8.016673274640143
H524L,holo,236,3,2,29.179362881027487,-7.280313148049484
H524L,holo,62,1,2,29.562481041723203,-7.2615419987935255
H524L,holo,133,1,2,30.140320360565877,-8.33279369141006
H524L,holo,66,2,0,30.77470074986295,9.589168577343735
H524L,holo,222,4,2,29.588208626823207,-8.488492136338323
H524L,holo,148,4,2,29.94575639945672,-7.563889839441563
H524L,holo,117,4,2,29.906712157136884,-8.007754286487936
H524L,holo,231,4,2,29.55841667164167,-7.817018665368323
H524L,holo,193,4,3,28.91406089258901,-12.27804385582984
H524L,holo,67,3,0,30.299378138327043,8.804829738368753
H524L,holo,17,4,0,29.462096366071556,8.751409422321897
H524L,holo,155,3,-1,30.3177469022189,-11.276788387306116
H524L,holo,16,0,2,30.781228061497867,-8.031821382603482
H524L,holo,245,4,2,30.393718797068033,-8.445696176381585
H524L,holo,171,2,3,29.099355936593433,-10.94941586812059
H524L,holo,142,0,0,29.982713293640533,7.858477372034263
H524L,holo,154,1,2,29.952023838853833,-6.562822122403236
H524L,holo,57,0,2,30.47601595162418,-9.40300938853925
H524L,holo,44,4,2,28.931986089399174,-7.888192647781259
H524L,holo,147,3,2,29.588888723528846,-6.475201766769636
H524L,holo,221,0,3,29.21445575848581,-12.198056983201107
H524L,holo,203,4,3,28.536530336538394,-12.481414496445346
H524L,holo,231,0,2,30.2551827550388,-5.566055136582678
H524L,holo,82,2,2,30.657059299437154,-7.648592313372979
H524L,holo,125,4,2,30.307773918922255,-6.980683858721393
H524L,holo,51,1,2,30.27292999630723,-8.15751248813376
H524L,holo,22,0,2,30.11301502275762,-8.171142370680908
H524L,holo,119,0,2,30.558347123612435,-9.135340132905892
H524L,holo,222,3,2,30.031726532456634,-8.089058874374516
H524L,holo,98,4,2,29.471396628289657,-7.9121945596045435
H524L,holo,119,2,3,29.335634289675053,-12.511695920726366
H524L,holo,211,4,3,28.574148748534956,-11.425286790770011
H524L,holo,223,3,2,29.880756048498263,-9.78628659427167
H524L,holo,34,0,0,30.369620720418393,9.056712560202742
H524L,holo,51,3,2,29.382245113837612,-6.573242723859536
H524L,holo,182,2,2,30.470693689843536,-9.015428494853065
H524L,holo,48,1,2,28.772114487720764,-7.443786000557439
H524L,holo,193,0,2,30.893129833473697,-7.529773448307653
H524L,holo,130,1,2,30.115196054404148,-9.673003780922395
H524L,holo,49,4,2,29.554832830947163,-6.988293565402825
H524L,holo,22,2,2,30.91424799349792,-7.900473062770775
H524L,holo,143,4,0,29.998780731834795,8.6333733573774
H524L,holo,157,4,3,28.73266918822176,-12.33228340926574
H524L,holo,133,3,2,30.34698707614901,-7.999360478580295
H524L,holo,199,4,2,29.404679568116332,-8.437120081923204
H524L,holo,9,0,-1,29.795776552682792,-10.921529347539456
H524L,holo,187,0,2,30.659098561420816,-8.430985448815226
H524L,holo,133,4,2,30.265697481405294,-9.767192834086426
H524L,holo,226,2,2,29.232629769072428,-8.281174363776834
H524L,holo,118,1,2,29.636851119331105,-8.0500219494501
H524L,holo,187,3,3,29.44279042767314,-12.462985137621619
H524L,holo,147,0,2,29.318488041368525,-7.575440020906185
H524L,holo,86,3,2,31.006963296319157,-8.92708885769507
H524L,holo,50,3,2,31.058699033480124,-6.772492379443532
H524L,holo,197,3,2,30.29297751469302,-8.06922307061502
H524L,holo,92,1,2,29.926323673265657,-5.506276235949332
H524L,holo,30,4,2,31.527344580970176,-7.977599973475599
H524L,holo,31,3,2,29.10388189128135,-8.537543023093944
H524L,holo,111,1,2,29.920625995928688,-9.140442376792004
H524L,holo,98,1,2,30.03935472417611,-8.55106224804127
H524L,holo,221,3,2,30.317041570854705,-8.93726926912323
H524L,holo,197,2,2,30.120309290128123,-8.824663475734367
H524L,holo,133,0,2,29.87571719889665,-8.63381399707724
H524L,holo,214,2,0,30.480849190473855,8.584291534453458
H524L,holo,62,3,2,29.948644303710047,-7.147790028782885
H524L,holo,38,1,2,30.06537371071609,-9.292519919095898
H524L,holo,100,1,2,29.58903076958933,-6.835903514980315
H524L,holo,82,1,2,29.87128405218719,-6.658516578894712
H524L,holo,226,4,3,27.866931239719786,-10.763411511540815
H524L,holo,120,1,-1,29.791567336862002,-10.940734718409306
H524L,holo,51,4,2,29.09235858332662,-5.558018309868496
H524L,holo,103,3,3,28.440035413840867,-11.094579417327038
H524L,holo,221,4,3,29.07469353494239,-12.313025839362329
H524L,holo,154,2,3,27.508317369681354,-9.96438172991935
H524L,holo,224,3,2,30.79857217888878,-7.136562334606072
H524L,holo,11,1,2,30.250808961674093,-9.195355310055271
H524L,holo,44,1,2,29.882949172681563,-7.452281422652908
H524L,holo,117,2,3,29.85912986529076,-12.537306969761572
H524L,holo,98,0,2,30.74760797146021,-5.9920828217790705
H524L,holo,5,0,2,29.44120631175765,-8.880287307581824
H524L,holo,221,2,2,29.7849977558178,-9.001909256526442
H524L,holo,137,4,2,30.50207888481917,-10.562379548877406
H524L,holo,129,1,3,28.656650145193474,-10.287026706281004
H524L,holo,237,4,2,29.935797821172653,-8.112601995345846
H524L,holo,240,3,0,31.116063953975182,9.17646947598888
H524L,holo,211,0,2,30.179022016710846,-7.142634717053802
H524L,holo,238,3,2,29.580322644968774,-9.159245469390259
H524L,holo,153,0,2,29.820007773437982,-8.546809576573956
H524L,holo,77,1,2,29.296416669211602,-6.416329554809824
H524L,holo,230,1,2,29.953937674590065,-5.114019586673408
H524L,holo,173,4,3,28.662533481872355,-12.283300565920168
H524L,holo,77,4,2,29.400374632542714,-6.83171857616277
H524L,holo,48,0,2,30.10374643025541,-8.426818345904923
H524L,holo,104,2,2,29.431866989328977,-8.339452521730346
H524L,holo,219,1,2,30.848153216883638,-9.550130372230786
H524L,holo,45,3,2,30.08218701114918,-10.012608264925635
H524L,holo,157,1,2,29.44981604758694,-8.647675266589385
H524L,holo,154,4,3,27.6228973771113,-10.887140636449704
H524L,holo,74,3,2,30.46789631219968,-8.41020047170065
H524L,holo,41,4,2,29.73932080363654,-5.9838040031944475
H524L,holo,163,0,2,29.342408620576112,-7.787261074824171
H524L,holo,195,0,2,30.249111253488728,-8.665732073367074
H524L,holo,24,1,2,30.608503238829346,-10.102259877235282
H524L,holo,17,1,0,31.98641067424175,9.203904173025816
H524L,holo,219,0,2,30.035023871600615,-8.175455295643186
H524L,holo,234,0,3,29.205941794696123,-12.429399917429057
H524L,holo,137,0,3,29.06720667427086,-12.05415241763978
H524L,holo,11,2,2,29.6744556502685,-7.917983013660326
H524L,holo,26,3,2,29.938406949529497,-6.490881923522196
H524L,holo,62,4,2,29.040127663921748,-8.20018292876098
H524L,holo,189,4,2,29.100797918650237,-7.968185786432483
H524L,holo,103,0,2,30.48539074462088,-7.548314239628557
H524L,holo,92,3,2,29.118743408957105,-7.0365546792807825
H524L,holo,84,0,2,30.063133843438255,-8.303705327939024
H524L,holo,93,3,2,29.60224658803971,-8.475258598549434
H524L,holo,249,1,2,29.752873814835386,-6.6431376525061365
H524L,holo,120,3,2,29.382848531785932,-8.143715790230454
H524L,holo,58,4,2,30.492691084425847,-9.094229636640142
H524L,holo,233,2,2,28.949210180093807,-8.613208024117988
H524L,holo,3,3,-1,32.04357383235087,-7.107142343333921
H524L,holo,4,4,2,29.27417401902379,-7.857981406345109
H524L,holo,56,1,2,29.552205910127494,-7.2202322501120655
H524L,holo,197,0,2,30.615200026671715,-7.398387226843291
H524L,holo,209,2,2,29.635618976033005,-8.704928243877921
H524L,holo,30,3,2,30.198176795029333,-7.951642347922308
H524L,holo,62,2,3,28.46489243553707,-12.623214105239985
H524L,holo,22,3,2,29.83593065478473,-9.09293041517152
H524L,holo,166,0,2,31.179374469743845,-9.226486531668147
H524L,holo,230,4,2,29.61716632301189,-7.081809351979183
H524L,holo,222,2,2,30.102270562610002,-8.74935400072798
H524L,holo,26,1,2,30.045537480091408,-7.689533572874317
H524L,holo,54,1,2,30.145622217417746,-8.168415088544357
H524L,holo,145,2,2,29.72967268891713,-9.375390310789825
H524L,holo,29,0,2,29.462816309967685,-9.68547100804779
H524L,holo,125,3,2,30.256968207018478,-8.06520151615766
H524L,holo,215,4,3,29.30177457366904,-12.6952240629277
H524L,holo,249,4,2,29.677978851326053,-6.326451265864289
H524L,holo,131,1,2,29.638584222177634,-7.2163205086543
H524L,holo,209,3,2,30.09661443098202,-9.263853556730202
H524L,holo,250,3,3,29.54435404818749,-12.16223292983155
H524L,holo,57,4,3,29.219036152553702,-11.93523029364515
H524L,holo,236,4,3,28.612507352833813,-12.854421157418265
H524L,holo,33,0,2,29.582444087761893,-9.343594160106678
H524L,holo,141,2,2,30.037541653630797,-8.329857956250777
H524L,holo,227,1,2,28.808159856245787,-9.282590310414129
H524L,holo,216,4,2,30.443304651206983,-9.030356952877431
H524L,holo,237,1,2,29.643269090824443,-9.098146411133808
H524L,holo,2,3,2,29.46297591166763,-6.159520942506433
H524L,holo,181,4,2,29.230065761277682,-7.758215029310148
H524L,holo,223,2,2,29.76987037686298,-6.292674297476055
H524L,holo,163,3,2,28.829975564855253,-6.624303219254709
H524L,holo,128,2,2,29.66408416003347,-3.9699222610206815
H524L,holo,215,2,2,28.969218029227534,-8.752085631647956
H524L,holo,9,2,2,30.745935586174884,-6.851339208354865
H524L,holo,28,0,2,30.52243683089251,-9.693580871483432
H524L,holo,15,3,2,28.912097099608097,-8.485578691611689
H524L,holo,199,1,3,27.842354126505015,-12.019838522343436
H524L,holo,11,3,3,28.622601873963774,-11.661061984607924
H524L,holo,18,2,2,28.333925340148276,-7.725256339127373
H524L,holo,99,3,2,29.33633347714261,-6.954874161620667
H524L,holo,126,4,2,30.32094636765597,-8.185470274666056
H524L,holo,12,3,2,30.58107975972495,-9.25613442914136
H524L,holo,132,3,2,29.88771365905487,-8.53974384966453
H524L,holo,84,4,2,30.559702799628262,-8.027744378405071
H524L,holo,72,0,2,30.624165647609093,-7.415047571964912
H524L,holo,68,1,2,30.41063473009058,-7.611271262933077
H524L,holo,198,2,3,27.829209999255536,-10.841325371347853
H524L,holo,194,0,2,29.860840935707284,-7.1758208046163325
H524L,holo,21,4,3,29.360549386216945,-12.650293194777317
H524L,holo,132,0,3,28.647911800920433,-11.73843918914429
H524L,holo,108,1,2,29.682735380628426,-8.519650273201126
H524L,holo,115,2,2,31.267612039115598,-9.630458007919243
H524L,holo,167,2,2,30.38220743992762,-7.364231196202259
H524L,holo,153,4,3,28.473680553323025,-12.004250838470023
H524L,holo,243,2,2,30.089082908632825,-9.754507577144565
H524L,holo,136,0,2,29.92794508306855,-7.859653292686323
H524L,holo,224,0,2,30.42014412291998,-8.190032209166576
H524L,holo,42,2,2,29.453743299754542,-8.404341368619136
H524L,holo,115,0,3,28.039640554124023,-11.711376691242174
H524L,holo,19,4,2,29.325085642907727,-10.496311538260363
H524L,holo,88,1,2,29.91546818508056,-7.421545069405438
H524L,holo,88,2,2,29.44217343186214,-9.793452599567228
H524L,holo,209,0,2,30.037997592058012,-5.8753566567709825
H524L,holo,54,0,2,29.535662962426017,-8.444370907121685
H524L,holo,108,4,3,28.57589110950336,-11.69966037676612
H524L,holo,130,3,2,29.152221848083375,-8.209891901494554
H524L,holo,144,3,2,29.210311486118005,-6.502638195532535
H524L,holo,150,3,2,29.498718333525524,-8.96165183435119
H524L,holo,185,2,2,29.89321550072623,-7.550840253052759
H524L,holo,1,2,3,28.95486790666693,-11.680773973655338
H524L,holo,213,0,2,30.029190604379266,-8.957408000678077
H524L,holo,152,3,2,29.662238404139,-10.043236928579786
H524L,holo,219,2,2,30.685055905486074,-9.653330534054787
H524L,holo,132,1,3,28.322241491502933,-12.786182672802516
H524L,holo,241,1,2,30.10457791168567,-9.432921463461463
H524L,holo,7,3,2,29.238820332219973,-7.891090674772266
H524L,holo,25,4,-1,30.732326698920158,-10.518806950231966
H524L,holo,149,1,2,28.74645351318005,-2.671634879240209
H524L,holo,200,0,2,30.137474574496025,-8.708085282482532
H524L,holo,92,4,2,30.00011236839408,-7.254456742987026
H524L,holo,39,3,3,28.375147963348965,-11.373905710627282
H524L,holo,208,2,2,30.03020362517858,-7.6683843409783465
H524L,holo,39,2,2,29.13564860786769,-7.232227846929352
H524L,holo,67,4,2,29.071311513509457,-8.601440580546777
H524L,holo,213,3,2,29.53878123445246,-8.64501216579913
H524L,holo,144,0,2,29.11012594765773,-6.606996726669564
H524L,holo,142,4,2,29.424827315521974,-7.6957905741736115
H524L,holo,109,2,2,30.908593369556105,-8.40546815073869
H524L,holo,143,0,2,30.126898484944732,-6.69937571417889
H524L,holo,216,2,2,30.99936601087905,-8.901091414827803
H524L,holo,176,4,2,29.37213083606691,-6.6194922373631675
H524L,holo,10,0,2,30.32178254803255,-8.180312710965788
H524L,holo,136,3,2,30.368791148019476,-8.552066532186652
H524L,holo,60,4,2,29.30951481056123,-7.37961138366584
H524L,holo,137,3,-1,29.06111482807866,-10.428560139176243
H524L,holo,117,1,3,27.693722145700306,-11.87764778950379
H524L,holo,55,1,2,30.299547551327702,-9.48603580826778
H524L,holo,32,4,2,30.389848725213053,-6.114044804877781
H524L,holo,100,3,2,28.685642775019264,-7.009847343200053
H524L,holo,22,1,2,29.98280123420583,-8.879439619898085
H524L,holo,33,4,2,30.333497369540936,-8.97799488213965
H524L,holo,39,1,2,30.25936295713416,-7.743104714015702
H524L,holo,48,3,2,30.127975272858126,-6.931254733977802
H524L,holo,111,0,2,29.905391207579928,-8.300569630583453
H524L,holo,15,2,2,29.762187746340004,-7.482745665267619
H524L,holo,130,2,3,27.553529002813924,-10.266088145303081
H524L,holo,171,3,2,29.488329106949724,-8.369011929348066
H524L,holo,180,0,2,28.787298644599296,-7.228121811076356
H524L,holo,64,0,2,29.82968072443599,-8.946783610588078
H524L,holo,134,3,2,30.192303495616404,-9.38817057013055
H524L,holo,246,1,3,28.40880392020634,-11.941452424012365
H524L,holo,186,3,2,30.36039348311122,-8.775503997159806
H524L,holo,193,1,3,28.118769052535725,-11.269996875965901
H524L,holo,153,2,2,29.600400063662548,-9.00526275126648
H524L,holo,203,3,3,28.875293328570514,-12.18203492987515
H524L,holo,200,3,2,30.37276388763776,-8.160564313084524
H524L,holo,68,4,2,30.00945108662446,-6.936428817381286
H524L,holo,232,2,2,30.762359872262735,-7.00006557377837
H524L,holo,223,0,2,29.51620056363312,-7.6074869246039
H524L,holo,143,3,2,29.165493587904677,-7.279675998860486
H524L,holo,225,0,2,30.552913033103685,-7.463558498259685
H524L,holo,23,3,2,29.9581692800775,-7.5864671082067066
H524L,holo,170,0,2,29.44661259814137,-7.175844678732672
H524L,holo,92,2,2,29.710054459687512,-7.894396064348346
H524L,holo,195,2,2,30.162063797124357,-9.133375071313829
H524L,holo,231,1,2,29.99396267271286,-5.579601052640777
H524L,holo,138,1,2,30.09507892326691,-7.108274357888854
H524L,holo,87,0,2,30.15894212939238,-8.729065381208688
H524L,holo,60,2,2,29.093844725816226,-7.210467581435243
H524L,holo,243,1,3,29.094581030920235,-11.641971307748669
H524L,holo,117,0,2,30.179778698129965,-9.049703103384644
H524L,holo,23,1,3,28.741338125801537,-11.635178301273653
H524L,holo,71,3,2,29.37172483196392,-8.19271831183454
H524L,holo,33,3,2,30.420820180224187,-8.991482438520455
H524L,holo,226,0,2,29.266376544567304,-9.3963035709201
H524L,holo,183,1,2,30.434302886414546,-8.07473778275262
H524L,holo,118,2,3,29.390848895362517,-12.64827498947323
H524L,holo,191,2,2,28.786559489533147,-4.470421724516224
H524L,holo,36,0,2,29.705417183028683,-7.956260070576158
H524L,holo,219,4,2,28.90946752912499,-8.738510212039536
H524L,holo,6,0,2,29.82094254582243,-7.332755344982083
H524L,holo,244,1,3,28.288223757561873,-13.107404884383055
H524L,holo,125,2,2,30.919699049322613,-9.305201084632113
H524L,holo,205,4,2,30.093675128940525,-7.354553484422534
H524L,holo,64,2,2,30.086083609973386,-8.14354881703866
H524L,holo,227,0,2,29.729259222384446,-8.91031179521452
H524L,holo,90,4,2,29.483366911287497,-8.773342361515677
H524L,holo,169,3,2,29.725886953792497,-6.538592786969553
H524L,holo,163,1,2,29.482226880866317,-8.036403414836393
H524L,holo,75,4,3,28.06153940819735,-10.244652992427843
H524L,holo,52,1,3,28.738601991969585,-12.194357458575382
H524L,holo,166,1,2,29.288145200482806,-9.414583667502217
H524L,holo,217,2,2,30.365740665211884,-8.656455895614185
H524L,holo,54,4,3,28.182179235111647,-11.880467609140442
H524L,holo,72,1,2,30.292130294069626,-7.9878854918855495
H524L,holo,218,3,2,30.694311070563476,-8.096847319518504
H524L,holo,54,3,2,28.829152788284393,-7.6807336631283425
H524L,holo,38,2,2,29.854600438060295,-9.03305189549874
H524L,holo,170,4,3,29.0087349434038,-12.116532190006936
H524L,holo,190,2,3,28.252246120808564,-12.234340682873166
H524L,holo,239,4,2,28.990533759782178,-10.096605883361148
H524L,holo,245,1,2,29.604998029628195,-7.494370704419961
H524L,holo,129,3,2,29.63843774312304,-7.636717447139952
H524L,holo,130,4,3,27.5956146791797,-12.223034026905728
H524L,holo,23,0,2,30.477208187672286,-7.503515344685059
H524L,holo,113,0,2,28.627239467268023,-6.497171131228543
H524L,holo,6,4,2,30.054353556574124,-8.983323472094233
H524L,holo,51,2,2,29.37842699795945,-7.976102255263493
H524L,holo,18,0,2,29.8703597757956,-8.29007744172683
H524L,holo,187,4,3,27.83612168003021,-10.254168634744355
H524L,holo,189,3,2,28.92091460689662,-5.965643491745151
H524L,holo,204,4,2,29.67037484324827,-9.031356483516813
H524L,holo,52,0,3,27.739625774564434,-11.09271016830052
H524L,holo,176,3,2,29.26703596937989,-7.551030078302473
H524L,holo,12,0,2,29.399105162051136,-7.780368523392358
H524L,holo,61,2,2,30.792894233311436,-10.145288076942842
H524L,holo,191,1,2,28.242602724865915,-6.043381128021453
H524L,holo,92,0,2,29.109939392731434,-5.866981455454343
H524L,holo,217,0,2,29.37929866663703,-6.563465963031054
H524L,holo,217,4,3,27.73226058818161,-11.351558721470099
H524L,holo,157,2,2,30.040055495343445,-8.825521346669207
H524L,holo,102,2,2,29.60891316641398,-7.992010707807989
H524L,holo,112,0,2,30.44399114229599,-9.567015876811709
H524L,holo,90,3,2,30.867302052437424,-8.79595723829333
H524L,holo,38,4,2,29.256752023956658,-8.406201770785248
H524L,holo,31,4,3,27.233262103753134,-10.081428701429003
H524L,holo,74,2,2,29.356319965881266,-8.369372912387162
H524L,holo,83,4,2,28.730485373498215,-8.995219192904772
H524L,holo,1,4,2,30.15311742092514,-9.521966842353544
H524L,holo,128,3,2,29.55169155159178,-7.969385634178765
H524L,holo,40,3,2,28.749451836138356,-8.448240345531085
H524L,holo,161,3,2,30.783350262495254,-9.0318458258327
H524L,holo,130,0,2,30.28430634590064,-9.287525873193545
H524L,holo,7,4,2,29.31942287369343,-7.0463614662179905
H524L,holo,42,1,2,29.468279554612753,-8.230967682247606
H524L,holo,218,2,2,30.151698901467224,-9.06926200995574
H524L,holo,115,3,3,28.83772051903885,-12.626339666795957
H524L,holo,81,1,2,29.499104003420985,-9.067686994451552
H524L,holo,221,1,2,30.32551640098454,-9.883977157416513
H524L,holo,67,2,2,30.135899042815115,-7.398089010477153
H524L,holo,197,1,3,27.87363106267983,-11.391022574067796
H524L,holo,242,3,2,30.779091275031927,-7.933464872673462
H524L,holo,60,1,2,29.547739368412785,-5.472728394967416
H524L,holo,6,1,2,30.20896969986197,-5.847297935345124
H524L,holo,72,3,2,29.793656686903727,-8.596219447754546
H524L,holo,200,1,2,29.77277346988683,-7.419088812034723
H524L,holo,155,1,2,31.174377277007707,-7.043809240072668
H524L,holo,203,2,2,29.744458324348816,-9.039081178185187
H524L,holo,197,4,3,28.054266635786433,-11.790069155275049
H524L,holo,122,3,3,29.03250946202763,-12.052375909054593
H524L,holo,104,0,2,29.375200591554066,-7.132400066064323
H524L,holo,167,3,2,29.418899758297847,-7.797262715078561
H524L,holo,22,4,2,30.94776357197747,-8.295645191728495
H524L,holo,98,3,3,28.701609128424714,-12.129442132803288
H524L,holo,162,1,2,30.154174558701424,-7.465477331219886
H524L,holo,76,0,2,30.12541648224129,-7.647258360015353
H524L,holo,216,1,2,29.460352854081005,-7.657950171809271
H524L,holo,158,1,2,29.082290594904,-5.815369438439505
H524L,holo,227,2,2,29.51578311190514,-7.181222556187715
H524L,holo,201,0,2,29.60974056556841,-6.126689469783587
H524L,holo,226,1,2,30.70511606403307,-7.534279180310875
H524L,holo,244,4,2,30.54453657305886,-9.282589842795456
H524L,holo,10,2,3,27.474830329001417,-12.333649237295955
H524L,holo,77,2,2,29.312710477058054,-7.689307280177306
H524L,holo,215,0,3,28.90334294409629,-12.308996045570257
H524L,holo,108,2,2,30.653658168013475,-5.818650198939674
H524L,holo,141,3,3,29.077644933703862,-12.217713040361177
H524L,holo,144,1,2,30.090868171247667,-8.795645949131337
H524L,holo,100,4,2,30.198230392389934,-8.037032383542305
H524L,holo,91,4,2,29.932472011437426,-7.818863188312811
H524L,holo,81,4,2,29.157881365439827,-7.616503321249271
H524L,holo,209,1,2,29.95613152343568,-8.432536725373216
H524L,holo,28,1,2,30.284871655528494,-8.884353231524003
H524L,holo,148,1,3,28.98395739215406,-11.769375677334896
H524L,holo,24,3,2,29.865204307694817,-6.626151222716505
H524L,holo,186,1,2,29.050578504433734,-5.945170560626006
H524L,holo,248,1,2,30.77337335330167,-8.57333944708275
H524L,holo,88,4,3,28.197385815157354,-11.370375154818806
H524L,holo,7,0,2,29.89770133828957,-9.792685929679656
H524L,holo,94,3,3,28.010376042240704,-11.178737891003289
H524L,holo,172,2,2,29.473030432742075,-7.31526855119245
H524L,holo,233,1,2,29.34709674833359,-8.36783783686056
H524L,holo,61,3,2,29.071904307198384,-6.951224058984759
H524L,holo,228,4,2,29.609398337988708,-8.640871808566784
H524L,holo,229,1,2,30.385304839216246,-8.959375089951013
H524L,holo,104,3,2,29.976934712220636,-8.653377103462047
H524L,holo,145,1,3,28.609433424085793,-12.49042616939745
H524L,holo,19,0,2,30.008719843566077,-8.80137689196766
H524L,holo,87,2,2,29.197942166859256,-9.294710344393904
H524L,holo,203,0,2,30.00986134420029,-8.642900931886908
H524L,holo,238,1,2,28.974571324803435,-7.688247710749629
H524L,holo,235,0,2,29.473212780483315,-7.964319793627634
H524L,holo,237,2,2,29.980470028445627,-8.77912259292476
H524L,holo,157,0,2,29.684170057962056,-7.309202886125646
H524L,holo,215,1,3,28.9476417603114,-12.865178857063524
H524L,holo,237,3,3,28.90884124664167,-11.35222903262179
H524L,holo,136,2,2,29.408921396167887,-6.717490102809436
H524L,holo,120,0,3,27.100902168168165,-10.358892089722909
H524L,holo,241,0,2,30.099713032366065,-8.25683238243394
H524L,holo,102,3,2,29.759055233668658,-6.993986033434454
H524L,holo,153,3,2,30.539144954297324,-10.312792979131869
H524L,holo,112,2,2,30.08170574944266,-9.761476557979147
H524L,holo,67,1,2,29.139523243526146,-5.581869169465256
H524L,holo,70,3,2,30.43030162942622,-7.79096405265849
H524L,holo,42,3,2,30.0057805634349,-8.136327927514685
H524L,holo,138,2,2,29.405190174882424,-8.985072092383406
H524L,holo,137,2,2,30.282637443804745,-9.683026490159705
H524L,holo,88,0,3,28.28400816429687,-10.488706675235077
H524L,holo,150,0,2,30.486651776992268,-8.337623109758383
H524L,holo,107,4,3,27.226233786813726,-10.10753598661535
H524L,holo,95,1,2,29.045879116006812,-8.51497076835519
H524L,holo,177,2,2,31.009746871823108,-9.46931944434164
H524L,holo,163,4,2,29.926220680817583,-8.385542115635696
H524L,holo,167,1,2,30.84085227957516,-9.187041681468639
H524L,holo,16,4,2,30.00882058943996,-6.662520428433376
H524L,holo,229,0,2,29.817355643775947,-7.509250381138527
H524L,holo,181,0,2,29.11312661060161,-6.574558401804195
H524L,holo,43,3,2,28.854217450248093,-8.800339652055394
H524L,holo,236,1,3,26.638050075725484,-9.895024981254734
H524L,holo,212,0,3,28.628253903112753,-12.39866997923416
H524L,holo,73,2,2,30.037461009058102,-8.66308988731943
H524L,holo,54,2,-1,29.61524139829307,-10.7295001639775
H524L,holo,163,2,2,29.98047251717317,-5.886763009245468
H524L,holo,194,1,2,30.473309146092042,-9.734668302714901
H524L,holo,127,4,3,29.17033826091154,-12.345296747324419
H524L,holo,239,0,2,29.531775670019684,-7.736640252894664
H524L,holo,239,1,2,29.5786695822505,-7.528453484152531
H524L,holo,128,4,2,29.10170065721433,-9.079224538596641
H524L,holo,185,4,2,30.011854095340837,-8.354490927114753
H524L,holo,189,2,2,28.892590857771165,-7.488102837850387
H524L,holo,74,1,2,29.664171922910562,-7.199586662675706
H524L,holo,4,1,2,30.008005157419102,-7.584219641681902
H524L,holo,201,1,2,29.373199389178726,-8.355032571927895
H524L,holo,178,0,3,27.834906491905134,-11.611485102438284
H524L,holo,75,2,2,30.814918778340388,-9.799339293334508
H524L,holo,77,0,3,27.33999281086048,-11.507533155444698
H524L,holo,186,4,2,29.355808488976095,-7.704918414353612
H524L,holo,48,2,2,29.477915638002816,-6.213668722847948
H524L,holo,234,2,2,30.596622563045578,-9.548032288051687
H524L,holo,224,2,3,29.18246421620586,-12.564591204019411
H524L,holo,13,1,2,29.689697404144624,-8.59463776473446
H524L,holo,36,3,3,28.79461250348089,-10.985597533590328
H524L,holo,40,4,2,30.45837695628277,-8.484539301494088
H524L,holo,165,1,3,29.729371199534828,-12.033293797296693
H524L,holo,188,0,3,27.12474481175486,-9.690867583645298
H524L,holo,133,2,3,26.89725712393653,-11.085372264859561
H524L,holo,136,4,2,29.306662296115622,-7.720301367500099
H524L,holo,59,3,2,30.281671189102948,-7.864646719677637
H524L,holo,10,3,2,29.958467509821258,-8.393355178734144
H524L,holo,230,0,2,29.32920628245839,-6.774833246274218
H524L,holo,127,2,2,30.37881843201022,-7.62724147533598
H524L,holo,243,4,2,30.030633328848808,-9.98462046121708
H524L,holo,173,0,3,27.54484997007294,-10.35461818766222
H524L,holo,72,4,2,30.470418547936642,-7.9799418323971105
H524L,holo,95,0,3,28.784626411905627,-11.998555376169234
H524L,holo,157,3,3,28.572815646913593,-11.519180773837093
H524L,holo,171,1,2,29.590682965176686,-5.932379183575278
H524L,holo,81,2,2,29.626703572624113,-5.775329500663943
H524L,holo,152,2,2,30.022695633576912,-8.849388491058988
H524L,holo,56,4,2,29.894998136689246,-9.290199572035446
H524L,holo,218,1,2,28.24513865781602,-8.560884838494903
H524L,holo,33,2,2,29.51128902505692,-9.51146953755153
H524L,holo,41,2,3,27.960785365042984,-11.079710104678574
H524L,holo,182,3,2,30.93640878925791,-8.35669082153177
H524L,holo,16,3,3,28.853591026091106,-12.076513234489271
H524L,holo,30,0,2,30.988047571398596,-7.1244473968339666
H524L,holo,193,3,3,28.82691913559563,-12.543497187812495
H524L,holo,107,1,3,28.583224554747073,-12.883662776154999
H524L,holo,6,3,2,30.047561845977132,-8.24606772237465
H524L,holo,50,0,2,29.55788453201302,-7.178982494367223
H524L,holo,121,4,2,29.251955594329058,-7.791287871398236
H524L,holo,38,0,2,29.406242751506465,-8.863298792054785
H524L,holo,158,3,3,29.012647876447417,-12.079172715394472
H524L,holo,213,1,3,29.292647736271118,-11.871914587584198
H524L,holo,139,0,2,29.509050644799984,-8.25474790487372
H524L,holo,168,0,2,29.088627281480136,-6.1686173530315775
H524L,holo,45,0,2,31.044519311267155,-10.188848155097006
H524L,holo,45,2,3,27.90732475399331,-10.62061500440483
H524L,holo,214,3,3,28.39816497226195,-11.48994056629535
H524L,holo,91,3,2,30.055182505814894,-7.3136803898998295
H524L,holo,26,2,2,28.790936413194327,-6.214005396522576
H524L,holo,195,1,2,29.667795400375493,-6.270576296836814
H524L,holo,216,0,2,29.16865672004998,-8.985762076375577
H524L,holo,28,4,2,30.222997853653276,-9.143740364429313
H524L,holo,5,2,2,30.100349485200255,-8.06944451723287
H524L,holo,139,3,2,30.27292155511178,-6.75921890533788
H524L,holo,20,0,3,29.230430422611473,-12.016804926792826
H524L,holo,16,2,2,29.474505515020095,-8.073907959731756
H524L,holo,118,4,2,30.499264650841166,-7.046988721894685
H524L,holo,108,0,2,30.04412712921828,-8.469102080057024
H524L,holo,199,0,3,27.65180641659895,-12.849037679265304
H524L,holo,228,0,2,29.838977390745544,-7.4863299216804515
H524L,holo,41,3,2,29.733459474206285,-7.8742249452901305
H524L,holo,243,3,3,29.257120106453606,-12.759674721877197
H524L,holo,195,4,2,30.359250597616423,-8.24712540510861
H524L,holo,24,2,2,29.822935194179927,-8.533267395908897
H524L,holo,202,4,2,29.74048849116084,-7.920111627251373
H524L,holo,228,2,2,30.74689273534507,-8.62497840008935
H524L,holo,166,4,3,28.078082754887397,-11.968685981282695
H524L,holo,80,1,2,29.84035587414166,-7.460284409045969
H524L,holo,245,3,2,29.582924487979355,-6.79120629154399
H524L,holo,13,2,2,29.381998796553027,-10.13642736778432
H524L,holo,217,1,2,29.984946925758017,-7.678515969821063
H524L,holo,184,2,3,29.04578829297192,-12.000634478201638
H524L,holo,77,3,2,29.686751923414207,-7.6566894471915
H524L,holo,15,1,2,29.480286278963302,-6.728183450236019
H524L,holo,169,0,2,30.199802065129052,-7.208122676285687
H524L,holo,61,4,3,29.392249363766663,-12.708319865989965
H524L,holo,168,1,2,29.286167535067023,-6.060360030693991
H524L,holo,123,2,2,29.873499721444375,-8.971836562814307
H524L,holo,210,4,2,30.642389551657452,-7.485320682857426
H524L,holo,2,2,2,29.506295644701286,-7.754723772682347
H524L,holo,25,1,2,29.904009429895144,-9.870241416001356
H524L,holo,217,3,3,27.73736461776726,-10.373352162525403
H524L,holo,114,3,2,30.23827057165708,-9.13129603364068
H524L,holo,173,2,2,30.17506552275331,-8.070176274522694
H524L,holo,1,0,2,29.51067882231878,-7.807380731594792
H524L,holo,152,4,2,30.258026951872793,-8.01796524029325
H524L,holo,106,1,2,30.03393615608194,-7.636413265978626
H524L,holo,204,3,2,29.200307253823176,-8.432937569612479
H524L,holo,249,2,2,29.464626784471037,-6.451244706038916
H524L,holo,42,0,2,30.244558106751757,-8.422246408931993
H524L,holo,128,0,2,29.622464793313842,-5.644155531381319
H524L,holo,110,0,2,29.01066663410916,-9.256656852256288
H524L,holo,145,0,2,30.512414608284974,-7.191069099353642
H524L,holo,129,0,2,29.813028226144798,-6.864316900417057
H524L,holo,222,1,3,28.959984098596426,-12.957343446266123
H524L,holo,14,0,2,31.291383832809583,-7.058514337907191
H524L,holo,237,0,2,29.320753081234876,-8.22928740946896
H524L,holo,172,3,2,29.589883403696565,-7.035859450445757
H524L,holo,25,2,2,29.97412530106289,-9.135669827934612
H524L,holo,106,3,2,29.51610298026338,-8.28297854885196
H524L,holo,174,4,2,30.31650025157434,-8.713767504045117
H524L,holo,177,4,3,28.751962219363058,-11.869085598549505
H524L,holo,9,1,3,29.858247667127507,-11.924095648726077
H524L,holo,5,1,2,29.465955903892137,-5.455100067270441
H524L,holo,164,2,2,29.92000879910757,-8.508387083638828
H524L,holo,78,0,3,28.79043673635398,-12.061924886653093
H524L,holo,56,0,2,29.919191667256406,-7.278979184633882
H524L,holo,242,0,2,30.8859840662863,-6.8477531435272985
H524L,holo,226,3,2,29.22780874688058,-6.750155874795625
H524L,holo,125,1,2,29.373074761270097,-7.602706600334515
H524L,holo,37,3,2,28.85039667672703,-7.812227168973833
H524L,holo,28,3,2,30.28702243010907,-7.772450521028172
H524L,holo,230,3,2,30.110909462562738,-6.213469941144628
H524L,holo,112,3,3,29.021058332484643,-12.85460092977561
H524L,holo,220,4,2,29.812607168720113,-9.647300125133842
H524L,holo,57,1,2,29.886176320514984,-9.52693558941022
H524L,holo,95,3,2,29.833187209491367,-7.19541363042737
H524L,holo,55,4,2,29.754330762514726,-8.973113627101661
H524L,holo,24,0,2,29.359978746059017,-9.252927097225438
H524L,holo,34,4,3,29.647279121875936,-12.57066671945517
H524L,holo,15,4,2,29.621489396932457,-8.743349792664455
H524L,holo,34,3,2,29.434228351918147,-6.6746329501900945
H524L,holo,19,2,2,30.736315546327628,-8.827988059772247
H524L,holo,134,0,2,29.91959786032105,-9.423440352710895
H524L,holo,1,1,2,29.70287231550418,-8.110352601256961
H524L,holo,156,2,2,29.934274857061663,-7.423985973011485
H524L,holo,141,1,-1,31.827949552638035,-9.811353210020243
H524L,holo,108,3,-1,30.351669072947516,-11.049559434284356
H524L,holo,115,1,2,29.913140043417854,-7.295221010925775
H524L,holo,109,4,2,29.41458108558571,-8.567551163247149
H524L,holo,40,1,2,30.748199751993095,-9.241882484112757
H524L,holo,37,4,2,28.46251159303068,-9.552802465582033
H524L,holo,165,2,2,29.130224810783986,-8.354203474626704
H524L,holo,170,1,2,28.809187584473918,-8.474972101188461
H524L,holo,83,0,2,28.299273388159122,-7.311734663082633
H524L,holo,199,3,2,30.20512867772609,-9.237252536138742
H524L,holo,35,1,2,30.13769351255211,-9.674727542517196
H524L,holo,181,1,2,29.089031991082354,-7.157084719720112
H524L,holo,88,3,2,28.763021645934955,-7.93427453959943
H524L,holo,4,2,3,27.012223313305523,-10.314813139241242
H524L,holo,225,4,2,29.355410093472724,-9.577522051678907
H524L,holo,196,0,2,29.422452754081153,-7.513083686656127
H524L,holo,174,1,2,31.016999674544735,-7.652173571953993
H524L,holo,162,2,2,30.44893487449984,-8.065476562076064
H524L,holo,99,4,2,30.286420671995558,-8.050442127331463
H524L,holo,47,0,2,30.70647427022295,-9.138289002361235
H524L,holo,250,1,2,29.879504538668435,-8.492547959202739
H524L,holo,243,0,3,27.562935987207744,-10.649889747019362
H524L,holo,68,0,3,27.476606289151302,-10.560951766019278
H524L,holo,58,2,2,28.75841249190035,-7.75987539667949
H524L,holo,185,0,2,29.90058827069959,-8.077075588654827
H524L,holo,141,0,2,29.74346554360015,-7.8074565328736965
H524L,holo,187,2,2,29.97377815686911,-8.2359239657511
H524L,holo,152,0,2,29.06032280891602,-9.253779277463384
H524L,holo,204,1,2,29.5941855371754,-7.309676103100363
H524L,holo,205,2,2,29.154476223233857,-7.952239706811141
H524L,holo,228,3,3,28.52616162522195,-12.397312406791068
H524L,holo,249,3,2,28.201577551716966,-7.099285697390942
H524L,holo,49,1,3,27.379307503771507,-10.574363334895828
H524L,holo,139,2,2,29.200752846663683,-8.316775188941731
H524L,holo,25,3,3,28.815969037061148,-11.782583251672845
H524L,holo,57,2,2,29.025987102269603,-8.539753804456247
H524L,holo,194,2,2,29.64215114906452,-7.943382656464692
H524L,holo,47,3,2,29.006057067447188,-8.144586496936592
H524L,holo,178,3,3,29.757965641560457,-11.662905998040861
H524L,holo,114,1,2,30.147945683370285,-10.149472268865859
H524L,holo,229,3,2,28.904058128558702,-7.642268965975449
H524L,holo,58,0,2,29.473221696518493,-7.949963114557174
H524L,holo,242,4,2,29.991161843425175,-7.976973600434853
H524L,holo,20,4,2,29.931390843120607,-8.454402604323136
H524L,holo,239,3,3,27.79119904725372,-10.549937195566033
H524L,holo,232,4,2,29.056567691622668,-8.427339239445725
H524L,holo,236,2,3,28.362567627438562,-11.993735973669237
H524L,holo,103,2,3,26.61833590959318,-9.98876149117044
H524L,holo,220,2,3,28.40581175533612,-11.40907715438143
H524L,holo,234,3,2,29.636879418085684,-8.143214130284344
H524L,holo,8,0,2,29.476349907835807,-7.69775283262653
H524L,holo,233,0,2,29.044372358736926,-8.005856957083466
H524L,holo,149,0,2,28.636541563357422,-6.425922018719142
H524L,holo,123,4,2,30.944609331400574,-9.035629626319778
H524L,holo,160,2,2,29.607552716861694,-10.481301114539091
H524L,holo,90,2,3,28.420203681474977,-11.309872572466407
H524L,holo,30,1,2,28.57186826255826,-7.464381750738489
H524L,holo,46,2,3,29.712519666365743,-11.172532544305426
H524L,holo,12,2,2,29.266320278698558,-8.389391423925234
H524L,holo,126,0,2,29.016155869465596,-8.346975726514055
H524L,holo,240,4,3,28.514531826695173,-11.749997930680438
H524L,holo,192,0,2,29.633204761216383,-7.499286925929779
H524L,holo,188,2,2,28.688081724868432,-6.49935036698739
H524L,holo,35,2,2,30.791282349918532,-5.7536809232871065
H524L,holo,201,4,2,28.73979091055066,-8.271929765091734
H524L,holo,159,4,2,29.629015166041032,-6.78425334645671
H524L,holo,114,0,2,30.420810729919477,-8.068481906575013
H524L,holo,60,0,2,29.739534021656045,-7.45518031948193
H524L,holo,188,1,2,29.863018438517933,-4.613746879848596
H524L,holo,13,4,2,30.23647220860991,-7.949964732067961
H524L,holo,207,0,2,30.721897093905294,-9.592576760692971
H524L,holo,129,2,2,29.633683649558684,-7.455549939169442
H524L,holo,218,0,3,30.023548008901624,-12.858946390978463
H524L,holo,27,1,2,30.614011344532432,-7.700514055508421
H524L,holo,213,4,2,29.24690248174574,-7.585121722232824
H524L,holo,220,3,2,28.790399079610392,-6.467103584243665
H524L,holo,89,1,2,28.862596124330068,-8.028603490241101
H524L,holo,140,0,2,28.24874893836271,-7.815187656424639
H524L,holo,57,3,3,28.525417942795173,-12.629905623330345
H524L,holo,246,0,2,30.127588438253134,-9.269883868019198
H524L,holo,70,1,2,30.359798864390545,-8.730065109712427
H524L,holo,236,0,3,27.683121075074364,-10.891970015265443
H524L,holo,176,0,2,29.350132498827417,-6.553418977813213
H524L,holo,128,1,3,28.203196429717188,-11.680796363020702
H524L,holo,5,4,2,30.766468940484046,-6.44240849100057
H524L,holo,238,0,2,29.4943768292707,-7.904471833347341
H524L,holo,155,0,2,29.60942709377897,-7.997319909062809
H524L,holo,153,1,2,28.784354864837884,-7.69076151942787
H524L,holo,248,2,2,30.316275077853707,-9.630721069226892
H524L,holo,7,1,3,28.28080930297483,-10.495861569853073
H524L,holo,114,4,2,30.081001094765718,-8.375075811811248
H524L,holo,85,2,3,28.57667304925911,-11.356222006813429
H524L,holo,33,1,2,29.233468089407562,-7.822531270919726
H524L,holo,110,4,3,28.957696317666123,-12.448518054447641
H524L,holo,205,0,3,28.264790317931812,-10.473097179329718
H524L,holo,4,0,2,28.462839220461774,-7.131173562060597
H524L,holo,29,4,2,29.82638611669928,-6.9308471113815004
H524L,holo,87,1,2,29.265641689117015,-7.811100215355733
H524L,holo,228,1,3,27.144863174365963,-9.187483326826754
H524L,holo,45,4,2,29.807233186066984,-5.91603708595033
H524L,holo,180,1,2,29.62210054533734,-8.664655118452217
H524L,holo,9,4,2,29.77265919230181,-8.509633391253733
H524L,holo,175,1,2,29.20373332131889,-7.7809291521452195
H524L,holo,73,1,2,29.719215801391258,-9.083000009371432
H524L,holo,177,3,2,29.6492548375332,-8.966200352532486
H524L,holo,162,0,3,28.883178070963133,-11.846244265527957
H524L,holo,102,0,2,29.51577752402669,-5.839261504002119
H524L,holo,140,4,2,30.1591363909444,-5.7353513921235715
H524L,holo,109,0,3,26.789726524772266,-10.33256893524186
H524L,holo,210,2,2,30.826633856500496,-7.39777212110809
H524L,holo,27,4,2,29.20362177949629,-5.606325706626481
H524L,holo,96,4,2,29.116215444624938,-8.358234204345424
H524L,holo,132,4,2,30.241568886872038,-8.440938385626893
H524L,holo,70,0,2,30.446628873233532,-7.74867344332706
H524L,holo,79,1,2,31.09986043856662,-7.830087280671887
H524L,holo,161,2,2,28.820115964495308,-8.110653098732444
H524L,holo,151,4,3,29.694849306645803,-12.199127074655697
H524L,holo,165,0,3,27.93240635481138,-10.923952649944027
H524L,holo,110,3,3,28.450289166415303,-11.276859253130484
H524L,holo,211,1,2,30.220537505057628,-8.546174726696258
H524L,holo,146,2,2,30.437523333091313,-6.51956635926743
H524L,holo,129,4,2,30.439819509651993,-8.44768114937569
H524L,holo,126,1,3,28.0479510783465,-12.723981490788118
H524L,holo,195,3,2,29.648381056192854,-6.809890428744284
H524L,holo,146,3,3,28.694969934919335,-12.379719140709796
H524L,holo,59,4,2,29.493855296597534,-9.912290551319604
H524L,holo,100,0,2,30.285944734171856,-8.168161645859263
H524L,holo,241,4,3,28.053381044963864,-10.597963165640442
H524L,holo,104,4,2,29.74084709565214,-8.124206941052897
H524L,holo,63,2,3,28.733279882341755,-11.585405434584741
H524L,holo,246,4,2,30.077360491893934,-8.59924224386528
H524L,holo,69,1,2,30.389504704794252,-5.176337088850878
H524L,holo,231,2,3,27.782243893464255,-11.895757615274732
H524L,holo,169,4,2,28.806642844643005,-7.5495820147801895
H524L,holo,34,1,3,28.205502072388732,-12.000238704919488
H524L,holo,159,2,2,30.29194918686441,-7.78813152684205
H524L,holo,232,3,2,30.1079560291004,-7.500826037879848
H524L,holo,244,3,2,30.172179217258822,-7.296886090778649
H524L,holo,58,3,2,30.014898419906675,-9.204741891640953
H524L,holo,224,4,3,27.82634492485834,-11.648859800717442
H524L,holo,242,2,3,28.37602536659493,-12.675026378477002
H524L,holo,194,4,2,29.84546477279588,-8.608349055979954
H524L,holo,225,3,2,29.596958503836962,-7.547329564273054
H524L,holo,134,1,2,30.528511455273797,-7.976907749661904
H524L,holo,97,3,2,29.313075593054805,-5.470315747158143
H524L,holo,47,1,2,28.527119470267355,-7.706402885199087
H524L,holo,207,1,2,29.133011444694855,-7.288723911815918
H524L,holo,219,3,3,29.064082251695844,-11.212850462080926
H524L,holo,63,1,2,30.10537351510197,-7.495605978416216
H524L,holo,86,2,2,30.637447470768535,-8.164676451972444
H524L,holo,173,3,3,27.386485577738217,-11.377846113500793
H524L,holo,24,4,3,29.007517820300368,-10.869253832525422
H524L,holo,114,2,3,29.15154716734796,-11.92353943705439
H524L,holo,111,3,2,30.05444050875622,-8.013208881839125
H524L,holo,241,3,2,30.750230195236973,-8.030247316542109
H524L,holo,182,0,2,29.2625700969398,-5.885578407286451
H524L,holo,218,4,2,30.152081035440144,-7.870042364814949
H524L,holo,105,0,2,28.502105296300034,-7.425026518269307
H524L,holo,178,1,3,28.151040635738944,-10.782319590739915
H524L,holo,36,1,2,29.46361693345951,-6.248057366047471
H524L,holo,105,2,3,28.22305062290968,-12.439792653134845
H524L,holo,142,1,2,29.625820928252086,-5.4934861372457355
H524L,holo,10,1,2,30.111157106620777,-9.98323188832308
H524L,holo,21,0,2,30.18248094143288,-8.63063578657595
H524L,holo,208,1,3,29.370296215793964,-13.030694934941572
H524L,holo,166,2,3,29.18277105543442,-12.70224811469672
H524L,holo,71,0,2,30.832802706711718,-7.803485977254624
H524L,holo,35,0,2,29.89259607608567,-7.281985024422057
H524L,holo,150,2,3,28.37037205444122,-11.866032916788864
H524L,holo,73,3,2,29.540125838524908,-9.348369273554615
H524L,holo,94,4,2,28.406603225927316,-7.591174351680182
H524L,holo,191,4,2,29.935164397306284,-4.250208415205535
H524L,holo,37,1,3,28.70733119178088,-12.69653707645651
H524L,holo,155,4,2,28.841112176478994,-7.360827753557229
H524L,holo,200,2,3,29.591879776244777,-12.040115422232859
H524L,holo,179,3,3,28.1612399087987,-11.747882100668694
H524L,holo,147,1,3,26.34525103259821,-9.74258802571734
H524L,holo,247,1,2,29.722779083401168,-7.543430460637537
H524L,holo,78,2,2,30.431919122603198,-7.084148529985334
H524L,holo,20,3,2,29.907866570080547,-6.861217136892607
H524L,holo,118,3,2,29.686149586446763,-7.253008846744521
H524L,holo,94,1,3,29.253984245144633,-12.943713164065207
H524L,holo,175,3,2,29.254315044058206,-6.750205850840787
H524L,holo,17,3,2,29.934852160788793,-5.838775378463175
H524L,holo,158,2,2,30.24581925864034,-8.300285478549323
H524L,holo,56,2,2,28.823557508354614,-7.63726431738328
H524L,holo,32,1,2,29.239206722268843,-8.103054044918931
H524L,holo,59,1,2,29.083440719260416,-8.878806613051186
H524L,holo,135,0,2,29.105629876966844,-5.9085522748732835
H524L,holo,168,4,2,29.737757445074905,-7.365507008639973
H524L,holo,69,0,2,29.137695458145227,-6.223435545436272
H524L,holo,116,0,2,31.38197724910923,-7.767593278535853
H524L,holo,44,3,2,30.47675315614859,-8.554125378665885
H524L,holo,107,0,3,28.442803108624364,-12.201024673774759
H524L,holo,158,0,2,30.068949324720904,-8.656256111035065
H524L,holo,158,4,2,29.48224545241011,-7.771855988991635
H524L,holo,96,0,2,31.070559018697367,-7.182811468576288
H524L,holo,246,3,2,29.376299544457282,-9.31371924783407
H524L,holo,41,0,3,28.590575587625807,-11.143365581059935
H524L,holo,91,1,2,30.35596863727209,-8.572257887182467
H524L,holo,85,3,2,28.82732306809497,-7.9064228637874505
H524L,holo,104,1,2,29.751596818219756,-9.134079268933501
H524L,holo,210,0,2,29.901644731120086,-9.766220340987196
H524L,holo,93,1,3,28.970581421227195,-12.906754280314813
H524L,holo,93,2,2,30.110183471734747,-7.782480930551834
H524L,holo,207,4,2,29.3450112741731,-9.257686465775434
H524L,holo,214,4,3,28.013278633748858,-10.410104267702934
H524L,holo,220,1,2,29.376805131614507,-9.940059707776223
H524L,holo,186,2,2,29.31152652431945,-7.40026255216392
H524L,holo,96,2,3,27.698427550318762,-9.346781762201603
H524L,holo,97,1,2,29.287600067207542,-6.992434006574702
H524L,holo,194,3,2,29.24890377643188,-9.296507173040943
H524L,holo,18,1,2,30.093203551049136,-8.222031243548694
H524L,holo,113,3,3,27.619021593470972,-10.21330650627446
H524L,holo,184,3,2,30.265985153734388,-8.85606217541966
H524L,holo,102,4,2,30.187505323240337,-5.058466102821938
H524L,holo,169,1,2,29.29511235410511,-6.753542647001643
H524L,holo,162,4,3,27.389904553184778,-11.174451768842504
H524L,holo,186,0,2,29.098703213193126,-7.651201605093658
H524L,holo,161,1,3,27.58093596477142,-10.13120217270966
H524L,holo,3,1,2,29.114529716095586,-6.194552402071643
H524L,holo,100,2,2,29.30535695097162,-6.828776402197296
H524L,holo,206,1,2,30.26711019997841,-7.591819609805722
H524L,holo,28,2,3,27.785285935631162,-10.071502750909362
H524L,holo,2,0,2,29.63110391551116,-8.432702831720087
H524L,holo,74,4,2,29.828547691857285,-9.02124454100264
H524L,holo,247,3,2,29.584017774668023,-8.132125037340861
H524L,holo,244,2,2,29.44687184367093,-9.200880067832102
H524L,holo,134,4,2,29.027892535450487,-10.36273473376914
H524L,holo,135,2,2,29.600850169834303,-6.498987590333517
H524L,holo,192,3,2,28.715172461302405,-7.288265496045477
H524L,holo,20,2,2,29.776152425395,-7.681707450583151
H524L,holo,49,2,3,27.33986690745498,-10.73011924098686
H524L,holo,65,3,2,28.287676906909713,-6.45631043331826
H524L,holo,89,0,2,28.736973571681382,-6.89388385422757
H524L,holo,18,3,2,30.079866748292645,-6.933072308032825
H524L,holo,204,2,3,27.40572725387591,-9.92302198398013
H524L,holo,99,1,2,29.824249890992277,-7.431333785122604
H524L,holo,173,1,3,28.533982270962532,-12.256796821528688
H524L,holo,34,2,2,29.670702650116908,-8.748026800533127
H524L,holo,196,2,2,29.23368600164718,-7.6394060582606835
H524L,holo,235,1,2,30.30043457935191,-7.879835079395321
H524L,holo,135,3,2,30.10540035953618,-6.865518860265149
H524L,holo,79,2,2,30.23036304509858,-7.7703611766858325
H524L,holo,212,4,2,29.757618857774396,-6.885648222871306
H524L,holo,102,1,2,28.817204474306468,-5.664050135508169
H524L,holo,175,2,2,30.958287203048265,-7.950626759359148
H524L,holo,122,0,2,30.02717679705322,-9.059015341553758
H524L,holo,151,1,2,30.438677980592953,-7.967997892363098
H524L,holo,75,1,3,28.51855263171621,-11.817419293060524
H524L,holo,78,4,2,28.953239321918073,-5.592072095573877
H524L,holo,59,2,2,29.905340473795253,-7.0308619537846635
H524L,holo,150,1,2,29.81438588383677,-7.531083256684171
H524L,holo,112,4,2,29.993807943288584,-7.8201285834904
H524L,holo,8,1,2,29.765316153345317,-6.792185957466243
H524L,holo,182,4,2,28.87278033212085,-9.010206536545644
H524L,holo,207,2,2,28.938218125332618,-6.012614996088824
H524L,holo,181,3,2,28.762741415818063,-7.315253589145664
H524L,holo,101,2,2,30.106868288188497,-6.965758821470154
H524L,holo,234,4,2,30.00659832443007,-9.008651887195482
H524L,holo,161,4,3,28.328180263697803,-11.779156761289142
H524L,holo,30,2,2,29.334762057996567,-6.793237181529931
H524L,holo,165,3,2,29.283931784531923,-9.7070792663747
H524L,holo,110,1,3,28.218863684961356,-11.89518524814399
H524L,holo,148,0,3,28.650541540141152,-12.263947506314357
H524L,holo,210,3,3,28.225022805428434,-11.863903385553986
H524L,holo,16,1,3,28.120367807331387,-10.657385904380433
H524L,holo,81,3,2,29.663563693778705,-7.883059387192217
H524L,holo,86,4,2,29.891815165502067,-9.042050509025715
H524L,holo,74,0,2,29.3607026843026,-8.954384098694518
H524L,holo,184,4,2,30.126556699809168,-6.483885955552504
H524L,holo,202,3,2,30.624954049488224,-7.200820244639212
H524L,holo,152,1,3,27.506609054889623,-11.221597909227972
H524L,holo,209,4,3,28.1811926745721,-11.51789825440537
H524L,holo,84,3,2,29.00683889490654,-5.790997828656591
H524L,holo,116,2,2,29.3147010427268,-8.14607748263334
H524L,holo,70,2,2,29.008509696658347,-8.116020801614473
H524L,holo,3,4,2,29.378658688640435,-7.375437058355342
H524L,holo,179,2,2,28.695957563197105,-7.459545202586939
H524L,holo,27,2,2,29.752961320415828,-8.356565506654368
H524L,holo,151,0,2,28.558392164118242,-7.8755092455822115
H524L,holo,109,3,2,29.929600943275382,-8.578257618547815
H524L,holo,46,4,2,29.942799006469585,-8.12305703842893
H524L,holo,148,2,3,28.26930057435006,-12.345608432281587
H524L,holo,210,1,3,26.471463539366162,-10.661901158610318
H524L,holo,146,1,2,30.070081244416894,-8.00376086166087
H524L,holo,139,4,3,27.425876483673008,-9.913442492916175
H524L,holo,144,2,2,28.46666777927438,-8.850742935448864
H524L,holo,132,2,3,27.21065150629347,-10.869557630153286
H524L,holo,42,4,2,30.580440948099337,-9.404649063771673
H524L,holo,244,0,3,28.410834407867657,-12.702541728027036
H524L,holo,141,4,3,27.366661375163556,-10.1253419270209
H524L,holo,86,1,3,28.19201746614098,-10.28737721091683
H524L,holo,206,4,2,29.957372347153456,-8.73342695067956
H524L,holo,220,0,2,30.380005982449863,-9.052864709668224
H524L,holo,180,4,2,30.161547874541295,-9.086138179752464
H524L,holo,160,3,2,29.84829481100351,-5.7041588572611515
H524L,holo,2,4,2,29.855437301845363,-7.489833637587278
H524L,holo,146,0,2,29.45400297743902,-8.703846097472846
H524L,holo,2,1,2,29.598625139894967,-6.383715028390301
H524L,holo,248,0,2,29.81098289316746,-9.088330024984097
H524L,holo,123,0,2,29.936505429232337,-8.275168724670051
H524L,holo,79,3,2,28.878425167108755,-7.1813570249244405
H524L,holo,83,3,2,29.971932593721387,-7.716264159379923
H524L,holo,68,3,3,27.170219324900902,-10.505854361898
H524L,holo,106,4,2,30.10818941027291,-7.457691895921363
H524L,holo,184,0,2,29.98288561074519,-7.391001767717833
H524L,holo,7,2,2,28.856739069421003,-6.295675613855372
H524L,holo,232,0,3,28.46656852131038,-11.788583184798831
H524L,holo,213,2,2,29.59507391079067,-8.492672403243391
H524L,holo,111,2,3,27.26184486332457,-11.333459387729883
H524L,holo,53,4,2,29.66457146914501,-6.291867019195211
H524L,holo,55,3,3,28.73562123436067,-12.278027940965588
H524L,holo,156,3,2,30.583416230927252,-6.704705626822711
H524L,holo,190,1,2,29.36667560542677,-6.870066114819928
H524L,holo,229,2,3,28.166431661190124,-11.708941783957526
H524L,holo,15,0,-1,26.430334530022407,-10.934881817052933
H524L,holo,101,3,2,29.46788200421366,-6.1327635000929535
H524L,holo,14,2,-1,30.905915599124622,-10.48972077166421
H524L,holo,56,3,2,30.63780378545533,-9.066123585967343
H524L,holo,156,1,2,29.078039528067695,-6.894240438834008
H524L,holo,71,1,2,29.701597484717947,-9.307497917442612
H524L,holo,53,2,2,29.035972148482198,-7.363622334912838
H524L,holo,97,0,2,29.062386127834493,-7.383029581244048
H524L,holo,47,2,2,30.11951544052657,-9.405613596558366
H524L,holo,204,0,2,30.64507974637748,-10.316916633826214
H524L,holo,207,3,3,27.581018634861657,-10.14646741248083
H524L,holo,190,4,2,29.88730898143598,-9.08978860443152
H524L,holo,179,1,2,28.803709365541902,-9.582417662160676
H524L,holo,91,0,3,26.83049690859062,-9.49586480714601
H524L,holo,247,4,3,28.372681236139595,-11.166646844042932
H524L,holo,6,2,2,29.747999982745544,-7.456388103570271
H524L,holo,43,1,2,30.207178343495205,-9.164723954738378
H524L,holo,179,4,3,29.04809450890845,-12.001818983261227
H524L,holo,174,0,2,29.78454558781321,-6.508172292320209
H524L,holo,73,4,2,29.935395020365338,-7.647747219260523
H524L,holo,249,0,2,29.769595276200956,-7.710245698258216
H524L,holo,87,4,3,27.625054036885768,-10.41785239561908
H524L,holo,139,1,2,29.607045658467648,-6.199007043478234
H524L,holo,181,2,3,27.05201661437425,-10.556570880083346
H524L,holo,165,4,3,27.171636902041943,-9.049044340453177
H524L,holo,143,1,2,29.594531999441745,-9.352218919029628
H524L,holo,127,3,2,28.878519528649772,-6.0518684023523255
H524L,holo,19,1,2,29.53400005003755,-7.7638341833123885
H524L,holo,80,3,2,30.415762214172982,-6.115590085517689
H524L,holo,240,0,2,30.75341864753968,-8.497640220179065
H524L,holo,29,1,2,30.078654267387186,-6.434145395027596
H524L,holo,107,2,3,26.93130655759461,-10.74851456608036
H524L,holo,69,3,2,30.31639244092174,-8.13846681362254
H524L,holo,238,2,2,29.199656656409417,-5.6361960530753255
H524L,holo,196,4,2,29.531278533674577,-8.480318939760908
H524L,holo,245,2,2,29.657688533990097,-8.58206266302324
H524L,holo,78,3,2,30.155294898227957,-8.949177279440683
H524L,holo,99,0,2,30.61530830938399,-8.650443113248441
H524L,holo,80,4,2,29.631682872296302,-5.976930814604729
H524L,holo,233,3,3,27.47721033074282,-11.364696322793103
H524L,holo,50,4,3,27.740235941968635,-10.845427175092597
H524L,holo,162,3,2,28.4039904086141,-8.992291755043649
H524L,holo,35,3,2,29.485261836561467,-9.805127658036776
H524L,holo,238,4,2,30.117159520696468,-5.671441730873494
H524L,holo,248,3,3,26.92241551878388,-10.191456055008416
H524L,holo,86,0,3,27.18633305720567,-10.943277337668265
H524L,holo,131,2,3,27.481873826271492,-10.850016946830596
H524L,holo,53,3,2,28.364387337334286,-6.969583489089586
H524L,holo,216,3,2,28.24431717189282,-4.303409429098525
H524L,holo,196,3,2,30.16257257278626,-6.673829283576257
H524L,holo,214,1,2,30.24119286312402,-8.770182499472368
H524L,holo,159,3,2,29.94087033211843,-9.001450601673948
H524L,holo,46,1,2,29.81626252740148,-7.3044774369018866
H524L,holo,182,1,2,30.05439914746301,-8.142133987185
H524L,holo,101,1,2,29.646096033227682,-7.596224935436971
H524L,holo,196,1,2,29.778435872148375,-6.606149060660314
H524L,holo,215,3,3,28.98623333691319,-11.9553250884249
H524L,holo,246,2,2,30.408376559996913,-5.814559295760751
H524L,holo,205,3,2,30.211540830142162,-9.002435848513509
H524L,holo,180,2,2,30.018976743358873,-7.655988864393005
H524L,holo,200,4,2,29.755985830734602,-9.517061003054934
H524L,holo,84,2,2,29.94553362053273,-6.920910329952218
H524L,holo,156,4,2,29.75811168861866,-8.357877612664439
H524L,holo,101,0,2,29.49216287420724,-7.830298445558726
H524L,holo,225,2,2,29.250167387470736,-8.263339315970601
H524L,holo,185,3,2,29.908590912218752,-8.771358213814826
H524L,holo,25,0,3,29.1063515402491,-12.006255082636047
H524L,holo,184,1,2,29.89888914255822,-7.683909428788328
H524L,holo,250,4,2,28.598988628729902,-7.1257023729319995
H524L,holo,113,2,2,29.922650247832017,-6.888720591266493
H524L,holo,156,0,2,29.695519310562773,-7.984841021781525
H524L,holo,176,1,3,27.3084231973466,-10.663307152574662
H524L,holo,8,2,2,30.068136621507634,-6.924399982086158
H524L,holo,151,2,3,28.047380695820678,-11.079933533368333
H524L,holo,96,3,2,28.906670721435624,-6.096494377683866
H524L,holo,17,0,2,28.724641578568825,-5.96736792747761
H524L,holo,14,1,2,29.10021201479231,-8.21187876698579
H524L,holo,122,4,2,30.526782294064795,-6.382219745034491
H524L,holo,106,0,2,29.561928412912426,-6.915472839972616
H524L,holo,60,3,2,28.643288924192753,-3.9320624570705878
H524L,holo,109,1,3,28.71925606567363,-11.463519233503591
H524L,holo,116,1,2,28.867024756271217,-7.629760110236893
H524L,holo,206,2,2,30.297460505931458,-9.352034678324998
H524L,holo,8,3,2,28.733434655676103,-5.687953602801463
H524L,holo,72,2,3,26.357371756678745,-9.942896331217188
H524L,holo,13,0,3,28.368101366848308,-11.962694265412495
H524L,holo,116,4,2,30.238222507914802,-6.990690371895012
H524L,holo,58,1,2,29.24344858430856,-8.061543462407379
H524L,holo,29,3,2,29.234805007039874,-9.174206993080514
H524L,holo,134,2,3,29.8220043086084,-12.901699089252409
H524L,holo,247,0,2,28.95712145719509,-7.435981427935536
H524L,holo,159,0,3,28.61364842950259,-10.202683296148427
H524L,holo,138,4,3,29.707376644510564,-12.450337656550014
H524L,holo,70,4,3,26.733799332893433,-9.834960772444491
H524L,holo,110,2,2,29.919507307929862,-7.029127237092611
H524L,holo,83,1,2,29.66693398152867,-8.715282429765958
H524L,holo,75,3,3,26.622037251351173,-10.42250118316304
H524L,holo,69,4,2,30.92844489889661,-5.631407350333731
H524L,holo,43,2,2,29.449467178231227,-8.667246814044505
H524L,holo,235,4,3,28.234700078100705,-12.441669488679892
H524L,holo,208,0,2,29.21920489962069,-7.258216357563251
H524L,holo,240,2,2,29.687754373140898,-5.550338310923487
H524L,holo,80,2,2,29.630562859396413,-5.055034513446356
H524L,holo,46,0,2,29.732111885502757,-9.034327921866407
H524L,holo,192,2,2,30.082840971244007,-5.9071519319207315
H524L,holo,90,1,-1,30.247668465004548,-11.353482167340388
H524L,holo,174,3,3,28.024655704815938,-11.292327470848909
H524L,holo,32,3,3,29.08336883363332,-11.58321737006495
H524L,holo,71,4,2,30.070763353841855,-6.347971905969011
H524L,holo,93,4,3,29.10680127142882,-12.261581929406786
H524L,holo,183,0,2,30.118446797467797,-7.264689093042427
H524L,holo,125,0,3,27.12574518562279,-9.699500151554645
H524L,holo,135,1,2,30.26316752288178,-6.736143529142216
H524L,holo,50,1,2,30.33744503300124,-7.165679838632664
H524L,holo,167,0,2,28.747176484881397,-7.053931739708057
H524L,holo,95,4,3,29.081531863206827,-11.977718842931182
H524L,holo,170,2,3,27.182756417916522,-10.620195563284009
H524L,holo,170,3,3,27.82901779623222,-10.432254207860996
H524L,holo,190,3,2,28.978060153907265,-7.019001830948536
H524L,holo,32,2,2,30.482455216697744,-8.134798404858293
H524L,holo,140,1,2,29.484795721011622,-7.286541614472856
H524L,holo,164,0,2,29.979396847971664,-6.6381596426180245
H524L,holo,65,2,2,30.13907175798553,-6.5874621662935535
H524L,holo,3,2,3,26.575008874560023,-9.238646041450062
H524L,holo,142,2,3,26.744738169820614,-10.730638289757335
H524L,holo,229,4,3,27.11983070176944,-9.68691376660775
H524L,holo,97,2,2,30.01442915655534,-8.205052899157495
H524L,holo,101,4,3,27.349590828030635,-10.272400588912829
H524L,holo,192,4,2,29.16170165366479,-8.64528843641234
H524L,holo,50,2,-1,27.085603813337652,-8.920362951847505
H524L,holo,118,0,3,27.91632490730361,-10.559370898377306
H524L,holo,49,3,2,29.838467950273834,-6.377655491298876
H524L,holo,35,4,2,29.573953430058726,-6.224656307170567
H524L,holo,87,3,3,27.23440185655741,-10.234923179382477
H524L,holo,247,2,3,28.59161102197028,-11.863568322722115
H524L,holo,43,0,2,29.75354846017638,-5.222257993270561
H524L,holo,97,4,2,29.423981128947304,-6.782446819333669
H524L,holo,179,0,3,27.633596360052454,-11.086070121705768
H524L,holo,66,4,2,28.900790983110134,-7.0156498168315355
H524L,holo,85,4,3,29.17145615894602,-12.898352396178774
H524L,holo,123,3,3,28.230452494412273,-11.448397045086125
H524L,holo,121,1,2,29.623421648641518,-8.312335921822099
H524L,holo,183,4,3,27.92791229484595,-10.524652267242812
H524L,holo,202,0,2,29.965194890617525,-9.654447368139328
H524L,holo,94,0,3,27.768874871320513,-11.024729233399851
H524L,holo,241,2,2,28.67972037779855,-8.03002119507173
H524L,holo,164,4,3,29.176075888364366,-11.613407729079409
H524L,holo,18,4,2,29.472835263923137,-7.999281140119418
H524L,holo,142,3,2,28.63119480199031,-6.263389929015742
H524L,holo,232,1,3,28.4648318091546,-11.529217736231843
H524L,holo,164,3,2,29.598994086802545,-8.97891507205328
H524L,holo,76,2,3,27.922376032325683,-9.757946037740476
H524L,holo,73,0,2,29.44646997439237,-9.023855924852564
H524L,holo,183,3,3,27.870506530442327,-10.47393185675463
H524L,holo,137,1,2,29.59876449880639,-8.809271331236332
H524L,holo,61,1,3,28.61199096908075,-12.436325733532719
H524L,holo,47,4,2,29.887248583158964,-8.47610083542148
H524L,holo,32,0,2,30.58697118048781,-7.764642907867977
H524L,holo,160,4,2,29.84619482477768,-5.028765279253222
H524L,holo,127,1,2,29.6687813752041,-8.692730957923917
H524L,holo,206,3,3,29.165458410508727,-13.049516534968006
H524L,holo,183,2,3,28.002694061804714,-11.586854913777023
H524L,holo,235,2,2,29.951510154160218,-9.92522695849775
H524L,holo,12,4,3,26.90601579700361,-9.841265797763539
H524L,holo,14,4,3,28.629471661720867,-11.516215105036107
H524L,holo,78,1,3,28.782572109144787,-10.30639122699149
H524L,holo,40,0,3,27.19443113692977,-11.598320647961856
H524L,holo,135,4,3,27.43534054132672,-9.729088410127384
H524L,holo,185,1,-1,26.369792186770823,-10.931472697358283
H524L,holo,235,3,2,28.951974873313194,-6.448721778732711
H524L,holo,10,4,3,28.74309501172861,-11.712734024545927
H524L,holo,127,0,2,28.993773281825707,-6.123774942523886
H524L,holo,65,4,2,29.62773224133495,-7.642685951328406
H524L,holo,116,3,2,30.720494419488997,-7.300849979139476
H524L,holo,202,1,2,29.14862259425337,-8.386465881401158
H524L,holo,177,1,3,28.337008652931484,-12.571921637234981
H524L,holo,240,1,2,29.32515213537907,-9.023709705939257
H524L,holo,9,3,3,27.561553425114408,-10.073719479443948
H524L,holo,20,1,3,27.194309189094923,-10.768179979524904
H524L,holo,65,1,2,28.525133506066467,-6.260677885990549
H524L,holo,208,4,3,27.733087242070038,-10.212399097926655
H524L,holo,14,3,2,29.69632154977169,-8.315325733483741
H524L,holo,131,4,3,27.295259915381013,-10.094899791343634
H524L,holo,208,3,2,30.74530455027005,-6.911778129633519
H524L,holo,61,0,3,27.823578033801777,-12.117206639616507
H524L,holo,85,1,3,28.026167624159395,-10.415666478528703
H524L,holo,79,0,2,28.7115040411466,-6.916244367324528
H524L,holo,53,1,3,27.042032741976573,-10.764792226931862
H524L,holo,146,4,3,27.440318199499405,-10.312429326761514
H524L,holo,21,2,2,29.438895737916237,-7.9641858311983755
H524L,holo,202,2,3,28.25818742670685,-10.448514672598368
H524L,holo,121,0,3,26.375131038471824,-10.269414962741479
H524L,holo,192,1,2,29.448235174098755,-5.520278407368529
H524L,holo,176,2,3,26.671090452439998,-10.077417360042057
H524L,holo,79,4,2,29.015795528408887,-9.324488771629868
H524L,holo,160,1,3,26.737569259907087,-10.481503414041194
H524L,holo,71,2,2,28.779014859668173,-7.8685835003628535
H524L,holo,94,2,3,27.61870385694625,-11.05195690633319
H524L,holo,65,0,3,27.535330874790343,-9.92452769271215
H524L,holo,83,2,2,30.286889871029853,-8.824609528834578
H524L,holo,123,1,2,29.02488967927881,-9.136075246899168
H524L,holo,46,3,2,29.801663676003738,-7.973612672028849
H524L,holo,85,0,3,29.068849286854125,-12.016778086955432
H524L,holo,190,0,3,27.504327998305325,-11.279452655739103
H524L,holo,53,0,2,29.91551377358879,-7.698084629245286
H524L,apo,33,2,1,-29.460753921570717,-0.6821989739167401
H524L,apo,33,3,1,-30.51691999696283,-0.9017407809437481
H524L,apo,33,4,1,-31.068358781328055,-0.9114730866994938
H524L,apo,191,0,1,-31.467565461314116,-0.8468691371492431
H524L,apo,158,2,1,-29.637377045814443,-1.4624141425122175
H524L,apo,191,3,1,-31.328334736293726,-0.846494147938367
H524L,apo,33,0,1,-30.23504606266321,-0.9592797023278221
H524L,apo,191,2,1,-30.63597356916847,-1.0618024172302145
H524L,apo,33,1,1,-30.70065920389081,-0.3843354416434963
H524L,apo,147,1,0,28.86548457198659,10.3376165210783
H524L,apo,158,1,1,-30.02452927831403,-0.43012174021672894
H524L,apo,158,3,1,-29.181946653908003,-0.9981942061014225
H524L,apo,158,0,1,-29.887179649488136,-0.8933244512338513
H524L,apo,191,4,-1,-29.694740518873335,-2.2351811164962077
H524L,apo,168,4,0,30.506199695382083,10.594618986947449
H524L,apo,24,1,0,29.78274980524261,9.828005049158223
H524L,apo,143,4,0,30.040720934764195,10.155150127253489
H524L,apo,147,3,0,30.230021675979096,9.889489070542236
H524L,apo,147,2,0,30.213563441735154,10.425361015934396
H524L,apo,243,4,0,30.461294965524125,9.819611238593732
H524L,apo,147,0,0,30.026646947460748,9.270141360926386
H524L,apo,158,4,1,-30.194123967438856,-0.9670406972801543
H524L,apo,17,1,0,29.026055519619778,10.035526992520538
H524L,apo,217,4,0,30.12426932921353,9.25957172763665
H524L,apo,143,2,0,29.78128157172309,10.14384471697198
H524L,apo,105,2,-1,-28.30721113946339,-1.24811494258909
H524L,apo,48,0,0,29.70208492977998,9.775268463507999
H524L,apo,236,0,0,29.505369333718836,9.82776632539661
H524L,apo,143,3,0,30.392771683149174,10.117769107161873
H524L,apo,17,3,0,29.927177789750928,9.90816348684178
H524L,apo,243,1,0,29.77144151309536,10.053285519675212
H524L,apo,143,0,0,30.704566057453015,9.790085878150137
H524L,apo,243,2,0,30.344610481802366,10.375951110380598
H524L,apo,22,4,0,29.763441628559026,9.470922376049012
H524L,apo,243,0,0,29.43007884345086,10.039494016983742
H524L,apo,147,4,0,29.941458565514786,10.141499899281737
H524L,apo,113,4,0,28.887027043804185,10.836050327153885
H524L,apo,126,2,0,31.702436400518806,10.050488387857278
H524L,apo,126,3,0,31.5359997528679,10.349079186981346
H524L,apo,17,0,0,29.448084226131655,9.878672791651953
H524L,apo,217,2,0,30.52419449565217,9.416199925008556
H524L,apo,15,1,0,29.329363808898535,9.382174165777336
H524L,apo,126,1,0,30.341761767226533,10.393342490885285
H524L,apo,79,1,0,30.16438304056275,9.941907650814962
H524L,apo,41,1,0,29.887473066350974,9.733427222026792
H524L,apo,13,2,0,29.322341311091463,10.187306606541174
H524L,apo,136,3,0,29.428812550447073,9.805462090621061
H524L,apo,231,3,0,30.22959616031409,9.260189966728705
H524L,apo,113,3,0,30.095582242842426,10.505898391121525
H524L,apo,217,0,0,29.713813250975587,9.725943810147703
H524L,apo,226,3,0,30.378459266294406,9.340397303468293
H524L,apo,52,1,0,30.424875617641376,10.37284591433037
H524L,apo,198,3,0,30.894290177730632,9.927651476882868
H524L,apo,41,3,0,30.106136992861458,8.984561792771919
H524L,apo,24,3,0,30.13275393890744,10.170702858166392
H524L,apo,236,1,0,29.58246466540364,9.3056564824887
H524L,apo,177,2,0,30.466596505381137,9.821011861046236
H524L,apo,231,0,0,30.239395845583015,9.628177353383235
H524L,apo,41,4,0,30.76358236047103,9.601127777045816
H524L,apo,177,3,0,30.523477858939707,10.053311725903171
H524L,apo,68,0,0,29.594005902911945,10.253680665230137
H524L,apo,231,1,0,31.322796527249324,9.861762440810901
H524L,apo,211,2,0,29.61511949339763,9.914562723683666
H524L,apo,203,2,0,30.94849744681856,9.9422549625556
H524L,apo,203,0,0,30.083089365089307,10.431253206424335
H524L,apo,172,3,0,30.248812788102658,9.374966087556952
H524L,apo,15,4,0,29.56408858195763,9.455419451006371
H524L,apo,17,2,0,29.468910569742203,9.639283343607548
H524L,apo,203,4,0,29.988992058663015,10.306073949201224
H524L,apo,198,1,0,29.28120769703358,9.620246731092484
H524L,apo,10,0,0,30.209255258827024,9.285044015691051
H524L,apo,31,2,0,29.911426802958694,8.881204214437226
H524L,apo,45,4,0,29.946504481730855,10.211025496091898
H524L,apo,113,2,0,30.36073525151635,10.13672811717237
H524L,apo,177,0,0,30.150002128153826,10.57305024312451
H524L,apo,144,0,0,29.60176234355942,9.097515762565449
H524L,apo,245,4,0,30.03123581372584,9.057551620718852
H524L,apo,217,1,0,29.45330364509459,9.88454789775218
H524L,apo,37,2,0,32.23700163936105,9.564964099081276
H524L,apo,211,0,0,29.82232422773947,10.221723035615861
H524L,apo,246,2,0,30.122127279979352,9.767990984345554
H524L,apo,17,4,0,29.370089117559417,10.515664655312008
H524L,apo,111,3,0,31.196985205141726,9.922052647772992
H524L,apo,15,3,0,30.872409417700275,9.903335392848435
H524L,apo,144,2,0,29.664824215041634,10.715497125643305
H524L,apo,250,2,0,30.828290866940804,9.663160158203894
H524L,apo,41,0,0,30.493625086882084,9.69667678607729
H524L,apo,193,1,0,30.535387403035774,10.218630145463543
H524L,apo,35,2,0,30.15993942574243,9.438812981508477
H524L,apo,145,4,0,30.410796888477286,9.944175319912679
H524L,apo,24,4,0,29.542780715805044,9.89540468480826
H524L,apo,25,0,0,29.253255120461464,9.248958111168907
H524L,apo,219,1,0,29.236837833304552,9.512108584561423
H524L,apo,35,0,0,31.10640602557748,9.434721682137994
H524L,apo,94,2,0,30.119296715743243,9.52165533418833
H524L,apo,245,0,0,29.375751660472076,10.254248378876113
H524L,apo,13,1,0,30.16453381558572,10.382687578071838
H524L,apo,125,4,0,29.169600348383245,10.422167757128001
H524L,apo,84,2,0,28.702396898657668,9.895019249723951
H524L,apo,219,3,0,30.265631363186465,9.720216011818788
H524L,apo,124,2,0,28.36460708755255,9.3284757118831
H524L,apo,233,2,0,29.9117495470872,10.64101097066698
H524L,apo,39,4,0,29.305190401817217,9.020633480235746
H524L,apo,211,4,0,29.201496100848047,9.454577003139567
H524L,apo,217,3,0,29.96278927659417,10.124347133601912
H524L,apo,203,1,0,29.411442880974924,10.315701620330016
H524L,apo,52,0,0,29.654905664064852,9.794001704926021
H524L,apo,231,4,0,30.164914186900166,9.491000655934915
H524L,apo,227,3,0,29.946257414660497,9.097432642553654
H524L,apo,211,3,0,30.041975113170196,9.885240656208634
H524L,apo,143,1,0,29.690464346688024,10.460603105436437
H524L,apo,189,0,0,29.327779184739327,9.716423100009514
H524L,apo,52,4,2,28.6918774670951,-5.370221734388258
H524L,apo,233,3,0,29.53305152734024,9.762564973609129
H524L,apo,207,1,0,29.86489611048064,9.26811363968522
H524L,apo,160,4,0,29.58286302189348,9.744948442907312
H524L,apo,60,2,0,29.780650595524875,10.188183149630762
H524L,apo,198,0,0,31.28871160987804,9.241332962875191
H524L,apo,97,1,0,29.8753719333775,9.69791727727626
H524L,apo,79,0,0,30.00345841947758,10.680902778569289
H524L,apo,223,2,0,29.80185359729073,10.374007520816539
H524L,apo,243,3,0,29.40368053805756,10.096920756373283
H524L,apo,142,0,0,29.928031072868254,9.811261282142858
H524L,apo,79,3,0,29.15796050532427,9.768912575940579
H524L,apo,13,0,0,30.825689449851478,9.480764362357768
H524L,apo,203,3,0,30.262474227827568,10.254148408632478
H524L,apo,40,1,0,29.150426952479418,9.57262307761312
H524L,apo,103,0,0,29.707321320460824,9.104303166099228
H524L,apo,207,2,2,28.995046710794114,-5.411126758884206
H524L,apo,223,1,0,30.081279001542843,9.16744050785841
H524L,apo,40,4,0,30.966090982665005,9.993944506374
H524L,apo,171,1,0,29.662108912311755,9.462376815106062
H524L,apo,174,0,0,29.83529905307731,8.777527689429094
H524L,apo,22,1,0,29.374205656658663,9.469633519570216
H524L,apo,174,4,0,29.523875137247312,9.722736020016745
H524L,apo,54,0,0,30.6076414050562,9.340310421944274
H524L,apo,195,3,0,29.801958905221053,9.888389825835782
H524L,apo,62,4,0,30.973430686219857,9.474310095200712
H524L,apo,170,3,0,29.6619858963281,10.182104387663959
H524L,apo,13,4,0,29.82254275190618,10.324246370724552
H524L,apo,177,4,0,29.948685444061837,10.481449015599734
H524L,apo,195,0,0,29.59836811140896,9.895755786073671
H524L,apo,157,1,0,29.44031380497079,9.570642015271282
H524L,apo,115,0,0,30.039866425309434,10.235863725202034
H524L,apo,236,4,0,28.8195055267794,8.4836298647672
H524L,apo,250,0,0,29.40369021512352,9.993694020921351
H524L,apo,68,2,0,29.70611364323977,9.466847786572346
H524L,apo,229,3,0,30.789593954206783,9.914341682875198
H524L,apo,177,1,0,30.425956462324027,10.378064926555044
H524L,apo,92,1,0,31.099302209881987,10.044859337981569
H524L,apo,172,0,0,30.51388753627343,9.575464416118809
H524L,apo,122,2,0,31.35206548800228,9.847486470362034
H524L,apo,180,1,0,31.405981221984764,9.876364238465385
H524L,apo,205,2,0,30.992775757751843,10.085880796992244
H524L,apo,104,3,0,29.770395684765674,9.582481057416501
H524L,apo,137,0,0,30.1981714741545,9.293738275721639
H524L,apo,250,3,3,27.75483783889935,-9.332996005507972
H524L,apo,246,4,0,29.746169164613956,9.771522312753156
H524L,apo,172,4,0,31.055181159116547,9.563709029437591
H524L,apo,80,0,0,30.736303573422507,9.956806172145262
H524L,apo,66,4,0,31.326001788426048,10.07021515058761
H524L,apo,122,4,0,30.45391754575338,9.401682358278377
H524L,apo,219,4,0,29.136117239703477,9.241404349216117
H524L,apo,163,0,2,28.999570255045604,-5.9066322024182565
H524L,apo,181,4,0,29.995030564428944,10.022352350089891
H524L,apo,49,2,0,30.757378235756395,9.44944831228942
H524L,apo,144,3,0,30.934491323395505,10.073257730364594
H524L,apo,228,0,0,31.573290045143843,10.405704814112477
H524L,apo,79,2,0,30.213785245346987,10.288646504707504
H524L,apo,150,3,0,30.432289263972745,10.149093093573041
H524L,apo,170,4,0,29.450365189235754,8.68465437360629
H524L,apo,80,3,0,30.81190153276324,9.268737051119688
H524L,apo,204,0,0,30.588494218145442,9.505609538109198
H524L,apo,211,1,0,29.907187017767825,10.048792501213867
H524L,apo,54,2,0,30.31286877491217,9.180918850614633
H524L,apo,200,2,0,30.55031051048623,9.43193516734737
H524L,apo,245,3,2,29.232912592562375,-8.154561970020707
H524L,apo,145,1,0,30.218243804308617,10.014797225893512
H524L,apo,144,4,0,30.144038945130376,9.745009815955928
H524L,apo,97,2,0,29.586704090010432,9.871862414437725
H524L,apo,139,0,0,30.007663728566385,9.358245866627565
H524L,apo,238,4,0,29.01194202046782,9.97390896440485
H524L,apo,38,4,0,29.498842118463358,9.224808116811928
H524L,apo,28,4,0,29.644359632750955,9.696307659826218
H524L,apo,84,4,0,30.578921974345946,9.191849371093657
H524L,apo,185,0,0,29.931497713339592,9.666114155984248
H524L,apo,75,4,0,29.910011862376606,10.038059256296153
H524L,apo,126,0,2,29.334411292981468,-6.645567893109459
H524L,apo,238,2,0,29.198750600871424,9.64578771780611
H524L,apo,42,3,0,30.572568307254542,9.757211838157327
H524L,apo,98,4,0,29.842708177769865,8.841521974304944
H524L,apo,200,3,0,29.374237973987047,10.653030297813807
H524L,apo,113,0,0,29.452241563004357,10.202820926807615
H524L,apo,88,3,0,29.538874953661033,8.97600095277816
H524L,apo,12,0,0,29.709711620046473,9.459808902972696
H524L,apo,131,2,0,30.022217333870486,10.271844445553441
H524L,apo,109,3,0,29.640599908238777,9.702107600056609
H524L,apo,246,0,2,29.038349224047664,-5.414667389918366
H524L,apo,19,2,0,30.05710079788822,9.150725289432597
H524L,apo,83,3,-1,30.85345944604295,0.8893061950887433
H524L,apo,129,0,0,29.630200854862558,9.221389244261607
H524L,apo,223,4,0,30.536417074079605,9.441376719483886
H524L,apo,199,1,0,30.934160941440954,10.271829877007209
H524L,apo,52,3,0,29.53678678822269,9.44175093854993
H524L,apo,25,1,0,30.02313894068329,8.145945261565167
H524L,apo,81,4,1,-29.541891088240543,-0.4489872982544645
H524L,apo,137,3,0,30.1538361791068,9.902922831845158
H524L,apo,31,4,0,30.469920744448775,9.391558152418565
H524L,apo,51,4,0,31.22518837077377,9.739385844007543
H524L,apo,250,1,0,29.960374592116843,10.068915693520813
H524L,apo,45,3,0,31.08136161080484,9.708812516231646
H524L,apo,244,1,0,29.73239939762389,9.392649867009181
H524L,apo,94,4,0,30.702770489549795,10.03125319218366
H524L,apo,193,0,0,31.55074423358693,8.949841933843327
H524L,apo,89,2,0,30.757775972951343,9.739727028041687
H524L,apo,47,3,0,29.600411201879982,9.987331574035942
H524L,apo,50,4,0,31.409949502797804,9.985317591132853
H524L,apo,98,1,0,30.224947673818853,10.24411502279486
H524L,apo,109,0,0,30.67138962232695,9.617032675387271
H524L,apo,10,4,0,30.37600143261109,8.991854606733547
H524L,apo,15,0,0,30.29188121174994,9.58379166124528
H524L,apo,81,1,0,30.22178237089047,9.412783344916347
H524L,apo,122,3,0,29.865931255691297,8.985344986626794
H524L,apo,69,4,0,29.164359611884958,8.915831063157938
H524L,apo,70,0,0,31.542667214577044,9.482699402526798
H524L,apo,176,2,2,31.3720275136718,-6.91555058940392
H524L,apo,48,2,2,29.109558660257196,-6.38725922144701
H524L,apo,106,4,0,30.401763846591823,9.856344836524435
H524L,apo,13,3,0,30.797461537601528,10.719100461765287
H524L,apo,51,2,0,30.553029569958294,10.275316630948643
H524L,apo,89,1,0,29.94181435765532,10.038676370524682
H524L,apo,59,4,0,30.811023598137645,9.706166682886327
H524L,apo,161,4,0,30.0460208325154,9.496885004849933
H524L,apo,72,3,0,29.54620514159967,9.969230751019692
H524L,apo,206,3,0,29.57651785891262,9.761300109442859
H524L,apo,105,1,-1,29.33640456863203,0.6918148293604907
H524L,apo,109,2,0,30.2250097918242,9.576235211701434
H524L,apo,205,0,0,31.520237258497627,9.265153097014382
H524L,apo,209,0,0,29.921135587469102,9.833400441561302
H524L,apo,52,2,0,30.289081578686783,8.872347734059407
H524L,apo,142,3,0,29.04452494156735,9.875402618351684
H524L,apo,200,4,0,30.832810598312076,9.818016278521581
H524L,apo,81,3,0,28.975904909891124,9.85577137675129
H524L,apo,156,2,0,28.249737365672175,8.872583359844684
H524L,apo,133,2,0,29.75527364417979,9.528958106869622
H524L,apo,22,2,0,28.17833152746338,9.768018896465268
H524L,apo,72,2,0,31.10702708397246,10.252312004523969
H524L,apo,109,4,0,29.846864265610986,9.929004005663414
H524L,apo,72,0,0,29.675213640337397,10.334472888924473
H524L,apo,212,0,0,30.960793100296417,9.971490217766704
H524L,apo,178,3,0,29.74998451092151,10.279939397138904
H524L,apo,195,2,0,29.68040107313552,9.646513071644767
H524L,apo,54,4,0,29.45396919087312,9.09809452474671
H524L,apo,40,0,0,30.51021622429083,9.591420436625734
H524L,apo,244,4,0,30.44167277640569,10.576683907854918
H524L,apo,195,4,0,29.48186583248976,9.660070469067643
H524L,apo,111,0,3,28.887137688152,-10.689587658929513
H524L,apo,84,3,0,30.141725655519664,10.104385390868934
H524L,apo,124,1,0,29.79468788010424,9.870663256342132
H524L,apo,105,0,-1,25.657492299611537,0.027475772642806807
H524L,apo,97,4,0,29.633191075741497,10.10724203407376
H524L,apo,48,4,0,29.950083558812814,9.584250325718681
H524L,apo,109,1,0,29.82367710731107,9.989628230440257
H524L,apo,149,2,0,31.291507256719477,9.626828624547725
H524L,apo,236,3,2,29.218099939345926,-6.30155217427955
H524L,apo,134,3,0,30.5926118489449,10.176564861025236
H524L,apo,202,3,0,30.35316311523206,9.961757852684416
H524L,apo,128,3,0,31.10264366495868,9.700834150061354
H524L,apo,233,1,0,29.94714264605628,10.254175937004351
H524L,apo,150,2,0,29.685055967052204,10.04570784153861
H524L,apo,150,0,0,30.065417310701754,9.450792372406708
H524L,apo,145,2,0,29.528754360639518,9.626354871551678
H524L,apo,169,3,0,30.339450211869625,9.795317638632731
H524L,apo,131,4,0,28.266748955866667,9.799273184355734
H524L,apo,37,1,0,30.473921567393734,9.268333551490567
H524L,apo,35,3,0,29.475671831474386,9.589362580251667
H524L,apo,233,4,0,30.823958356069603,10.235329439196157
H524L,apo,181,1,0,29.723357990575018,10.350076588034355
H524L,apo,59,0,0,30.45904562480791,9.211339259339338
H524L,apo,49,0,0,30.196445918594407,9.870696946245467
H524L,apo,106,1,0,30.451262640057912,9.982259374953244
H524L,apo,24,0,0,29.956455576183885,9.853057488194834
H524L,apo,200,0,0,30.018463037919336,9.758650942515168
H524L,apo,134,1,3,28.673968364236405,-11.777483091565337
H524L,apo,30,1,2,27.321425909615268,-2.785133004341219
H524L,apo,173,4,3,27.688853196097394,-11.174619601220533
H524L,apo,142,2,0,29.477156575851826,9.822173813398473
H524L,apo,152,0,0,30.9789480839376,9.785459434028516
H524L,apo,1,4,0,30.13529455625639,10.5419590166202
H524L,apo,115,1,0,30.489974229917934,9.898095458801922
H524L,apo,230,0,0,30.517757442012964,9.447493991926201
H524L,apo,225,0,0,30.0910959678889,9.758129896572246
H524L,apo,58,2,0,29.701241032979425,8.944610697759234
H524L,apo,144,1,0,29.80012581072696,9.89150565808719
H524L,apo,240,1,0,29.358231434827527,10.142860788783121
H524L,apo,234,3,0,30.115148447106012,9.72449678075184
H524L,apo,35,1,0,30.39197096693451,9.301167400811465
H524L,apo,250,4,0,29.706671969516375,9.714476343418074
H524L,apo,62,0,0,29.11343684560513,10.13209393909615
H524L,apo,63,2,0,29.61164479467529,9.735026908783164
H524L,apo,101,1,0,30.0355364112548,10.658698703918315
H524L,apo,181,2,2,29.603830422563867,-4.435292042389371
H524L,apo,150,4,0,29.711494057404156,8.753214503286275
H524L,apo,127,0,0,30.02898667117004,9.305760204582343
H524L,apo,206,0,0,30.100384950624694,9.732431137528012
H524L,apo,36,0,0,30.690844479601278,8.720526340224342
H524L,apo,88,1,0,29.650236513207073,9.36972942142065
H524L,apo,218,1,0,30.119417031228714,10.317363221646017
H524L,apo,24,2,0,29.449380534644668,9.58498466621818
H524L,apo,8,3,0,31.384138480170762,9.818892770670429
H524L,apo,82,3,0,30.79386083583111,9.549804086132927
H524L,apo,88,2,0,29.832249223065936,8.914324825388844
H524L,apo,173,3,0,29.742937105281104,9.786074255425433
H524L,apo,19,1,0,30.714277238175146,10.22388660999193
H524L,apo,126,4,2,28.325142907576225,-4.437954212437004
H524L,apo,39,1,0,29.28684375376472,9.770850209177109
H524L,apo,120,3,0,30.12059742450344,10.18101390363579
H524L,apo,189,2,0,30.001002275827247,10.031519552201278
H524L,apo,189,1,1,-30.18315767715845,-1.2975029963972808
H524L,apo,72,1,-1,32.25575260670323,-5.62040635002974
H524L,apo,27,2,0,30.071023820754085,10.001670876256547
H524L,apo,42,1,0,30.084416112735585,10.672568011694022
H524L,apo,41,2,0,30.475401678157134,9.818795248305301
H524L,apo,82,4,3,30.024205644613403,-12.313918111664758
H524L,apo,195,1,0,30.036643293237653,9.522151929830082
H524L,apo,62,1,0,28.561231573189747,9.05086948664869
H524L,apo,244,0,0,31.0999023225147,10.10773108507565
H524L,apo,30,2,0,31.279623147063514,11.11323000131255
H524L,apo,168,1,2,28.594236102873758,-6.309022019327304
H524L,apo,62,2,0,29.694722592656053,9.237936695046768
H524L,apo,48,3,2,29.982448220825475,-6.000484568237911
H524L,apo,127,3,0,29.986351327577204,9.654560665636991
H524L,apo,215,2,2,29.847992784506328,-5.170935998505734
H524L,apo,124,4,0,30.275111823349466,9.857350738647238
H524L,apo,182,4,0,30.278826747345164,9.460087883161611
H524L,apo,119,0,3,27.914681648181393,-11.10128365383079
H524L,apo,113,1,0,28.86377724970368,10.074444829083307
H524L,apo,145,0,0,30.071576596103352,10.113432597653887
H524L,apo,105,3,2,26.86282875808183,-2.5200097787329434
H524L,apo,97,0,0,30.81019984593474,9.612246507708493
H524L,apo,245,2,-1,29.075365224582928,1.6304812228046524
H524L,apo,28,3,0,29.758855064208753,9.69653375394144
H524L,apo,77,1,0,30.089998475558072,10.217346442623437
H524L,apo,55,0,3,29.412308179354913,-11.419695851526305
H524L,apo,49,4,0,30.64514176024793,9.302453334936757
H524L,apo,49,1,0,29.859680682382166,10.824394230860726
H524L,apo,88,0,0,29.668916662054162,9.749136581551952
H524L,apo,67,4,0,31.45015148292338,9.966198133462171
H524L,apo,226,2,2,28.700044877533994,-5.814006871271945
H524L,apo,124,3,0,29.12882721659226,10.22489347734201
H524L,apo,169,2,0,30.613302092958197,9.316743474151675
H524L,apo,108,2,0,29.65628893166347,9.911422419751435
H524L,apo,127,1,0,29.99806655507629,10.02702744444486
H524L,apo,7,0,0,29.418831932826865,8.951467936911932
H524L,apo,207,0,2,28.471372189494208,-3.7778547918306744
H524L,apo,34,2,0,31.122349185919635,9.219134936036184
H524L,apo,166,0,0,30.021662732835885,9.813208950252742
H524L,apo,55,4,0,30.28127214559877,9.883694544319441
H524L,apo,27,1,0,29.88013834901166,9.994517190066293
H524L,apo,98,0,2,30.498409315488853,-5.491623183671186
H524L,apo,163,3,2,29.938748090439844,-5.941633809079561
H524L,apo,180,3,0,29.5705273646592,9.01615729769494
H524L,apo,25,4,0,28.777248912394178,9.850163259412787
H524L,apo,127,2,0,30.5928998739961,9.881693205684034
H524L,apo,107,4,0,29.25190217832674,8.912411655650107
H524L,apo,160,2,0,29.559018966906674,9.725806382088386
H524L,apo,244,3,0,29.86163093733239,9.896406002280024
H524L,apo,89,0,0,28.844131627579756,9.489761744571114
H524L,apo,7,2,0,29.614176906891434,9.018652084147057
H524L,apo,210,2,0,29.03299145709438,9.169876776473796
H524L,apo,154,1,0,29.8407148114956,9.552111468666046
H524L,apo,106,0,0,30.16038243992824,9.67885162103725
H524L,apo,198,4,2,29.763099779511315,-8.414989344202482
H524L,apo,63,0,0,31.02324837003846,9.467575279099051
H524L,apo,161,3,0,29.856411040243128,10.150595247730712
H524L,apo,130,1,2,30.863808654001176,-6.997087496910381
H524L,apo,30,4,2,28.427428833431005,-1.6619032283781938
H524L,apo,174,3,0,31.08452050692417,10.060174001537721
H524L,apo,123,1,0,29.178430841499107,9.800597162137802
H524L,apo,219,2,0,28.520780300419528,9.214783702426192
H524L,apo,104,4,0,30.2201591719177,10.281848546535766
H524L,apo,105,4,-1,25.259580807013045,0.15496079279849662
H524L,apo,136,0,0,30.933388181810912,9.69747889463444
H524L,apo,151,0,0,30.070262425764703,9.105163148185326
H524L,apo,3,1,0,30.599880331201206,9.459741917041654
H524L,apo,239,1,2,29.25918535395201,-4.841986065398423
H524L,apo,150,1,0,29.77260264854916,8.90424267342816
H524L,apo,227,2,0,31.635111952813997,10.537719519152148
H524L,apo,66,3,0,30.77219235903874,10.009223051040438
H524L,apo,11,2,0,29.639187648794575,9.483774984203077
H524L,apo,6,0,0,30.57231929841514,9.658233745790643
H524L,apo,106,3,0,30.247654337765145,9.899275917187964
H524L,apo,124,0,0,30.506495017696924,9.70164256700374
H524L,apo,40,3,0,29.92310818230913,9.92404639190657
H524L,apo,108,4,-1,30.09294322576127,-0.7308986017954072
H524L,apo,226,4,0,28.6823968260707,8.874350608373776
H524L,apo,198,2,2,30.02161340453457,-6.878748091027065
H524L,apo,85,0,0,30.31657877050037,9.251848906750366
H524L,apo,236,2,0,28.21628087678984,8.920383322240301
H524L,apo,82,0,2,28.89408976380523,-6.500147535569825
H524L,apo,84,0,0,29.9659311508537,9.337827633790862
H524L,apo,119,2,2,29.111458726032865,-5.852311859714169
H524L,apo,155,3,-1,29.98691076397012,0.2523715664006762
H524L,apo,247,3,0,30.313823596889414,10.019184774594567
H524L,apo,59,3,0,29.99555175668968,9.233716172350967
H524L,apo,164,1,0,31.647370781789554,9.456714237384478
H524L,apo,170,2,2,28.777698051942114,-3.641217827591408
H524L,apo,135,2,0,31.03302772277717,9.798671457526213
H524L,apo,181,3,0,30.131828893610493,9.985765609092747
H524L,apo,44,3,0,30.224201753092093,9.601405491437372
H524L,apo,80,2,2,29.525386604715507,-5.49761757252974
H524L,apo,141,4,0,29.95038872993414,9.977857991127877
H524L,apo,174,1,2,29.560936827469682,-4.531523494317331
H524L,apo,67,1,0,29.56380618265739,9.785579163147581
H524L,apo,50,0,0,30.951873045701948,9.320587530330455
H524L,apo,149,0,0,30.260593705694134,9.271696783092317
H524L,apo,47,1,0,30.80088590318455,9.675899603606927
H524L,apo,19,4,0,29.08635869285034,9.764780479026347
H524L,apo,84,1,0,30.189538630095115,9.176314273773317
H524L,apo,35,4,0,30.434987884152534,9.613784414993722
H524L,apo,171,3,0,30.88833719756675,9.240893492684625
H524L,apo,9,1,0,30.506279429101852,9.417709971083355
H524L,apo,36,1,0,29.652656245154493,9.710224853087592
H524L,apo,157,4,0,30.206049838123835,9.588565318887586
H524L,apo,131,0,0,30.31213009572226,9.90019469141203
H524L,apo,27,4,0,30.440015450050222,9.549455809947535
H524L,apo,221,0,0,29.346937290119524,9.980445731570432
H524L,apo,100,4,0,30.159755273693943,8.757374085077686
H524L,apo,107,1,0,30.41046005298111,9.605396086759553
H524L,apo,81,2,2,30.501682296928053,-4.8101996222331955
H524L,apo,64,4,0,29.563438300391034,9.813182569291325
H524L,apo,74,1,0,30.693974422727845,9.294719349803893
H524L,apo,44,2,0,29.91026330651204,9.979611564850602
H524L,apo,188,2,0,29.85011221913649,8.697854509848893
H524L,apo,183,3,0,30.68854787039916,9.332792598869366
H524L,apo,31,0,0,30.775508013105743,9.508761342079575
H524L,apo,228,3,3,28.27930521073285,-11.418705257732443
H524L,apo,79,4,3,28.71589574765499,-11.323951689321646
H524L,apo,90,0,2,29.165743413236815,-4.320632396300362
H524L,apo,165,2,0,29.79481430215405,9.759740862977312
H524L,apo,128,4,2,30.1420296511376,-7.411328146907456
H524L,apo,199,3,0,29.746313447949277,9.238630025030663
H524L,apo,190,0,0,29.74524859491343,9.301782251401919
H524L,apo,182,0,2,28.329437734697617,-5.175754167127074
H524L,apo,223,3,2,29.541239879157786,-4.663161609748223
H524L,apo,161,1,0,30.82725805399365,9.94694928142968
H524L,apo,92,3,0,30.523703127403937,9.358396336838682
H524L,apo,127,4,0,29.886981325736258,9.502983490529962
H524L,apo,54,1,2,29.538311241540317,-8.741498601376762
H524L,apo,142,4,0,28.809679215516393,9.875971672686253
H524L,apo,3,3,2,28.89673251993755,-2.8990221812608095
H524L,apo,207,3,0,29.42978263682542,10.087514745802169
H524L,apo,186,0,0,30.73369514290669,10.52901424090876
H524L,apo,186,1,0,31.408925808816008,9.562577825107132
H524L,apo,87,0,0,31.15519523184582,9.416959715645595
H524L,apo,153,4,0,30.930760422016917,10.64183616725321
H524L,apo,28,0,0,30.94760643892435,10.265408268091408
H524L,apo,162,2,0,30.336561528636892,10.244920655932333
H524L,apo,239,0,-1,30.099427376913262,7.122822399773767
H524L,apo,226,1,2,29.62403937371491,-5.63843927029659
H524L,apo,239,3,2,30.270090556860016,-8.299877320426033
H524L,apo,197,3,0,29.531867081602673,9.846023677365643
H524L,apo,216,1,0,30.676312669626196,9.429006295003937
H524L,apo,153,2,0,29.494365561873696,9.059586876668876
H524L,apo,15,2,0,29.916566901869274,9.003044203359087
H524L,apo,51,0,2,29.99525999891796,-5.61309443248834
H524L,apo,197,4,0,30.117751363109445,9.604886787804277
H524L,apo,169,1,2,30.191396966022193,-5.536231275662842
H524L,apo,159,1,0,29.513506637516873,8.929139260843318
H524L,apo,8,2,0,29.730579949258523,9.467467018932933
H524L,apo,23,2,0,30.146638571044928,9.111091901142007
H524L,apo,38,0,0,30.302733032486806,9.967496774025282
H524L,apo,83,1,0,30.13807146184477,10.832894148729626
H524L,apo,45,0,2,29.970391222890775,-6.601189396675261
H524L,apo,171,0,0,30.23548979323031,9.389639307060653
H524L,apo,125,1,0,30.735406190769073,10.045264745644303
H524L,apo,183,0,0,30.700449382085306,9.266589232010338
H524L,apo,137,1,0,29.57613762956279,9.552445174291528
H524L,apo,91,1,2,30.42087479394044,-5.660748817763807
H524L,apo,182,1,0,30.41609300008808,10.44643369154829
H524L,apo,9,3,0,29.485338175811307,9.365593275255213
H524L,apo,93,2,0,30.300956236696695,9.981467893055656
H524L,apo,194,0,3,26.317930521748334,-9.55277450322035
H524L,apo,139,4,2,29.242324940856566,-6.624798343495207
H524L,apo,157,3,0,29.891101176589583,9.624679499016892
H524L,apo,193,2,2,29.697671961941563,-6.245309221840893
H524L,apo,167,2,0,30.54152778879492,9.884228426017106
H524L,apo,42,4,0,31.219730859995828,9.98557301049126
H524L,apo,31,3,0,30.513492288633323,9.89492228504065
H524L,apo,74,0,0,29.418526485531746,10.017043888980126
H524L,apo,114,3,0,31.354878533894993,10.068843505955334
H524L,apo,94,1,3,27.06572750892822,-11.863225699623712
H524L,apo,42,2,0,30.744358178174704,8.765641882259203
H524L,apo,104,2,0,30.626128663195566,9.00571691639427
H524L,apo,100,2,0,30.764976748769392,9.896479850105104
H524L,apo,206,1,0,29.953188426591513,10.060898871946456
H524L,apo,240,2,0,30.746105120962774,10.107110926106047
H524L,apo,233,0,0,29.779938148788695,9.98330031809303
H524L,apo,11,0,2,29.07766556626432,-2.8090236802830564
H524L,apo,34,1,0,28.991712757716297,9.698892373308553
H524L,apo,191,1,-1,30.132132445624034,1.3940903476042605
H524L,apo,189,3,-1,28.760067114028036,2.01940022249626
H524L,apo,21,0,0,29.9337448282311,9.369326492065714
H524L,apo,25,2,0,30.347016911005742,8.882788385944709
H524L,apo,135,3,0,28.542981565338938,9.733647625810352
H524L,apo,108,0,0,29.90293918681687,9.424156842579233
H524L,apo,215,3,2,30.47578295602303,-6.571605951626198
H524L,apo,246,1,2,28.50908930073228,-4.2724257583503595
H524L,apo,224,1,0,31.486501286837726,9.740651596922522
H524L,apo,22,3,0,30.95139359764136,9.749312894643156
H524L,apo,39,2,0,30.116708039315988,9.507609578238876
H524L,apo,100,1,0,30.904268789942584,9.81491422210918
H524L,apo,190,1,0,30.073354451006875,9.584444820850344
H524L,apo,75,2,0,30.151847610054762,9.98978030525821
H524L,apo,162,0,0,30.55074452154263,9.913844214662126
H524L,apo,163,1,3,27.303741787463917,-9.62054339757887
H524L,apo,71,3,2,29.25030580162397,-5.288740896410794
H524L,apo,163,2,2,29.331753175064286,-4.450301714338048
H524L,apo,152,1,-1,26.84856559021168,-8.95929612551734
H524L,apo,197,0,2,30.27418478441423,-7.010569901649384
H524L,apo,238,1,2,27.78551922671376,-3.6370861867497357
H524L,apo,173,2,2,29.357146075833707,-4.248943171380869
H524L,apo,194,1,3,27.91587848310187,-11.381678077697458
H524L,apo,247,4,0,30.124495749284247,9.936978893970952
H524L,apo,104,0,0,29.993848569682203,9.84739400765501
H524L,apo,215,1,2,30.172616025727137,-7.37640191856622
H524L,apo,197,2,0,30.514264200522458,9.186026338887958
H524L,apo,244,2,0,29.736215881440884,10.315984977047924
H524L,apo,134,4,0,30.42949084491012,9.55791313141863
H524L,apo,120,1,3,28.538042315602755,-12.298038070845587
H524L,apo,128,1,0,31.025212726741348,8.043483864256835
H524L,apo,68,4,0,29.623328965485083,8.867332914286306
H524L,apo,82,1,2,29.849717305140192,-5.060695132055508
H524L,apo,205,4,0,29.76752904395928,9.452001405979601
H524L,apo,196,0,0,30.45195919677612,9.28636096427164
H524L,apo,82,2,2,29.226992609264485,-4.520714555170792
H524L,apo,117,4,0,30.645618872461785,9.394302567230849
H524L,apo,206,4,0,29.23675416201066,10.052167081430868
H524L,apo,199,0,0,29.65626071020213,9.230254868533608
H524L,apo,123,3,2,29.016839181861393,-6.42025329371212
H524L,apo,117,2,0,29.7805595287224,8.584202998542603
H524L,apo,12,2,3,28.079588184965775,-10.314152791961822
H524L,apo,39,3,0,29.10299535485601,9.272317083168089
H524L,apo,245,1,2,29.855788552398497,-5.844544469950856
H524L,apo,78,2,0,29.87081615743743,10.018766938017519
H524L,apo,19,0,0,30.242393919370105,9.450371759712388
H524L,apo,60,3,0,30.586395786830973,9.528113806334158
H524L,apo,67,3,0,30.0595716821907,9.121727239133001
H524L,apo,90,4,2,29.489630985347603,-2.5720676952203863
H524L,apo,167,4,2,29.08369415442107,-6.470606561283152
H524L,apo,18,3,0,31.558992321587095,10.606251561141871
H524L,apo,134,2,0,30.451250973696556,10.482037075832602
H524L,apo,179,3,0,31.64591621734971,10.485288578285056
H524L,apo,101,4,0,28.692930370964312,9.019682533673386
H524L,apo,50,3,2,28.725141694739133,-5.125111608135913
H524L,apo,223,0,2,29.18700665611268,-4.4307601912545955
H524L,apo,220,3,0,29.81635752883096,9.263996334778396
H524L,apo,111,2,-1,26.116842529474884,-9.38527128616731
H524L,apo,37,0,0,30.3104679295292,9.330209918781879
H524L,apo,88,4,0,29.589177531324484,8.598613920919291
H524L,apo,174,2,2,29.724117522240903,-4.331585702897505
H524L,apo,21,4,0,29.826135043079887,9.697899892070538
H524L,apo,54,3,-1,30.577767242824613,1.819718716555551
H524L,apo,197,1,0,29.9953804120429,9.22958268249272
H524L,apo,219,0,-1,28.843584786929213,6.241124812237642
H524L,apo,132,1,2,29.32157711574065,-5.694815093251869
H524L,apo,8,1,0,30.38230167504554,9.488312302840349
H524L,apo,58,4,0,29.124390025928218,8.419384050449079
H524L,apo,218,4,0,30.171095411975088,9.960894174941792
H524L,apo,120,4,2,30.60098569047486,-4.778908890298104
H524L,apo,106,2,0,29.510945947329933,10.305125085502489
H524L,apo,231,2,-1,28.9263016084856,3.3791310746649854
H524L,apo,93,0,0,30.426029884851207,9.571398336067327
H524L,apo,31,1,3,27.54080808874189,-9.235561716264256
H524L,apo,175,4,0,30.583243449037575,9.306459661894726
H524L,apo,122,0,2,29.411379148199824,-5.41784885799093
H524L,apo,91,2,0,30.79109135989408,9.888132331712557
H524L,apo,108,1,0,28.741933232194793,8.605139646839467
H524L,apo,70,2,2,29.14672446512971,-3.442705007899775
H524L,apo,74,4,0,30.46012562103811,10.285760333082544
H524L,apo,87,2,0,30.61598081460854,10.002683387767117
H524L,apo,4,1,0,30.07066949036882,10.006913797342753
H524L,apo,81,0,0,29.371970118813717,9.899686889771967
H524L,apo,136,4,2,29.46548127862725,-3.7065431577015633
H524L,apo,119,4,2,28.73004457224372,-4.548495984162313
H524L,apo,8,0,-1,28.70748013917309,1.800506954888587
H524L,apo,159,4,0,29.89664960445856,8.841663599966177
H524L,apo,96,2,0,29.801886734820897,9.701790825340181
H524L,apo,208,1,0,29.21978815557988,9.397675467768545
H524L,apo,94,3,2,29.307822991814184,-3.9390159777197082
H524L,apo,155,0,2,30.331103871895866,-5.885588754530627
H524L,apo,10,3,2,29.44660108287036,-6.247874613932106
H524L,apo,221,3,3,28.6012716329154,-10.578751013283112
H524L,apo,161,0,0,29.823111961941112,10.256832612881729
H524L,apo,199,4,2,29.35590471023011,-5.41432746184827
H524L,apo,7,3,2,29.729430858281948,-3.6422423067252865
H524L,apo,70,1,2,28.908457045057624,-3.850438297712514
H524L,apo,229,1,2,29.46313871452443,-5.972243769640128
H524L,apo,166,3,2,29.9129012697415,-5.499880735996892
H524L,apo,27,0,0,30.584892309941665,10.243440391844109
H524L,apo,70,4,2,28.555764153255485,-5.998766088165357
H524L,apo,5,1,0,30.213326124413864,9.964764613652129
H524L,apo,68,3,0,29.950062335079007,9.524870406212203
H524L,apo,96,4,0,30.34603135040126,10.163926508480142
H524L,apo,224,3,0,30.080705344274826,9.905827147881963
H524L,apo,92,0,2,30.77248222551486,-6.318030481692868
H524L,apo,30,0,0,30.907200567447543,9.559126426427417
H524L,apo,155,4,2,29.943141794704285,-5.731637053774865
H524L,apo,168,3,2,29.659719981437938,-4.429952461761686
H524L,apo,60,0,2,29.694770791559883,-6.983048921881897
H524L,apo,95,4,3,29.586642479210386,-11.115077063831295
H524L,apo,7,4,0,30.208857903378437,9.317536548722313
H524L,apo,154,0,0,29.36733144169313,8.965304878896168
H524L,apo,172,2,-1,31.419317975574234,-3.9989652303233236
H524L,apo,168,2,2,29.323635140783384,-3.062219172093242
H524L,apo,130,2,2,30.253349955887142,-5.395356193168653
H524L,apo,40,2,0,30.06673853322244,9.961100103264021
H524L,apo,186,2,2,28.383445384531218,-5.300871335058023
H524L,apo,241,0,2,30.291751839405176,-6.7240706119680125
H524L,apo,226,0,2,29.16731495725683,-5.829178414639834
H524L,apo,171,4,0,30.47067706231773,9.389974737574363
H524L,apo,148,1,2,28.47403223051501,-4.307119528670229
H524L,apo,194,3,2,30.460821619593297,-5.520816539482363
H524L,apo,1,3,0,30.414238654163036,9.708833664598185
H524L,apo,18,1,3,27.660678288927443,-11.532488683847866
H524L,apo,118,2,0,29.998011227521268,8.872950254050085
H524L,apo,3,4,3,27.425938360860496,-9.379911691168214
H524L,apo,100,3,0,29.475603579613402,9.565435824157301
H524L,apo,43,2,0,30.076129991886138,9.126402913034156
H524L,apo,55,1,0,29.115071332970007,9.035988502406715
H524L,apo,152,4,2,28.455526053676575,-5.561747411401848
H524L,apo,136,1,2,29.06266657844113,-4.723889529155764
H524L,apo,146,2,0,32.33689725277468,9.85241682230454
H524L,apo,225,2,0,30.89306183406545,10.194862988565328
H524L,apo,221,2,2,29.00067758249178,-3.320392768001517
H524L,apo,160,3,0,29.12410366630903,9.709239627634354
H524L,apo,98,2,3,27.494809844573545,-9.493490362357154
H524L,apo,206,2,0,30.50003702961793,9.624877027243233
H524L,apo,246,3,2,28.86034175142371,-2.9637941867469118
H524L,apo,154,4,2,29.343342533162115,-6.5355617252427445
H524L,apo,178,1,3,27.69799185585005,-9.210396353229442
H524L,apo,162,3,0,29.67044856660428,9.90826491228231
H524L,apo,172,1,2,29.44484919674296,-3.912167558590013
H524L,apo,125,2,2,28.66261132252179,-4.855953629283925
H524L,apo,180,0,-1,27.591548086613752,-7.926173886425734
H524L,apo,249,4,0,30.02086577881916,9.824323939286042
H524L,apo,89,3,0,30.558665998671454,9.443072508934723
H524L,apo,201,3,3,26.85276751041804,-9.357465556683044
H524L,apo,213,2,0,30.324643876629644,9.45801521332078
H524L,apo,67,2,0,30.207636879562287,9.494894319295783
H524L,apo,119,3,2,30.011056915178088,-5.007637994453194
H524L,apo,208,4,0,29.95713671301555,10.442020828954877
H524L,apo,29,2,0,29.52874663457756,9.421676052279071
H524L,apo,80,4,2,29.773623092510107,-5.3586953407326705
H524L,apo,77,2,0,30.873544799119824,9.83562835044676
H524L,apo,169,0,2,29.899114770485205,-6.772993136043327
H524L,apo,210,3,2,29.244252333042255,-4.433744608970815
H524L,apo,44,0,0,30.579692576964653,10.04408798992437
H524L,apo,18,4,2,29.05070022752667,-6.680756327298065
H524L,apo,94,0,2,29.699688997996144,-5.316640174104278
H524L,apo,142,1,0,29.927509832724468,10.009029422333917
H524L,apo,157,0,0,30.780364970342884,9.398062288622434
H524L,apo,107,0,2,29.918820614071873,-4.893847937313941
H524L,apo,48,1,2,29.908728348507722,-4.594925888323825
H524L,apo,7,1,2,29.443130384632735,-7.152339383447144
H524L,apo,4,3,2,29.580297720924413,-4.599864098101345
H524L,apo,75,1,2,28.994040902194246,-7.461043005022216
H524L,apo,155,2,3,28.860315205655784,-10.331681838773555
H524L,apo,207,4,0,29.586475430460883,9.210944739441217
H524L,apo,9,2,0,30.53785859623114,9.860648123006488
H524L,apo,75,0,0,30.940612673173487,10.978260035829713
H524L,apo,76,0,0,30.633605906115065,9.93827648604724
H524L,apo,179,4,0,29.03335578251111,10.02869124042759
H524L,apo,96,1,0,29.50917376712806,8.50277779105847
H524L,apo,25,3,2,30.38306983198296,-5.745489634837481
H524L,apo,96,3,0,30.140436403634368,9.198706954078292
H524L,apo,190,4,0,30.717361740725096,10.265881088604171
H524L,apo,34,4,0,30.00480993721287,9.992563557632646
H524L,apo,137,4,3,27.911612733319895,-9.942274362149316
H524L,apo,65,2,2,29.293763838752902,-4.117869997833294
H524L,apo,193,4,2,29.704755429528927,-6.018864776257943
H524L,apo,69,0,0,30.183605654592604,10.297300796649496
H524L,apo,103,2,2,29.53694517669036,-4.335441932331506
H524L,apo,91,0,0,29.14527065752245,8.938139129839808
H524L,apo,149,1,0,30.266001407497473,9.846200111300735
H524L,apo,91,3,3,28.289999166198786,-10.803709646362769
H524L,apo,171,2,0,30.000390668337293,9.858892480881279
H524L,apo,12,1,0,31.153253208848085,10.154638065417572
H524L,apo,89,4,0,29.489754907250166,10.050059286108231
H524L,apo,1,1,-1,29.533201204855,1.5581901697837557
H524L,apo,92,2,2,29.280179092964197,-6.700671939984369
H524L,apo,220,4,0,29.863658812509726,9.788798769476672
H524L,apo,196,2,0,29.342893325195753,8.986299646834954
H524L,apo,11,3,2,30.048005523652414,-5.960521465369148
H524L,apo,209,3,0,29.38581265815202,9.56342222582649
H524L,apo,183,4,3,29.43891717445538,-11.876952321808469
H524L,apo,9,4,0,30.06518372364668,9.650101309310408
H524L,apo,176,0,2,30.407150072192916,-5.979775444375091
H524L,apo,20,4,2,30.654408410687306,-6.352726450149993
H524L,apo,135,4,0,29.73704359937907,9.472932771872584
H524L,apo,90,3,0,31.176074466417283,9.413984027651836
H524L,apo,125,3,-1,29.83492710547397,2.797164807630149
H524L,apo,187,3,2,30.825222113584317,-5.919719876662729
H524L,apo,11,4,2,29.995175076158887,-6.270192899676609
H524L,apo,179,1,2,29.028704200318707,-7.267823743506861
H524L,apo,11,1,2,29.482770203821524,-5.757644149657518
H524L,apo,8,4,-1,30.20300914936675,-2.7911918523355435
H524L,apo,170,0,2,28.76849311213932,-3.9271246671884277
H524L,apo,50,1,3,27.650341043129544,-11.247225306517311
H524L,apo,137,2,0,30.18467729864004,9.418904138202203
H524L,apo,225,1,0,30.778850264804465,9.806263483891092
H524L,apo,2,1,0,31.651419897290953,9.760075509937888
H524L,apo,63,3,2,30.356913863891112,-5.173518917675168
H524L,apo,135,0,0,31.327849563846108,8.92951211678721
H524L,apo,2,0,2,30.590921489296445,-5.0404936916899175
H524L,apo,116,1,0,30.367244479754444,9.76037729678229
H524L,apo,161,2,0,29.22800605673113,9.063325311362366
H524L,apo,200,1,0,29.573869981313628,10.28078772169435
H524L,apo,232,4,0,30.45133611118052,9.22109943333016
H524L,apo,4,0,0,29.703319122397843,9.33319541731764
H524L,apo,49,3,0,30.403152276736087,10.541955416547301
H524L,apo,75,3,0,30.1046593683086,9.498853983739913
H524L,apo,38,3,2,28.285253681972577,-6.221838765090595
H524L,apo,42,0,2,30.303132574806494,-4.34715490476392
H524L,apo,185,2,2,29.58737149406551,-5.039101125723414
H524L,apo,141,2,3,28.18790929920619,-10.444531882896596
H524L,apo,173,1,2,29.24478278848339,-3.8391324902760893
H524L,apo,118,1,2,31.468384630283687,-6.220421832725055
H524L,apo,209,2,2,30.37332536869646,-4.025490290508677
H524L,apo,26,2,2,29.96041151989722,-5.907881946176229
H524L,apo,19,3,2,29.898448665076398,-4.541170757823104
H524L,apo,100,0,2,29.617311181105407,-4.7038139244017705
H524L,apo,102,4,0,30.26835517468982,9.141810190690268
H524L,apo,181,0,2,29.53401657064478,-2.611702764105842
H524L,apo,182,3,0,29.838896465252976,10.242569991463782
H524L,apo,37,3,0,30.133101576756957,9.079275696160487
H524L,apo,90,2,2,29.310401208068175,-5.993946005929216
H524L,apo,210,1,0,29.478354843390754,9.088966500193893
H524L,apo,38,2,2,30.439924182222082,-8.316966908671963
H524L,apo,216,2,2,30.770412633581763,-8.080254941726873
H524L,apo,164,2,2,30.052921677893565,-7.53706636402306
H524L,apo,214,1,0,29.142488261851994,10.103017328825384
H524L,apo,120,2,2,30.37646064061463,-6.694869572656069
H524L,apo,194,2,0,30.78772551917554,9.638439622825118
H524L,apo,5,0,0,30.593825908282163,9.332799747887051
H524L,apo,122,1,3,26.772530993107257,-9.538042507844525
H524L,apo,47,2,0,29.9983002403472,8.983088364023505
H524L,apo,71,0,0,30.593004927631164,10.467813830593569
H524L,apo,216,3,2,30.666321960715514,-4.739981033084525
H524L,apo,67,0,0,30.405755156951265,9.938329450616688
H524L,apo,39,0,0,30.29128150627444,10.116319922526056
H524L,apo,44,1,2,29.943813196462088,-7.104568568542535
H524L,apo,232,2,0,29.84019786020106,9.579858831576962
H524L,apo,218,3,0,30.830137003108174,10.12672544577253
H524L,apo,43,3,0,29.422117749172536,9.455965641630137
H524L,apo,103,3,2,29.63944101481937,-6.237733720710995
H524L,apo,165,1,2,29.34960583248655,-6.479783374094362
H524L,apo,220,1,0,29.112488610629494,8.593573227427163
H524L,apo,92,4,2,30.10031289676463,-5.034681377150535
H524L,apo,160,1,0,30.74523076424368,9.3619333478895
H524L,apo,20,0,0,28.953232243957242,8.491952286506903
H524L,apo,36,3,0,30.42281240701387,9.838818170067674
H524L,apo,212,1,-1,31.687849544163463,-5.916708837368542
H524L,apo,69,2,3,28.659725864011854,-11.698068339631927
H524L,apo,118,3,3,27.893003210353363,-11.014020013575088
H524L,apo,138,0,3,29.548983167937866,-11.688689659764956
H524L,apo,97,3,0,29.01229946038479,9.113403014655667
H524L,apo,108,3,0,29.154255043892142,9.278165004094696
H524L,apo,240,0,0,30.501075850024478,9.251415753072266
H524L,apo,83,4,2,29.283056211467947,-5.707956032490134
H524L,apo,241,1,3,26.79352257237302,-10.054706452613475
H524L,apo,162,4,0,30.86805774611675,9.657644940751906
H524L,apo,156,4,0,30.088044766678625,10.004763958044126
H524L,apo,239,4,2,29.24026271338002,-6.087093311401257
H524L,apo,151,2,2,31.680272857506758,-7.615713926447751
H524L,apo,2,3,2,29.04840926324872,-5.82363283506341
H524L,apo,107,3,0,30.15858556355417,10.18337127327263
H524L,apo,21,1,2,29.573627759696674,-7.711792316955231
H524L,apo,107,2,2,29.49177468556897,-5.741766165497568
H524L,apo,86,1,2,29.256735149188785,-4.01913344329882
H524L,apo,149,3,0,30.273651934147722,9.710704776537101
H524L,apo,240,3,0,30.26338909397419,9.477438443724033
H524L,apo,104,1,2,30.37658476074056,-5.907725467276104
H524L,apo,51,1,0,29.96966484475204,9.009432818314712
H524L,apo,152,2,0,29.547301016562848,9.495964308241108
H524L,apo,62,3,-1,-10.640207795617139,-2.4570128028718767
H524L,apo,166,2,2,29.138964241755527,-5.228256200350846
H524L,apo,57,2,0,31.05865449947077,9.53733079261355
H524L,apo,196,4,2,29.98235529524366,-5.602761684750553
H524L,apo,175,2,3,28.25919238714615,-12.002889721263571
H524L,apo,205,3,2,28.696106169273406,-5.880535332052885
H524L,apo,51,3,2,29.482225538506185,-4.613267678728866
H524L,apo,215,4,2,30.260220101780995,-7.025056130141871
H524L,apo,178,4,2,29.315545833355824,-5.100947077885357
H524L,apo,178,2,0,30.40979882683258,8.928484762755076
H524L,apo,20,3,2,29.854982903432422,-6.631169864492923
H524L,apo,55,2,0,29.61233682310078,9.428364517885493
H524L,apo,216,0,2,29.89326747983788,-7.60242423011571
H524L,apo,1,0,2,29.229896081397946,-6.767529542011453
H524L,apo,140,2,2,28.391162039086097,-6.6673722059171965
H524L,apo,9,0,0,29.153093960434656,9.373758104993712
H524L,apo,193,3,-1,26.488605923111304,-9.042039691661316
H524L,apo,237,4,0,31.16730060082555,9.878441163489189
H524L,apo,64,3,2,30.134450510645873,-6.018589941179852
H524L,apo,234,4,2,29.95403091299924,-5.3638077887336
H524L,apo,95,2,0,30.432497850852773,9.831762449093649
H524L,apo,26,1,2,29.487666243604668,-4.615507279212319
H524L,apo,153,1,2,28.74971575838928,-4.172767174040568
H524L,apo,1,2,-1,30.649551613173763,-3.175812779969257
H524L,apo,212,3,0,30.90400882306994,10.106024394209367
H524L,apo,78,3,3,29.047353857045536,-10.666555124230072
H524L,apo,115,3,0,31.431927567415467,9.988282428305384
H524L,apo,179,2,-1,29.917702380473074,4.538388070119399
H524L,apo,119,1,2,29.584796037767298,-4.531551810028107
H524L,apo,26,0,2,29.600819838295912,-5.024575667560267
H524L,apo,2,4,0,30.008333528029745,9.230080220360929
H524L,apo,194,4,2,28.32381188689384,-4.987814273524655
H524L,apo,34,0,2,30.047649296072265,-7.521676757080548
H524L,apo,173,0,2,30.300830937875283,-5.003650366888788
H524L,apo,2,2,0,30.72166370564934,9.09780534416015
H524L,apo,234,0,-1,31.349081237001176,-4.812240755121251
H524L,apo,159,0,0,29.883824579542196,9.748648627467093
H524L,apo,72,4,2,28.73171443803335,-7.696811162938462
H524L,apo,230,3,0,30.497803007014237,9.59014873280254
H524L,apo,132,3,2,29.51788113131069,-6.128794510513422
H524L,apo,111,4,2,29.45053632810374,-5.238185620351902
H524L,apo,230,1,3,27.923205104136446,-11.515650786853898
H524L,apo,163,4,2,29.824759317469173,-3.4561594693762485
H524L,apo,230,2,2,27.77541533243601,-5.0222935078876745
H524L,apo,202,2,2,30.508083190622965,-4.775994527742903
H524L,apo,60,1,2,29.78881769866418,-7.719963570008238
H524L,apo,153,3,2,29.3915177066744,-6.959360068312104
H524L,apo,30,3,-1,27.270454382739164,2.023644997195351
H524L,apo,101,3,0,30.07438197963123,10.122707256756335
H524L,apo,69,1,0,30.760536975285063,10.40558954996172
H524L,apo,156,3,2,30.036820639421315,-5.037941164117572
H524L,apo,215,0,2,30.437221228532685,-6.874055814442445
H524L,apo,86,3,0,30.420536156950977,9.413743697976976
H524L,apo,232,1,0,30.934123817581998,9.85414349075798
H524L,apo,85,4,2,28.65984618294051,-5.925889872111279
H524L,apo,87,4,0,28.0699582988056,9.237668331387415
H524L,apo,131,3,-1,28.855619434775786,0.9033748853378583
H524L,apo,121,2,0,30.420375579264466,8.929865419706752
H524L,apo,190,2,2,28.215242937845527,-5.765504658844977
H524L,apo,44,4,2,30.329183027558894,-5.99831322918313
H524L,apo,73,0,2,29.68666800260938,-6.73214030042205
H524L,apo,157,2,0,30.148753015135327,9.971184386758546
H524L,apo,83,0,0,29.967237452826637,9.67855151014788
H524L,apo,28,2,0,30.19820995193687,9.890359211104396
H524L,apo,241,4,2,30.71001968211346,-4.433375532311245
H524L,apo,46,4,0,31.48425713931514,9.567306054966974
H524L,apo,73,4,2,29.38056920773548,-6.184235933430109
H524L,apo,32,2,0,30.220444815011994,9.811840449616144
H524L,apo,228,2,2,28.68397703507858,-3.29502122921865
H524L,apo,80,1,2,29.076046354475295,-5.634207780972032
H524L,apo,43,0,0,29.784912611100633,10.138457072837278
H524L,apo,229,0,2,28.86216804910821,-4.14566391583476
H524L,apo,12,4,2,27.54426874541845,-2.961952242058398
H524L,apo,22,0,-1,31.051758174445148,-4.0850782385145425
H524L,apo,151,4,2,28.957426567094473,-6.095928030027613
H524L,apo,34,3,0,30.743413143227897,9.644636657897488
H524L,apo,224,0,2,29.40906947232207,-6.291430122599464
H524L,apo,101,0,0,30.316270542000776,8.576369618616685
H524L,apo,237,3,3,29.126206115695382,-11.461593562759674
H524L,apo,66,0,2,29.15454972334986,-2.733981115071967
H524L,apo,73,3,2,28.92655500772091,-7.213384765414256
H524L,apo,249,3,0,29.49791745780314,9.813412724706595
H524L,apo,239,2,-1,30.55880586895161,1.5249745952187828
H524L,apo,59,1,2,29.884301190482287,-6.079853063220052
H524L,apo,176,4,2,29.85885038846764,-4.631471527192552
H524L,apo,38,1,2,29.854499690714405,-6.499363581555683
H524L,apo,221,1,2,30.11767548757923,-7.48897928511388
H524L,apo,23,1,0,30.658753182231685,9.845574622302232
H524L,apo,187,2,2,30.24725779445959,-4.154152413408499
H524L,apo,185,4,-1,27.556045633724334,-12.803889754105244
H524L,apo,59,2,-1,30.46219392235155,-0.18758493370948273
H524L,apo,179,0,0,29.520180291014146,9.716036008124467
H524L,apo,131,1,-1,28.78254382009659,2.840563188395355
H524L,apo,249,1,0,30.385471240338006,9.697871413773555
H524L,apo,218,2,0,31.48894132267156,10.092291784526104
H524L,apo,120,0,2,29.418116649497872,-4.428013996114761
H524L,apo,93,1,0,30.263286335384628,9.853543454806513
H524L,apo,18,2,2,28.907970948545145,-6.780080991361817
H524L,apo,128,0,2,30.007582306604107,-6.445675180886671
H524L,apo,29,1,0,30.702325085051967,10.1676251711877
H524L,apo,69,3,2,30.072251670716053,-5.757688656955726
H524L,apo,188,3,0,30.793391242963214,9.935585959085737
H524L,apo,93,4,2,30.2249907194828,-5.6977473506470915
H524L,apo,234,1,0,30.367948023341654,9.352851959915439
H524L,apo,187,0,-1,30.47010348091165,0.5259389092468266
H524L,apo,5,2,-1,30.863637006077695,0.8057482174832784
H524L,apo,91,4,-1,29.588190683633947,6.5680699488266026
H524L,apo,96,0,3,27.90503218199871,-9.767931379029976
H524L,apo,185,3,2,29.79198636791925,-4.962895245283462
H524L,apo,156,1,2,29.33797296720014,-5.088238530258229
H524L,apo,241,3,2,28.45914634106511,-6.605947677746959
H524L,apo,70,3,2,30.148604706128644,-5.281664367011768
H524L,apo,3,2,2,29.19572524050234,-5.35569794919642
H524L,apo,148,0,2,29.303357728831504,-4.279718673858705
H524L,apo,154,3,2,29.577771984928898,-5.068425749720719
H524L,apo,78,4,2,29.2335183441361,-4.537919123052368
H524L,apo,111,1,2,29.811386467617304,-5.019353600142498
H524L,apo,184,0,0,29.64941936014182,9.206691867868408
H524L,apo,50,2,0,30.718925826800845,9.404890522425962
H524L,apo,202,1,0,30.91560609912706,9.92961487321356
H524L,apo,110,3,-1,30.703513608582725,0.04798290441321867
H524L,apo,16,1,0,31.000210550243803,9.81645495723101
H524L,apo,156,0,2,29.264602275264174,-4.809113070791021
H524L,apo,162,1,0,29.280431775193243,9.822314629897551
H524L,apo,164,4,0,29.570177169484843,9.360387869535877
H524L,apo,129,1,0,31.02953008083579,10.186976348129653
H524L,apo,175,1,2,28.739658851679497,-7.032429517232485
H524L,apo,170,1,2,28.343822053997634,-6.376662950647776
H524L,apo,20,1,2,29.86812889743889,-7.613212597515752
H524L,apo,149,4,2,29.16136894926692,-6.174579223475165
H524L,apo,28,1,0,30.23469130725674,9.356538976892843
H524L,apo,4,4,0,29.724726317041107,9.444640725699978
H524L,apo,83,2,0,30.052228063875994,9.97396250163362
H524L,apo,227,0,3,26.917799242544678,-9.787144940963097
H524L,apo,192,1,2,28.532903416749008,-6.696785509536917
H524L,apo,234,2,2,29.480825291663805,-4.4958170687962316
H524L,apo,166,1,2,28.8878968330649,-5.237300764138032
H524L,apo,176,1,2,28.34888397340439,-7.325891675143377
H524L,apo,64,2,2,29.799509733655714,-6.269429142647851
H524L,apo,121,3,-1,31.713251960538823,-5.95120525704096
H524L,apo,45,2,2,28.214187598498345,-6.64795566178638
H524L,apo,175,3,2,28.678419019551637,-5.003187013934413
H524L,apo,182,2,0,30.76636063811144,9.152969158332143
H524L,apo,139,1,2,29.91838305566091,-5.069062650176634
H524L,apo,103,4,2,30.425409677843206,-6.427190546237282
H524L,apo,178,0,3,28.492302424350306,-12.018029531703522
H524L,apo,241,2,1,-29.303916142956975,-1.2361057264570765
H524L,apo,248,3,2,29.823709935466166,-4.98852680526478
H524L,apo,66,1,2,30.31503383712168,-6.4494524420685355
H524L,apo,77,4,2,30.38919867100466,-7.718912025252975
H524L,apo,103,1,2,29.128114525972684,-4.746945084222478
H524L,apo,188,4,0,30.579548339721278,9.599901361910492
H524L,apo,248,4,0,29.657736248889076,8.931347442166613
H524L,apo,196,1,3,27.792290799235523,-9.811911606745182
H524L,apo,220,2,0,30.242265370874016,9.827253586748093
H524L,apo,99,1,0,30.591289137475293,10.881238896709881
H524L,apo,139,2,2,28.15422225950979,-6.9249201006920265
H524L,apo,167,3,2,30.500445658047298,-4.543122869855988
H524L,apo,153,0,2,29.481154187261954,-5.464940012713754
H524L,apo,230,4,2,29.281974632414116,-5.031036525021316
H524L,apo,222,1,0,28.414950875170142,9.25338244859049
H524L,apo,192,2,2,30.230750810415266,-5.820109163800381
H524L,apo,185,1,2,30.90154097289854,-6.537647481227815
H524L,apo,208,0,3,29.216506298187532,-11.499587802204847
H524L,apo,140,4,2,29.465875883809172,-6.143660321659579
H524L,apo,204,1,3,27.75820748057769,-10.994570990059882
H524L,apo,63,4,2,30.098650812865134,-6.9001268411738135
H524L,apo,209,1,2,28.999572271473465,-2.0299585657576436
H524L,apo,232,3,2,28.210332747747554,-8.40570342840315
H524L,apo,229,4,0,29.233159725988134,9.699191425674407
H524L,apo,165,0,0,30.20675050511906,10.712946442522433
H524L,apo,225,4,2,28.793903937244824,-4.501553163534993
H524L,apo,18,0,2,29.402068744121554,-8.879961141674912
H524L,apo,210,0,2,28.90164888402533,-5.121728443203626
H524L,apo,102,0,2,29.42709907718643,-6.6204314567307465
H524L,apo,186,4,2,29.790808142970658,-7.481460326170142
H524L,apo,115,2,3,27.049689331100815,-11.560197768575001
H524L,apo,132,2,2,28.893233648083708,-3.4800930034216315
H524L,apo,86,0,2,28.69251501969223,-6.500174085176736
H524L,apo,199,2,-1,30.18868941821418,1.9937727359431885
H524L,apo,29,0,3,29.184757534794542,-11.981747507121906
H524L,apo,58,0,2,29.331651143949717,-4.671332685944326
H524L,apo,160,0,0,30.846968282580153,9.017474487930812
H524L,apo,116,0,0,29.673839366942264,9.845237115137497
H524L,apo,47,4,2,29.76025037334353,-5.484057495520288
H524L,apo,202,4,2,30.359254618883973,-5.880962533904637
H524L,apo,47,0,0,29.628944304520417,9.51572828637504
H524L,apo,65,1,2,29.755511212967615,-6.652801219070942
H524L,apo,183,2,2,29.601271517956572,-5.605844934188202
H524L,apo,132,4,3,27.004077930148647,-9.548645847714463
H524L,apo,209,4,0,30.334738978073773,9.666683730622776
H524L,apo,58,3,-1,27.70760192023101,-8.958264644690011
H524L,apo,116,3,2,29.377951420493797,-4.389636668863547
H524L,apo,242,4,2,28.907123965446594,-4.392510657310762
H524L,apo,146,4,2,28.9871527123211,-4.921063381508206
H524L,apo,165,4,2,29.926912707822105,-5.722488626213103
H524L,apo,192,4,3,27.42336950715137,-9.076960064243522
H524L,apo,58,1,2,29.265402707330246,-7.580787936739782
H524L,apo,71,2,0,29.994327074419576,10.085426180932858
H524L,apo,123,0,2,29.279021716026715,-4.538527844428762
H524L,apo,151,3,2,29.878879705918088,-6.44295320039042
H524L,apo,190,3,2,29.31268249162267,-6.67124638188955
H524L,apo,208,3,0,30.21527595294371,9.290611051329133
H524L,apo,169,4,2,29.56335587595464,-5.467308618132679
H524L,apo,98,3,2,29.70154558804177,-4.589253324501067
H524L,apo,201,4,2,29.93185754280514,-7.214025514775493
H524L,apo,71,4,0,29.92374242142434,9.310618501093247
H524L,apo,74,2,0,30.94059861751387,11.03780424873039
H524L,apo,167,1,0,30.28869255158312,9.844401186550714
H524L,apo,240,4,1,-29.971351825455134,-1.3776492104242146
H524L,apo,202,0,2,30.31293752989083,-6.184095877873609
H524L,apo,205,1,2,29.780083564098693,-5.863410201996352
H524L,apo,228,4,0,30.732911975316256,9.165961512281827
H524L,apo,154,2,2,29.4016494372379,-5.7518078696152095
H524L,apo,77,0,2,29.838441570613618,-5.145394677398556
H524L,apo,64,0,2,30.07279773542339,-5.948674254983591
H524L,apo,110,1,2,30.93839579211793,-5.660343822489619
H524L,apo,249,2,2,30.58192212304456,-5.388188481170444
H524L,apo,164,0,2,30.424581204635004,-5.8412952204783135
H524L,apo,249,0,0,29.790585729405354,9.752436798092926
H524L,apo,189,4,-1,-16.721775167763457,-2.179573834326942
H524L,apo,66,2,2,29.108110369872215,-6.01613170495362
H524L,apo,116,2,2,29.462604834456275,-6.512780688347224
H524L,apo,221,4,2,28.04030652160889,-5.308124468160752
H524L,apo,238,3,2,29.912081123347065,-4.071424025892753
H524L,apo,218,0,2,29.855408287453603,-5.6141343134067485
H524L,apo,93,3,2,29.92250769385467,-4.696993355890362
H524L,apo,214,3,2,29.483658779059834,-6.402550846303296
H524L,apo,130,3,2,28.902791413562817,-2.5445129744919277
H524L,apo,60,4,3,27.771235831458718,-9.606245733225702
H524L,apo,165,3,2,29.858613587070113,-6.95386561932012
H524L,apo,125,0,-1,29.431955471166898,-1.4842593408630567
H524L,apo,10,2,2,30.317484004046932,-5.505122586070202
H524L,apo,210,4,1,-31.579649270137917,-1.3068157214174494
H524L,apo,128,2,2,30.325677515620722,-7.322122481859533
H524L,apo,238,0,2,29.238541632892662,-6.807872883359026
H524L,apo,87,3,2,28.95286646349961,-3.879160778092435
H524L,apo,164,3,-1,30.70177251839102,1.0286952940711975
H524L,apo,180,2,2,30.324549976698126,-5.719107328944898
H524L,apo,159,2,0,30.153033863655153,7.636557532470476
H524L,apo,36,4,2,30.841365802145486,-3.9190743942085384
H524L,apo,151,1,2,28.890119967769927,-5.2570962879474905
H524L,apo,134,0,0,29.18436302766215,10.019180820843815
H524L,apo,102,1,2,29.751832375398724,-4.580467544416454
H524L,apo,141,0,2,29.622752471253282,-5.577798828185067
H524L,apo,213,1,2,29.634471573221404,-6.236785882421303
H524L,apo,213,4,3,27.89266775775584,-11.27813666081249
H524L,apo,55,3,0,30.2884797514038,9.660058831267548
H524L,apo,116,4,2,28.517563486952557,-5.290450051339028
H524L,apo,74,3,0,31.57229073372608,9.563023591634586
H524L,apo,114,4,0,30.440087035996047,10.012233587873181
H524L,apo,32,0,0,29.850599831133064,9.546094136153728
H524L,apo,73,2,2,30.543740425309966,-5.311179138629698
H524L,apo,29,3,-1,31.776105109352066,-6.075876071357641
H524L,apo,133,3,2,29.13981472415919,-6.623675912879343
H524L,apo,152,3,0,30.346190034131848,9.235334974046918
H524L,apo,76,4,2,30.11000267123668,-6.887372285201025
H524L,apo,140,3,2,29.132058093514086,-5.323672576579171
H524L,apo,213,3,2,30.49790295538005,-7.613619797486719
H524L,apo,167,0,0,28.74013004178363,8.835075895897251
H524L,apo,65,4,2,30.17418061704841,-4.845203075311463
H524L,apo,201,2,2,28.943504250408836,-5.526085282469859
H524L,apo,14,2,0,31.119221128174,8.856338695617191
H524L,apo,85,2,-1,30.436596612522646,0.7465403076255828
H524L,apo,36,2,2,29.222798933387704,-1.476185679850299
H524L,apo,213,0,3,27.744604366445536,-10.413355428171364
H524L,apo,71,1,0,29.00277460289137,9.467657905471498
H524L,apo,65,3,2,27.890481663881413,-6.480381714021427
H524L,apo,6,4,2,28.533550680182117,-9.841933935339886
H524L,apo,129,2,2,29.733451053078944,-7.265530477323513
H524L,apo,46,1,0,30.474983644521927,9.681667399700356
H524L,apo,229,2,0,30.131981305932243,9.912887280673514
H524L,apo,53,0,0,30.6475926820485,9.221597018248303
H524L,apo,112,3,2,30.474095882806864,-5.522302934023522
H524L,apo,16,0,2,29.485591284365114,-3.7552871227561924
H524L,apo,73,1,2,29.48722751634283,-7.56939686122844
H524L,apo,102,3,-1,31.014083355787804,2.513235623619656
H524L,apo,136,2,2,29.690580588078056,-4.584018836379986
H524L,apo,43,1,3,27.573781179128204,-10.737360964984529
H524L,apo,237,1,2,29.862778476647264,-6.746029023157984
H524L,apo,212,2,0,30.322570236631933,9.5805924725803
H524L,apo,237,0,2,29.165066984510954,-7.0335736069898305
H524L,apo,220,0,3,28.51604100288063,-11.292991629131118
H524L,apo,21,2,2,28.859706644339212,-5.813928122905898
H524L,apo,114,2,2,28.853545633968075,-3.5095425720888196
H524L,apo,115,4,2,29.432268416865206,-4.733930335556034
H524L,apo,176,3,2,29.102003585647402,-5.385982229274921
H524L,apo,216,4,2,29.41293330311173,-4.621546252651197
H524L,apo,175,0,2,30.956983795110883,-5.031364156316686
H524L,apo,102,2,0,30.55253232285539,10.183053248209973
H524L,apo,112,0,3,26.978641635061237,-9.889626705450654
H524L,apo,112,4,2,29.66258587867059,-4.883675674792468
H524L,apo,87,1,2,29.823080409751274,-4.493144771396813
H524L,apo,139,3,2,28.097777129079923,-4.903532741662931
H524L,apo,32,4,0,31.67872373727155,10.106995053059666
H524L,apo,148,2,2,29.77074803469641,-5.89430030840998
H524L,apo,138,1,2,29.648035514502016,-6.219137106269848
H524L,apo,130,0,2,29.97177529672892,-6.121631988313257
H524L,apo,224,4,2,29.716459010340117,-6.214771871023771
H524L,apo,201,0,2,30.179265122485514,-8.165662164193387
H524L,apo,110,0,2,29.745200702619474,-5.074177514108719
H524L,apo,56,0,2,29.18866266565915,-6.75401755940781
H524L,apo,184,3,2,29.50969357060561,-5.6430651122407145
H524L,apo,26,3,2,29.580059111437517,-7.481718333243142
H524L,apo,53,3,0,30.179000304865877,10.044621828156194
H524L,apo,6,1,2,29.757145771979413,-6.162484301887275
H524L,apo,145,3,2,29.873191172650465,-4.664140165695162
H524L,apo,242,0,0,30.509526377574026,8.915162976862685
H524L,apo,27,3,2,29.05299828110492,-5.496638555038722
H524L,apo,214,4,0,30.170281369570663,10.122912626992632
H524L,apo,227,4,2,29.818043727283303,-4.347930847556197
H524L,apo,187,1,2,28.708568367385347,-5.328986591555377
H524L,apo,23,0,0,30.533509436559246,9.587695760908792
H524L,apo,132,0,2,29.336323915041767,-6.4231627053096965
H524L,apo,90,1,2,29.845142589406,-5.404641818054248
H524L,apo,208,2,2,28.60391101822042,-5.738223054782678
H524L,apo,64,1,0,29.161841906565233,9.61000100840784
H524L,apo,186,3,2,30.108730773093047,-7.5769703481076425
H524L,apo,232,0,2,30.39597293130271,-6.553987912735961
H524L,apo,168,0,2,29.455257328021492,-2.6532187481237317
H524L,apo,45,1,2,28.66014284859807,-3.766237605567556
H524L,apo,121,1,0,31.364562525329717,8.964384071242208
H524L,apo,26,4,2,30.451608229020106,-5.817216157971932
H524L,apo,201,1,-1,27.758101094640164,-8.426986135135081
H524L,apo,37,4,2,29.026090639617504,-3.393993105510474
H524L,apo,192,0,2,28.87117361825716,-6.321073516675815
H524L,apo,140,0,2,28.842065894908995,-4.582391799913106
H524L,apo,46,2,2,30.12578333677069,-5.516757929559658
H524L,apo,23,3,2,30.129046547186604,-6.792989755224063
H524L,apo,183,1,2,28.87182074490386,-5.600650438466339
H524L,apo,242,3,0,29.711047415196393,9.407514536735205
H524L,apo,235,4,2,31.114189260847954,-5.665458041154414
H524L,apo,138,3,2,30.40718428846528,-8.164626060119145
H524L,apo,187,4,0,28.150743521599356,8.836070569888596
H524L,apo,237,2,2,28.892588958066224,-6.882561609060235
H524L,apo,248,2,2,29.00155488074727,-7.072203909273868
H524L,apo,148,4,2,28.24829933340322,-4.869707077287313
H524L,apo,112,1,2,29.020674814309604,-4.9392408941605375
H524L,apo,159,3,0,29.978437592465006,9.645633253724776
H524L,apo,5,4,2,29.092438527760923,-5.061098148847813
H524L,apo,76,2,2,29.51937186477997,-5.7854812435657665
H524L,apo,20,2,2,29.68163846937457,-6.593355903891986
H524L,apo,68,1,-1,-11.171742150538472,-2.3827803170041273
H524L,apo,225,3,-1,25.969949585990364,-8.677047679674562
H524L,apo,12,3,2,29.22218953254683,-3.4010993719775247
H524L,apo,121,0,2,28.82890805102305,-6.956245440045983
H524L,apo,180,4,-1,30.49875964037845,-3.100122415840411
H524L,apo,133,1,2,29.32364188417524,-4.16965351627307
H524L,apo,155,1,2,30.910471128923945,-6.210555556049717
H524L,apo,146,3,-1,30.978425550979,1.4540855317128432
H524L,apo,95,1,3,28.82013731043652,-10.492024488425447
H524L,apo,148,3,2,29.394064784929235,-4.379485648294745
H524L,apo,85,1,-1,30.28562866732587,3.4858991527665615
H524L,apo,129,3,2,30.11628648488093,-4.835548444571682
H524L,apo,5,3,2,29.49239854742696,-4.841364764344996
H524L,apo,57,4,2,29.63942248696217,-5.392729540222496
H524L,apo,99,0,0,30.498007862599234,10.26304378105257
H524L,apo,6,2,2,29.557951458485423,-4.482442522057635
H524L,apo,110,2,0,29.28049344323392,8.745504157277262
H524L,apo,14,1,0,30.315357595912648,10.38135316526732
H524L,apo,61,4,2,29.38993298070912,-7.222693748635324
H524L,apo,117,1,2,30.035150093468186,-4.545230979241315
H524L,apo,204,4,-1,30.839783176460255,0.24281817932147118
H524L,apo,214,0,2,29.45111884721311,-4.152106232737274
H524L,apo,214,2,2,29.768214336005855,-6.661949422813608
H524L,apo,204,2,2,29.07890991300867,-6.886122064174249
H524L,apo,146,1,2,29.15309121660436,-4.7693319830000975
H524L,apo,184,1,2,29.86853593852482,-3.616754589796843
H524L,apo,133,4,2,29.43312371346609,-6.894584612177287
H524L,apo,16,2,-1,30.83416780062317,4.456267348531011
H524L,apo,61,0,2,28.98566907483155,-6.330934477490432
H524L,apo,247,1,2,29.112599748809924,-6.897442136863427
H524L,apo,184,4,-1,30.42550431566362,0.07374547124347643
H524L,apo,188,1,2,29.928415991050443,-5.65382528332205
H524L,apo,3,0,0,29.721217686660854,9.612004686675792
H524L,apo,123,4,2,29.699138851202548,-9.257435002425234
H524L,apo,204,3,2,29.399770844154876,-6.294332007391091
H524L,apo,76,3,2,30.538559154652905,-8.44142412672655
H524L,apo,248,1,0,28.43336815392299,8.934586681333348
H524L,apo,235,1,2,29.334282874132256,-6.831561826092383
H524L,apo,228,1,0,30.392516183039966,8.97822122789569
H524L,apo,121,4,2,29.796544964325214,-5.072082945909599
H524L,apo,10,1,2,30.79261978457826,-6.1859151641680326
H524L,apo,130,4,2,29.434229590607178,-4.346727054907103
H524L,apo,188,0,2,28.565872561048273,-5.83031870390925
H524L,apo,140,1,2,29.149929747531548,-4.9989196621721455
H524L,apo,129,4,2,29.502353052711175,-5.285135766077749
H524L,apo,57,0,2,30.312634536910707,-4.769658791703249
H524L,apo,222,4,3,28.92428548120069,-11.372884541231876
H524L,apo,118,4,2,29.330716020297633,-3.554792552606071
H524L,apo,56,1,3,29.256041703937605,-11.626393075686076
H524L,apo,133,0,2,30.12760252548975,-6.657699794615937
H524L,apo,247,2,2,30.754689061082985,-6.400589542936571
H524L,apo,99,4,2,29.48793805444199,-5.8455368048012195
H524L,apo,141,1,2,28.774845609842274,-4.68481658737289
H524L,apo,43,4,2,28.667201619379465,-7.508498536637471
H524L,apo,63,1,2,28.974477713532885,-5.1582576064023815
H524L,apo,29,4,0,29.73694285640994,9.675307043679584
H524L,apo,16,3,2,26.97054596681642,-2.81549737100614
H524L,apo,23,4,2,29.89942908176572,-5.646289182539009
H524L,apo,224,2,2,28.875960885639504,-4.834294253578925
H524L,apo,57,1,2,29.85107388676097,-6.71499072776696
H524L,apo,4,2,-1,-10.652837465378203,-1.4876523472085093
H524L,apo,86,2,2,29.078809739994938,-5.498272070969883
H524L,apo,85,3,2,29.537664554247225,-4.1965186617741335
H524L,apo,95,3,2,30.447164277783664,-5.929356915882016
H524L,apo,56,3,3,26.636690013788176,-9.67707283496943
H524L,apo,101,2,0,29.244926551726515,9.086631061677572
H524L,apo,138,4,2,30.252986564596238,-4.282169434350772
H524L,apo,118,0,2,29.533829811093828,-6.65046582626774
H524L,apo,166,4,2,30.665869558429737,-5.942290818247182
H524L,apo,112,2,2,28.062366785154133,-3.7285846765701716
H524L,apo,114,1,2,29.962667143022205,-8.020931256400477
H524L,apo,78,0,2,28.29222253379207,-3.550367385382358
H524L,apo,65,0,-1,29.459288767199986,-0.22343581811599933
H524L,apo,247,0,0,29.459553650317194,10.045740230448708
H524L,apo,61,1,2,28.789059771062725,-6.204845689127832
H524L,apo,146,0,2,28.858910109379206,-6.682282742748252
H524L,apo,53,2,2,28.86433027766709,-5.009419012994558
H524L,apo,235,2,2,30.315476595195005,-5.969302457827616
H524L,apo,16,4,2,28.94416674511685,-2.534526433118073
H524L,apo,242,1,2,29.545741778900506,-6.228061648929139
H524L,apo,248,0,0,29.530864401003306,10.124742307230612
H524L,apo,138,2,2,30.498123838117984,-6.108129178233097
H524L,apo,76,1,2,30.217601134098196,-6.920484310086073
H524L,apo,114,0,3,27.837971500092674,-11.59391041829024
H524L,apo,123,2,2,28.475059798924544,-6.337926467330074
H524L,apo,212,4,2,29.172317932794353,-6.29602403030434
H524L,apo,56,2,2,29.759315095555515,-7.002067497672541
H524L,apo,110,4,0,30.478389019815825,8.933078225525197
H524L,apo,192,3,2,29.905646566927423,-5.998375181516356
H524L,apo,6,3,2,30.904461319903223,-6.4485321346909465
H524L,apo,95,0,2,29.91899612733597,-6.383453637820622
H524L,apo,117,0,2,29.1568944818954,-5.042049945765477
H524L,apo,21,3,2,28.000701864101433,-6.224182000863545
H524L,apo,222,3,3,27.70464416628158,-9.933980781023036
H524L,apo,56,4,2,30.298248878983724,-6.9251185591876965
H524L,apo,184,2,2,30.508226866518285,-7.5432533458706805
H524L,apo,53,1,0,28.86884741459595,9.425010792458384
H524L,apo,99,3,2,29.79493260209861,-6.8368056212704085
H524L,apo,227,1,-1,31.303482154903424,2.3703614575451075
H524L,apo,78,1,2,29.338819778163987,-3.156162431737191
H524L,apo,99,2,2,30.396416094842312,-6.171292466790543
H524L,apo,57,3,0,30.467135169820168,9.435550173992963
H524L,apo,222,0,2,30.0176492751251,-6.308305553734327
H524L,apo,61,2,2,28.838134064812337,-4.76153616125
H524L,apo,196,3,-1,26.003038972339343,-8.334002611869503
H524L,apo,242,2,2,30.839829326696396,-6.8903984330146
H524L,apo,117,3,2,29.58777231133119,-5.31467008188689
H524L,apo,53,4,2,29.582173485250394,-8.723516995558503
H524L,apo,32,3,2,30.932222738400057,-5.7432851903879065
H524L,apo,141,3,2,29.627888094584847,-6.238489161042547
H524L,apo,86,4,2,30.285437798617224,-6.356712190301258
H524L,apo,46,0,2,29.70268680999129,-6.1147101043023415
H524L,apo,46,3,2,29.473248656976697,-3.590525713760871
H524L,apo,222,2,1,-29.38338962884436,-1.0450118160860806
H524L,apo,135,1,0,29.66143235364608,8.983545560886668
H524L,apo,235,3,2,30.017120604999587,-5.686364490533437
H524L,apo,14,3,2,28.898800490335304,-6.7591275759964535
H524L,apo,14,4,-1,30.12711577537997,0.7551048059749096
H524L,apo,61,3,2,28.968392961328227,-5.596664776244182
H524L,apo,235,0,2,29.529606338791393,-7.24935740841675
H524L,apo,14,0,2,30.023372864400052,-4.833308424214071
H524L,apo,77,3,2,29.812517840392076,-5.01301500151872
H524L,apo,32,1,2,29.565730148214893,-2.134296017095006
Y537S,holo,139,3,1,-30.86520111578559,0.6177856325240786
Y537S,holo,57,2,1,-31.001225905643004,0.18364586761237156
Y537S,holo,77,4,1,-30.75394099053096,0.4043847211733424
Y537S,holo,150,3,1,-30.957720374986454,0.43546040568739436
Y537S,holo,158,1,1,-30.531392915843824,0.18355178347590007
Y537S,holo,23,4,1,-30.919686366364886,0.5602845898704159
Y537S,holo,150,0,1,-30.521797041930423,0.263314061975138
Y537S,holo,145,3,1,-29.566930526965123,-0.21241347843952782
Y537S,holo,203,4,1,-30.6846115082482,0.2610430429523878
Y537S,holo,18,2,1,-30.98179804019133,0.5542560710201636
Y537S,holo,106,1,1,-30.213755068378195,0.16984992338633367
Y537S,holo,202,4,1,-30.325580021981995,-0.003035522815074004
Y537S,holo,222,3,1,-30.685617400994207,0.38559574432638816
Y537S,holo,241,0,1,-30.350317601224233,0.16846321518586688
Y537S,holo,173,3,1,-30.568996626219615,0.06492027282947281
Y537S,holo,173,0,1,-30.267432263208683,0.43002351396639343
Y537S,holo,57,0,1,-30.218389707507317,0.1167046680209338
Y537S,holo,63,0,1,-29.983175485350493,-0.16264767029866317
Y537S,holo,207,3,1,-30.558666589344824,0.19196387273125767
Y537S,holo,113,0,1,-30.905786650794024,0.572632910574419
Y537S,holo,62,1,1,-30.608517141018254,0.3595528296502209
Y537S,holo,220,4,1,-30.196230676795516,0.14790038749567974
Y537S,holo,147,2,1,-30.771112019099743,0.4275108626354063
Y537S,holo,149,4,1,-30.6995754509984,0.29824853267576323
Y537S,holo,45,0,1,-30.255031234139015,-0.18154678745140132
Y537S,holo,30,3,1,-30.331959976921347,0.542315314303992
Y537S,holo,163,4,1,-30.022112751875415,0.16112316858724146
Y537S,holo,45,3,1,-30.661338666322692,0.2560738694421951
Y537S,holo,150,2,1,-30.825965838773296,0.31759993937521624
Y537S,holo,28,0,1,-29.76063511602879,-0.048641008697791865
Y537S,holo,220,0,1,-29.886961715337247,-0.2648446923826482
Y537S,holo,11,3,1,-30.569282465018926,0.4474567805120264
Y537S,holo,36,1,1,-30.64325709823362,0.4687687704080331
Y537S,holo,10,0,1,-30.24055103020552,0.22760332461056412
Y537S,holo,50,0,1,-30.151844364142978,0.2974442664380152
Y537S,holo,7,4,1,-30.743089565121192,0.7208474322240379
Y537S,holo,11,1,1,-30.87823264991406,0.36003504502891903
Y537S,holo,193,4,1,-30.0427623459945,0.14400228475896867
Y537S,holo,242,3,1,-30.390851427893207,0.3157833718210942
Y537S,holo,160,0,1,-30.493831082336136,0.25847797428466335
Y537S,holo,181,3,1,-30.807015751795188,0.4963563766610426
Y537S,holo,147,4,1,-29.860860504508132,0.15603415699988138
Y537S,holo,28,2,1,-30.446449747913935,0.38892676183682057
Y537S,holo,158,0,1,-30.386978449795777,0.14335450198909525
Y537S,holo,242,0,1,-29.683775864760783,-0.22775547623988343
Y537S,holo,139,0,1,-30.360553120089012,0.14187301990780976
Y537S,holo,117,1,1,-30.738969074316742,0.4299365479535362
Y537S,holo,62,3,1,-30.189844313445807,0.31251876598610784
Y537S,holo,118,2,1,-30.035774071407115,0.040911464352763036
Y537S,holo,1,3,1,-30.659885854319093,0.25931618292993674
Y537S,holo,92,1,1,-30.89171882962125,0.6599070522580671
Y537S,holo,173,2,1,-30.35995952181149,-0.1628755454597733
Y537S,holo,69,1,1,-30.301749357281075,-0.15009943708699505
Y537S,holo,149,3,1,-29.68781355233198,0.13920567571176565
Y537S,holo,189,2,1,-31.517673155182322,0.23147483690600063
Y537S,holo,46,4,1,-30.091459839033927,-0.11129076375727394
Y537S,holo,198,0,1,-30.518166300047035,0.17092687913739307
Y537S,holo,70,1,1,-29.972626162323177,-0.08270932861419888
Y537S,holo,77,0,1,-31.110755148729826,0.24382085830445782
Y537S,holo,152,3,1,-30.823066778866707,0.1944210345958589
Y537S,holo,189,3,1,-30.33439361805508,-0.12100139574602271
Y537S,holo,133,0,1,-30.515838211234875,0.0709677414823823
Y537S,holo,214,3,1,-30.41048731341676,0.40908003086364886
Y537S,holo,87,2,1,-31.001843524633365,0.23639520130212857
Y537S,holo,233,3,1,-30.263384667880434,-0.00683623279231364
Y537S,holo,90,2,1,-30.512848344628992,0.07674824673942804
Y537S,holo,148,4,1,-30.366113143215564,0.336551111892057
Y537S,holo,165,1,1,-30.107024994601442,0.266038299621041
Y537S,holo,144,1,1,-29.75668008861708,-0.43642863433187284
Y537S,holo,242,4,1,-30.27364343365991,0.115971127956227
Y537S,holo,45,1,1,-29.723672840483978,-0.29961497516808117
Y537S,holo,7,1,1,-29.825408410357422,-0.08246783840659883
Y537S,holo,241,1,1,-30.279846030069226,0.18049218892492652
Y537S,holo,48,4,1,-30.77570379062118,0.27355267280355217
Y537S,holo,138,0,1,-30.205650579099967,-0.02336100290816454
Y537S,holo,70,4,1,-30.70716516901376,0.36722658504622213
Y537S,holo,68,0,1,-30.220021441881286,0.14620506653045073
Y537S,holo,158,3,1,-30.27721567488908,0.09240290879874787
Y537S,holo,187,1,1,-30.082882911719842,0.059387714575391756
Y537S,holo,85,2,1,-30.205148548972364,0.1917069881266316
Y537S,holo,236,3,1,-31.348666552724104,0.8108628228356208
Y537S,holo,193,1,1,-30.739635714087434,0.4259026776679299
Y537S,holo,174,3,1,-30.452488626222497,0.275834126885255
Y537S,holo,133,1,1,-30.4529868062126,-0.04845359325276413
Y537S,holo,221,2,1,-30.677673080760815,0.2619568629341472
Y537S,holo,62,0,1,-30.908543972066685,0.44288189056327776
Y537S,holo,231,4,1,-30.424359277389442,0.2584733158372727
Y537S,holo,150,4,1,-30.459908357889184,0.34730568783995924
Y537S,holo,49,1,1,-30.99379617591715,0.41352583808486776
Y537S,holo,83,4,1,-30.648487924784103,0.17964839883250439
Y537S,holo,126,2,1,-30.876991271600698,0.4235804897115961
Y537S,holo,154,0,1,-30.69399408801536,0.35766476374482775
Y537S,holo,86,0,1,-30.280157807627937,0.031080750510163995
Y537S,holo,130,3,1,-30.618368938420225,0.5266797065178243
Y537S,holo,79,0,1,-31.291472129950318,0.22134042812651014
Y537S,holo,220,3,1,-30.643672342727918,0.4444084720895504
Y537S,holo,96,3,1,-30.828723635722888,0.4427000665251142
Y537S,holo,154,3,1,-30.75609383249433,0.4413618699117057
Y537S,holo,203,0,1,-30.498965633263023,0.38546349131130264
Y537S,holo,37,2,1,-30.01810676482442,-0.18894602258423834
Y537S,holo,183,4,1,-30.33040873903348,0.25956790640228616
Y537S,holo,140,2,1,-30.818547837516594,-0.006624849537320336
Y537S,holo,138,2,1,-30.608794300632525,0.4369184770807844
Y537S,holo,63,4,1,-30.194389858296113,-0.1587277235582087
Y537S,holo,138,1,1,-30.53983333064038,0.5582032003994314
Y537S,holo,205,4,1,-30.066338499627772,0.1451201605929122
Y537S,holo,68,1,1,-30.389725155216606,0.557985928341784
Y537S,holo,122,3,1,-30.611492987108733,0.13463422155415194
Y537S,holo,57,4,1,-30.206095267733843,0.3292292823447471
Y537S,holo,79,3,1,-30.708390184593544,0.16984216689759013
Y537S,holo,31,0,1,-30.36838248109124,0.0020168698049207205
Y537S,holo,113,3,1,-30.298807400101538,0.17526835319337267
Y537S,holo,200,0,1,-30.144079624132488,0.09084875069749127
Y537S,holo,7,3,1,-30.18794486021914,-0.021048040521724713
Y537S,holo,198,2,1,-30.822706881438275,0.17256465268345075
Y537S,holo,77,1,1,-30.74002762520637,0.48944934015853786
Y537S,holo,63,2,1,-30.435517690785527,0.15523730809604358
Y537S,holo,53,1,1,-30.523286503642556,0.09688706138403033
Y537S,holo,115,0,1,-30.949718157969343,0.48475645084603514
Y537S,holo,208,2,1,-31.312376085266045,0.5710219832028982
Y537S,holo,92,3,1,-30.509292483760476,0.3492265076600044
Y537S,holo,80,3,1,-30.235225745514676,0.2939676824999698
Y537S,holo,64,4,1,-30.506510135225884,0.11189965538243013
Y537S,holo,172,2,1,-29.795743534378815,-0.15664857981973282
Y537S,holo,103,1,1,-30.36853989667669,0.004471357101616087
Y537S,holo,5,0,1,-30.450373941650106,0.3435134919716156
Y537S,holo,178,2,1,-30.36878421236038,0.10261287248773683
Y537S,holo,77,3,1,-30.544778093986135,0.4164373354596874
Y537S,holo,236,4,1,-30.90555036931033,0.11220778617645633
Y537S,holo,156,1,1,-30.890759640835626,0.3153351380504646
Y537S,holo,88,0,1,-30.138206078209695,0.08027632955372956
Y537S,holo,33,1,1,-30.85908137062621,0.400669216120984
Y537S,holo,36,2,1,-30.872394386496595,0.352814114092769
Y537S,holo,109,2,1,-29.800116990054278,0.1385154462007203
Y537S,holo,147,0,1,-31.24727560954414,0.7039992383856043
Y537S,holo,31,4,1,-30.670489863892886,0.3353490883020165
Y537S,holo,11,2,1,-30.625043930525074,0.08330701951913419
Y537S,holo,154,1,1,-30.36277818055056,0.14591177018037677
Y537S,holo,68,4,1,-30.71675996214811,0.5511522393029374
Y537S,holo,154,4,1,-31.034786192154044,0.5188896987860309
Y537S,holo,152,2,1,-30.431342237370462,0.3768932028707777
Y537S,holo,35,3,1,-30.417876699964616,0.18281536310373642
Y537S,holo,209,2,1,-30.31057040452594,0.12648511691451458
Y537S,holo,179,2,1,-31.08507367263242,0.49843402991804725
Y537S,holo,115,4,1,-30.33634433458963,-0.03424623855298273
Y537S,holo,236,2,1,-30.701682740162443,0.2675079516341319
Y537S,holo,214,2,1,-30.205425843729632,0.4225955895453591
Y537S,holo,74,3,1,-30.379501738070182,0.3268344563149705
Y537S,holo,165,0,1,-30.39637440516655,0.35291869117113256
Y537S,holo,49,2,1,-30.454208308226477,0.2686035944730497
Y537S,holo,150,1,1,-31.04726332284611,0.10925140045145758
Y537S,holo,111,4,1,-30.47182273924772,0.26608499616453546
Y537S,holo,140,0,1,-30.831225776899473,0.4138377990072423
Y537S,holo,20,3,1,-30.462339261306113,0.16459809125527344
Y537S,holo,180,3,1,-30.506180142038087,0.09313940127610108
Y537S,holo,246,3,1,-30.770817537372444,0.44622946084878784
Y537S,holo,165,2,1,-31.426436955691038,0.3703242816278888
Y537S,holo,78,0,1,-29.97718767541905,-0.09754082732148214
Y537S,holo,201,2,1,-30.412923874584493,0.5048204496271399
Y537S,holo,92,0,1,-30.994765259194033,0.36619479284234696
Y537S,holo,5,1,1,-30.730665007390066,0.11666774580879212
Y537S,holo,20,0,1,-30.71897506207831,0.14896517567838816
Y537S,holo,186,3,1,-30.28468487573078,0.045349085411587164
Y537S,holo,3,0,1,-29.784942942161436,-0.07431147327813699
Y537S,holo,86,4,1,-31.196476576454142,0.33191858434797694
Y537S,holo,97,1,1,-30.615970114865984,0.3291995469529486
Y537S,holo,139,2,1,-30.93962014123723,0.43947586667960103
Y537S,holo,139,4,1,-30.1252712258419,0.2490322884379666
Y537S,holo,53,3,1,-30.76793352437742,0.42980555855545005
Y537S,holo,181,0,1,-30.642219241924266,0.15827975437187597
Y537S,holo,228,1,1,-30.81657118826762,0.5751336677539214
Y537S,holo,78,3,1,-30.073196734654854,0.10714506405969432
Y537S,holo,126,3,1,-30.352168296067223,0.4724203938767351
Y537S,holo,26,1,1,-30.108537538138343,-0.21560279361408752
Y537S,holo,154,2,1,-30.555486592655942,0.571416273880586
Y537S,holo,180,0,1,-30.795236984981116,0.3285581013278702
Y537S,holo,69,0,1,-31.0935558740315,0.4218460666412503
Y537S,holo,188,4,1,-29.991603736844972,-0.05162839635941671
Y537S,holo,57,3,1,-30.75134939747369,0.02992717188382451
Y537S,holo,185,2,1,-30.98837367588666,0.2554593808462592
Y537S,holo,233,4,1,-30.70151630140581,0.2876241880221326
Y537S,holo,44,0,1,-30.465039959535574,0.35366574488709374
Y537S,holo,92,4,1,-30.707195804133338,0.3325480777955767
Y537S,holo,207,0,1,-29.223828772485277,-0.21011242822257706
Y537S,holo,158,4,1,-30.840285789159456,0.6110541339353294
Y537S,holo,187,3,1,-30.280806671869286,-0.06630651721270513
Y537S,holo,214,4,1,-30.224098241121585,0.14314063450576262
Y537S,holo,159,1,1,-30.58694585010626,0.3042825847679322
Y537S,holo,52,3,1,-30.893925212754034,0.4346638175105705
Y537S,holo,177,2,1,-30.4474405378041,0.29159975596359794
Y537S,holo,198,3,1,-30.96028350398978,0.4119565328870491
Y537S,holo,55,0,1,-29.728261611179374,-0.043585510435453
Y537S,holo,63,3,1,-30.137763032545347,0.3027886000482245
Y537S,holo,245,1,1,-30.653738895616414,0.34913332674203884
Y537S,holo,123,0,1,-30.346863264210793,0.013021431211054764
Y537S,holo,165,4,1,-30.52688453690387,0.25906817165130436
Y537S,holo,46,1,1,-30.710734651385405,0.23688900474935234
Y537S,holo,190,2,1,-30.901390279464234,0.417774800914415
Y537S,holo,152,4,1,-30.401899226039724,0.14396389718767702
Y537S,holo,192,1,1,-30.72866901249274,0.4392707823102248
Y537S,holo,128,3,1,-30.4993534883798,0.1481280642195405
Y537S,holo,94,0,1,-29.85402985971421,-0.1925919323975936
Y537S,holo,62,4,1,-30.67214262100863,0.3652791417552532
Y537S,holo,117,2,1,-30.48012561509826,0.21703953766735462
Y537S,holo,234,0,1,-30.664562051127362,0.286766462419891
Y537S,holo,177,4,1,-30.192263352971356,0.19102965633539476
Y537S,holo,233,1,1,-30.719906525245282,0.17705459075596416
Y537S,holo,118,0,1,-30.11176520412559,0.001903895615769769
Y537S,holo,185,0,1,-30.28751128816556,0.10673768453671281
Y537S,holo,202,0,1,-30.518888522457846,0.25589676217272905
Y537S,holo,188,0,1,-30.618074500144388,0.4862677126670377
Y537S,holo,175,0,1,-30.031540426550187,-0.08136369632808105
Y537S,holo,216,4,1,-30.077741621980596,-0.1475843706117258
Y537S,holo,121,2,1,-30.968956907139237,0.38775452254965126
Y537S,holo,64,1,1,-30.954195696365062,0.3442721280127591
Y537S,holo,76,0,1,-30.331770923831428,0.22094767637831805
Y537S,holo,207,1,1,-30.26520702737304,0.11434872771251958
Y537S,holo,206,4,1,-30.4485518168441,0.07198930594384
Y537S,holo,48,0,1,-30.2612770900225,0.28697703510206846
Y537S,holo,5,3,1,-30.01498372894522,-0.028356944385211216
Y537S,holo,213,3,1,-30.45296627217668,0.14446428229323105
Y537S,holo,235,1,1,-30.632220452080272,0.48209536493536137
Y537S,holo,10,4,1,-30.167352504794476,0.3321627451374126
Y537S,holo,174,4,1,-29.87019378927533,-0.06327544648983513
Y537S,holo,173,4,1,-30.49780599753943,0.42283044504224154
Y537S,holo,49,4,1,-30.644447718528966,0.24278666083792375
Y537S,holo,95,3,1,-30.98388856137504,0.29522956934366246
Y537S,holo,199,2,1,-30.130134280042157,0.3165812676054996
Y537S,holo,5,2,1,-30.233759422381596,0.08057769793825913
Y537S,holo,88,2,1,-30.54704404895391,0.4219712787226321
Y537S,holo,222,4,1,-29.977597195306537,0.010022262526447032
Y537S,holo,79,2,1,-30.380322199383723,0.1826776218516955
Y537S,holo,91,0,1,-29.611033517850075,-0.19051878523979443
Y537S,holo,76,4,1,-30.736201439797092,0.419654119276696
Y537S,holo,199,1,1,-30.83578580599191,0.3009981695474933
Y537S,holo,55,4,1,-30.197253020836847,-0.25197224717041505
Y537S,holo,24,4,1,-30.84991698764067,0.8326686231587123
Y537S,holo,230,2,1,-30.46882161567952,0.24306755461925345
Y537S,holo,121,3,1,-31.03992480805216,0.28675683041444555
Y537S,holo,174,1,1,-29.493289437704227,0.008907342666462056
Y537S,holo,96,2,1,-30.42910835554046,0.5460830652254112
Y537S,holo,6,0,1,-29.985935637746206,0.3178816366751564
Y537S,holo,239,4,1,-30.22740133909873,0.1414435504473796
Y537S,holo,131,0,1,-30.955462224709272,0.5921016632465209
Y537S,holo,116,0,1,-29.87376478265041,-0.23388443514588328
Y537S,holo,244,2,1,-30.72268308543113,0.007056521190253513
Y537S,holo,221,0,1,-30.055061637718676,0.14959301281271956
Y537S,holo,51,4,1,-31.101246216559183,0.4390896809269759
Y537S,holo,118,1,1,-30.252545495331063,0.367627837874411
Y537S,holo,52,4,1,-30.277726183339226,0.27099602971810643
Y537S,holo,208,4,1,-30.940118397402742,0.4712601514780338
Y537S,holo,144,4,1,-30.510299395298365,0.29115205591981325
Y537S,holo,54,1,1,-29.98017326004343,-0.23297560449288968
Y537S,holo,203,1,1,-30.24237783085857,0.21796198408018364
Y537S,holo,85,4,1,-30.50341037083808,-0.31676809772396936
Y537S,holo,238,3,1,-30.54325543897905,0.17871327694123496
Y537S,holo,192,3,1,-30.674760426971535,0.586814951185654
Y537S,holo,235,0,1,-30.85915748396997,0.36370631995518493
Y537S,holo,87,4,1,-30.554085886713167,0.2506726800958341
Y537S,holo,36,0,1,-30.211693150693417,0.20818606569998682
Y537S,holo,167,4,1,-30.607296717238903,0.29399449377646203
Y537S,holo,125,4,1,-30.830258882685364,0.6014881328469004
Y537S,holo,163,2,1,-30.372342438090207,0.5099799636890101
Y537S,holo,216,0,1,-30.772072918257624,0.13495556791566204
Y537S,holo,202,3,1,-30.123843357326656,-0.0027189426390489446
Y537S,holo,205,1,1,-30.060662574225436,0.08571073214655894
Y537S,holo,65,3,1,-30.680454771510043,0.5184738096285374
Y537S,holo,45,4,1,-30.264090062176987,0.7146687748287337
Y537S,holo,227,1,1,-30.58411948014382,0.5243408494101733
Y537S,holo,168,1,1,-30.33898671486231,0.20287522372239924
Y537S,holo,67,4,1,-30.244946278357624,0.16603351494233237
Y537S,holo,100,1,1,-30.746860112626692,0.35787743152667195
Y537S,holo,246,1,1,-30.48499840398351,0.500790273657987
Y537S,holo,27,2,1,-30.326322111340023,-0.1439699606777841
Y537S,holo,12,0,1,-30.63694049829369,0.3360278981922222
Y537S,holo,193,0,1,-29.997055870370573,0.20835947858096662
Y537S,holo,13,1,1,-30.707636455181014,0.2759686418037674
Y537S,holo,199,4,1,-30.514091790051747,0.11073393363215463
Y537S,holo,249,2,1,-30.512588121518178,0.3429308359088414
Y537S,holo,85,3,1,-30.7869789002163,0.5633416699559601
Y537S,holo,44,1,1,-30.34686636619576,0.04757684325799184
Y537S,holo,164,2,1,-30.320464041700465,0.15690644116189106
Y537S,holo,215,1,1,-30.882905997565032,0.28587343166655904
Y537S,holo,60,0,1,-30.445743128432365,0.34482949082647363
Y537S,holo,104,4,1,-30.2983171830796,0.4277208711217246
Y537S,holo,159,0,1,-29.51814688619924,0.1138964484879541
Y537S,holo,193,3,1,-30.677183550192584,0.15970992056595945
Y537S,holo,193,2,1,-29.78185466149857,-0.0021763938216530867
Y537S,holo,125,2,1,-29.75573957796026,-0.29664427211029265
Y537S,holo,68,2,1,-30.01813595478323,0.2924844511130239
Y537S,holo,133,3,1,-30.507686456639277,0.30986413473234353
Y537S,holo,220,2,1,-30.211106900131437,0.22530779397304157
Y537S,holo,132,0,1,-30.986366875944825,0.34580773861919095
Y537S,holo,109,4,1,-30.573860551068826,0.3569016032788504
Y537S,holo,206,1,1,-30.632572393618037,0.2142515445637938
Y537S,holo,113,2,1,-30.41657220459429,0.31065909097269767
Y537S,holo,183,2,1,-30.853183459560494,0.24740884249859052
Y537S,holo,11,4,1,-30.014236548717175,0.14253966071990243
Y537S,holo,185,1,1,-31.11368114444366,0.44996669913043197
Y537S,holo,167,0,1,-30.724260272581326,0.376354797931298
Y537S,holo,30,0,1,-29.353834597512915,-0.4543430013036359
Y537S,holo,148,2,1,-30.09687662901983,0.009077105239203924
Y537S,holo,231,2,1,-30.856774307605335,0.40303498052862846
Y537S,holo,100,2,1,-30.928910456814744,0.39950123335135174
Y537S,holo,113,1,1,-30.460307285312926,0.3532265920681746
Y537S,holo,155,2,1,-30.413943388796028,0.1791111993532279
Y537S,holo,141,0,1,-30.282403740161953,0.06724047854291283
Y537S,holo,15,2,1,-30.371899168031756,0.4761135852891337
Y537S,holo,10,2,1,-30.97626328436976,0.434297159935604
Y537S,holo,70,3,1,-30.372132990459146,-0.04624089479439476
Y537S,holo,144,2,1,-30.270296368595503,-0.11991327820249587
Y537S,holo,179,1,1,-30.156205643295266,0.1946314104819955
Y537S,holo,6,1,1,-29.861813905690003,-0.24399602020654565
Y537S,holo,57,1,1,-30.48950742818763,0.11796288600906746
Y537S,holo,31,2,1,-31.086280123744782,0.7039087723327775
Y537S,holo,43,1,1,-30.02399169472864,-0.1537765943462218
Y537S,holo,16,4,1,-30.491802695909225,0.3455463862740793
Y537S,holo,177,0,1,-30.401739601614686,0.25373335394272967
Y537S,holo,46,2,1,-30.193969394186734,0.2293405621264365
Y537S,holo,66,1,1,-30.627443036265067,0.32197570284441285
Y537S,holo,241,2,1,-31.159200271101096,0.48860106604878667
Y537S,holo,111,1,1,-30.242885510175725,-0.11668072473872108
Y537S,holo,224,0,1,-30.261525450391773,0.034620236493512556
Y537S,holo,244,1,1,-31.214556275113637,0.40567091604801103
Y537S,holo,21,0,1,-30.38802937480446,-0.060750307189078256
Y537S,holo,1,1,1,-30.466583306662443,0.4921004286949536
Y537S,holo,29,0,1,-30.627438733041373,0.004481971234399753
Y537S,holo,73,4,1,-30.579696469471134,0.05781576128122287
Y537S,holo,164,1,1,-30.301001812789796,0.4123809206691728
Y537S,holo,185,4,1,-30.220124642247495,0.056532897285651335
Y537S,holo,122,2,1,-30.23410147737209,-0.020291328661903533
Y537S,holo,200,4,1,-30.06478215096269,-0.34513338377261565
Y537S,holo,243,3,1,-30.563613351754153,0.062152754108390836
Y537S,holo,224,3,1,-30.161757544026788,-0.023471300093991333
Y537S,holo,74,0,1,-30.66335687309977,0.5498617989651706
Y537S,holo,171,2,1,-29.852571995231283,0.2816211794138854
Y537S,holo,245,4,1,-30.63710006165784,0.3182429319495715
Y537S,holo,127,2,1,-30.10694308969998,0.47431900854345704
Y537S,holo,90,0,1,-31.11655501523215,0.636882443427176
Y537S,holo,118,4,1,-30.245788175526947,0.4206367526823967
Y537S,holo,224,2,1,-30.486046323880824,0.1782162836146479
Y537S,holo,93,1,1,-30.218169729435644,-0.08419154072984479
Y537S,holo,124,2,1,-30.67707055010982,0.12677571068284282
Y537S,holo,45,2,1,-30.72296107166468,0.70201342650999
Y537S,holo,55,3,1,-30.699274301796585,0.4174918784473624
Y537S,holo,103,0,1,-29.629039633065968,-0.17568408019537465
Y537S,holo,91,2,1,-30.541314747869656,0.31166956710221233
Y537S,holo,187,2,1,-30.627500656960272,0.13376901989788484
Y537S,holo,152,0,1,-30.32135392608556,0.03269853304130682
Y537S,holo,125,0,1,-30.640250033963632,0.13906552850359094
Y537S,holo,17,2,1,-30.641307491427867,0.6412784631416838
Y537S,holo,233,0,1,-31.01859451464287,0.6045003946008036
Y537S,holo,220,1,1,-30.9283456548873,0.5240026432604618
Y537S,holo,231,3,1,-30.401064881034415,0.08970336104520123
Y537S,holo,28,4,1,-29.82165348234173,0.0589994861015408
Y537S,holo,56,1,1,-30.549151701065476,0.3883401717787382
Y537S,holo,24,0,1,-30.480239413293862,0.3475989685358945
Y537S,holo,106,3,1,-29.707139702995686,-0.057322981748114794
Y537S,holo,181,4,1,-30.879995222857673,0.40547071305984517
Y537S,holo,245,0,1,-30.46551416722015,0.3669713935091504
Y537S,holo,22,2,1,-29.88796778610049,0.008285107319346731
Y537S,holo,7,0,1,-30.663094687400672,0.09078540511763519
Y537S,holo,9,4,1,-30.343229849326725,0.1586106009251805
Y537S,holo,71,3,1,-30.501455117975084,0.41951517681242484
Y537S,holo,16,0,1,-30.081550405698366,-0.01235512377056064
Y537S,holo,161,3,1,-30.01739285310735,0.40400394307720355
Y537S,holo,145,2,1,-30.218746066489434,-0.0382524392558303
Y537S,holo,16,1,1,-30.152143533782994,-0.019283901778190848
Y537S,holo,130,1,1,-30.202526122849253,0.27769413526679093
Y537S,holo,200,3,1,-30.2071783982065,0.03813840868234278
Y537S,holo,127,0,1,-31.319454025514965,0.5165436021901582
Y537S,holo,235,4,1,-30.891008066537786,0.22454224575738818
Y537S,holo,37,0,1,-30.502639739517072,0.5145089561583062
Y537S,holo,136,3,1,-30.323388681885387,-0.14034143528464685
Y537S,holo,175,3,1,-30.72358838921948,0.7084633359329734
Y537S,holo,148,0,1,-29.59825426067332,-0.21146226447973343
Y537S,holo,109,1,1,-30.424483715374798,-0.05203043867586253
Y537S,holo,164,3,1,-30.03174654724451,0.00567372971278271
Y537S,holo,32,3,1,-29.700677022743324,0.03914226743328584
Y537S,holo,159,3,1,-29.563577932174198,-0.33204914538975056
Y537S,holo,206,2,1,-30.674784556449946,-0.20027242025617528
Y537S,holo,33,2,1,-30.44310837676399,0.2105034494016533
Y537S,holo,37,3,1,-30.86598841053057,0.38003630059503196
Y537S,holo,198,4,1,-29.819007264944027,0.1462457514497826
Y537S,holo,178,3,1,-29.63852788535381,-0.13836873201605904
Y537S,holo,64,2,1,-30.958009610115415,0.5293144174600841
Y537S,holo,156,2,1,-30.912963955191067,0.4363280747542986
Y537S,holo,60,4,1,-30.40448059848195,0.43153858536098777
Y537S,holo,188,1,1,-29.98846954104092,0.048419630035422885
Y537S,holo,14,2,1,-29.97300823558127,-0.1539504412424164
Y537S,holo,36,4,1,-30.31663892803327,0.1136347988688385
Y537S,holo,104,2,1,-30.655388954366316,0.13656670942142615
Y537S,holo,228,4,1,-30.51737523188344,0.38453847667663876
Y537S,holo,10,3,1,-30.183131264317833,-0.05641532138819657
Y537S,holo,224,1,1,-30.584299376122388,0.6656262367680359
Y537S,holo,133,2,1,-30.869142594286142,0.06938799089356373
Y537S,holo,1,2,1,-30.480893964531923,0.5041101124902099
Y537S,holo,35,4,1,-30.997994311000117,0.3985343756764752
Y537S,holo,101,2,1,-30.111556175782138,-0.0022159122476737843
Y537S,holo,13,0,1,-30.07778529971412,-0.005498785821955456
Y537S,holo,39,2,1,-30.860109355809136,0.4341284090976556
Y537S,holo,174,2,1,-30.439612276726926,0.29645605244802486
Y537S,holo,81,0,1,-30.23671676470016,-0.003516350123269847
Y537S,holo,248,4,1,-31.251001217154492,0.5472018240310315
Y537S,holo,72,0,1,-30.227972169496905,0.31477635452016745
Y537S,holo,85,1,1,-30.14499531097057,0.2219269530084965
Y537S,holo,72,1,1,-30.58654584733998,0.29625847506947955
Y537S,holo,63,1,1,-30.303824931824387,0.08966546480935508
Y537S,holo,96,1,1,-30.52126848120093,0.3986772639273298
Y537S,holo,47,1,1,-30.71214082775115,0.3004303747242387
Y537S,holo,200,1,1,-30.635786693195833,0.3501464212750827
Y537S,holo,136,4,1,-31.242015269548553,0.06965836111802588
Y537S,holo,138,3,1,-30.56372290017236,0.24924263969448182
Y537S,holo,54,3,1,-31.505748731641493,0.5100237549044861
Y537S,holo,19,3,1,-30.767223341342582,0.09816625943952896
Y537S,holo,202,2,1,-30.348207433789398,0.22305482098846652
Y537S,holo,151,1,1,-29.832398223485615,0.04167906783162665
Y537S,holo,175,2,1,-30.053934254148597,0.11365912427596672
Y537S,holo,66,3,1,-30.789994721287442,0.5007276315672067
Y537S,holo,131,1,1,-29.841995263808105,0.158987087368787
Y537S,holo,209,4,1,-30.881121731469985,0.3724263870342522
Y537S,holo,44,4,1,-30.559629930080398,0.6571130907040033
Y537S,holo,127,4,1,-30.144010161137107,0.17595520347233493
Y537S,holo,20,4,1,-30.221739016817136,-0.02254452666173769
Y537S,holo,171,1,1,-30.40436848888737,0.37020470253455495
Y537S,holo,181,1,1,-30.968139426551485,0.3371333264282506
Y537S,holo,25,4,1,-29.678875040524876,0.039645091697923816
Y537S,holo,115,3,1,-30.33668755134099,0.03058595233163306
Y537S,holo,201,3,1,-31.589795030808496,0.4997738067409255
Y537S,holo,48,2,1,-30.576472654227498,0.5282704764731901
Y537S,holo,32,1,1,-30.64904569893904,0.3187361689507543
Y537S,holo,72,2,1,-31.004224565294724,0.586737698364304
Y537S,holo,168,2,1,-30.541528257346187,0.4801848452094687
Y537S,holo,1,0,1,-30.429808140956595,0.3985242259868249
Y537S,holo,126,1,1,-30.899577537950776,0.2164715470515088
Y537S,holo,88,1,1,-30.251141243848387,0.42068700355720173
Y537S,holo,32,2,1,-30.216510008404526,-0.034728363027122025
Y537S,holo,242,1,1,-30.37192401433125,0.07551852726529033
Y537S,holo,8,0,1,-30.406850768167367,0.019916263550684984
Y537S,holo,43,3,1,-30.83627410137056,0.48853331341175993
Y537S,holo,173,1,1,-30.43580594516673,0.2092321897852051
Y537S,holo,156,4,1,-30.409782289915135,0.33717996936120914
Y537S,holo,100,3,1,-30.894148726554658,0.5009923003721035
Y537S,holo,15,3,1,-30.732037495883322,0.495865610779943
Y537S,holo,215,4,1,-30.555675857336652,0.45063177208818306
Y537S,holo,74,1,1,-30.32048011689881,0.09027570373915372
Y537S,holo,6,3,1,-30.75722448471733,0.34542783518536696
Y537S,holo,61,2,1,-29.9695782555018,-0.09076688229617541
Y537S,holo,77,2,1,-30.378393069770993,0.34267405979706284
Y537S,holo,23,2,1,-30.221516711733194,-0.05235612706248272
Y537S,holo,102,2,1,-30.069845722384706,-0.14933753761049415
Y537S,holo,144,0,1,-30.366158089890323,0.47016088618194457
Y537S,holo,144,3,1,-31.08480231461801,0.5025045405687941
Y537S,holo,231,0,1,-30.479190771556635,0.2615741597952144
Y537S,holo,124,3,1,-30.51632971174165,0.1220657784669868
Y537S,holo,177,3,1,-30.44914066505353,0.22896392542231822
Y537S,holo,223,3,1,-30.52366656662841,0.48141749342578466
Y537S,holo,162,2,1,-29.801177778519662,0.012116433680691052
Y537S,holo,96,4,1,-30.535497388045997,0.26295007746955845
Y537S,holo,47,4,1,-30.392737247600838,-0.08758643046770483
Y537S,holo,240,4,1,-30.858568861674282,0.16319673083017366
Y537S,holo,235,2,1,-30.50125443089523,0.32804938161447983
Y537S,holo,89,1,1,-30.5663630553413,0.14661387233399614
Y537S,holo,179,0,1,-30.302434353365804,0.1665517439303329
Y537S,holo,152,1,1,-30.778897129611476,0.15806122548553697
Y537S,holo,153,0,1,-30.287994548663494,0.08784439794734752
Y537S,holo,215,0,1,-30.822817084673158,0.44577579248686067
Y537S,holo,135,0,1,-30.873386231330034,0.4285407412723871
Y537S,holo,91,3,1,-30.140947345477187,0.22716753330635261
Y537S,holo,207,2,1,-30.97704293484412,0.5028553602883944
Y537S,holo,35,0,1,-30.352414180451504,0.21899371225942985
Y537S,holo,112,1,1,-30.262639115917317,0.19063376090115688
Y537S,holo,88,4,1,-30.547411047057263,0.26214155134080935
Y537S,holo,93,3,1,-30.56052838309609,0.2732636793344955
Y537S,holo,120,4,1,-30.469321844555232,0.49079866251335486
Y537S,holo,102,4,1,-30.11804871914461,0.3435801095572582
Y537S,holo,171,4,1,-30.89795497198053,0.22491264309417888
Y537S,holo,176,3,1,-30.56303788683653,0.036032097607343924
Y537S,holo,103,3,1,-30.416145092336926,0.2416450264856065
Y537S,holo,199,0,1,-30.682047178474257,0.06542775651640156
Y537S,holo,21,1,1,-30.611194071932683,0.24528409009772809
Y537S,holo,179,3,1,-31.439673289614845,0.6212279599833324
Y537S,holo,1,4,1,-30.656280723126844,0.30834560423921054
Y537S,holo,172,3,1,-29.862294519431643,0.40899091094968876
Y537S,holo,4,2,1,-30.73149998379351,0.4959441658288904
Y537S,holo,92,2,1,-30.25826829993989,0.039941669698760236
Y537S,holo,5,4,1,-30.182482613603117,0.5370492796381205
Y537S,holo,83,1,1,-29.66857068386092,-0.1444514532392196
Y537S,holo,13,4,1,-30.552376371856873,0.3350517623767295
Y537S,holo,115,2,1,-29.004782862884017,-0.2830197581295585
Y537S,holo,126,4,1,-30.45364759170622,0.20983281661876835
Y537S,holo,222,0,1,-30.0559174133167,0.12961296436737255
Y537S,holo,192,2,1,-30.09064859133216,0.4440748627684225
Y537S,holo,145,0,1,-30.07600937979745,-0.11894187873420048
Y537S,holo,102,3,1,-30.41616505336018,0.399894113559927
Y537S,holo,67,3,1,-30.21070021503821,0.1579004956501364
Y537S,holo,205,0,1,-30.198350792866332,0.2379571828161973
Y537S,holo,50,1,1,-30.107594943585053,0.19472522807029832
Y537S,holo,183,3,1,-30.142085067894303,0.11084697006742723
Y537S,holo,100,4,1,-30.280975257695346,0.27177860515425356
Y537S,holo,184,0,1,-30.354074540468684,0.04085450170680614
Y537S,holo,250,2,1,-30.57444845756164,0.381798139136454
Y537S,holo,147,1,1,-31.056451769205516,0.664616918760877
Y537S,holo,2,2,1,-30.911198151567707,0.34034039205499855
Y537S,holo,59,2,1,-30.181638643128476,-0.024899612225238517
Y537S,holo,109,0,1,-30.821215811797014,0.3981053963133592
Y537S,holo,141,4,1,-30.062369075359676,0.10034035174822323
Y537S,holo,79,1,1,-30.41019611853306,0.13081084704684676
Y537S,holo,97,0,1,-30.98671579413266,0.5677375320724011
Y537S,holo,190,1,1,-30.534393084343918,0.13359505153689027
Y537S,holo,162,1,1,-30.717172718578208,0.23506231954294157
Y537S,holo,155,0,1,-30.369993386615988,0.26591458596927164
Y537S,holo,78,4,1,-30.885325636065236,0.5731337698996888
Y537S,holo,78,2,1,-30.335440970728587,0.34375796923890917
Y537S,holo,108,3,1,-30.20834256076433,-0.07758990833246214
Y537S,holo,227,0,1,-30.67236773926895,0.2019075986151681
Y537S,holo,190,4,1,-30.38184203934593,0.32979398932478954
Y537S,holo,135,3,1,-29.838921653277087,-0.17255571506297834
Y537S,holo,127,1,1,-29.770778972786296,-0.2048373696939015
Y537S,holo,67,1,1,-30.54715587642264,0.10748788669505666
Y537S,holo,82,2,1,-30.491131393526878,0.12222536961805716
Y537S,holo,229,4,1,-30.89158588869166,0.663088075195408
Y537S,holo,158,2,1,-30.247467151214238,0.3541182522333956
Y537S,holo,250,0,1,-30.46946913879168,0.6193322966924185
Y537S,holo,160,2,1,-29.84427021722414,-0.3851464686521892
Y537S,holo,219,4,1,-30.574628557230994,0.6097109185146438
Y537S,holo,238,1,1,-30.82557780124746,0.4513552616271317
Y537S,holo,212,1,1,-30.5247769396962,0.29742074851827865
Y537S,holo,44,3,1,-29.648533998381755,0.14697045996057012
Y537S,holo,137,4,1,-30.488108390126918,0.2625930318644908
Y537S,holo,30,4,1,-30.43063099912751,0.3149962390963701
Y537S,holo,121,4,1,-31.06256357735982,0.15139934305921204
Y537S,holo,106,0,1,-29.825948547052832,0.011527340208421121
Y537S,holo,11,0,1,-30.42494392981579,0.18000247116977974
Y537S,holo,177,1,1,-30.653581508863684,0.10136061249084792
Y537S,holo,234,2,1,-30.48285783895258,0.03925433181030865
Y537S,holo,159,4,1,-30.3297888643075,0.37015682744917344
Y537S,holo,156,0,1,-30.40533775137909,0.362985930502256
Y537S,holo,50,3,1,-30.048424142474715,0.30757847123900217
Y537S,holo,176,4,1,-30.885463617571357,0.35546019245898286
Y537S,holo,4,3,1,-30.284735948912694,0.2315695101024977
Y537S,holo,13,3,1,-30.73927820086571,0.529658055205661
Y537S,holo,209,3,1,-30.244758084895054,-0.008217323993167486
Y537S,holo,84,1,1,-30.690088186498052,0.2878211836218046
Y537S,holo,47,3,1,-30.97044914504989,0.5482976930409672
Y537S,holo,240,3,1,-30.129688232402064,-0.022102114714292066
Y537S,holo,222,2,1,-30.188976744199184,-0.04779178726710078
Y537S,holo,94,3,1,-30.423835222207764,0.5303431964489794
Y537S,holo,15,4,1,-30.458938094876263,0.1361158855184268
Y537S,holo,161,1,1,-30.550024442129015,0.10025126674902096
Y537S,holo,32,4,1,-29.910307989475424,0.21668065353059535
Y537S,holo,155,4,1,-30.69959705582258,-0.013948576878082831
Y537S,holo,204,1,1,-30.477402439401512,0.2307377362584106
Y537S,holo,229,0,1,-30.196912563975307,0.3795235106535478
Y537S,holo,241,4,1,-30.924395604720054,0.46947754493039373
Y537S,holo,12,3,1,-29.495827962629328,-0.0024821243357851736
Y537S,holo,151,3,1,-29.927473815429853,0.24062460705171035
Y537S,holo,182,2,1,-30.92794348627196,0.5207527243862362
Y537S,holo,233,2,1,-30.524414147919117,0.24571558962740403
Y537S,holo,163,1,1,-30.704254832077126,0.5176547683722179
Y537S,holo,207,4,1,-31.047832948893905,0.3980643374959803
Y537S,holo,197,3,1,-30.138664425667656,0.13150116215528207
Y537S,holo,137,3,1,-30.8863960705033,0.4293295545467575
Y537S,holo,82,4,1,-30.37708631864647,0.16207293066560954
Y537S,holo,52,2,1,-30.912345544416624,0.3834216289582653
Y537S,holo,227,4,1,-29.945746098786096,-0.11658364455713817
Y537S,holo,97,2,1,-31.095162919354593,0.3957703140552212
Y537S,holo,237,2,1,-30.840090431223313,0.3250124319426184
Y537S,holo,244,0,1,-30.309253592757443,-0.08893448366033918
Y537S,holo,95,0,1,-30.795937684758428,0.5105205034993163
Y537S,holo,88,3,1,-31.131146655504804,0.6802896820533881
Y537S,holo,184,4,1,-30.515233208525704,0.6485290148416795
Y537S,holo,106,2,1,-29.972343726223855,-0.05272797442075584
Y537S,holo,119,1,1,-30.37509081819105,0.38117785093984424
Y537S,holo,250,1,1,-30.486135777227947,0.23394595311840105
Y537S,holo,214,0,1,-30.070347291763806,0.21638427842856237
Y537S,holo,51,1,1,-30.588928847482357,0.40149005656756515
Y537S,holo,119,3,1,-30.309831312164956,0.19815402287156064
Y537S,holo,82,3,1,-30.671072411953023,0.14808558479728623
Y537S,holo,246,4,1,-30.27210822830479,0.22389464348834398
Y537S,holo,117,4,1,-30.55831015524027,0.5511347795212048
Y537S,holo,164,0,1,-30.579916108106676,0.4596946168673191
Y537S,holo,102,1,1,-30.61077358239842,0.49287962288134346
Y537S,holo,9,2,1,-30.847040151902156,0.3118546609678738
Y537S,holo,151,0,1,-31.181911525251437,0.47909971324973355
Y537S,holo,4,4,1,-30.671175805192377,0.38399407526913104
Y537S,holo,163,3,1,-30.957354387213766,0.4241594705967287
Y537S,holo,210,0,1,-30.158372066390896,-5.7775944177434216e-05
Y537S,holo,169,0,1,-30.05514592167422,0.2674243922296952
Y537S,holo,183,1,1,-30.03235432764394,0.10311246157927884
Y537S,holo,36,3,1,-30.879385659006477,0.5143368739297287
Y537S,holo,219,3,1,-30.750019072584955,0.12030793894772109
Y537S,holo,50,2,1,-30.599860314783072,0.10453300955787957
Y537S,holo,232,2,1,-29.96480567903395,0.049384183253279236
Y537S,holo,30,1,1,-31.0927018523404,0.3427092646546723
Y537S,holo,231,1,1,-29.63030841734118,-0.16281365848482554
Y537S,holo,107,4,1,-30.731335321643744,0.6253797566825928
Y537S,holo,51,0,1,-30.922445180290442,0.39638431675330615
Y537S,holo,117,0,1,-30.269416837088055,0.5450288511550959
Y537S,holo,196,2,1,-30.80890593573884,0.10060589535942178
Y537S,holo,23,1,1,-30.386861299180705,0.26675430055339727
Y537S,holo,208,3,1,-29.736737071689976,-0.0484595769162625
Y537S,holo,227,2,1,-30.542682285742693,0.5117188318780176
Y537S,holo,172,0,1,-30.062502392442493,-0.016565300773647897
Y537S,holo,66,0,1,-30.918285396885626,0.22397988956340042
Y537S,holo,211,4,1,-30.748498871017205,0.427316586816268
Y537S,holo,130,2,1,-30.223800261120505,0.4108736809226315
Y537S,holo,212,4,1,-30.353715704687843,0.18459739816728626
Y537S,holo,49,0,1,-29.871970234931485,0.15450128518904335
Y537S,holo,189,4,1,-30.57043593705522,0.44234025546730904
Y537S,holo,105,2,1,-30.270982847811688,0.10137721435852844
Y537S,holo,33,4,1,-30.878237625500425,0.5473631523256537
Y537S,holo,80,4,1,-30.22664712670875,0.03869525454799458
Y537S,holo,17,1,1,-29.60056211700137,-0.1605902367574125
Y537S,holo,187,0,1,-29.714916560173904,-0.07939666719639708
Y537S,holo,96,0,1,-30.296144619384705,0.0507437679340682
Y537S,holo,99,0,1,-29.977712257817974,0.17559649721800372
Y537S,holo,28,1,1,-30.79796217674985,0.47114064761812224
Y537S,holo,167,2,1,-29.994519090872995,0.15213623242985894
Y537S,holo,115,1,1,-30.90939555347925,0.8383931667819279
Y537S,holo,249,3,1,-31.276652628948682,0.708924964371892
Y537S,holo,91,4,1,-30.758299484925704,0.6548448818197632
Y537S,holo,201,1,1,-30.682354932169027,0.04201600248172756
Y537S,holo,111,2,1,-30.60877712985418,0.24094760541307256
Y537S,holo,127,3,1,-31.028802302285182,0.5056867295411408
Y537S,holo,52,0,1,-30.0069915862841,0.08372047273417518
Y537S,holo,137,2,1,-30.32859440834279,0.042708838974543806
Y537S,holo,230,4,1,-30.09350107980071,0.1130218061218864
Y537S,holo,169,4,1,-30.779089933043835,0.17604607161621175
Y537S,holo,72,4,1,-29.78671377238753,-0.11407986126207091
Y537S,holo,212,2,1,-30.117968168473976,0.38930209632890067
Y537S,holo,141,2,1,-30.434551500330727,0.5705228592977434
Y537S,holo,248,0,1,-30.131344311495848,0.2504968241700808
Y537S,holo,55,1,1,-30.331361364976587,-0.059874777537562374
Y537S,holo,186,4,1,-30.643329581153274,0.48337553173252545
Y537S,holo,17,3,1,-30.571968732966454,0.5176110784225872
Y537S,holo,140,3,1,-30.41801997610606,0.07764128855134496
Y537S,holo,122,1,1,-30.79517962581236,0.5187193088693146
Y537S,holo,10,1,1,-30.19966987079994,0.28978607125326605
Y537S,holo,83,3,1,-30.857618820411616,0.4151362492930274
Y537S,holo,169,3,1,-30.605125438132827,0.46066978348386456
Y537S,holo,180,1,1,-30.673533640903912,0.32129275842708205
Y537S,holo,242,2,1,-29.97498168015253,0.029511693465147995
Y537S,holo,164,4,1,-29.69259124205242,-0.016137533398325396
Y537S,holo,136,1,1,-30.377713981407176,0.2024474128992932
Y537S,holo,240,0,1,-30.712770491945452,0.5258055713236466
Y537S,holo,34,3,1,-30.547315151310414,0.35780649613943666
Y537S,holo,98,2,1,-30.18782286516673,-0.001978856393656299
Y537S,holo,18,0,1,-30.16338069529218,0.22710119786724542
Y537S,holo,119,4,1,-30.153698865240784,0.30818285388451905
Y537S,holo,81,1,1,-30.234720647988034,0.020435602194630916
Y537S,holo,4,1,1,-30.476713497705266,0.054265645943616464
Y537S,holo,155,3,1,-29.428315733312214,-0.40874039981366916
Y537S,holo,95,4,1,-30.090047967377554,-0.0779415989888011
Y537S,holo,104,3,1,-30.00032953093716,-0.08274602697740309
Y537S,holo,190,3,1,-30.896186449081082,0.34241217915614497
Y537S,holo,161,2,1,-31.18169686475249,0.3319779269048342
Y537S,holo,148,3,1,-30.64602547718176,0.38848988296569087
Y537S,holo,81,4,1,-31.18973790818922,0.3441229711126737
Y537S,holo,35,1,1,-30.37029832586889,0.033753419941294445
Y537S,holo,202,1,1,-30.428763343156156,-0.0840397103476466
Y537S,holo,223,2,1,-30.364156418908205,0.11140256948759095
Y537S,holo,101,1,1,-30.38389168317487,-0.126397922993863
Y537S,holo,102,0,1,-30.201816624992134,0.2874980112235438
Y537S,holo,99,3,1,-30.86777975349764,0.8206320638825306
Y537S,holo,110,3,1,-30.721532653280704,0.7045252118248022
Y537S,holo,214,1,1,-30.42436264207253,0.23334919071443194
Y537S,holo,140,1,1,-30.432127050690987,-0.061504157382901124
Y537S,holo,48,1,1,-31.103114091747724,0.6939092214157543
Y537S,holo,108,0,1,-30.271374344090518,0.29469802103785714
Y537S,holo,236,1,1,-30.77059864030666,0.6835605198170017
Y537S,holo,128,0,1,-30.301974111900478,0.03288708520516035
Y537S,holo,81,3,1,-30.173661891106647,-0.061367620104122125
Y537S,holo,83,0,1,-31.048459148269032,0.485826610074846
Y537S,holo,138,4,1,-29.42457384361822,-0.2868038184092962
Y537S,holo,124,0,1,-30.7579322288109,0.2063285827684548
Y537S,holo,132,3,1,-30.281565586444163,0.22841822523374306
Y537S,holo,53,2,1,-30.89122842359789,0.28023178044731956
Y537S,holo,19,0,1,-30.330128266533027,0.1672322810997843
Y537S,holo,91,1,1,-29.218792222292432,-0.30645149950735
Y537S,holo,224,4,1,-30.921263088245833,0.36212762949325283
Y537S,holo,52,1,1,-30.7041135810913,0.3306320769852035
Y537S,holo,33,0,1,-30.35729068813144,0.15319246080842755
Y537S,holo,30,2,1,-30.46231716946322,0.6254155083827164
Y537S,holo,87,1,1,-31.42786263892082,0.624012996069521
Y537S,holo,103,4,1,-30.947023272796756,0.15369260140889496
Y537S,holo,250,3,1,-30.27635771404676,0.3380405885341584
Y537S,holo,234,3,1,-30.87628082161736,0.2892087400051058
Y537S,holo,190,0,1,-30.270349175556806,0.17381588927453206
Y537S,holo,34,4,1,-30.020413458734634,0.13533438870542544
Y537S,holo,15,0,1,-30.76134972838965,0.08028650147233485
Y537S,holo,218,1,1,-31.173105952779533,0.37232402241041673
Y537S,holo,2,4,1,-30.68751344429898,0.24633520639723083
Y537S,holo,132,1,1,-31.230253853904273,0.29294809590312015
Y537S,holo,234,4,1,-30.331203121226313,0.22265267785880363
Y537S,holo,56,4,1,-30.117930282279907,-0.07608600186288128
Y537S,holo,194,4,1,-30.538620764089906,0.20531217642805816
Y537S,holo,146,3,1,-30.292042309687396,0.27523936032528656
Y537S,holo,27,0,1,-30.492234393156405,0.31234437808611265
Y537S,holo,201,4,1,-30.715835767798133,0.3419613067539143
Y537S,holo,229,3,1,-30.27822117072961,0.36615035475368934
Y537S,holo,19,4,1,-30.498658918187,0.34511492305131103
Y537S,holo,83,2,1,-30.43853292979951,0.30978357312655824
Y537S,holo,106,4,1,-29.964018604052765,0.017616278461302766
Y537S,holo,59,1,1,-30.672621971828832,0.22232861261521353
Y537S,holo,129,1,1,-29.547868853113194,0.2128529612264207
Y537S,holo,162,4,1,-30.644372523807935,0.29464833848317856
Y537S,holo,23,3,1,-30.142145011408164,0.272783940368474
Y537S,holo,48,3,1,-29.935273631858315,-0.18322109455517205
Y537S,holo,12,1,1,-30.99690436901267,0.5573478888281064
Y537S,holo,215,2,1,-31.071893540069876,0.36742820763852263
Y537S,holo,129,4,1,-30.49841416578697,0.5894100636054918
Y537S,holo,76,2,1,-30.29696327195369,0.44381021762742323
Y537S,holo,76,3,1,-30.465770314497952,0.43413792547099755
Y537S,holo,15,1,1,-30.8481503745888,0.7065776692631595
Y537S,holo,219,1,1,-29.89947597379584,0.019623084939610545
Y537S,holo,53,0,1,-30.82835108805898,0.26972334393523495
Y537S,holo,34,0,1,-30.61341976675841,0.19990596072503758
Y537S,holo,217,4,1,-31.07760382539027,0.5887829710752265
Y537S,holo,230,1,1,-29.976550434002146,0.17888166940613787
Y537S,holo,132,2,1,-30.69966332820798,0.2896316110830462
Y537S,holo,22,0,1,-30.596683501368236,0.4616206740602729
Y537S,holo,151,2,1,-30.48902149554855,0.23809305792472035
Y537S,holo,228,0,1,-30.967826795712664,0.6797676895157492
Y537S,holo,70,2,1,-30.778501186379913,0.27500591062526675
Y537S,holo,121,1,1,-30.018336641415726,-0.017686588588797857
Y537S,holo,97,3,1,-30.154231743592387,0.3060852479813876
Y537S,holo,130,4,1,-31.30653419006804,0.6601444750247627
Y537S,holo,131,3,1,-30.585640780213097,0.37180531797533684
Y537S,holo,46,0,1,-30.542309847689324,0.011306152576375928
Y537S,holo,213,0,1,-30.633440549374498,0.46900534728500315
Y537S,holo,140,4,1,-30.312391853579527,-0.15599133712411936
Y537S,holo,80,2,1,-29.884704240897356,0.26464179695371826
Y537S,holo,47,2,1,-30.51797171885988,-0.07762237452947388
Y537S,holo,87,3,1,-30.631338055857025,0.6930109781036232
Y537S,holo,54,0,1,-30.41404044240229,0.28298090155507105
Y537S,holo,107,2,1,-30.67718073984843,0.36656052461137056
Y537S,holo,22,1,1,-30.307273594304984,0.2925886091912113
Y537S,holo,108,2,1,-30.264841030835264,0.554433271938466
Y537S,holo,86,3,1,-30.869588992963315,0.21303793444042424
Y537S,holo,128,1,1,-30.609731760227525,0.4870577263795169
Y537S,holo,147,3,1,-31.1671723784424,0.6952140683019788
Y537S,holo,60,1,1,-30.76254274519416,0.3155592017695319
Y537S,holo,243,2,1,-30.083673012986697,0.058078291347962524
Y537S,holo,134,3,1,-30.69790096649951,0.20354394103120965
Y537S,holo,79,4,1,-31.23295108878023,0.6360849476923912
Y537S,holo,136,0,1,-30.222614106047352,0.358586822239442
Y537S,holo,87,0,1,-30.7514729255687,0.46771931081115775
Y537S,holo,236,0,1,-30.223174932151267,0.08203476331280427
Y537S,holo,232,0,1,-30.339198278701335,0.4106397738604956
Y537S,holo,237,3,1,-30.62712701034137,0.40841819746583924
Y537S,holo,25,1,1,-30.417219418238837,-0.08785720890623708
Y537S,holo,225,0,1,-30.132088295012817,0.0818521177615098
Y537S,holo,99,4,1,-30.516656375945455,0.2857608538175776
Y537S,holo,35,2,1,-30.214970660212582,0.3288265413913695
Y537S,holo,56,3,1,-29.926327437540852,-0.10954294805809484
Y537S,holo,73,1,1,-30.381961735030366,0.5301901188035085
Y537S,holo,70,0,1,-29.991432931491936,0.17254515731724338
Y537S,holo,178,4,1,-30.408403611869137,0.20160091211760378
Y537S,holo,95,1,1,-30.602368928917734,0.1914177668232053
Y537S,holo,191,1,1,-31.280962780581998,0.6325473392393196
Y537S,holo,245,2,1,-29.978024437885825,0.22282600484289117
Y537S,holo,114,4,1,-30.460250097071857,0.1516770816016528
Y537S,holo,75,3,1,-31.49273898758804,0.2937537941592313
Y537S,holo,14,3,1,-30.252778376609744,-0.00819069280878454
Y537S,holo,134,4,1,-30.60187427237013,0.36092566023168104
Y537S,holo,222,1,1,-30.365292077230677,-0.0021673866652962928
Y537S,holo,203,3,1,-29.767431944405015,0.16878805974722022
Y537S,holo,24,2,1,-29.800348719370604,0.02675309919111535
Y537S,holo,188,3,1,-30.265983602105447,0.26583711557349016
Y537S,holo,206,3,1,-30.247667963969153,-0.186462493562906
Y537S,holo,148,1,1,-30.19994264305683,0.3712507750908377
Y537S,holo,119,0,1,-30.081446848337244,-0.24568727608373797
Y537S,holo,167,3,1,-30.665916226328637,0.20424326319724934
Y537S,holo,42,2,1,-30.95705008918121,0.2812509457024036
Y537S,holo,38,0,1,-30.10929472438156,0.2885964566000329
Y537S,holo,191,0,1,-31.148618692805407,0.27776555831838623
Y537S,holo,123,2,1,-30.41898304866261,0.4392110130422566
Y537S,holo,90,1,1,-30.038985764040163,-0.131141259430401
Y537S,holo,41,2,1,-30.74436287565284,0.08579162836242825
Y537S,holo,171,0,1,-30.789894165502066,0.5225189938897509
Y537S,holo,20,1,1,-30.613854924659123,0.008571355210033388
Y537S,holo,238,2,1,-30.74665567568023,0.1812592072273032
Y537S,holo,120,2,1,-30.12498296723199,-0.22665182007525725
Y537S,holo,26,0,1,-29.971191169575864,-0.023773124483992242
Y537S,holo,232,4,1,-30.74652297715356,0.4720972399126315
Y537S,holo,62,2,1,-30.723915113148124,0.27863946721755894
Y537S,holo,181,2,1,-30.837997025249663,0.4358150168641839
Y537S,holo,168,0,1,-30.66096306174531,0.34306964222784736
Y537S,holo,139,1,1,-30.718315372271558,0.5314286852154646
Y537S,holo,54,2,1,-30.273808477294086,0.03880735522159092
Y537S,holo,29,4,1,-30.735819288817684,0.4902582516238687
Y537S,holo,189,1,1,-29.75913476443933,-0.02750888013902223
Y537S,holo,54,4,1,-30.32354614775302,0.07355845216739826
Y537S,holo,84,4,1,-30.082330742124014,0.12584236320654393
Y537S,holo,82,1,1,-30.67908705482712,0.33241342219283454
Y537S,holo,119,2,1,-29.960700262604014,-0.103214616862904
Y537S,holo,165,3,1,-30.329253293315034,0.2324955135457481
Y537S,holo,223,4,1,-30.870838233401642,0.4866879426325833
Y537S,holo,169,2,1,-30.23331284238901,0.37614894902559487
Y537S,holo,184,2,1,-30.194517388964552,0.35760766417663037
Y537S,holo,217,1,1,-30.24716864545516,0.41337128174904825
Y537S,holo,80,0,1,-31.075843161399906,0.7371808018781099
Y537S,holo,121,0,1,-31.054807075216335,0.3692174696010787
Y537S,holo,60,2,1,-30.524811319486115,0.18980115822462046
Y537S,holo,238,4,1,-30.519805991584647,0.3635346442266993
Y537S,holo,212,0,1,-30.406449003616146,0.08858139112903368
Y537S,holo,209,1,1,-30.362532088896558,0.23687345874448093
Y537S,holo,94,1,1,-30.289967362276464,0.36714951443886873
Y537S,holo,113,4,1,-30.608064629335676,0.2527636252966625
Y537S,holo,21,2,1,-30.30277060603922,0.5749341032758888
Y537S,holo,247,3,1,-30.589875774566362,0.16955152392658215
Y537S,holo,17,0,1,-30.48577285476496,0.10278980514507734
Y537S,holo,159,2,1,-30.264092066040337,-0.06166088154941334
Y537S,holo,6,2,1,-30.46039378431645,-0.116882985403846
Y537S,holo,22,4,1,-29.577583808345285,0.18304734619397026
Y537S,holo,72,3,1,-30.857081168137547,0.36089434151582783
Y537S,holo,64,0,1,-30.25269122167317,0.1104506576571475
Y537S,holo,64,3,1,-30.38338448954396,-0.007663677781770252
Y537S,holo,208,1,1,-30.44101870138215,-0.07921074152858697
Y537S,holo,51,2,1,-30.75013586710979,0.44525829380679754
Y537S,holo,109,3,1,-30.656239615699963,0.13762608332444756
Y537S,holo,37,4,1,-30.651354987623254,0.25629901721443493
Y537S,holo,130,0,1,-30.130167040481563,0.31407487371193266
Y537S,holo,228,2,1,-30.13528236869213,0.4273240598329976
Y537S,holo,168,3,1,-30.83363559108658,0.5424129264580958
Y537S,holo,89,0,1,-30.89540749585652,0.3915311802498974
Y537S,holo,85,0,1,-30.245827432966983,-0.004116970003983593
Y537S,holo,129,0,1,-30.130736828994806,0.12428248623872727
Y537S,holo,6,4,1,-30.08129191780523,-0.06044245990401841
Y537S,holo,136,2,1,-30.42088503298435,-0.03947929849036999
Y537S,holo,53,4,1,-29.974540368317612,0.433928926778155
Y537S,holo,143,0,1,-30.060552349363185,-0.08509023172066953
Y537S,holo,208,0,1,-30.73686698622244,0.47938413848546774
Y537S,holo,122,0,1,-30.59677938947921,0.531297637607976
Y537S,holo,182,0,1,-30.45642152055585,0.3614724754437762
Y537S,holo,166,2,1,-30.322518340027617,0.028067207743178918
Y537S,holo,216,1,1,-30.923595990093485,0.4602254586905011
Y537S,holo,205,2,1,-31.312915717183802,0.4605485652414788
Y537S,holo,29,2,1,-30.639414228085954,0.12276110116370206
Y537S,holo,156,3,1,-29.78917299014923,0.01705197632987467
Y537S,holo,204,2,1,-31.10019697685967,0.5324236769281656
Y537S,holo,155,1,1,-29.69573153061841,0.03799985842717625
Y537S,holo,42,3,1,-30.429144826876044,0.5441699126418968
Y537S,holo,216,2,1,-29.924109543749296,-0.0965244405127466
Y537S,holo,245,3,1,-30.44499154747531,0.24411987248784675
Y537S,holo,248,1,1,-29.888085802261248,0.030768348165833126
Y537S,holo,171,3,1,-30.688440484145914,0.5960484247872275
Y537S,holo,42,4,1,-29.735021524830408,-0.12305724663941676
Y537S,holo,27,1,1,-30.00049564172458,0.06205129378578391
Y537S,holo,112,0,1,-30.22242709924973,0.03951390050198872
Y537S,holo,99,2,1,-30.276013194945772,0.061637550161154395
Y537S,holo,34,1,1,-30.72059837627771,0.4943015108925294
Y537S,holo,141,1,1,-29.38134704949531,-0.17282802811344822
Y537S,holo,86,1,1,-29.95083551877264,0.27504875673183465
Y537S,holo,75,4,1,-30.310247726350322,-0.036671494948912274
Y537S,holo,189,0,1,-31.122637624355505,0.458381988918779
Y537S,holo,7,2,1,-31.143794883844084,0.38986824300428075
Y537S,holo,238,0,1,-30.87377109519158,0.1298319169310603
Y537S,holo,221,3,1,-30.158843464363212,-0.02791490543112013
Y537S,holo,229,1,1,-30.49387885340321,0.21602552976205988
Y537S,holo,19,2,1,-30.32772715600945,0.007467181207559017
Y537S,holo,143,4,1,-30.302355002870875,-0.1392006879623553
Y537S,holo,197,4,1,-30.755252668831083,0.7491107241517362
Y537S,holo,117,3,1,-30.78569275195547,0.3490944755635571
Y537S,holo,162,3,1,-31.391948600896214,0.4496357683239714
Y537S,holo,166,3,1,-30.56363596729036,-0.022888028839983247
Y537S,holo,211,0,1,-30.36071630976472,0.15873525797031404
Y537S,holo,65,1,1,-30.538133273739497,0.23130422631279982
Y537S,holo,197,0,1,-30.233727557209154,0.3934250383649831
Y537S,holo,65,4,1,-30.408941247931914,0.14817564257878552
Y537S,holo,2,3,1,-30.552550846545593,0.46133252473036823
Y537S,holo,146,2,1,-30.21671451280518,0.17228040313296453
Y537S,holo,24,3,1,-30.53302930116895,0.31996423341639046
Y537S,holo,135,4,1,-30.49752869833241,0.2627597435444001
Y537S,holo,100,0,1,-30.159337069039015,0.22597463326864192
Y537S,holo,182,4,1,-30.395010067446663,0.1177469310522864
Y537S,holo,203,2,1,-30.370893372566155,0.27906122314310045
Y537S,holo,61,3,1,-31.256996370133326,0.7887890884292862
Y537S,holo,163,0,1,-30.692019056561133,0.524212606087422
Y537S,holo,170,1,1,-30.530666565843557,0.060796219641964744
Y537S,holo,25,3,1,-30.191471420870805,0.2818743966740464
Y537S,holo,135,2,1,-29.97264047027195,0.1947042614259557
Y537S,holo,90,3,1,-29.906004647106716,0.13208889116129982
Y537S,holo,12,4,1,-30.372845505918217,0.5379670563097447
Y537S,holo,129,2,1,-30.451302414580496,-0.014886802541225888
Y537S,holo,26,3,1,-30.575347544234262,0.26289824704327164
Y537S,holo,191,4,1,-30.198669026101367,-0.15989967940313574
Y537S,holo,212,3,1,-30.389775637681538,-0.08477466239139847
Y537S,holo,229,2,1,-30.829537778010295,0.20358016354164063
Y537S,holo,33,3,1,-30.07893445757604,0.07525934601281531
Y537S,holo,249,1,1,-30.494150500641123,0.6027704754758783
Y537S,holo,218,0,1,-30.304568784604196,-0.015175236211039325
Y537S,holo,174,0,1,-30.618433326205047,0.6270013638353626
Y537S,holo,248,2,1,-30.080381036685846,0.4003437106851228
Y537S,holo,232,1,1,-30.319641420460275,0.06682374755626429
Y537S,holo,195,0,1,-30.72783044888982,0.12095836371276417
Y537S,holo,71,1,1,-30.205433916512998,0.15655650835525214
Y537S,holo,41,4,1,-30.40373230090957,0.2206409594287714
Y537S,holo,65,2,1,-30.17774330090774,0.3206991264072078
Y537S,holo,66,4,1,-31.293022132690623,0.4350796177656935
Y537S,holo,84,0,1,-30.415492325393085,0.3462318143914765
Y537S,holo,219,0,1,-30.45435411919531,0.4017150059537818
Y537S,holo,141,3,1,-30.61919574689289,0.34579523373793936
Y537S,holo,157,4,1,-30.762451934087945,0.4894405330502041
Y537S,holo,16,2,1,-30.628639078834713,0.18332032547154753
Y537S,holo,218,3,1,-29.834512214832092,0.11967435574041255
Y537S,holo,217,2,1,-29.971828417722374,-0.06623710935059277
Y537S,holo,14,1,1,-31.14723523535256,0.5859868811871093
Y537S,holo,225,4,1,-30.49716562886743,0.3686549657984339
Y537S,holo,82,0,1,-30.403470153178382,-0.18246181726271876
Y537S,holo,69,2,1,-30.756660248957413,0.254468676515235
Y537S,holo,22,3,1,-30.296007781097394,0.09577735789021811
Y537S,holo,244,4,1,-30.15736335426892,0.18966609599774423
Y537S,holo,226,4,1,-30.182470707280924,0.18910701534428828
Y537S,holo,125,3,1,-30.375559393738335,-0.09010656931163841
Y537S,holo,56,2,1,-30.894947745292527,0.5832157400561864
Y537S,holo,103,2,1,-31.06059096064238,0.4297520628187376
Y537S,holo,184,1,1,-30.38443836296341,0.3305830136088972
Y537S,holo,249,4,1,-30.38494228116223,0.22751891307773395
Y537S,holo,107,0,1,-30.857955649703133,0.3437691438507183
Y537S,holo,81,2,1,-30.72999526080507,0.687294813138734
Y537S,holo,191,2,1,-30.97510894079429,0.3155784045641863
Y537S,holo,200,2,1,-30.08914684926595,0.0788848039396966
Y537S,holo,192,0,1,-30.294179677788,0.330158518925694
Y537S,holo,32,0,1,-29.94382321824395,0.028974464012308018
Y537S,holo,219,2,1,-30.174350603279972,0.10365356305229304
Y537S,holo,153,1,1,-31.108357228189846,0.48046486898741825
Y537S,holo,39,4,1,-30.248591555957432,0.3230117392530212
Y537S,holo,31,1,1,-30.68622884585292,0.38029921305741854
Y537S,holo,75,2,1,-29.69615391489786,-0.07630003551421471
Y537S,holo,129,3,1,-30.981252465781967,0.4394026062147062
Y537S,holo,90,4,1,-30.45014579737082,0.3320977445004476
Y537S,holo,160,3,1,-30.648479482875477,0.4557209329009058
Y537S,holo,114,1,1,-30.057754574694524,0.2175679687006108
Y537S,holo,175,1,1,-30.810441552468095,0.586261602717192
Y537S,holo,84,2,1,-29.606109829674878,0.19559991316586797
Y537S,holo,71,4,1,-31.128601026564187,0.4360508679739587
Y537S,holo,247,1,1,-30.019754789603706,0.09422669369208368
Y537S,holo,80,1,1,-30.111355618036463,0.15368990715278646
Y537S,holo,112,2,1,-30.38555936499427,0.38195333794333675
Y537S,holo,186,1,1,-30.40266826843606,0.2675999103813694
Y537S,holo,191,3,1,-30.902879441327187,0.41111931661431256
Y537S,holo,123,4,1,-30.224549463773386,0.09618871327471226
Y537S,holo,213,1,1,-29.843382476104996,-0.025871716562501135
Y537S,holo,75,0,1,-30.67319682522845,0.49745010490143965
Y537S,holo,110,0,1,-30.793428341264136,0.5367597400953863
Y537S,holo,59,0,1,-29.887105993447637,-0.00692271505685648
Y537S,holo,9,1,1,-30.212705353318935,0.3801672571674235
Y537S,holo,204,4,1,-30.75076975321412,0.4516546601910906
Y537S,holo,58,4,1,-30.251008800622063,0.2559295542068525
Y537S,holo,188,2,1,-31.094545122326988,0.3738430878121714
Y537S,holo,183,0,1,-29.912520113020747,0.09145822729523687
Y537S,holo,247,2,1,-30.513159835434976,0.07472223621097036
Y537S,holo,8,1,1,-30.206995513178775,0.03422573553807897
Y537S,holo,105,3,1,-30.328285158971237,0.18264380389331977
Y537S,holo,239,3,1,-30.398905525639975,0.39753974071342024
Y537S,holo,161,4,1,-30.511167065880336,0.3442422218338922
Y537S,holo,39,1,1,-30.17218150308494,-0.09673514586415453
Y537S,holo,199,3,1,-30.01000127820214,-0.022344818705211825
Y537S,holo,162,0,1,-30.159326772911665,0.34297771957953904
Y537S,holo,108,4,1,-30.477218333509892,0.3555843753660468
Y537S,holo,59,3,1,-30.45735963509341,0.21337924086212695
Y537S,holo,221,1,1,-29.991340218000452,0.19914285451496824
Y537S,holo,20,2,1,-30.48099435348009,0.17257796603118503
Y537S,holo,223,0,1,-31.036477792006984,0.2504555067310575
Y537S,holo,134,2,1,-29.61296735412619,-0.1473515446009835
Y537S,holo,40,3,1,-31.447504761643746,0.5868346494313496
Y537S,holo,27,4,1,-30.743719872033623,0.2838240127235983
Y537S,holo,105,4,1,-31.00356162383491,0.4017212449923979
Y537S,holo,185,3,1,-30.334680183936584,0.0209450139673382
Y537S,holo,14,0,1,-30.51364265696661,0.5165674726044707
Y537S,holo,24,1,1,-29.955254070739393,-0.11500562138937834
Y537S,holo,21,4,1,-29.794693421668388,-0.03754362763677702
Y537S,holo,145,1,1,-30.543195951381776,0.19922225728259718
Y537S,holo,176,0,1,-30.343849537696265,0.08740837553132887
Y537S,holo,211,1,1,-29.877917606279375,-0.034811883725642444
Y537S,holo,58,2,1,-30.80398087536642,0.1984536434947218
Y537S,holo,178,0,1,-31.113186696895472,0.6690100507876898
Y537S,holo,41,3,1,-30.55459410910356,0.03578452138004942
Y537S,holo,149,2,1,-30.518805625899883,0.2081681285443234
Y537S,holo,217,0,1,-30.785048500948633,0.46840570522822855
Y537S,holo,38,1,1,-30.646335519811036,0.27959705218126857
Y537S,holo,42,1,1,-30.287276116749663,0.4626911778302892
Y537S,holo,28,3,1,-30.42469903566559,0.21601766065241662
Y537S,holo,107,1,1,-30.514238407474362,-0.03318783895879131
Y537S,holo,176,1,1,-30.821057194018728,0.5759109438973953
Y537S,holo,132,4,1,-30.371125814197704,0.3530998232926273
Y537S,holo,101,3,1,-30.63741203082405,0.4678874716738309
Y537S,holo,160,4,1,-29.972478439325283,0.19684810004702524
Y537S,holo,228,3,1,-30.749323489700714,0.3261190377035752
Y537S,holo,38,3,1,-29.936577766865007,0.1456196168200356
Y537S,holo,17,4,1,-30.37847118367276,0.24360437209080735
Y537S,holo,131,4,1,-30.233783695933926,0.27935465329715237
Y537S,holo,14,4,1,-30.73550022102131,0.5617603431768641
Y537S,holo,143,3,1,-31.29501679432198,0.2806285308298814
Y537S,holo,49,3,1,-30.87360832355734,0.3201464488193102
Y537S,holo,116,1,1,-30.979819127918734,0.37955390542317186
Y537S,holo,194,2,1,-30.83209651324448,0.49914809309304714
Y537S,holo,47,0,1,-30.220308173013276,0.3064356284478719
Y537S,holo,71,0,1,-30.334155807532074,0.21927625160564812
Y537S,holo,3,2,1,-30.267466151019566,0.30129210173050797
Y537S,holo,215,3,1,-30.382040111956854,0.3582969559806009
Y537S,holo,99,1,1,-30.35919969292102,0.27796422560748635
Y537S,holo,67,0,1,-30.566506916704437,0.27448656034299973
Y537S,holo,133,4,1,-30.24610675317577,0.268661598038919
Y537S,holo,248,3,1,-31.070106079708758,0.6191340796360548
Y537S,holo,122,4,1,-30.219722046762648,0.34357847170278694
Y537S,holo,210,3,1,-30.61305672267479,0.09524160435147341
Y537S,holo,126,0,1,-31.01824428893295,0.230917665603126
Y537S,holo,25,2,1,-30.352933117346414,0.286190137246884
Y537S,holo,55,2,1,-29.98694822105534,0.4115804464777189
Y537S,holo,187,4,1,-30.478876781217505,0.39710933662402026
Y537S,holo,137,0,1,-30.79122292255702,0.5387288590809506
Y537S,holo,151,4,1,-30.26427905014047,0.16188004868293798
Y537S,holo,76,1,1,-30.481736449434848,0.3079735005127328
Y537S,holo,128,4,1,-30.421367212050225,0.12206851867770234
Y537S,holo,110,4,1,-30.54543561462476,0.16626169180582295
Y537S,holo,105,1,1,-30.541767995060596,0.3848607968235889
Y537S,holo,175,4,1,-31.65220553329133,0.5428293542113936
Y537S,holo,74,4,1,-30.571302057027644,0.13917725925125093
Y537S,holo,124,1,1,-30.072511009160475,0.21521480182880587
Y537S,holo,225,2,1,-29.80341938227968,0.09688368776222125
Y537S,holo,149,1,1,-30.851523743179396,0.5784509271828593
Y537S,holo,38,2,1,-30.70541941304136,0.4071792858716736
Y537S,holo,116,3,1,-30.489531731989505,0.5953523589610816
Y537S,holo,58,3,1,-30.297644814354076,-0.09646561673557981
Y537S,holo,182,1,1,-30.598426080886544,0.46977175466124416
Y537S,holo,27,3,1,-30.22403319928,0.37355294587752336
Y537S,holo,2,0,1,-30.79432363493991,0.46421935256819835
Y537S,holo,23,0,1,-30.06438968372936,0.23654984140950977
Y537S,holo,43,0,1,-30.712597060146624,0.6233911665823423
Y537S,holo,18,4,1,-30.702572714265038,0.04019204096339681
Y537S,holo,118,3,1,-30.692722318020223,0.32633576003153014
Y537S,holo,98,1,1,-30.399596360772485,0.24289272752559726
Y537S,holo,43,2,1,-30.508841438694795,-0.016702377763774322
Y537S,holo,51,3,1,-31.34884620083593,0.7692192261276881
Y537S,holo,137,1,1,-30.742979928277666,0.146428507001461
Y537S,holo,120,3,1,-30.85030926520887,0.33059670320984835
Y537S,holo,204,3,1,-30.82654298128502,0.45235469823901303
Y537S,holo,153,3,1,-29.659282257347968,-0.14865655545213532
Y537S,holo,61,4,1,-29.928084352059503,-0.2065398302054639
Y537S,holo,194,1,1,-30.34713099084352,0.3386365541636563
Y537S,holo,98,3,1,-30.596526160665103,0.4514960784351877
Y537S,holo,142,2,1,-30.510432559093314,0.12231436033991851
Y537S,holo,226,0,1,-30.873372414600944,0.3917554636135967
Y537S,holo,16,3,1,-30.113146992526186,0.41115324547630705
Y537S,holo,73,3,1,-30.512456729825562,0.3416797456842146
Y537S,holo,197,2,1,-30.339774008833814,0.37952268540428435
Y537S,holo,143,2,1,-30.236691970592737,0.42300253160263296
Y537S,holo,69,4,1,-29.742863006292133,0.08168149587567772
Y537S,holo,201,0,1,-30.869986984932655,0.5447857091631227
Y537S,holo,112,4,1,-30.680959419973714,0.28144823100889454
Y537S,holo,142,0,1,-30.97765200484118,0.5192849999381948
Y537S,holo,250,4,1,-31.32365976884913,0.5783873508602249
Y537S,holo,241,3,1,-30.190346415374826,0.18657073899994298
Y537S,holo,226,1,1,-29.89959463956338,-0.01547564835446334
Y537S,holo,179,4,1,-30.132663248019877,0.5201254008760597
Y537S,holo,237,4,1,-30.9474795302529,0.3489668135765082
Y537S,holo,104,1,1,-30.6077053976169,-0.07441951171161292
Y537S,holo,43,4,1,-30.11256785812662,0.10373172826688357
Y537S,holo,234,1,1,-30.311420460265026,0.498499944820237
Y537S,holo,198,1,1,-30.071639944039983,-0.022205639786269566
Y537S,holo,58,0,1,-30.8349539655069,0.126713834775347
Y537S,holo,67,2,1,-30.81982782768776,0.6849031030705355
Y537S,holo,37,1,1,-30.289388262472286,0.24419472458749894
Y537S,holo,195,2,1,-30.250469014332577,0.11546740507997341
Y537S,holo,221,4,1,-31.461317204448815,0.9014735706899005
Y537S,holo,225,1,1,-30.43067650243564,0.2616923063869171
Y537S,holo,240,2,1,-30.55572303802211,0.14943515256479933
Y537S,holo,153,4,1,-30.74987360571298,0.6215713086387951
Y537S,holo,26,2,1,-31.309009710432584,0.7496315652466385
Y537S,holo,225,3,1,-30.18241425818795,-0.21050812274103217
Y537S,holo,206,0,1,-29.983265811960013,-0.09194457687726397
Y537S,holo,40,2,1,-30.22189542188418,0.5034956750312247
Y537S,holo,86,2,1,-30.026790487580612,0.276428532426492
Y537S,holo,97,4,1,-30.286418839741177,0.46870923816896987
Y537S,holo,230,3,1,-30.60070177927425,0.4668449064324396
Y537S,holo,149,0,1,-30.871850324213007,0.1271394249936078
Y537S,holo,105,0,1,-30.672826018403818,0.07733324969676919
Y537S,holo,196,0,1,-30.789707564667857,0.449917613242449
Y537S,holo,74,2,1,-30.785979413347842,0.3087773228078853
Y537S,holo,131,2,1,-31.01406806477485,0.8964677001911711
Y537S,holo,167,1,1,-29.566413549856104,-0.04976913557790226
Y537S,holo,223,1,1,-30.41599525455862,0.37643351923607604
Y537S,holo,180,2,1,-30.572325045669864,0.22697332818576277
Y537S,holo,18,3,1,-30.268576297907973,0.4423099498426421
Y537S,holo,161,0,1,-30.449711722586752,0.18560179813177896
Y537S,holo,166,4,1,-30.898233063718727,0.6200754757993036
Y537S,holo,124,4,1,-29.919405342794775,-0.0656169944231234
Y537S,holo,218,4,1,-30.318685603954172,0.2358592958925043
Y537S,holo,209,0,1,-30.495879821463223,0.43033863740441664
Y537S,holo,8,4,1,-30.81062000514408,0.6549280435587168
Y537S,holo,42,0,1,-30.622703768259047,0.5231970719988542
Y537S,holo,157,2,1,-30.297135353968503,0.05539461969115718
Y537S,holo,3,4,1,-30.16750447336211,-0.02890316519146913
Y537S,holo,239,0,1,-30.394202414992797,0.03410633901297491
Y537S,holo,160,1,1,-31.220077166061667,0.4425848840248439
Y537S,holo,104,0,1,-30.568009733131863,0.4401875045571881
Y537S,holo,239,2,1,-31.332196514789914,0.7263551786095358
Y537S,holo,197,1,1,-30.265844007921856,0.2659057704508813
Y537S,holo,31,3,1,-30.933301414139386,0.2637635015660061
Y537S,holo,186,2,1,-30.85574611441161,0.5376676595740383
Y537S,holo,59,4,1,-30.051531010692948,0.02040271116318461
Y537S,holo,178,1,1,-30.277278494178532,0.16429091249428854
Y537S,holo,29,3,1,-30.81908418906385,0.18319825362037703
Y537S,holo,239,1,1,-30.947637116645122,0.46061414635201275
Y537S,holo,170,4,1,-30.235664040692452,0.6064586901476775
Y537S,holo,111,3,1,-30.559968950407512,0.37476702651015203
Y537S,holo,84,3,1,-31.085174450790895,0.78161590551409
Y537S,holo,46,3,1,-30.743183256912356,0.31384546798380497
Y537S,holo,213,2,1,-30.804174357438942,-0.15384923540709888
Y537S,holo,226,3,1,-30.8896021465401,0.3098161569479871
Y537S,holo,3,1,1,-30.477703331921084,0.0973874219840446
Y537S,holo,145,4,1,-30.6311718255032,0.222191373801993
Y537S,holo,116,2,1,-30.11294277126914,0.2776171221306034
Y537S,holo,39,0,1,-30.532984511566813,0.1921023712095116
Y537S,holo,125,1,1,-30.821068401572848,0.6925167539930408
Y537S,holo,8,2,1,-29.941926435204447,-0.11788329218503055
Y537S,holo,213,4,1,-30.70430757083815,0.18070567570568807
Y537S,holo,172,1,1,-29.63759780576161,0.04140388684100677
Y537S,holo,196,1,1,-30.295977243167105,0.23744856314375198
Y537S,holo,34,2,1,-30.635619348277615,0.18422462671764364
Y537S,holo,39,3,1,-29.97564203636679,0.31401270390313846
Y537S,holo,26,4,1,-29.90585200606373,0.3022028615024324
Y537S,holo,89,2,1,-30.399725387288004,0.17627446894490298
Y537S,holo,218,2,1,-30.290770930520896,0.1474009339190156
Y537S,holo,56,0,1,-30.562015431606525,0.29007996861426133
Y537S,holo,211,3,1,-30.67063809241239,0.356343474241732
Y537S,holo,89,3,1,-30.248386471310646,0.22687210489515233
Y537S,holo,94,4,1,-31.42382370278218,0.6760667162652194
Y537S,holo,73,2,1,-30.09382841073738,0.1378111541974596
Y537S,holo,41,1,1,-30.502574826556796,0.18295947712360094
Y537S,holo,243,1,1,-30.545266129685494,0.3892886117977263
Y537S,holo,134,1,1,-30.308177425835126,-0.028272747967601153
Y537S,holo,237,1,1,-30.602431509943113,0.5696121249006161
Y537S,holo,40,4,1,-30.580743078655342,0.3338307302736291
Y537S,holo,29,1,1,-30.257846377533888,0.267228518677868
Y537S,holo,110,2,1,-30.2897596048481,0.15614283281894167
Y537S,holo,205,3,1,-30.385842125669058,-0.09580686106804998
Y537S,holo,120,0,1,-31.23351668880937,0.8516247149454461
Y537S,holo,195,4,1,-29.999375071702918,0.1502868174457007
Y537S,holo,101,4,1,-30.175169809806984,0.19699251791762776
Y537S,holo,226,2,1,-31.2605145040716,0.6645596640349867
Y537S,holo,146,0,1,-30.94722119116219,0.227258900677515
Y537S,holo,68,3,1,-30.779125981796312,0.5328518044924261
Y537S,holo,9,3,1,-30.58371394827769,0.16621246022201291
Y537S,holo,176,2,1,-30.956049942632426,0.5239137593526035
Y537S,holo,217,3,1,-30.6947948658409,0.6821871607793785
Y537S,holo,192,4,1,-31.157147882018627,0.43885103164755457
Y537S,holo,194,0,1,-30.669802231669802,0.6224461604535059
Y537S,holo,107,3,1,-30.7129659298336,0.6617806319613232
Y537S,holo,93,4,1,-29.879642057399646,0.052626241200724094
Y537S,holo,78,1,1,-30.767587240882904,0.8093885523806749
Y537S,holo,194,3,1,-30.795226814531834,0.3960731418600944
Y537S,holo,73,0,1,-31.350512381446684,0.5253421608832276
Y537S,holo,3,3,1,-30.33606160595941,0.11288111379243135
Y537S,holo,246,2,1,-29.774027856799755,0.07328741437121404
Y537S,holo,98,4,1,-29.9497420831238,0.6889597183465803
Y537S,holo,172,4,1,-30.42985374207857,0.5837296677813071
Y537S,holo,108,1,1,-30.938661957354476,0.3798431736268048
Y537S,holo,13,2,1,-29.888183526352357,-0.005874572992289982
Y537S,holo,230,0,1,-30.312552475512053,0.3301398223404004
Y537S,holo,247,4,1,-30.3247669294021,-0.0010115150713230119
Y537S,holo,195,3,1,-30.98623907755074,0.6864704725734969
Y537S,holo,170,0,1,-30.503929101836896,0.23539618876636936
Y537S,holo,170,3,1,-30.293829667540333,0.08700517755525254
Y537S,holo,41,0,1,-29.96069997952955,-0.07873319709212587
Y537S,holo,18,1,1,-30.292492037044855,0.10906309861846575
Y537S,holo,38,4,1,-30.86383621093211,0.46051744707464315
Y537S,holo,9,0,1,-30.217629125329005,0.49134321238141976
Y537S,holo,123,1,1,-31.36379136654997,0.27377285815361363
Y537S,holo,184,3,1,-30.728432726994736,0.07803701972560885
Y537S,holo,246,0,1,-30.651612705062263,0.09561745713028154
Y537S,holo,123,3,1,-30.692951594598984,0.300772697833597
Y537S,holo,114,3,1,-29.923759936786762,0.07636241256177893
Y537S,holo,157,1,1,-30.66201458120194,0.3572907986360647
Y537S,holo,146,1,1,-30.112206115138108,-0.10513561905674917
Y537S,holo,153,2,1,-30.664516283674732,0.1956357204748848
Y537S,holo,12,2,1,-31.00520780171267,0.0823417966237887
Y537S,holo,235,3,1,-31.438584741654644,0.5002700712655092
Y537S,holo,169,1,1,-30.44008398848667,0.523829384364563
Y537S,holo,61,0,1,-30.08834301438693,0.07864243459597851
Y537S,holo,66,2,1,-30.76746846668084,0.36665020982516405
Y537S,holo,120,1,1,-30.167588354535752,0.21054414115582787
Y537S,holo,157,0,1,-30.687791909652756,0.5358962493329917
Y537S,holo,50,4,1,-31.03528853016856,0.7921754681659349
Y537S,holo,142,3,1,-31.091847092774994,0.539880012602909
Y537S,holo,244,3,1,-30.467759181911337,0.3625520395566303
Y537S,holo,93,0,1,-30.545769835895292,0.4039488697895433
Y537S,holo,142,4,1,-30.400866172213917,0.4610721934281868
Y537S,holo,114,0,1,-30.17578100950073,0.25434962033843544
Y537S,holo,243,0,1,-30.429719598758506,-0.03635142496896856
Y537S,holo,95,2,1,-29.898999798239164,0.30356234015089273
Y537S,holo,75,1,1,-30.679921260953,0.6495558772106026
Y537S,holo,237,0,1,-30.830681553820963,0.7765382345568158
Y537S,holo,89,4,1,-29.34329601909503,0.14024680592511296
Y537S,holo,247,0,1,-30.72851616450213,0.39669327928253373
Y537S,holo,98,0,1,-30.26574523979902,0.33665989640639704
Y537S,holo,146,4,1,-30.533608132409928,0.4760588798630013
Y537S,holo,142,1,1,-30.711423743524307,0.35572004232703397
Y537S,holo,134,0,1,-30.114822350903168,0.298059661645888
Y537S,holo,4,0,1,-31.66833392555987,0.577989252689611
Y537S,holo,40,0,1,-30.597387520836534,0.10120271892547653
Y537S,holo,249,0,1,-30.675772539694854,0.13963416127953923
Y537S,holo,182,3,1,-30.203680449799148,0.31388110072393094
Y537S,holo,166,0,1,-30.54433980281547,0.004863066738396234
Y537S,holo,8,3,1,-30.667022818645542,0.3645461286023943
Y537S,holo,2,1,1,-30.871372077764146,0.45145611178378364
Y537S,holo,21,3,1,-30.841020391854705,0.3560915138422363
Y537S,holo,157,3,1,-30.411588785207297,0.4942494105879881
Y537S,holo,110,1,1,-31.025089962664026,0.5167569411097666
Y537S,holo,61,1,1,-30.352857855093944,-0.07201265047385111
Y537S,holo,114,2,1,-30.75694380401498,0.2528411586493964
Y537S,holo,196,4,1,-30.49040130688055,0.30044006982667715
Y537S,holo,211,2,1,-30.17722480071477,0.13124714946953994
Y537S,holo,40,1,1,-29.7752851213297,0.0535760419560874
Y537S,holo,227,3,1,-30.52227921694295,0.4674088002890024
Y537S,holo,186,0,1,-30.975925538492316,0.4831519233133333
Y537S,holo,69,3,1,-30.28294864864177,0.04774081212956441
Y537S,holo,19,1,1,-30.480382120929335,0.35321271164078943
Y537S,holo,94,2,1,-30.789505295981776,0.6347871467612766
Y537S,holo,93,2,1,-30.76713236821681,0.45109234841868606
Y537S,holo,180,4,1,-30.262757688217345,0.11882216884675796
Y537S,holo,25,0,1,-30.33328876662803,0.39274596840411885
Y537S,holo,71,2,1,-31.09342916372492,0.6655129455759607
Y537S,holo,240,1,1,-30.39462330049612,0.17226399320559196
Y537S,holo,112,3,1,-30.2138595445512,0.21027764693738074
Y537S,holo,210,1,1,-30.88581565557601,0.7288612496274999
Y537S,holo,128,2,1,-30.522476488463024,0.374968274064735
Y537S,holo,216,3,1,-30.38264423292691,0.23646896179247534
Y537S,holo,111,0,1,-30.73787608381464,0.5432246676166884
Y537S,holo,168,4,1,-30.074096241941778,0.35986288241950326
Y537S,holo,196,3,1,-29.949291460198328,0.1913086482904986
Y537S,holo,60,3,1,-30.40955046507427,-0.007089465876097815
Y537S,holo,204,0,1,-30.337223100337315,-0.09206923509340253
Y537S,holo,210,4,1,-31.32217666076162,0.7877334840689274
Y537S,holo,166,1,1,-31.04293405896361,0.5203011079018139
Y537S,holo,65,0,1,-30.504860209565535,0.074961661757039
Y537S,holo,135,1,1,-29.77885314429635,-0.058906524717091215
Y537S,holo,195,1,1,-30.472414860884648,0.6371804190934389
Y537S,holo,243,4,1,-30.87547628799704,0.06481783783776061
Y537S,holo,116,4,1,-30.14092198491563,0.5303489365161993
Y537S,holo,101,0,1,-30.145264764552497,0.06793266453315921
Y537S,holo,44,2,1,-31.13757338657428,0.24051316371226236
Y537S,holo,58,1,1,-30.756134515602795,0.3234940438642864
Y537S,holo,232,3,1,-30.394591214575517,0.4543833636517004
Y537S,holo,143,1,1,-30.469667156769887,0.3573485908916002
Y537S,holo,210,2,1,-29.92486013359516,0.14074484625648873
Y537S,holo,170,2,1,-30.87150126369983,0.09302297869066412
Y537S,apo,64,4,1,-30.77147697790555,-0.07670150154974746
Y537S,apo,115,0,1,-31.09179346055945,0.39106291702319673
Y537S,apo,97,1,1,-30.72520568954945,0.10981734071951699
Y537S,apo,5,0,1,-30.858972321415653,0.30354718762338884
Y537S,apo,158,2,1,-30.19019869557541,-0.3163343722891858
Y537S,apo,213,2,1,-30.909648947185786,-0.03359946814736608
Y537S,apo,115,1,1,-30.38782750450481,0.08646136410745388
Y537S,apo,150,2,1,-30.904593642836144,0.2917268278679191
Y537S,apo,28,4,1,-30.560599450368446,0.10737127252339844
Y537S,apo,123,3,1,-30.23304939556577,0.2842409599758165
Y537S,apo,199,3,1,-30.918723764129616,-0.20906399070048653
Y537S,apo,16,2,1,-31.190481621763944,0.5310205309755195
Y537S,apo,45,2,1,-31.138773169835538,0.5504494868473208
Y537S,apo,204,0,1,-30.82821373791651,-0.144430510226009
Y537S,apo,48,0,1,-31.22184512809142,0.09785950887033323
Y537S,apo,185,0,1,-30.924077600583576,0.0771971999751493
Y537S,apo,42,3,1,-31.043262758006385,0.05238018809922465
Y537S,apo,150,1,1,-30.424489655737773,-0.33501554297871533
Y537S,apo,220,1,1,-30.65485425162878,0.06303967416927675
Y537S,apo,216,3,1,-30.29254596882018,0.1935620965128801
Y537S,apo,199,4,1,-30.402471044967374,0.014961143704178122
Y537S,apo,150,4,1,-31.05657453981781,-0.2538143334029076
Y537S,apo,219,1,1,-31.014199884689784,0.024719175544676973
Y537S,apo,154,4,1,-31.11479847534219,-0.17420061907596776
Y537S,apo,54,1,1,-30.781900064155504,-0.2547990548296001
Y537S,apo,163,0,1,-30.550309959732804,-0.09042260304722397
Y537S,apo,199,2,1,-30.767863613735123,-0.275388332103773
Y537S,apo,176,1,1,-31.055499161377238,0.06436605130128367
Y537S,apo,203,4,1,-30.72885313371922,-0.0468616731969481
Y537S,apo,185,1,1,-29.709878913666515,-0.34579629997536254
Y537S,apo,137,0,1,-30.416904732389902,-0.22674195345315454
Y537S,apo,75,4,1,-30.488142540819958,0.21357600198217241
Y537S,apo,238,2,1,-30.528329163814263,0.28071562670815
Y537S,apo,17,0,1,-31.3237948867536,-0.1922705744162129
Y537S,apo,35,0,1,-29.560632349730366,-0.5456640343190815
Y537S,apo,196,0,1,-30.125723597063192,-0.32947148185480374
Y537S,apo,126,2,1,-30.48404972813846,0.0683803824210712
Y537S,apo,148,1,1,-31.216174907880124,0.16088617599337496
Y537S,apo,11,1,1,-30.51551978079139,-0.07744739776720629
Y537S,apo,199,1,1,-30.800552780575792,0.18859464606774423
Y537S,apo,104,2,1,-30.0923308249906,-0.198530240421333
Y537S,apo,7,3,1,-30.33377046408664,-0.02551605413493959
Y537S,apo,72,2,1,-30.34808319666686,0.2645943266716657
Y537S,apo,6,0,1,-30.706391311662273,0.23760586903574224
Y537S,apo,98,0,1,-29.82433780073431,-0.5059531500042296
Y537S,apo,198,4,1,-30.9880876450137,-0.21932511685079487
Y537S,apo,165,2,1,-30.982578030693908,0.14441005392058384
Y537S,apo,90,0,1,-31.360848194611382,0.3061352288335008
Y537S,apo,5,1,1,-31.09544597010302,0.39041394717064865
Y537S,apo,150,0,1,-30.682198675267518,-0.028420433751424147
Y537S,apo,97,4,1,-31.579770117200983,0.4115407653506006
Y537S,apo,216,4,1,-31.09894159113005,0.10310997810350075
Y537S,apo,188,2,1,-30.265496140783316,-0.15025534611948538
Y537S,apo,186,3,1,-30.642243491013982,-0.08511960697566189
Y537S,apo,100,0,1,-31.401623847752717,0.4895060829280173
Y537S,apo,250,2,1,-29.903777257571246,0.10737213195855834
Y537S,apo,50,0,1,-30.990962713690536,-0.10577177933577078
Y537S,apo,44,1,1,-30.54937004941108,0.011902927368940804
Y537S,apo,36,3,1,-30.815319597129204,0.11655775922637851
Y537S,apo,50,4,1,-30.203713711799477,-0.10027723368800767
Y537S,apo,203,2,1,-30.143278908325893,-0.47352507964537804
Y537S,apo,236,0,1,-30.787708816805242,0.050154136840867745
Y537S,apo,7,2,1,-30.967811106847986,-0.000546955541611362
Y537S,apo,239,3,1,-29.678132921074347,-0.5700510271165826
Y537S,apo,244,0,1,-30.285862953874844,-0.2750815729736156
Y537S,apo,163,1,1,-30.526377610758253,0.3093757433314348
Y537S,apo,90,1,1,-30.71695423127803,-0.019480882726955116
Y537S,apo,168,4,1,-31.23801727880792,0.22797355154230828
Y537S,apo,20,4,1,-29.921117851850457,-0.4796771283717041
Y537S,apo,150,3,1,-30.166367484006308,0.11364721179985149
Y537S,apo,173,4,1,-30.609345566530365,-0.06378347125350012
Y537S,apo,62,1,1,-31.141946832786736,0.2993080842608445
Y537S,apo,51,2,1,-30.903201720420498,0.2719690848735302
Y537S,apo,185,2,1,-30.683263096138766,0.0684086982876631
Y537S,apo,186,2,1,-31.54691624974425,0.8883998155736128
Y537S,apo,90,2,1,-30.59894909465827,0.08553286979536383
Y537S,apo,206,3,1,-30.825768934306105,0.05803048042506257
Y537S,apo,185,3,1,-30.52163748161425,0.04744841063202275
Y537S,apo,145,1,1,-31.034395863302066,0.5273896936896646
Y537S,apo,20,0,1,-30.890222904349297,-0.26751349921866613
Y537S,apo,138,0,1,-30.090460303971163,-0.08433106345915417
Y537S,apo,50,3,1,-31.29555717268218,0.508490429506538
Y537S,apo,163,3,1,-30.082787569978585,-0.15788601799290852
Y537S,apo,64,3,1,-30.082820832802216,-0.18497295438016376
Y537S,apo,216,0,1,-30.51163193571002,-0.021933281060650536
Y537S,apo,72,0,1,-31.052033630611618,0.3616410529563057
Y537S,apo,213,1,1,-30.426787512311112,0.17995035678805008
Y537S,apo,237,0,1,-30.713328868296898,-0.16982988463018436
Y537S,apo,120,4,1,-30.317259487579594,0.019558374011985107
Y537S,apo,90,4,1,-30.64555212654416,0.304590226272044
Y537S,apo,219,3,1,-30.89592879008747,0.3164552964307514
Y537S,apo,5,2,1,-30.76280634022923,0.4779094177073285
Y537S,apo,28,0,1,-30.88105994002807,0.1054612789539787
Y537S,apo,36,0,1,-30.29640767610004,-0.5382407279861106
Y537S,apo,21,4,1,-30.660825870370292,0.1157270402006573
Y537S,apo,140,2,1,-31.397686670660296,0.06609422809865548
Y537S,apo,10,3,1,-30.42065698175981,-0.14273059178199807
Y537S,apo,49,0,1,-30.667659361491204,0.09896695150112912
Y537S,apo,24,1,1,-30.403590755802863,-0.11466085503162946
Y537S,apo,239,2,1,-30.20906143479933,0.12334069649880382
Y537S,apo,51,3,1,-31.25074405306923,0.6014914250590526
Y537S,apo,31,2,1,-29.951543727961226,-0.20513910310733702
Y537S,apo,182,3,1,-30.945184074024223,-0.0661283395382401
Y537S,apo,50,1,1,-30.29311035792665,-0.2427213878359089
Y537S,apo,51,1,1,-31.644988833980076,0.11476282702371078
Y537S,apo,119,0,1,-31.294684893731468,0.25134464007517
Y537S,apo,45,0,1,-30.497325594314265,0.12106218339323625
Y537S,apo,35,3,1,-31.011280916825395,0.22822504129616475
Y537S,apo,119,2,1,-31.03551289812805,-0.20748177622255412
Y537S,apo,165,1,1,-30.64786070269759,-0.13027654675606704
Y537S,apo,104,1,1,-30.09694735000658,-0.133058569665059
Y537S,apo,75,1,1,-30.729739601141926,-0.31601674798287305
Y537S,apo,80,2,1,-31.201165183106507,0.25762865238686683
Y537S,apo,20,3,1,-30.78107332882303,0.1805896302910566
Y537S,apo,12,0,1,-30.835732256963112,0.13751208041289967
Y537S,apo,138,1,1,-30.72684481063075,0.30262882503287786
Y537S,apo,153,3,1,-30.83321544309401,-0.6947425212745466
Y537S,apo,189,4,1,-30.913898897108712,0.46179475739779546
Y537S,apo,11,3,1,-30.49222391505208,-0.38141369284161125
Y537S,apo,216,1,1,-30.250460143996452,0.31907245599604006
Y537S,apo,239,1,1,-30.959162714356665,0.22580715778248195
Y537S,apo,35,1,1,-30.4871212122537,0.17972957105146825
Y537S,apo,132,3,1,-30.454653908151048,-0.09549881841187574
Y537S,apo,58,2,1,-30.82935614724092,0.08147001133204927
Y537S,apo,51,0,1,-30.573175103606957,0.1909951832909347
Y537S,apo,227,3,1,-31.041718284156797,0.0947081937774162
Y537S,apo,79,1,1,-31.33134226780833,0.1553509320359027
Y537S,apo,137,1,1,-31.340228843563892,0.0696459682789466
Y537S,apo,81,1,1,-30.25948721107272,-0.04141350571015784
Y537S,apo,115,2,1,-31.556344879299044,-0.02545989205786977
Y537S,apo,228,2,1,-31.396348563479965,0.4763890172854275
Y537S,apo,176,0,1,-30.04533690887102,-0.5008731300534128
Y537S,apo,166,2,1,-30.89948560396002,0.030734610640549893
Y537S,apo,124,2,1,-31.822638505368605,0.10434519466577123
Y537S,apo,45,4,1,-31.158028012298583,0.5847869207301967
Y537S,apo,241,0,1,-30.28722365007396,-0.499686024583812
Y537S,apo,96,3,1,-30.48928784368171,0.257400245052463
Y537S,apo,128,4,1,-31.26278250687837,0.36846026636446677
Y537S,apo,38,4,1,-30.712149943382222,-0.3257553403932231
Y537S,apo,31,1,1,-30.597247114840577,0.3026477353816097
Y537S,apo,17,1,1,-31.459345062912394,-0.03189144866168303
Y537S,apo,213,4,1,-30.555662196040345,0.16013503131380277
Y537S,apo,233,2,1,-31.100620339139248,0.7350662525777607
Y537S,apo,17,3,1,-30.475210188273106,-0.17771189489084355
Y537S,apo,115,3,1,-30.305100491287998,-0.040834900366530806
Y537S,apo,165,3,1,-30.04370679377445,-0.23771161529103915
Y537S,apo,239,4,1,-31.543482405018292,0.1427628894370244
Y537S,apo,20,1,1,-30.714272156499703,-0.15330411064587776
Y537S,apo,81,4,1,-30.10662587946748,-0.07351156760703287
Y537S,apo,213,0,1,-30.72384129775313,0.0487323057761642
Y537S,apo,11,0,1,-30.65682331181132,0.5015271946319715
Y537S,apo,129,0,1,-30.845039693682413,-0.020754563988532065
Y537S,apo,193,0,1,-29.772799594161736,-0.718635989178064
Y537S,apo,96,1,1,-31.142277355298962,0.19185153371100136
Y537S,apo,64,2,1,-30.41068293108929,-0.24791780898216087
Y537S,apo,183,0,1,-30.399279652307513,-0.27378282740332605
Y537S,apo,191,3,1,-31.0857964012192,0.0746074138689735
Y537S,apo,39,4,1,-31.191754733008363,0.20926171373315855
Y537S,apo,63,3,1,-30.84248765768084,0.2631372291474161
Y537S,apo,127,4,1,-30.910229037016567,0.10528767202971318
Y537S,apo,172,3,1,-30.518856839071706,-0.2080348479093685
Y537S,apo,153,4,1,-30.977949075902586,0.6123249248310088
Y537S,apo,41,1,1,-30.909616092760547,-0.06432835188397061
Y537S,apo,91,2,1,-29.94788611626108,-0.006061560107630678
Y537S,apo,236,1,1,-30.58433386885141,0.2332433254011114
Y537S,apo,118,3,1,-31.313474702574652,0.16035458550967324
Y537S,apo,196,4,1,-30.539917638613442,0.005891372452670454
Y537S,apo,68,1,1,-30.94505696512054,-0.17854326967131925
Y537S,apo,39,1,1,-31.31677210285666,0.2745378796918356
Y537S,apo,1,1,1,-30.30881219401317,0.2802762837423365
Y537S,apo,64,0,1,-30.732115947194075,0.3365614111431337
Y537S,apo,208,1,1,-31.322130192211706,0.07884132207283495
Y537S,apo,199,0,1,-30.589413240496764,0.013549570571143905
Y537S,apo,35,2,1,-30.489973066878587,0.009181159899970382
Y537S,apo,229,3,1,-30.876039750825168,-0.09337544141541052
Y537S,apo,83,3,1,-30.438157381574705,0.06556159949743892
Y537S,apo,35,4,1,-30.796411018656173,-0.11224590995968135
Y537S,apo,126,4,1,-31.45554051285871,0.33914881397375546
Y537S,apo,176,4,1,-30.889624472503627,-0.1266763658551729
Y537S,apo,75,2,1,-30.832277680311446,-0.16003386118152224
Y537S,apo,141,1,1,-31.075602178282587,0.2844235623610572
Y537S,apo,154,1,1,-30.889390625587943,0.05855899675797074
Y537S,apo,238,4,1,-31.281075964670954,0.3984413048317877
Y537S,apo,196,1,1,-30.827774333553183,0.19166617772668743
Y537S,apo,126,3,1,-30.529465029212147,-0.15579224585389934
Y537S,apo,159,1,1,-30.447915811848688,0.12369642522447571
Y537S,apo,132,2,1,-31.37705492870268,0.5468409081267566
Y537S,apo,126,1,1,-30.35901606895998,0.4747869943595196
Y537S,apo,193,2,1,-30.843420107632944,0.01955502548062377
Y537S,apo,132,1,1,-30.15321723750682,-0.13592907803427856
Y537S,apo,46,4,1,-30.569630623618387,-0.22881394164959562
Y537S,apo,123,1,1,-30.973014081564752,-0.045208908958391844
Y537S,apo,138,3,1,-30.557061237051226,-0.07366371104995108
Y537S,apo,52,4,1,-30.78513977652312,0.3756263655971163
Y537S,apo,164,3,1,-30.306967099010485,0.045954168940145
Y537S,apo,157,1,1,-31.399758939554072,0.4812139052039577
Y537S,apo,214,1,1,-31.266636912241196,0.15117749325040852
Y537S,apo,247,4,1,-30.114671092851577,-0.0849820439918399
Y537S,apo,139,0,1,-30.24197143908093,-0.3327061335481354
Y537S,apo,111,0,1,-30.323528460756705,-0.004215628695211319
Y537S,apo,19,3,1,-30.19356683073813,-0.12539792219505277
Y537S,apo,97,3,1,-31.39993636996806,-0.35800625087253024
Y537S,apo,58,1,1,-30.489586111782195,-0.31933641420397335
Y537S,apo,72,3,1,-30.710446721929866,-0.029868424687741372
Y537S,apo,34,0,1,-29.844784212276313,-0.7821750003570027
Y537S,apo,10,0,1,-30.291877271606538,-0.22260773826821378
Y537S,apo,224,0,1,-30.77602658213257,0.04843989927143417
Y537S,apo,58,3,1,-30.27917857672169,-0.15538875460444482
Y537S,apo,183,1,1,-31.20436767073844,-0.2038912588777077
Y537S,apo,139,1,1,-31.08056074549756,-0.05143602484604431
Y537S,apo,162,3,1,-31.1059756553996,0.05367041134852048
Y537S,apo,62,3,1,-30.563302141064263,0.2074108030064627
Y537S,apo,220,0,1,-30.82882033719216,0.06728589255299637
Y537S,apo,86,1,1,-31.110519133071122,0.04889934335423676
Y537S,apo,244,3,1,-30.97799102983488,-0.06314911163405806
Y537S,apo,176,2,1,-30.42276452117587,-0.029422432380505778
Y537S,apo,154,2,1,-30.86836219779346,-0.017715156849688857
Y537S,apo,248,3,1,-30.439564362548477,0.015296944344006722
Y537S,apo,15,4,1,-30.972332032703488,-0.12703849218532748
Y537S,apo,8,0,1,-30.682800814622265,-0.02868101723504092
Y537S,apo,209,0,1,-30.896237084698463,0.3763834322232695
Y537S,apo,58,0,1,-31.171948118920824,0.4094485736269823
Y537S,apo,119,4,1,-31.031167807902566,0.3205314149733376
Y537S,apo,5,4,1,-31.476971985680702,-0.19734932452555687
Y537S,apo,234,2,1,-30.33263347935435,-0.08299394482760948
Y537S,apo,173,3,1,-31.28055611926711,0.1050754015876071
Y537S,apo,147,2,1,-31.13417254586695,0.6201676134626181
Y537S,apo,100,2,1,-30.432569706884887,-0.28135276767009987
Y537S,apo,181,2,1,-30.95035714684802,0.16242110964724854
Y537S,apo,11,2,1,-31.181312675349893,0.27681044790125037
Y537S,apo,52,1,1,-30.420742575878705,0.3714933942516539
Y537S,apo,63,2,1,-31.002920794467403,0.2998377751642786
Y537S,apo,165,4,1,-30.7204778535729,0.0481477390602918
Y537S,apo,145,0,1,-30.498273323400962,0.552755675482238
Y537S,apo,221,0,1,-31.138594108284032,0.17612041964288308
Y537S,apo,231,3,1,-30.216282239699215,-0.3444490118578498
Y537S,apo,133,4,1,-30.74913741564078,-0.13535650301461324
Y537S,apo,80,4,1,-30.101936932864223,-0.07845524027821044
Y537S,apo,7,1,1,-30.517025976708073,-0.07339843310948817
Y537S,apo,87,3,1,-31.61016560636718,0.3467687676325569
Y537S,apo,81,0,1,-31.266108797573203,0.0004511468772094717
Y537S,apo,51,4,1,-30.393234709455115,0.04778857280515571
Y537S,apo,38,0,1,-30.49818976342016,0.1487141981892143
Y537S,apo,209,2,1,-30.44124078759295,0.06275117218520535
Y537S,apo,220,3,1,-30.61539250940899,-0.137902083249311
Y537S,apo,247,2,1,-30.114353250692318,-0.25719501772162995
Y537S,apo,40,1,1,-30.978212685154762,0.1639765732141716
Y537S,apo,186,0,1,-30.678504362742558,0.6012306679748203
Y537S,apo,248,1,1,-31.633528575384837,0.24521057916403977
Y537S,apo,49,3,1,-30.770057067760277,-0.0997242470625198
Y537S,apo,250,3,1,-30.271100454233405,-0.10608784396184734
Y537S,apo,107,2,1,-31.641130213246566,-0.14994717647863956
Y537S,apo,217,0,1,-30.69121440957293,-0.1282632668531076
Y537S,apo,87,4,1,-31.28079518827297,0.37333663015564555
Y537S,apo,234,0,1,-30.195164787609386,0.23877899108490694
Y537S,apo,135,3,1,-31.972379458014643,0.3818476661795665
Y537S,apo,250,0,1,-31.276679902815733,0.32973945227425366
Y537S,apo,152,2,1,-31.27263158194445,0.4440102015767055
Y537S,apo,122,3,1,-30.976273582584334,-0.13313287511375319
Y537S,apo,11,4,1,-30.80414064990438,-0.11392653484138146
Y537S,apo,20,2,1,-30.627611799651934,0.18593531141418038
Y537S,apo,6,2,1,-30.440513946981138,0.08300416965770355
Y537S,apo,156,2,1,-30.936469901423884,0.023056434273574532
Y537S,apo,124,3,1,-31.99016991788146,0.4270738014982091
Y537S,apo,148,4,1,-31.471069136067296,0.08218796559687969
Y537S,apo,131,1,1,-31.555893307267954,0.3484419428261374
Y537S,apo,242,3,1,-30.631445553658025,-0.2376695288432328
Y537S,apo,107,1,1,-30.635573514719333,-0.19553208804661673
Y537S,apo,235,4,1,-30.885287233855347,0.07194927138985406
Y537S,apo,133,2,1,-31.317902773836863,0.23496552441677612
Y537S,apo,228,0,1,-30.4556196105008,0.16967020150322287
Y537S,apo,154,3,1,-30.833563161453007,0.3248621424308659
Y537S,apo,232,0,1,-30.792588957566597,0.29907270700872
Y537S,apo,193,1,1,-29.993501081135864,0.040679873280073095
Y537S,apo,158,1,1,-30.920019861578876,0.43849680092347104
Y537S,apo,206,0,1,-31.023738735096064,-0.20782906721948324
Y537S,apo,104,4,1,-30.59876581633504,0.2948065613539625
Y537S,apo,17,4,1,-31.45800892134993,0.619663894203724
Y537S,apo,203,3,1,-30.94784164997065,0.21332292519480114
Y537S,apo,167,4,1,-30.89876515088002,-0.2535739665571996
Y537S,apo,179,2,1,-30.08499984376972,-0.36627401953881994
Y537S,apo,4,2,1,-30.236748292214365,-0.07613299231197321
Y537S,apo,216,2,1,-30.525798617237974,-0.2776467992417907
Y537S,apo,203,1,1,-31.347444272359702,-0.029463330889375573
Y537S,apo,36,1,1,-30.66321911830492,0.15713136059506705
Y537S,apo,207,2,1,-30.379441988561652,-0.38906263920890577
Y537S,apo,228,3,1,-31.039297633984642,0.2395619230897039
Y537S,apo,224,1,1,-30.73678758247982,0.3689752695562284
Y537S,apo,16,3,1,-31.63808866323886,0.41744094107936225
Y537S,apo,123,0,1,-31.385934246143528,0.5380616701108285
Y537S,apo,231,4,1,-31.08835140947101,-0.12604005351016406
Y537S,apo,66,4,1,-30.519990960951315,-0.09289125286582728
Y537S,apo,120,0,1,-31.279872437350118,0.05363529816797145
Y537S,apo,161,1,1,-30.710212271926384,-0.1850525755649829
Y537S,apo,127,2,1,-30.264454288907924,0.0330085190778751
Y537S,apo,28,3,1,-30.263353159077383,0.07813030446565704
Y537S,apo,76,2,1,-30.57384458760593,-0.04650666410038545
Y537S,apo,219,4,1,-30.51213516341707,0.49519245452924626
Y537S,apo,221,2,1,-31.216877458165538,0.5648417022269905
Y537S,apo,19,2,1,-30.716488769093797,-0.08588582540546835
Y537S,apo,100,4,1,-30.396177643523394,-0.08088505184836613
Y537S,apo,8,4,1,-30.053633742934974,-0.052227418945161454
Y537S,apo,131,4,1,-32.35369491680516,0.5411890895710927
Y537S,apo,241,1,1,-31.119528941826832,0.07649280425570763
Y537S,apo,63,0,1,-29.87354229302435,-0.025549896215364715
Y537S,apo,12,2,1,-30.09345146319874,-0.2246898870149938
Y537S,apo,97,2,1,-31.01535329277382,0.163812878652693
Y537S,apo,116,3,1,-31.01625130541634,0.2105548672863665
Y537S,apo,9,3,1,-31.161581451449226,0.11991536075683887
Y537S,apo,60,2,1,-31.046202211963045,0.3497136723668794
Y537S,apo,98,3,1,-30.249690192891475,0.09851029518709771
Y537S,apo,17,2,1,-30.850080457238466,-0.3065171159761273
Y537S,apo,115,4,1,-30.673999315168253,0.22427158306309317
Y537S,apo,40,4,1,-29.953936106065008,0.02034081964083012
Y537S,apo,250,1,1,-30.745146841861644,0.1400039205368795
Y537S,apo,27,4,1,-30.345196783936927,-0.20003800100856894
Y537S,apo,247,3,1,-30.300645078254462,0.30484359712948694
Y537S,apo,29,2,1,-31.54252153793873,0.0553975725971912
Y537S,apo,16,0,1,-29.92415260230241,-0.08452295908498551
Y537S,apo,147,1,1,-31.123320420116354,0.49327624025848904
Y537S,apo,82,0,1,-31.295906365933945,0.30620716198581865
Y537S,apo,189,1,1,-30.806505363749782,0.16321479169410494
Y537S,apo,250,4,1,-30.482489812447948,-0.07930447794009222
Y537S,apo,36,4,1,-30.141725273748566,0.06271086326997949
Y537S,apo,196,2,1,-30.771157890539975,-0.023473058911598274
Y537S,apo,96,4,1,-30.57566980579963,0.21512904348189404
Y537S,apo,152,1,1,-31.234725900131423,0.006641001616504675
Y537S,apo,171,1,1,-31.004052304134486,0.7264626349396625
Y537S,apo,86,0,1,-31.29911028349137,0.3274083740865925
Y537S,apo,54,2,1,-30.320350584184094,-0.3428094479585158
Y537S,apo,80,0,1,-30.49059960957449,0.034817111919728944
Y537S,apo,118,4,1,-30.694724724978823,0.22852332353939214
Y537S,apo,13,1,1,-31.275540182543864,0.5407713607912544
Y537S,apo,121,4,1,-30.477823236699876,0.12219427596511187
Y537S,apo,203,0,1,-30.726146983661845,0.09017941075705987
Y537S,apo,183,4,1,-29.901455881734055,-0.41788536207058863
Y537S,apo,73,3,1,-31.545726249807547,-0.10038490407382504
Y537S,apo,84,2,1,-31.252167240835924,0.36735952376415687
Y537S,apo,189,0,1,-30.811199703647745,-0.16753841390139199
Y537S,apo,185,4,1,-31.243287998504034,-0.17054953828304192
Y537S,apo,234,4,1,-30.837193182265167,0.19594965028405054
Y537S,apo,105,0,1,-31.197720378332594,0.4306809786341315
Y537S,apo,67,0,1,-30.580071990389715,0.3156890968482456
Y537S,apo,182,1,1,-30.92063814679401,0.472072165169531
Y537S,apo,61,4,1,-31.338919119996568,0.21512256732994178
Y537S,apo,213,3,1,-29.496031087144022,-0.6016676147708468
Y537S,apo,191,1,1,-29.753684207306563,-0.005732273525212484
Y537S,apo,224,4,1,-30.668840875977352,0.07854747192390304
Y537S,apo,2,3,1,-30.834269043363918,-0.3038087693068884
Y537S,apo,9,1,1,-30.39933438826403,-0.21152492525341926
Y537S,apo,127,3,1,-30.997996787043828,0.3244466673216659
Y537S,apo,4,1,1,-30.555886728865822,0.1300557583939336
Y537S,apo,163,4,1,-30.13422273926226,-0.1064400979178557
Y537S,apo,224,3,1,-31.00524971286093,0.37198229483881107
Y537S,apo,145,3,1,-30.697202218619296,0.2709066379783381
Y537S,apo,153,0,1,-30.7942286068878,-0.0182145027577056
Y537S,apo,178,3,1,-30.863217751872263,0.7837421062127407
Y537S,apo,132,0,1,-30.83980809286561,0.04848148377068202
Y537S,apo,19,0,1,-30.597673487031635,-0.43403885583318613
Y537S,apo,100,1,1,-30.958206546459976,0.30470188510044016
Y537S,apo,161,4,1,-31.12967302804508,-0.09173310161280676
Y537S,apo,156,1,1,-30.631417171020363,-0.3758412396385925
Y537S,apo,42,0,1,-30.174164678519904,-0.01527414434384023
Y537S,apo,28,1,1,-30.648479583190703,0.0077294677862928375
Y537S,apo,177,0,1,-30.611303329499503,0.32788774078029737
Y537S,apo,155,3,1,-31.114944441199142,0.44760542579461765
Y537S,apo,159,3,1,-31.15194670946216,0.09108473745319849
Y537S,apo,223,4,1,-30.47221275267496,0.1728871894699822
Y537S,apo,242,1,1,-30.75877044150581,-0.10796878155725163
Y537S,apo,129,4,1,-31.360101554713818,0.0813774713814113
Y537S,apo,98,2,1,-31.010395044943973,0.3375849973199216
Y537S,apo,120,1,1,-30.23465709811155,-0.14960911811425892
Y537S,apo,221,3,1,-31.231686469386876,0.5065104404206877
Y537S,apo,122,4,1,-30.563534145978892,0.08814925568266539
Y537S,apo,207,1,1,-30.812246383425514,-0.1290651626038143
Y537S,apo,13,2,1,-31.758638054041473,0.49467205847749807
Y537S,apo,246,1,1,-30.780193243703955,-0.23266061778994865
Y537S,apo,96,0,1,-30.524439446192158,-0.32590001349832187
Y537S,apo,158,3,1,-29.555682720191,-0.17939522147597253
Y537S,apo,244,2,1,-32.0218378597044,0.29854342829927566
Y537S,apo,212,1,1,-30.429126636720323,0.046289115715176625
Y537S,apo,72,4,1,-31.163959171605356,-0.27479457850779976
Y537S,apo,195,3,1,-30.939279922923607,-0.18236312513572261
Y537S,apo,162,4,1,-30.395769236865817,-0.15052409386246243
Y537S,apo,126,0,1,-30.750466071161757,-0.036612798435324605
Y537S,apo,54,0,1,-30.20264699125004,-0.15119326955790993
Y537S,apo,32,3,1,-29.79584229489448,-0.7884760985794861
Y537S,apo,64,1,1,-31.057249595332376,0.22771819046272002
Y537S,apo,182,0,1,-31.485567430535518,0.09192924824238549
Y537S,apo,226,0,1,-30.863948417396934,0.09582874530084179
Y537S,apo,148,0,1,-30.993659283515075,-0.014888216137028409
Y537S,apo,182,4,1,-30.066320196413272,-0.42244308722543816
Y537S,apo,102,0,1,-30.481652993116185,-0.21494272049752375
Y537S,apo,44,2,1,-30.87301716441436,0.3145621482125294
Y537S,apo,69,2,1,-30.297950474190184,-0.11573728935803598
Y537S,apo,80,3,1,-30.528723237052937,-0.269308532580749
Y537S,apo,121,2,1,-30.638710283612372,0.03476745583581924
Y537S,apo,139,4,1,-30.83657417784877,-0.03247396826998474
Y537S,apo,66,0,1,-30.907507853003494,0.4983760482741778
Y537S,apo,198,3,1,-30.27396244582558,-0.2976125767788145
Y537S,apo,40,2,1,-31.06874706110714,0.1952190844977889
Y537S,apo,83,4,1,-30.619715502957,-0.4500653855459811
Y537S,apo,104,3,1,-31.085845285289604,0.37887975183886696
Y537S,apo,121,0,1,-30.529405242895685,-0.16737175742384325
Y537S,apo,192,2,1,-30.47993690284083,-0.23749479233312443
Y537S,apo,163,2,1,-31.17119540732824,0.2804256706264886
Y537S,apo,133,1,1,-30.366820605091018,0.09281225232257001
Y537S,apo,169,4,1,-30.50003374761345,0.014433721752189894
Y537S,apo,132,4,1,-30.40355611705876,-0.034913427963501394
Y537S,apo,184,1,1,-30.314789868199664,0.02639563070848509
Y537S,apo,78,4,1,-30.601619853557565,-0.6282116740793638
Y537S,apo,58,4,1,-30.556129903998382,-0.1325214786120528
Y537S,apo,75,0,1,-31.066993559322825,0.6628945313600024
Y537S,apo,100,3,1,-30.80559408486323,-0.48027747148078026
Y537S,apo,192,4,1,-30.86352492252022,0.4239417164700186
Y537S,apo,187,2,1,-29.937413041367588,0.2750911161448252
Y537S,apo,98,1,1,-30.69538240252948,0.2836187519630911
Y537S,apo,141,4,1,-31.127522217756425,0.14389141412080636
Y537S,apo,166,1,1,-30.87165731174634,0.15523500945540486
Y537S,apo,18,2,1,-30.77684632455318,-0.13116214721742914
Y537S,apo,174,4,1,-31.04241193247933,0.26339742713628256
Y537S,apo,236,3,1,-30.368860551412265,-0.29781897258285767
Y537S,apo,84,4,1,-30.216668428879846,-0.34915795506236685
Y537S,apo,236,2,1,-31.22963647861434,0.3966088862356213
Y537S,apo,99,1,1,-30.71858001763632,0.7328874062876567
Y537S,apo,69,4,1,-30.980965261208244,0.23332320120897093
Y537S,apo,158,0,1,-30.37636482142958,0.07892471459402962
Y537S,apo,48,3,1,-30.37848272171174,0.1366301413191253
Y537S,apo,173,0,1,-30.371713633478123,0.33416302146050586
Y537S,apo,246,2,1,-30.626373852146045,-0.1952764992039919
Y537S,apo,74,2,1,-30.64976039874175,0.27197659700709825
Y537S,apo,87,1,1,-29.740377669703552,-0.12284180565262622
Y537S,apo,127,0,1,-30.420280093053048,0.15042569906402423
Y537S,apo,33,2,1,-30.128124413063983,0.30265035765227866
Y537S,apo,221,4,1,-31.550218521843043,0.3569463899553441
Y537S,apo,177,2,1,-30.112546130420537,-0.09490108859347757
Y537S,apo,169,0,1,-30.10110218074424,-0.17825960858799839
Y537S,apo,21,3,1,-31.147028965693284,0.17851324704082458
Y537S,apo,32,2,1,-30.671705071646468,-0.09555805928371036
Y537S,apo,179,4,1,-31.568305684890557,0.2572252801419008
Y537S,apo,214,3,1,-31.1129777660714,0.5598064990070124
Y537S,apo,106,1,1,-29.957966091811144,-0.051245001388779216
Y537S,apo,38,3,1,-31.910683264670197,1.0539487109045664
Y537S,apo,170,4,1,-30.75426965986851,-0.04437941168733346
Y537S,apo,140,3,1,-31.060849073071658,0.015789424243958034
Y537S,apo,103,1,1,-30.0177073333515,0.061601063457007624
Y537S,apo,156,3,1,-30.47736681688807,-0.18144429597897033
Y537S,apo,19,1,1,-30.243453680981503,0.057342701926598384
Y537S,apo,74,1,1,-29.98188968263327,-0.4716824118005699
Y537S,apo,74,4,1,-30.59997664854538,0.07787554309761038
Y537S,apo,15,1,1,-30.81673513077818,0.4504604672652723
Y537S,apo,180,0,1,-30.436325248571986,-0.027483914444620942
Y537S,apo,198,2,1,-29.913250727602083,-0.05206455219213967
Y537S,apo,137,3,1,-30.57280257232925,0.03599080964290989
Y537S,apo,230,4,1,-30.53707126992845,0.19991778867446575
Y537S,apo,76,1,1,-30.04159928254818,-0.3078768276414999
Y537S,apo,13,0,1,-29.20249154514384,-0.4695618123980312
Y537S,apo,34,2,1,-29.65794094008276,-0.4353164605180048
Y537S,apo,130,2,1,-30.281443715738927,-0.4667816087460096
Y537S,apo,99,4,1,-31.17060515140263,0.11041811077017415
Y537S,apo,159,4,1,-30.625407880937477,0.36636709589061844
Y537S,apo,14,0,1,-30.710955694228495,-0.07742752010292869
Y537S,apo,207,0,1,-30.92309913338788,-0.13021094281348403
Y537S,apo,60,0,1,-30.367124200304744,-0.018291930364200164
Y537S,apo,205,2,1,-30.142049284638684,0.009012702958658409
Y537S,apo,145,4,1,-30.139778722215038,0.2928294581416068
Y537S,apo,21,1,1,-30.513272548044622,-0.06760984393343389
Y537S,apo,200,3,1,-32.28330295491612,0.6121713516580505
Y537S,apo,4,4,1,-30.78866398262233,0.16187918797209602
Y537S,apo,66,1,1,-30.47436511410997,-0.03873185777106545
Y537S,apo,235,2,1,-30.092637599205574,0.011783977977397516
Y537S,apo,198,0,1,-30.000415054530542,-0.030034392754435504
Y537S,apo,103,2,1,-30.221600209760503,-0.5003554655517503
Y537S,apo,47,4,1,-30.5232729075094,0.2338711392577619
Y537S,apo,21,0,1,-30.618633247421283,0.18500094059382116
Y537S,apo,137,2,1,-30.413405632357776,-0.1666951211428209
Y537S,apo,10,4,1,-29.60531963511929,-0.7110562313055497
Y537S,apo,16,4,1,-30.158804720475683,0.313519043012704
Y537S,apo,177,3,1,-30.232790591054385,0.02070438191623015
Y537S,apo,52,3,1,-30.935346216567574,0.13440149803000728
Y537S,apo,198,1,1,-31.754181659324654,0.2613169210646053
Y537S,apo,57,0,1,-30.476595773744744,-0.09180162725812137
Y537S,apo,239,0,1,-30.236075345933187,0.18088810751721063
Y537S,apo,1,4,1,-30.941355903800297,0.018136050425639528
Y537S,apo,26,1,1,-30.240008968082073,-0.08391688247505348
Y537S,apo,206,1,1,-31.041121383089745,0.14337780473906617
Y537S,apo,245,0,1,-29.520756076833035,-0.36244056141476755
Y537S,apo,55,0,1,-29.81810246826032,-0.1889678067540024
Y537S,apo,18,4,1,-31.180898164254554,-0.10632882464560928
Y537S,apo,205,1,1,-30.574438559641727,0.35321665541988545
Y537S,apo,148,3,1,-31.072610392625666,0.34670744162636613
Y537S,apo,231,0,1,-30.988037529540488,0.2943489369203277
Y537S,apo,4,3,1,-30.7469479138631,0.4213234287201605
Y537S,apo,227,0,1,-30.53840939209427,-0.31234638338857
Y537S,apo,177,4,1,-31.316090325117422,0.12438392823369117
Y537S,apo,44,0,1,-30.30822628831736,0.1756601741205028
Y537S,apo,50,2,1,-30.299033378745712,-0.27558418113066674
Y537S,apo,179,1,1,-30.48862328216806,0.015668721302773435
Y537S,apo,247,1,1,-30.776745761764438,0.14799197546584095
Y537S,apo,29,1,1,-30.37593587516572,0.3716017089196444
Y537S,apo,60,4,1,-30.557861134975674,-0.0025216274824107618
Y537S,apo,54,3,1,-30.6263742891005,0.22384764632342527
Y537S,apo,138,2,1,-30.277044425682863,-0.18442183212502058
Y537S,apo,220,4,1,-30.88781805973435,-0.04224608874571792
Y537S,apo,180,1,1,-30.981833426929743,0.3257720496782148
Y537S,apo,217,4,1,-30.139701787279773,-0.30525032387474693
Y537S,apo,83,1,1,-30.936360877389244,0.4345760857796516
Y537S,apo,99,2,1,-30.29790533127112,-0.23160085562872998
Y537S,apo,34,1,1,-31.224976191229228,0.26917258634263663
Y537S,apo,141,0,1,-30.922227171714173,-0.45715550004676053
Y537S,apo,36,2,1,-30.59206612865682,-0.052390239736527726
Y537S,apo,87,2,1,-30.198050265963623,-0.32312537377876976
Y537S,apo,161,3,1,-31.317092185064784,0.2111745270233773
Y537S,apo,68,0,1,-30.283109192429013,-0.01253359565818324
Y537S,apo,133,0,1,-30.57976772023617,-0.6286737677766334
Y537S,apo,184,3,1,-30.815495280843052,0.22118899230090822
Y537S,apo,104,0,1,-30.71103656418445,0.40538986880288175
Y537S,apo,85,2,1,-30.496471044559,-0.2899856432481737
Y537S,apo,232,1,1,-30.711416180252623,0.3171413028699716
Y537S,apo,235,3,1,-30.800770517380823,0.12310256928880432
Y537S,apo,169,2,1,-29.97511271909219,0.02154136459885484
Y537S,apo,173,2,1,-30.78635980015297,0.3535969421167092
Y537S,apo,225,0,1,-31.765553919233334,0.41678213472318526
Y537S,apo,49,1,1,-31.37925761342495,0.6774057177903184
Y537S,apo,140,4,1,-30.64775784992536,0.14910976157100594
Y537S,apo,98,4,1,-30.293598109112747,-0.10043777617134554
Y537S,apo,95,4,1,-30.177350574674794,-0.29669049751984644
Y537S,apo,92,2,1,-30.453333585321634,-0.05290590414604767
Y537S,apo,194,1,1,-31.092489396593464,0.08860301766356089
Y537S,apo,4,0,1,-30.389934118707487,-0.014417334165458604
Y537S,apo,186,4,1,-31.011276622399812,0.23139606382593705
Y537S,apo,52,2,1,-30.05007067548152,-0.2582811547541304
Y537S,apo,57,2,1,-29.83811257812274,-0.6390274043520353
Y537S,apo,84,3,1,-31.03532529579559,0.18086913071667154
Y537S,apo,52,0,1,-30.82743032230278,0.28259377587330975
Y537S,apo,186,1,1,-30.175708639657707,-0.5149658854623276
Y537S,apo,125,4,1,-31.68352359496718,0.46216925438480394
Y537S,apo,161,2,1,-31.203752636002754,0.11877828901327546
Y537S,apo,223,0,1,-31.012429639860837,-0.14534859312381188
Y537S,apo,166,3,1,-30.531746228132636,0.4263434032328461
Y537S,apo,74,0,1,-31.78431229752505,0.5656118084519659
Y537S,apo,118,1,1,-31.090996503498143,0.11006761996013943
Y537S,apo,103,0,1,-30.280717135273,-0.43315571339957215
Y537S,apo,206,2,1,-30.519860048065674,-0.34966134242433555
Y537S,apo,31,3,1,-30.494235384886597,0.0683621291133982
Y537S,apo,134,1,1,-30.272465468002853,-0.0023356311103998554
Y537S,apo,152,4,1,-31.59106135919592,0.8530886793731554
Y537S,apo,134,3,1,-30.038918596680766,0.018887260376404123
Y537S,apo,191,0,1,-31.22276203294414,0.07417268853621098
Y537S,apo,3,3,1,-31.264013191313957,0.27807916459005555
Y537S,apo,79,2,1,-30.840142834964514,0.18028353145834908
Y537S,apo,45,3,1,-29.957400986001616,0.02107099887739186
Y537S,apo,77,2,1,-30.31398731024504,-0.24730202310120245
Y537S,apo,48,2,1,-30.651075877895035,-0.03222898611763784
Y537S,apo,13,4,1,-31.23285601581788,0.0543399696491866
Y537S,apo,129,3,1,-30.110465859757838,0.23121860674674935
Y537S,apo,40,0,1,-30.467530820750834,-0.03341314154044243
Y537S,apo,232,4,1,-30.53194988058904,-0.168229634243228
Y537S,apo,174,0,1,-30.349652588030505,-0.497348011508483
Y537S,apo,105,4,1,-31.176863073221877,0.3284399889901859
Y537S,apo,69,3,1,-30.962462777310336,0.0861584477766326
Y537S,apo,206,4,1,-31.043239892889204,-0.010458999304226252
Y537S,apo,232,3,1,-30.039315816784864,0.19067501680390309
Y537S,apo,164,2,1,-29.882359307021844,-0.061053037340018705
Y537S,apo,194,4,1,-31.162438725299683,0.46342188924155836
Y537S,apo,80,1,1,-30.770384692045603,0.09632128886609
Y537S,apo,200,2,1,-30.17892310559959,-0.19254077153116983
Y537S,apo,129,2,1,-30.416393451084065,-0.2603067889484782
Y537S,apo,109,0,1,-29.987636633290627,-0.4156620434679246
Y537S,apo,218,4,1,-30.96292048990863,0.28420571540802503
Y537S,apo,139,3,1,-30.094446402520635,-0.1633601353124762
Y537S,apo,49,4,1,-30.294087893211582,-0.35611728826878797
Y537S,apo,194,0,1,-31.26682095556663,0.5069694940509439
Y537S,apo,143,4,1,-30.454525957968748,0.17880108695105665
Y537S,apo,122,1,1,-31.70970628010345,0.42497277298282726
Y537S,apo,210,1,1,-31.058290101620077,0.07114469006848007
Y537S,apo,5,3,1,-31.58383411131937,0.2647853677159533
Y537S,apo,83,2,1,-30.900658270618617,0.053469885876429216
Y537S,apo,113,4,1,-31.24875504802036,1.1111406323305826
Y537S,apo,6,1,1,-31.124685698461434,0.2349163829164157
Y537S,apo,14,1,1,-31.166985184436307,0.30065685143657156
Y537S,apo,162,0,1,-30.319715855425216,0.17679835153094764
Y537S,apo,210,2,1,-30.677947869741253,-0.2905495513744925
Y537S,apo,180,3,1,-30.926686316483305,-0.26848724264796986
Y537S,apo,46,3,1,-31.288157312162834,0.10927645621540584
Y537S,apo,19,4,1,-31.065006174271556,0.20635387154665646
Y537S,apo,238,0,1,-30.54075176037709,0.21332729570743264
Y537S,apo,40,3,1,-31.138061115427895,0.11009395154961547
Y537S,apo,136,4,1,-30.538468002120144,-0.13488410916784774
Y537S,apo,14,3,1,-30.835831709793478,-0.16960709340768962
Y537S,apo,88,1,1,-30.45002834659323,-0.18471467318284743
Y537S,apo,218,1,1,-31.29444427370492,0.6155371059270655
Y537S,apo,111,2,1,-31.283881136901307,0.1755493945072572
Y537S,apo,210,0,1,-31.071832089135302,0.40327845226971276
Y537S,apo,242,4,-1,-2.173912854370733,-0.18856719108220088
Y537S,apo,91,0,1,-31.54661238164059,0.06905267890104053
Y537S,apo,178,4,1,-30.863868164101046,0.08567207539361556
Y537S,apo,122,2,1,-29.882003828482784,-0.33974661482155866
Y537S,apo,225,1,1,-30.51818345208262,0.461362174449244
Y537S,apo,67,3,1,-31.21231857470447,0.012252027352088081
Y537S,apo,113,2,1,-30.476105898186173,0.06486064267596427
Y537S,apo,210,3,1,-31.254928615659136,0.2156012061217833
Y537S,apo,174,1,1,-30.31669492729684,0.18802050652792532
Y537S,apo,118,2,1,-30.230178490886818,-0.4710122503891248
Y537S,apo,222,1,1,-31.79701804909987,0.3492620147705273
Y537S,apo,84,0,1,-30.761050043109865,-0.1523955626989933
Y537S,apo,136,1,1,-31.374299989920743,0.17595853051657137
Y537S,apo,119,1,1,-30.29540890439784,0.34989470402767797
Y537S,apo,92,0,1,-30.158877174335178,-0.21454953157656229
Y537S,apo,211,3,1,-30.383385789450152,0.20434402211278258
Y537S,apo,218,3,1,-30.40792675895635,-0.07798253372333346
Y537S,apo,230,1,1,-31.07096473460826,0.21372979330544575
Y537S,apo,147,0,1,-30.60342159625767,-0.5233007147946026
Y537S,apo,243,3,1,-31.435053621316243,0.23570836299453643
Y537S,apo,70,2,1,-30.739151904668894,0.14361681934149367
Y537S,apo,29,3,1,-29.321543686586075,-0.5353772577528076
Y537S,apo,221,1,1,-30.132238937210595,-0.5638505021301708
Y537S,apo,42,2,1,-30.258060906444385,-0.14299328443596065
Y537S,apo,190,0,1,-30.29635140900203,-0.17784742617328497
Y537S,apo,83,0,1,-30.52204980655665,-0.155057066591604
Y537S,apo,135,2,1,-30.597983765572458,0.005479322892090696
Y537S,apo,22,4,1,-31.0293916779809,0.17155129217951615
Y537S,apo,155,2,1,-30.823208664180708,-0.25584731709907815
Y537S,apo,214,2,1,-30.485243307590675,-0.13289752232740626
Y537S,apo,204,3,1,-30.677375136040073,-0.1688012479539669
Y537S,apo,145,2,1,-30.474304777840945,0.08345485615429238
Y537S,apo,131,2,1,-30.94159895586154,0.43648449127463046
Y537S,apo,165,0,1,-30.98567358737805,0.4474213670169637
Y537S,apo,108,4,1,-30.376997005204338,0.10262100446860715
Y537S,apo,238,1,1,-30.851062285608833,0.2621837188420523
Y537S,apo,242,0,1,-30.443863500658043,0.03659428097808578
Y537S,apo,208,2,1,-31.513327404336945,0.29269028050474916
Y537S,apo,214,4,1,-30.567857123087464,-0.18716294610854434
Y537S,apo,223,2,1,-30.044081912094352,-0.08831922974304125
Y537S,apo,109,2,1,-30.533465487046062,-0.4598953684944589
Y537S,apo,249,3,1,-31.296195859358715,0.32251190396744756
Y537S,apo,144,3,1,-31.34842443365058,-0.08504098801744714
Y537S,apo,230,0,1,-30.148691258892548,-0.19352236678097642
Y537S,apo,93,2,1,-30.654415124810313,0.013401574699692501
Y537S,apo,183,3,1,-29.861859013622336,-0.46479186219017643
Y537S,apo,241,3,1,-31.48994452317837,0.11886878585423022
Y537S,apo,180,4,1,-30.400074332417493,-0.020907904494701
Y537S,apo,33,4,1,-32.03928412216424,0.20918868492062287
Y537S,apo,189,3,1,-30.92212554612457,0.21898950200585568
Y537S,apo,76,0,1,-30.951438657055615,0.21064093961843475
Y537S,apo,54,4,1,-30.879881293158927,-0.11657869865709737
Y537S,apo,9,4,1,-30.759720951316478,0.08267918454467278
Y537S,apo,235,1,1,-30.798797696846535,-0.6482602174730835
Y537S,apo,9,0,1,-30.99573043119083,-0.15317303922555375
Y537S,apo,25,2,1,-30.24286747608383,-0.438178041530056
Y537S,apo,16,1,1,-30.98283850385693,0.2621265915586054
Y537S,apo,94,1,1,-30.695810147832198,-0.14465124583913821
Y537S,apo,241,4,1,-30.184287625369564,-0.32280995067700496
Y537S,apo,55,4,1,-31.246411446571205,0.39593273159148684
Y537S,apo,47,0,1,-30.92455426626596,0.27886813217588474
Y537S,apo,192,3,1,-30.66427096073068,0.15118642628282528
Y537S,apo,146,4,1,-30.664753913466107,0.3034163986512144
Y537S,apo,174,2,1,-31.18768261674873,0.4062785266889346
Y537S,apo,8,3,1,-30.484610257664926,0.07946901456152987
Y537S,apo,194,3,1,-29.983817652711796,-0.0737934239560247
Y537S,apo,59,0,1,-30.970463429398055,0.1494499460555969
Y537S,apo,31,4,1,-30.40026796081528,-0.10285487461667797
Y537S,apo,127,1,1,-31.3747832662791,-0.11475858434929535
Y537S,apo,42,1,1,-31.030121867690497,0.48305202014856874
Y537S,apo,103,3,1,-29.51127754209268,0.044934266539066875
Y537S,apo,68,4,1,-30.89166007954753,0.19540994627364733
Y537S,apo,109,1,1,-30.275473257338476,-0.17355676929246952
Y537S,apo,231,1,1,-29.79170948078228,0.12565299103153024
Y537S,apo,152,0,1,-30.085536328172747,-0.2362363700730571
Y537S,apo,214,0,1,-30.704039065759137,0.013180578929723387
Y537S,apo,196,3,1,-31.617991367999853,0.855479651451581
Y537S,apo,169,1,1,-30.595672775223846,0.0023750517712634546
Y537S,apo,191,2,1,-30.74062368011442,-0.24229949532951517
Y537S,apo,234,3,1,-31.70511956535583,0.21594323165281357
Y537S,apo,79,3,1,-31.341850302365863,0.3139183623124262
Y537S,apo,62,2,1,-31.068914265228987,-0.3598124172002209
Y537S,apo,195,1,1,-30.527442883382975,-0.1578829119932691
Y537S,apo,166,0,1,-30.912465797117388,-0.24749757405398815
Y537S,apo,153,2,1,-30.418429615738702,-0.2267926968099878
Y537S,apo,232,2,1,-30.47110864667411,0.2609369385854195
Y537S,apo,227,2,1,-30.188073792352316,0.24563854145174147
Y537S,apo,107,0,1,-30.233708898932576,0.17507982533851796
Y537S,apo,248,2,1,-30.713693465057293,0.30888272788173055
Y537S,apo,122,0,1,-31.030694723799453,0.1541558997488874
Y537S,apo,164,4,1,-30.647099327531844,0.1514780486342756
Y537S,apo,200,4,1,-30.259151934164137,-0.041756600787466354
Y537S,apo,85,0,1,-30.228123533788384,-0.10283867129762507
Y537S,apo,63,4,1,-30.429664666637297,0.4505634982216906
Y537S,apo,243,0,1,-30.95099276506665,0.1537321748449896
Y537S,apo,240,2,1,-30.259685837623117,0.17116851147628126
Y537S,apo,27,2,1,-30.517874871250804,0.16142454911373513
Y537S,apo,226,1,1,-31.159848827683856,0.28513631215075574
Y537S,apo,130,1,1,-30.845121705902528,-0.14874704552805998
Y537S,apo,249,2,1,-30.223471159743315,0.174467834121644
Y537S,apo,66,2,1,-30.59244606680996,-0.16969629210464904
Y537S,apo,102,3,1,-30.968237423737932,0.3664019080560403
Y537S,apo,29,4,1,-31.500459784995662,0.14723851362745918
Y537S,apo,243,2,1,-31.041366720233615,0.28453070133354624
Y537S,apo,215,2,1,-31.055513892782884,0.29516332199862866
Y537S,apo,120,2,1,-30.201928899777705,-0.38749569571932374
Y537S,apo,37,2,1,-29.48015496750793,-0.4511896320543619
Y537S,apo,223,1,1,-30.89095085056413,-0.0447529677336459
Y537S,apo,237,1,1,-30.095590876089904,-0.28215290276859034
Y537S,apo,97,0,1,-29.741156461685673,-0.012767748498494148
Y537S,apo,60,3,1,-30.49249832872816,-0.25552803988535117
Y537S,apo,170,2,1,-30.995884170765212,0.3997749933820007
Y537S,apo,146,1,1,-31.30037506933778,0.22541942863478653
Y537S,apo,94,3,1,-31.218610152491785,-0.014388612760557954
Y537S,apo,246,4,1,-31.217174225772162,0.03213762483672011
Y537S,apo,78,3,1,-29.90010842263488,0.0436166578457867
Y537S,apo,91,1,1,-30.114226519735418,-0.17258507717861094
Y537S,apo,76,4,1,-30.408033409321543,-0.44308342167298137
Y537S,apo,156,0,1,-30.834539363295484,0.16386194890528116
Y537S,apo,248,4,1,-30.943992211842687,-0.10463793491280604
Y537S,apo,44,3,1,-30.56270456862349,-0.24732743239938357
Y537S,apo,201,4,1,-30.6422990027682,0.09108347193426075
Y537S,apo,177,1,1,-30.557007999539117,0.1381066626249187
Y537S,apo,243,1,1,-31.072539067875713,-0.007458783440265231
Y537S,apo,15,3,1,-29.67789010186721,-0.3493135750597162
Y537S,apo,173,1,1,-30.610556052669363,0.525522707801616
Y537S,apo,182,2,1,-30.440229860680088,-0.2497714833924324
Y537S,apo,87,0,1,-30.214125948928363,0.020218658724074294
Y537S,apo,230,2,1,-31.645231853538668,0.6555610272365617
Y537S,apo,112,2,1,-30.737624785287206,0.13010640105895793
Y537S,apo,181,3,1,-30.83920101699548,0.12903093863549697
Y537S,apo,92,3,1,-30.42888009954298,-0.061220333515741396
Y537S,apo,123,4,1,-30.59113241011313,0.08360642787251757
Y537S,apo,212,0,1,-30.318333101197705,0.48836736799503255
Y537S,apo,170,3,1,-30.610418186578592,-0.018813085085182816
Y537S,apo,111,1,1,-31.269485344350304,0.399481877845651
Y537S,apo,107,4,1,-31.133884420779584,0.2166913684517319
Y537S,apo,62,4,1,-29.899918774210455,-0.3040651740843848
Y537S,apo,220,2,1,-30.22587640009562,-0.1457021771309992
Y537S,apo,170,0,1,-30.587358151679968,0.05960003737409953
Y537S,apo,238,3,1,-31.11777740396978,0.5557625407696151
Y537S,apo,151,2,1,-30.45617857516078,-0.19843626547691315
Y537S,apo,208,3,1,-30.262398254996153,-0.3858344550255126
Y537S,apo,246,0,1,-30.85358670838419,-0.16627328541602582
Y537S,apo,244,4,1,-29.932624919465386,0.20241185857561178
Y537S,apo,188,4,1,-30.50422703198041,-0.13928329956855404
Y537S,apo,8,1,1,-30.428125946571342,0.02915878591694714
Y537S,apo,53,3,1,-30.438105122985714,-0.2306004870209671
Y537S,apo,202,3,1,-31.194418268966167,0.21737742008375904
Y537S,apo,223,3,1,-29.49073804727838,-0.010028017622984541
Y537S,apo,211,2,1,-30.769669016758236,-0.02390489976274123
Y537S,apo,227,1,1,-30.851582623395345,-0.33767479426707453
Y537S,apo,148,2,1,-30.74001837497091,-0.1681222165841601
Y537S,apo,141,2,1,-29.975870097957465,0.4604908293373665
Y537S,apo,162,1,1,-31.708299591094455,0.37374030422650734
Y537S,apo,76,3,1,-29.59840023795937,-0.5529732997589272
Y537S,apo,161,0,1,-31.501943638820894,0.5611173718955206
Y537S,apo,2,4,1,-30.914624144553166,-0.30988058201609375
Y537S,apo,82,2,1,-31.45215683116376,0.17827492131967554
Y537S,apo,108,0,1,-30.755310334996235,-0.026626055108551618
Y537S,apo,117,0,1,-31.727158903749938,0.35366389237854773
Y537S,apo,188,0,1,-29.91660930590199,-0.2963706599095798
Y537S,apo,25,0,1,-31.17774493966177,-0.03863533354596797
Y537S,apo,175,4,1,-29.862894139457968,-0.442864052765222
Y537S,apo,46,0,1,-30.891923765642126,0.24177049576388152
Y537S,apo,201,3,1,-30.687878743575762,-0.16304856813904764
Y537S,apo,149,0,1,-30.523866181105717,-0.34718454833065454
Y537S,apo,193,4,1,-30.633263399413202,0.230099747501127
Y537S,apo,18,1,1,-30.91096932182616,0.14167652199754188
Y537S,apo,92,4,1,-31.245177108944784,-0.271300415933882
Y537S,apo,73,1,1,-30.827603005169724,0.14450682298406534
Y537S,apo,33,1,1,-31.328835374253476,0.5938231765752758
Y537S,apo,156,4,1,-30.898981305524956,0.27459748528253886
Y537S,apo,71,1,1,-31.29824633757244,0.26356473968850025
Y537S,apo,187,0,1,-30.388661249570383,-0.0034041895971293123
Y537S,apo,32,0,1,-30.964460906418218,0.150092998223891
Y537S,apo,99,3,1,-30.183038507184204,-0.2601358120861775
Y537S,apo,207,3,1,-31.022064753908136,0.33016094146064656
Y537S,apo,217,2,1,-29.623039425567985,-0.864784765528882
Y537S,apo,204,4,1,-30.473625116286296,-0.1689754957885727
Y537S,apo,30,2,1,-31.148114794089814,0.34260389664321633
Y537S,apo,134,2,1,-31.104385014016028,0.36605824794598035
Y537S,apo,154,0,1,-31.157275466640435,-0.05328159545320116
Y537S,apo,225,3,1,-31.253735972774578,0.5136946278183964
Y537S,apo,91,3,1,-31.01856909500488,0.724331582530955
Y537S,apo,248,0,1,-31.678784579658906,0.463181929153283
Y537S,apo,96,2,1,-30.269400771910192,-0.017879138687756188
Y537S,apo,178,1,1,-30.55837927160002,-0.020358248938494358
Y537S,apo,195,0,1,-31.23936143603372,0.4424494767144196
Y537S,apo,108,2,1,-30.81336446511895,0.16105852437968932
Y537S,apo,136,3,1,-30.17511460414884,-0.2196426794995539
Y537S,apo,48,1,1,-29.798710672628925,-0.137950812962974
Y537S,apo,243,4,1,-30.399471938579417,-0.1936385229706168
Y537S,apo,2,2,1,-30.30521377728487,-0.41083947539951127
Y537S,apo,92,1,1,-30.255449418072384,-0.04347001148517661
Y537S,apo,149,1,1,-31.06109603289915,0.4668849273604583
Y537S,apo,29,0,1,-30.387317173409986,-0.136242112755775
Y537S,apo,167,2,1,-30.529701455943222,-0.0425520739152522
Y537S,apo,200,0,1,-30.8879303097054,-0.03937572380412061
Y537S,apo,78,2,1,-31.068285247865344,0.35265043836315324
Y537S,apo,190,2,1,-31.037341315063625,0.3536113105062793
Y537S,apo,67,2,1,-30.787823266169095,-0.020290966195498875
Y537S,apo,172,1,1,-30.690377818282073,0.2866323296639243
Y537S,apo,135,4,1,-30.854714373533405,0.15733921007288507
Y537S,apo,69,0,1,-31.49097650498205,0.4492392145763393
Y537S,apo,61,0,1,-31.463957013093253,0.25831790449851827
Y537S,apo,69,1,1,-30.9311674235344,0.5945292481400067
Y537S,apo,187,3,1,-29.63258320242228,-0.35359475485711667
Y537S,apo,170,1,1,-31.138237183488734,0.17000113174652157
Y537S,apo,34,4,1,-30.761127131170927,0.383798517841755
Y537S,apo,168,0,1,-30.595129644085656,-0.022839786943775888
Y537S,apo,67,1,1,-30.93505113445329,0.08013995943040311
Y537S,apo,49,2,1,-29.94681702024654,-0.36864747611071264
Y537S,apo,72,1,1,-31.148127079954754,0.05181944219087962
Y537S,apo,229,1,1,-30.441443676261986,-0.4289083094360436
Y537S,apo,53,2,1,-30.612806988746105,0.013536773569207705
Y537S,apo,184,4,1,-30.646172311468217,-0.4072151191028677
Y537S,apo,174,3,1,-30.447281887263983,0.16383959195425654
Y537S,apo,88,3,1,-30.5792478921586,-0.1322963406740616
Y537S,apo,242,2,1,-29.70154771043745,-0.5988936124804095
Y537S,apo,90,3,1,-30.10890529530849,-0.6344508768855196
Y537S,apo,241,2,1,-30.326364297098305,-0.05766219516841258
Y537S,apo,189,2,1,-30.58216276970047,0.17782155093846339
Y537S,apo,106,4,1,-30.100431138468515,-0.16203037195627723
Y537S,apo,74,3,1,-30.605954791967704,0.17784605733700845
Y537S,apo,180,2,1,-30.298154210841684,-0.25950264225654457
Y537S,apo,219,2,1,-31.71396106936062,0.416516125515137
Y537S,apo,22,1,1,-31.185597003210084,0.19129562650855003
Y537S,apo,149,4,1,-31.719049711010772,0.40485391891882916
Y537S,apo,181,1,1,-31.348159386909604,0.38674042851163276
Y537S,apo,164,1,1,-29.94518075039868,-0.11280205730554634
Y537S,apo,81,2,1,-30.125774703274416,0.16185430617114646
Y537S,apo,183,2,1,-29.97777575916215,-0.49678401206585515
Y537S,apo,39,2,1,-30.771207385541498,0.09451554474831954
Y537S,apo,71,4,1,-30.709450527158324,-0.11743973108956172
Y537S,apo,57,1,1,-30.37758966494123,-0.05791850091048477
Y537S,apo,129,1,1,-30.619057866453215,0.31956458853570546
Y537S,apo,109,3,1,-30.871725140240233,0.1317913048669026
Y537S,apo,240,1,1,-31.207927811387847,0.49420586696142976
Y537S,apo,117,1,1,-30.4359448224162,-0.12836701155580066
Y537S,apo,42,4,1,-30.107634016686145,-0.06297665869271021
Y537S,apo,32,1,1,-31.004295921435435,0.1566344171627962
Y537S,apo,226,4,1,-31.19566384304994,0.21508422476240463
Y537S,apo,217,3,1,-30.429724093658752,-0.33655286416778984
Y537S,apo,236,4,1,-31.338816503272085,-0.10508261838594306
Y537S,apo,202,1,1,-30.4793453542454,0.08564021440648648
Y537S,apo,169,3,1,-30.949893578534084,0.04138146432386851
Y537S,apo,12,3,1,-30.55602903794025,-0.19754452173638884
Y537S,apo,233,4,1,-29.58048144722114,-0.663488669415928
Y537S,apo,46,1,1,-30.508282280121975,-0.09709729232730148
Y537S,apo,53,0,1,-30.05207181824319,-0.1373710244461472
Y537S,apo,178,2,1,-30.864757449236738,-0.280932020643642
Y537S,apo,12,1,1,-30.501724386973912,0.07742194830734961
Y537S,apo,15,2,1,-30.505616783966364,-0.5098852148376565
Y537S,apo,234,1,1,-30.358506059886,-0.1777363909534855
Y537S,apo,68,3,1,-31.009183235629948,0.27168824111985745
Y537S,apo,73,0,1,-30.318537191550494,-0.24077304134829455
Y537S,apo,194,2,1,-30.96389224063856,0.2760547393224266
Y537S,apo,99,0,1,-30.30328987962532,0.0731697064189322
Y537S,apo,222,4,1,-29.947423648069336,-0.536801792399925
Y537S,apo,179,3,1,-29.548257080172416,-0.25594161926085235
Y537S,apo,179,0,1,-30.857939785977052,0.14049303752433343
Y537S,apo,116,1,1,-30.555229842556155,0.12574502891216402
Y537S,apo,112,0,1,-30.872029535591874,-0.1208602510954646
Y537S,apo,79,4,1,-30.764737165620094,0.0061109190301100475
Y537S,apo,217,1,1,-30.736698399355852,0.10728568194538296
Y537S,apo,111,3,1,-30.566562175397053,0.08189713382681355
Y537S,apo,71,3,1,-30.210531931149337,0.6207251646075749
Y537S,apo,219,0,1,-30.326403106524925,-0.01884922071118207
Y537S,apo,47,2,1,-30.42824678603375,-0.2757929519157784
Y537S,apo,75,3,1,-30.580046234985133,0.11012873091229988
Y537S,apo,34,3,1,-30.506874520629324,-0.3714170906325241
Y537S,apo,157,3,1,-30.639929297946182,0.3409943032430759
Y537S,apo,158,4,1,-30.70294037141483,-0.10772454819988125
Y537S,apo,27,3,1,-31.049213637956086,0.4404960382101169
Y537S,apo,207,4,1,-31.156623611220912,0.06321495087704318
Y537S,apo,57,3,1,-30.51636567584088,-0.05351097533933003
Y537S,apo,200,1,1,-31.353398534318885,0.6018034551522168
Y537S,apo,184,0,1,-31.19214219311962,-0.09514813192966746
Y537S,apo,124,0,1,-30.742708299690683,0.032447244409421365
Y537S,apo,9,2,1,-30.526169098767205,0.0037875187503130193
Y537S,apo,94,2,1,-30.86287251499294,-0.03813566714681533
Y537S,apo,28,2,1,-30.137946719399658,0.04049377299720242
Y537S,apo,157,0,1,-29.851505881129164,-0.33416812880621877
Y537S,apo,101,1,1,-30.485429615804446,0.5874683129672105
Y537S,apo,233,3,1,-30.715815426420452,0.11622472017060209
Y537S,apo,33,3,1,-30.889686023971123,0.15352733646636732
Y537S,apo,168,1,1,-30.697152246599718,-0.6433241847980438
Y537S,apo,41,0,1,-30.7558373272213,0.3477330609239535
Y537S,apo,197,1,1,-31.34266139507551,-0.12362994883789531
Y537S,apo,226,3,1,-30.347202008344745,0.022408501874558277
Y537S,apo,18,0,1,-30.978104872519456,0.04946111634710687
Y537S,apo,222,2,1,-30.744529760428023,-0.1480718832855106
Y537S,apo,18,3,1,-30.670056595471888,0.2162425741934403
Y537S,apo,46,2,1,-30.676241215993095,-0.2589198622846944
Y537S,apo,88,0,1,-30.376148526094717,-0.08417261176143628
Y537S,apo,230,3,1,-30.30981623635984,-0.0488276807224922
Y537S,apo,109,4,1,-31.035127693284025,0.08929777320776537
Y537S,apo,61,1,1,-30.867437842982564,0.27997433465129284
Y537S,apo,57,4,1,-30.054725356355725,-0.1877104092161461
Y537S,apo,212,4,1,-30.816462789644625,-0.2822254775011387
Y537S,apo,202,0,1,-29.597624111082077,-0.2158460690168065
Y537S,apo,61,3,1,-30.69985735897596,0.32504650325029866
Y537S,apo,143,3,1,-31.06025758304321,-0.01374848516247585
Y537S,apo,102,4,1,-29.706411470215187,-0.8293575445875345
Y537S,apo,249,1,1,-30.382799640987653,-0.31834063327840834
Y537S,apo,70,4,1,-30.80037311593555,0.030220886241523
Y537S,apo,27,0,1,-30.770954891756578,0.2690956206635596
Y537S,apo,110,3,1,-30.83608275530853,0.5910779086539434
Y537S,apo,205,3,1,-30.96295081480252,0.1251226068270571
Y537S,apo,38,2,1,-30.056625048523966,-0.008176287469186388
Y537S,apo,15,0,1,-30.95296796155271,0.1286839494873409
Y537S,apo,12,4,1,-31.16644899984011,0.4351601905022365
Y537S,apo,144,0,1,-30.810017232690278,-0.19320513503000736
Y537S,apo,124,1,1,-31.4143703311277,0.11178692746486055
Y537S,apo,151,4,1,-31.421672338572414,0.3840508648288542
Y537S,apo,1,0,1,-30.692409054006035,-0.48346308887671696
Y537S,apo,114,1,1,-30.78199219468664,0.26587630306586446
Y537S,apo,70,1,1,-31.414044315181027,0.410111328168905
Y537S,apo,105,2,1,-29.475554749139366,-0.4041576284804755
Y537S,apo,237,2,1,-31.011062487427985,-0.18469056042066387
Y537S,apo,204,2,1,-31.03475623056264,-0.16472201270058134
Y537S,apo,77,1,1,-30.771829399587755,0.3968195546965015
Y537S,apo,84,1,1,-30.19367993115735,-0.22091123566802712
Y537S,apo,89,0,1,-30.73257995695144,0.15431593132568217
Y537S,apo,226,2,1,-30.622165530199094,0.23455340842336664
Y537S,apo,33,0,1,-30.613150756567766,-0.12310741343076338
Y537S,apo,101,4,1,-30.9929834774311,0.016262164166513667
Y537S,apo,111,4,1,-30.289711232611026,0.006478643183374924
Y537S,apo,6,3,1,-30.19510252066909,-0.29232383935899564
Y537S,apo,208,4,1,-30.576158879905414,0.6332332795220877
Y537S,apo,116,4,1,-30.677085329012055,-0.12188823346233688
Y537S,apo,37,3,1,-29.96590001749873,-0.48202260495068694
Y537S,apo,131,3,1,-30.700920420096768,-0.048433107343386995
Y537S,apo,233,1,1,-30.62110923930614,-0.03778660469167182
Y537S,apo,85,1,1,-30.4875049623818,-0.2796752053537588
Y537S,apo,61,2,1,-31.3018588516565,0.13581738416733252
Y537S,apo,215,3,1,-30.46248203583831,-0.1514315106793617
Y537S,apo,14,4,1,-30.150612986429856,-0.15618194372505873
Y537S,apo,117,2,1,-30.61792403615316,-0.3506516584529896
Y537S,apo,86,2,1,-30.371715702479626,0.04883388664686312
Y537S,apo,137,4,1,-30.45096626291667,0.012895164816224484
Y537S,apo,108,1,1,-30.99812952414022,0.09393803987649789
Y537S,apo,140,0,1,-31.127079192257767,0.3224324927698787
Y537S,apo,71,0,1,-30.77491260366209,0.41388349132058655
Y537S,apo,118,0,1,-30.0160246682521,-0.40298239484560044
Y537S,apo,43,0,1,-31.033548593366937,0.3606347453409778
Y537S,apo,120,3,1,-30.690112011729894,-0.07782271269570429
Y537S,apo,184,2,1,-29.960868079499207,-0.36937842441795216
Y537S,apo,22,2,1,-31.98280201533132,0.42358119946465156
Y537S,apo,225,4,1,-31.338223677697894,0.27097153100036103
Y537S,apo,188,1,1,-30.44478380392391,0.1300670216532284
Y537S,apo,237,4,1,-30.51832005683677,0.003196104447787997
Y537S,apo,21,2,1,-31.644588256031263,0.7891239728257702
Y537S,apo,160,4,1,-30.781748748712566,-0.3490558132056251
Y537S,apo,244,1,1,-30.867744311861166,-0.008027402072539163
Y537S,apo,229,0,1,-31.05146373663054,0.13057983892212083
Y537S,apo,131,0,1,-30.597023239015957,0.23891237168909144
Y537S,apo,205,4,1,-30.85913495017562,0.5490030835443673
Y537S,apo,229,4,1,-31.5946166373335,0.5256527448447802
Y537S,apo,79,0,1,-30.34226623675694,0.556202155375885
Y537S,apo,202,2,1,-30.361774482167643,-0.2883030800272075
Y537S,apo,178,0,1,-30.528509566512813,-0.34214152205713294
Y537S,apo,73,4,1,-29.897881699905614,-0.39610505012185127
Y537S,apo,106,0,1,-30.53916761640475,-0.222076707562597
Y537S,apo,123,2,1,-31.671652689528106,0.4435114715421317
Y537S,apo,91,4,1,-30.65113133855476,-0.11743746183969363
Y537S,apo,181,4,1,-30.939555101182165,0.2608816859599029
Y537S,apo,231,2,1,-30.986819618084887,0.28099936759582816
Y537S,apo,103,4,1,-30.469101025396476,0.007346415686767236
Y537S,apo,121,3,1,-30.32825504979606,-0.07077596911855827
Y537S,apo,190,3,1,-30.647746633821374,-0.3694896294500752
Y537S,apo,147,4,1,-30.798134927829405,0.1500765414259908
Y537S,apo,41,4,1,-30.189005315045463,0.051639622495877086
Y537S,apo,25,4,1,-31.144812819470946,0.43784898196964483
Y537S,apo,157,4,1,-30.403456367387058,-0.21950415460068928
Y537S,apo,125,3,1,-29.914580934716458,-0.3194039202156809
Y537S,apo,112,3,1,-30.236882614029447,-0.44956310198550387
Y537S,apo,249,4,1,-30.367715036154674,-0.08185636813341644
Y537S,apo,26,2,1,-30.029825681122798,-0.23095192979171358
Y537S,apo,45,1,1,-30.73914311931907,0.28241149872292
Y537S,apo,119,3,1,-30.45494483448993,-0.17188221967556558
Y537S,apo,215,0,1,-30.43646062987838,-0.6096997248690865
Y537S,apo,228,4,1,-30.249261041254538,-0.291880165196486
Y537S,apo,237,3,1,-30.221575967922114,0.19190096717355742
Y537S,apo,172,0,1,-30.77136499726021,0.10445136654837923
Y537S,apo,1,3,1,-30.750968216339167,-0.39741613909752993
Y537S,apo,89,1,1,-30.414935285264587,0.22040910801734823
Y537S,apo,225,2,1,-30.389283098527095,0.1323398140448693
Y537S,apo,227,4,1,-30.284959462031754,0.004026843234435071
Y537S,apo,117,3,1,-31.03258238664953,-0.1070149833855451
Y537S,apo,224,2,1,-30.76369963245973,0.18744857051084485
Y537S,apo,144,4,1,-30.182893892262122,-0.0923542654943522
Y537S,apo,195,2,1,-30.402518155971425,0.2711723524740295
Y537S,apo,211,1,1,-30.68100356171018,-0.02369457125087073
Y537S,apo,62,0,1,-30.463118585093945,-0.17424100496400455
Y537S,apo,188,3,1,-30.60964598033965,0.13228210543237628
Y537S,apo,139,2,1,-31.73904681484515,0.12813647479083792
Y537S,apo,24,4,1,-30.712374436841188,-0.06678610658619945
Y537S,apo,164,0,1,-29.9227801431381,-0.4696933925997781
Y537S,apo,205,0,1,-29.875633197187295,-0.11684718994224774
Y537S,apo,149,2,1,-29.95499289148689,0.04211383905905649
Y537S,apo,143,2,1,-30.713325896514892,0.26781936069044215
Y537S,apo,10,1,1,-30.04263054608937,-0.7131734052741227
Y537S,apo,14,2,1,-29.712638327188955,-0.4455863743133113
Y537S,apo,151,1,1,-31.608218406050597,-0.017032359897199673
Y537S,apo,106,3,1,-30.778293378057825,0.22162281563157651
Y537S,apo,112,4,1,-30.030560913851257,-0.30949394512982653
Y537S,apo,22,0,1,-30.248835334064246,-0.19144527850513035
Y537S,apo,209,4,1,-30.768803514739357,0.22476089800407692
Y537S,apo,157,2,1,-29.90250677281091,0.12799376053170194
Y537S,apo,30,0,1,-29.816101805950133,-0.5866349781537052
Y537S,apo,47,1,1,-30.206412184099108,0.011500047537434143
Y537S,apo,247,0,1,-31.827564195560388,0.27645879676734764
Y537S,apo,93,0,1,-30.045363840665775,-0.23220853018773252
Y537S,apo,202,4,1,-30.34952548833763,-0.09002944576292986
Y537S,apo,25,1,1,-30.182871061353538,-0.6201185259721093
Y537S,apo,246,3,1,-30.573966602564937,0.004455470488742546
Y537S,apo,159,2,1,-30.459260822468032,-0.10870411438832635
Y537S,apo,167,3,1,-30.07064935665875,0.4196026989158366
Y537S,apo,245,4,1,-30.339716551482454,-0.4830235171072875
Y537S,apo,55,1,1,-30.747563233344327,-0.06567623971711362
Y537S,apo,160,2,1,-30.86736870467861,0.3657286277943814
Y537S,apo,60,1,1,-29.864691628782193,-0.15999287099421908
Y537S,apo,106,2,1,-31.387778912757916,0.30835485347895564
Y537S,apo,130,4,1,-30.446788439757412,0.3384723046941501
Y537S,apo,147,3,1,-30.129827942016753,-0.06152926133442048
Y537S,apo,38,1,1,-31.07876764638389,0.3143501661633786
Y537S,apo,218,2,1,-29.866069127670603,-0.09996606743209359
Y537S,apo,22,3,1,-30.180793242638032,0.20391406296261946
Y537S,apo,113,3,1,-30.934372109224583,0.4287363069339761
Y537S,apo,93,4,1,-30.5011637847953,-0.34972851985376147
Y537S,apo,6,4,1,-29.86521915813313,-0.054104027201495396
Y537S,apo,30,3,1,-30.712682071184307,0.09863979537566335
Y537S,apo,175,1,1,-30.6421001281022,0.3246323723595049
Y537S,apo,108,3,1,-31.274428121592187,0.3410218016233081
Y537S,apo,112,1,1,-30.455751592795778,0.0010898132836429442
Y537S,apo,59,4,1,-29.945853292416913,-0.19201564699004314
Y537S,apo,43,3,1,-31.22668582493905,0.022770991432245914
Y537S,apo,3,4,1,-30.29107446654228,-0.10875661775123048
Y537S,apo,171,0,1,-30.865773399007146,0.23698683037536303
Y537S,apo,8,2,1,-30.827718560314313,-0.14070371049376032
Y537S,apo,155,0,1,-29.394084892461784,0.14892932827718544
Y537S,apo,176,3,1,-30.78100033365711,0.5502028445288849
Y537S,apo,30,4,1,-30.77684873551839,-0.10308791124324498
Y537S,apo,151,0,1,-30.005732970692637,0.11634011738314902
Y537S,apo,121,1,1,-29.24619306673956,-0.7197376986071327
Y537S,apo,13,3,1,-30.659311491457064,0.5401694123154711
Y537S,apo,56,0,1,-31.388839771353958,0.1309774921711367
Y537S,apo,3,0,1,-31.236999919795107,0.05577872563505206
Y537S,apo,159,0,1,-30.98862823519929,0.08327171536786275
Y537S,apo,142,0,1,-30.40932987569499,0.005033800560613697
Y537S,apo,201,0,1,-29.555228489126357,-0.6180709515033384
Y537S,apo,167,0,1,-31.268140009883954,0.041411002583176065
Y537S,apo,187,1,1,-30.57664848909715,-0.19170272549746462
Y537S,apo,41,3,1,-30.538962286232824,-0.18460914997176056
Y537S,apo,201,2,1,-30.589804018688845,-0.06274656290640615
Y537S,apo,240,3,1,-30.129577569647903,-0.31955089263458936
Y537S,apo,125,2,1,-31.02576052522253,0.11718410265347678
Y537S,apo,110,0,1,-30.904511006194202,0.18465743661084835
Y537S,apo,192,0,1,-31.296279425983624,0.5338637335858083
Y537S,apo,136,2,1,-30.43130752946691,-0.1764254516611124
Y537S,apo,212,2,1,-30.223577085644525,-0.15349128789211355
Y537S,apo,7,4,1,-30.400351397905617,-0.2690393662591377
Y537S,apo,136,0,1,-30.227338285221037,-0.21627152875400246
Y537S,apo,222,0,1,-29.874774946969495,-0.14850950039928631
Y537S,apo,128,3,1,-29.802777349972146,-0.17697501199436155
Y537S,apo,107,3,1,-30.479954914321826,-0.057996326509456485
Y537S,apo,160,3,1,-31.566455722273172,0.2960840368224841
Y537S,apo,85,4,1,-30.87029372401826,-0.05279586963851155
Y537S,apo,149,3,1,-30.68071099969684,0.4167069795551037
Y537S,apo,2,0,1,-29.812152214582326,-0.2790086473758462
Y537S,apo,24,3,1,-30.866976955098597,0.11480161490506124
Y537S,apo,240,4,1,-30.124274849612586,-0.15438044594953965
Y537S,apo,209,3,1,-31.329128604478004,0.08932548383955674
Y537S,apo,222,3,1,-30.32017395380155,-0.17024033301799732
Y537S,apo,3,2,1,-30.516462259372815,0.1667020269542495
Y537S,apo,175,0,1,-30.099648292357028,-0.34994606094486524
Y537S,apo,128,1,1,-29.67171660379511,-0.3910108349945922
Y537S,apo,86,3,1,-30.8238039016866,-0.07288503772753337
Y537S,apo,70,3,1,-30.521707711987013,0.24256132637598748
Y537S,apo,168,3,1,-30.905832624184633,0.15143179586934424
Y537S,apo,245,1,1,-30.65666767576949,-0.11498330114140447
Y537S,apo,7,0,1,-30.853145114847944,0.06729223154001204
Y537S,apo,66,3,1,-30.197168656407577,0.13132436982857426
Y537S,apo,211,4,1,-30.75678960963872,-0.20009937185714824
Y537S,apo,88,2,1,-30.17964518585559,-0.13741445742780786
Y537S,apo,113,1,1,-31.02001615385282,0.13755229874815725
Y537S,apo,197,2,1,-30.407427835624215,0.043844133321698446
Y537S,apo,94,4,1,-29.908517767789114,-0.08919196709850993
Y537S,apo,172,2,1,-29.331640344891717,-0.2442547127064724
Y537S,apo,229,2,1,-31.112596908326022,0.34949309797882827
Y537S,apo,95,0,1,-30.71885683587268,-0.20168315400481407
Y537S,apo,128,0,1,-30.839004147415817,-0.1535571596286386
Y537S,apo,59,2,1,-31.24499615645084,0.07091474275630688
Y537S,apo,110,1,1,-29.59261332179111,-0.6271359161058095
Y537S,apo,245,3,1,-30.51925770515083,-0.15698724808745917
Y537S,apo,197,3,1,-30.18401109175758,-0.26090840779279123
Y537S,apo,211,0,1,-30.97348463926579,0.13623825643559007
Y537S,apo,235,0,1,-30.532137374555575,-0.1834187730438702
Y537S,apo,101,3,1,-30.74521604632537,0.11148890864390201
Y537S,apo,197,0,1,-30.585716468677994,0.35112836150440874
Y537S,apo,47,3,1,-31.047922457166255,0.23282777495173057
Y537S,apo,30,1,1,-30.847963916930812,-0.054837611723047096
Y537S,apo,48,4,1,-31.1611104494404,-0.0854644796924466
Y537S,apo,171,4,1,-30.24661709449503,-0.3870321676775812
Y537S,apo,77,4,1,-30.135063408191353,-0.26069979130444687
Y537S,apo,82,3,1,-30.71079869613194,0.09176152844493794
Y537S,apo,146,3,1,-30.68268483766464,0.19397569624053596
Y537S,apo,171,3,1,-29.826689335696965,-0.07163854327929796
Y537S,apo,124,4,1,-30.159933332678214,0.038602542388638875
Y537S,apo,151,3,1,-30.58342095034999,0.07188642780855882
Y537S,apo,144,1,1,-30.81687478611803,0.10233305633796061
Y537S,apo,56,1,1,-30.605609423182543,-0.038461680516170174
Y537S,apo,152,3,1,-30.083771954918657,-0.4687996036019984
Y537S,apo,77,0,1,-30.62818787917299,0.031151111866111806
Y537S,apo,43,2,1,-30.40483207998926,0.15620808816339246
Y537S,apo,95,2,1,-30.712659597782476,0.20794385527549983
Y537S,apo,27,1,1,-30.874256701995876,0.15641445409289934
Y537S,apo,89,2,1,-29.764269691896402,-0.4260561082392238
Y537S,apo,125,1,1,-30.735281348401458,0.12069524049191997
Y537S,apo,146,2,1,-29.296998131806475,-0.5790113057940758
Y537S,apo,32,4,1,-30.178186318646034,0.048320823913977476
Y537S,apo,39,0,1,-30.442425025893446,0.10354841876853488
Y537S,apo,63,1,1,-31.140372898760713,0.4519638200902883
Y537S,apo,70,0,1,-29.652149522199238,-0.4607231394056202
Y537S,apo,55,2,1,-31.235359201972237,-0.24666783268412673
Y537S,apo,133,3,1,-30.692080001672444,0.15033474724143572
Y537S,apo,201,1,1,-30.177593767613203,0.014390621319888561
Y537S,apo,210,4,1,-31.406229006875858,-0.39749308269400396
Y537S,apo,89,3,1,-30.446808012364517,-0.08860364401200987
Y537S,apo,56,3,1,-31.20693673910008,0.24218595313351757
Y537S,apo,192,1,1,-31.611827129786132,0.16682820181346975
Y537S,apo,94,0,1,-30.000546740995084,-0.1851254557269836
Y537S,apo,208,0,1,-30.414602679519906,0.28296229752733476
Y537S,apo,95,1,1,-29.959503937687476,-0.3010148580277255
Y537S,apo,140,1,1,-30.94463425104269,-0.03707736443423201
Y537S,apo,1,2,1,-29.45432436352802,-0.37503346845430224
Y537S,apo,191,4,1,-30.065219744363088,-0.7010411513543868
Y537S,apo,160,1,1,-30.43989069624677,-0.08881462166375194
Y537S,apo,245,2,1,-31.124892046267536,-0.04124298365943338
Y537S,apo,37,4,1,-30.985956163125586,0.2637128064095653
Y537S,apo,142,2,1,-31.016799725147898,-0.06572423530231986
Y537S,apo,215,4,1,-30.373479713336206,0.3515578385602941
Y537S,apo,59,3,1,-31.15541800760931,-0.0801229088544934
Y537S,apo,172,4,1,-30.019507747844564,0.21841864562227645
Y537S,apo,116,2,1,-30.33917597731217,-0.44179807224460677
Y537S,apo,181,0,1,-30.412227042485068,0.04880122857136457
Y537S,apo,102,2,1,-31.85444252914695,0.47812106241461183
Y537S,apo,43,1,1,-31.424275629102162,0.2582966548321114
Y537S,apo,168,2,1,-29.803947778885547,-0.0755092744630579
Y537S,apo,128,2,1,-30.549944041632575,0.1066328313324755
Y537S,apo,187,4,1,-31.367281461143453,0.0683814650158953
Y537S,apo,190,1,1,-30.79349010698933,0.31950700511751434
Y537S,apo,204,1,1,-31.45215238371864,0.2199244911783555
Y537S,apo,25,3,1,-30.030809252468377,-0.4412295119230267
Y537S,apo,56,2,1,-30.582300588903802,0.3653682011660362
Y537S,apo,23,3,1,-30.12427604646985,0.20792986897852328
Y537S,apo,141,3,1,-31.069959763775408,0.43412297273534634
Y537S,apo,167,1,1,-30.51935044861399,-0.11702777838847689
Y537S,apo,114,4,1,-30.46562491158263,-0.39004180174496217
Y537S,apo,31,0,1,-30.18994427934286,-0.28661061455756837
Y537S,apo,155,4,1,-30.40901480791317,0.020884292076691072
Y537S,apo,212,3,1,-30.151348199340532,-0.1636054370935453
Y537S,apo,125,0,1,-31.045964702208785,0.5827585463686454
Y537S,apo,233,0,1,-30.488262078743688,-0.2571664255052675
Y537S,apo,218,0,1,-30.44198661591383,0.11957926083791284
Y537S,apo,130,0,1,-29.732728439045633,-0.34594205140654855
Y537S,apo,78,1,1,-31.069047778763405,0.5344842546034175
Y537S,apo,171,2,1,-29.99043769047844,-0.2035372694860294
Y537S,apo,142,4,1,-30.98360817156796,0.0870036686354438
Y537S,apo,197,4,1,-30.948802136976656,-0.16399204480066848
Y537S,apo,23,2,1,-29.747085926588795,-0.39081508885264743
Y537S,apo,56,4,1,-30.659014106552597,-0.3068948565861711
Y537S,apo,155,1,1,-29.81468025452057,0.04931631530642326
Y537S,apo,71,2,1,-30.731522336386675,0.07638566396828897
Y537S,apo,114,0,1,-30.664536250983133,0.2134356466526195
Y537S,apo,37,0,1,-30.806632103518265,-0.15354277279766063
Y537S,apo,249,0,1,-31.116569075165415,0.11860512376230499
Y537S,apo,228,1,1,-30.294809733421005,-0.3583937185707069
Y537S,apo,2,1,1,-29.984142804461587,-0.40663737152337903
Y537S,apo,55,3,1,-30.446515782666918,-0.42537350078816244
Y537S,apo,88,4,1,-30.38993004136779,-0.1684130049598966
Y537S,apo,67,4,1,-31.009918238804826,-0.1917324989192826
Y537S,apo,102,1,1,-30.681755122743784,0.31947633304076267
Y537S,apo,44,4,1,-30.4045342599071,0.14095657241463758
Y537S,apo,143,0,1,-30.22357892841051,-0.09712442411965899
Y537S,apo,3,1,1,-30.267199973430444,-0.1377760037045706
Y537S,apo,175,2,1,-30.681593890487846,-0.2358567710153911
Y537S,apo,175,3,1,-31.227198323871438,0.2819212334042001
Y537S,apo,65,3,1,-31.080765342450064,-0.1434506121510009
Y537S,apo,160,0,1,-29.846603174047218,-0.6599644466633802
Y537S,apo,23,1,1,-30.635663389573796,-0.0064280417714863486
Y537S,apo,68,2,1,-31.12237990616816,0.3739466187881544
Y537S,apo,116,0,1,-30.820844446924976,-0.1865399168833043
Y537S,apo,134,0,1,-31.414134938279584,0.3194355217256657
Y537S,apo,101,2,1,-30.869199844535082,-0.22803687507387896
Y537S,apo,78,0,1,-31.089285765234557,0.6050660480807466
Y537S,apo,134,4,1,-30.509870883759994,-0.3218761863880571
Y537S,apo,65,2,1,-30.579716365498026,-0.03219004615032046
Y537S,apo,59,1,1,-30.409685408140884,0.10064866483317733
Y537S,apo,143,1,1,-31.176690003873674,0.5467178050426822
Y537S,apo,89,4,1,-31.739303980640564,0.2631558539563958
Y537S,apo,135,0,1,-30.135225916702232,-0.7307824088037235
Y537S,apo,77,3,1,-30.012439377901906,-0.35454615245475296
Y537S,apo,41,2,1,-30.35973853787742,0.24201008413683173
Y537S,apo,209,1,1,-30.45373527894877,-0.2333806149682754
Y537S,apo,26,3,1,-30.956406435172756,-0.178389195811248
Y537S,apo,146,0,1,-30.55722038004342,0.6272508382383527
Y537S,apo,86,4,1,-30.402199444361294,0.03144815675152398
Y537S,apo,114,3,1,-30.48250763516775,-0.28903928032399545
Y537S,apo,65,1,1,-30.57075937928064,0.05253478062089766
Y537S,apo,95,3,1,-30.170906948602934,-0.1826169834344374
Y537S,apo,114,2,1,-29.767952370868596,-0.4233184659052171
Y537S,apo,101,0,1,-30.27841936249351,-0.28503882141166414
Y537S,apo,73,2,1,-30.079984886855595,-0.1292092010371427
Y537S,apo,26,4,1,-30.220100052515626,-0.08276755265342607
Y537S,apo,93,3,1,-30.454109229688626,-0.4191911586158609
Y537S,apo,82,1,1,-30.509684086822993,-0.09683372325878586
Y537S,apo,24,2,1,-30.921195485805033,-0.37227995658381596
Y537S,apo,82,4,1,-29.44827232538977,-0.31457539178492677
Y537S,apo,43,4,1,-31.26329033754232,0.2662339308681267
Y537S,apo,26,0,1,-30.586928184653082,0.1612957475359513
Y537S,apo,240,0,1,-29.942480299419472,-0.6110640914766855
Y537S,apo,24,0,1,-30.758389662559672,-0.4058503206397586
Y537S,apo,130,3,1,-30.36816771734663,-0.17429656537171753
Y537S,apo,53,4,1,-30.00299003466573,-0.5684314356457755
Y537S,apo,142,1,1,-30.254207998510235,0.001270444310608088
Y537S,apo,113,0,1,-31.305497198376628,0.23326046691801655
Y537S,apo,110,2,1,-30.65483189942441,0.31612727059035656
Y537S,apo,65,0,1,-30.797462866594046,-0.040384650258048264
Y537S,apo,23,4,1,-30.242439868162734,-0.2722058768841917
Y537S,apo,93,1,1,-30.608682502623246,0.12269775821750419
Y537S,apo,135,1,1,-30.882739676898467,-0.4412172390186526
Y537S,apo,65,4,1,-29.907896950399483,-0.5620547088892495
Y537S,apo,23,0,1,-30.55457749282214,0.05513503450645775
Y537S,apo,85,3,1,-31.053131334459792,0.8479082110114962
Y537S,apo,110,4,1,-30.203733593098264,-0.4756351069262269
Y537S,apo,142,3,1,-30.824049448865996,-0.07781658321792426
Y537S,apo,190,4,1,-30.17322246175617,0.21263242062842994
Y537S,apo,153,1,-1,25.575617761945093,0.39735496204923654
Y537S,apo,81,3,-1,25.667565706021566,-0.3044238312495786
Y537S,apo,117,4,2,26.95726119211122,-1.630590764166546
Y537S,apo,37,1,2,27.88217558847527,-2.052450439399844
Y537S,apo,105,3,-1,26.191476805008566,-1.9930005868707823
Y537S,apo,105,1,-1,29.405093918059467,1.205121262662051
Y537S,apo,10,2,-1,27.83091613127971,0.0036761370149462724
Y537S,apo,162,2,-1,26.40080525284264,-0.6613382544535527
Y537S,apo,144,2,-1,25.785515293390215,0.737141822544008
Y537S,apo,39,3,-1,26.0567536287864,-1.5667392937805031
Y537S,apo,138,4,-1,26.501215835995836,-1.319768606818752
Y537S,apo,215,1,2,27.771376141907567,-1.5870778459524508
Y537S,apo,195,4,-1,26.38306569345974,-2.5090949153111244
Y537S,apo,193,3,-1,25.221687249639345,-9.465387895721985
Y537S,apo,166,4,-1,28.908710375899673,-1.0906054176690498
Y537S,apo,53,1,-1,23.733257549051586,-8.159050912479037
