variant,state,seed,sample,cluster,PC1,PC2
Y537S,holo,139,3,0,-0.6865564887406812,-0.0013837152200721903
Y537S,holo,57,2,0,-0.9157818379901457,0.8411985305915124
Y537S,holo,77,4,0,-0.5266856468897032,-0.468063375458982
Y537S,holo,150,3,0,-0.7416222170748874,-0.20659582689650335
Y537S,holo,158,1,0,-0.3176284923126964,-0.4254157290722844
Y537S,holo,23,4,0,-0.6422594522097071,-0.4002288366685747
Y537S,holo,150,0,0,-0.3859412180546187,0.22902435943485955
Y537S,holo,145,3,0,0.5277308623128292,0.1400948422845545
Y537S,holo,203,4,0,-0.4623421834621908,-0.47911320171880334
Y537S,holo,18,2,0,-0.8291984268169976,0.2746737261389427
Y537S,holo,106,1,0,-0.10586935200707259,0.18687785187260886
Y537S,holo,202,4,0,-0.09390848946073405,-0.5267469788825423
Y537S,holo,222,3,0,-0.47576294731529956,-0.19122667227523493
Y537S,holo,241,0,0,-0.16744112440186143,0.02656516866878178
Y537S,holo,173,3,0,-0.44346293547475213,0.3949720543765096
Y537S,holo,173,0,0,-0.13045720391228954,0.08689284843562461
Y537S,holo,57,0,0,-0.08050538205711888,-0.03991039758318493
Y537S,holo,63,0,0,0.06600566793029827,0.5556628426132164
Y537S,holo,207,3,0,-0.46949896933747937,0.5278583450221674
Y537S,holo,113,0,0,-0.5820944046667123,-0.9191457425856413
Y537S,holo,62,1,0,-0.401592292754426,-0.25111254987911025
Y537S,holo,220,4,0,-0.08308564135140983,0.050825903782453
Y537S,holo,147,2,0,-0.612789988587231,0.025335126672246133
Y537S,holo,149,4,0,-0.27935513504101195,-1.4213750724988188
Y537S,holo,45,0,0,-0.1953597505603959,0.7025598304416718
Y537S,holo,30,3,0,-0.07867002660919198,-0.6671337731406197
Y537S,holo,163,4,0,0.1746553343292767,-0.3605346719937188
Y537S,holo,45,3,0,-0.49746576389069475,0.05729085072638895
Y537S,holo,150,2,0,-0.7181741177274148,0.47955623605017195
Y537S,holo,28,0,0,0.4363366811613396,-0.6529019136338547
Y537S,holo,220,0,0,0.06613455605027596,1.1896556466216595
Y537S,holo,11,3,0,-0.4599611621002566,0.4636256801650376
Y537S,holo,36,1,0,-0.5084051462737982,0.22272247406029066
Y537S,holo,10,0,0,-0.03290179496669765,-0.5281614122259981
Y537S,holo,50,0,0,0.11016062969119389,-0.7022413292087748
Y537S,holo,7,4,0,-0.44681813265484394,-0.6493356782168433
Y537S,holo,11,1,0,-0.7032551249655086,0.06760294678508671
Y537S,holo,193,4,0,0.14757886917561436,-0.42121435438474464
Y537S,holo,242,3,0,-0.21339047811942535,-0.33587726139221274
Y537S,holo,160,0,0,-0.36781452714066276,0.005733007305821047
Y537S,holo,181,3,0,-0.6386357728570466,0.07659404193483965
Y537S,holo,147,4,0,0.25141244536589014,-0.07249844297423635
Y537S,holo,28,2,0,-0.21267879458968864,-0.44622589449134864
Y537S,holo,158,0,0,-0.29020958392138496,0.5038449225237684
Y537S,holo,242,0,0,0.39090929037865507,0.2248786364910984
Y537S,holo,139,0,0,-0.30136485628969467,0.5489621968740863
Y537S,holo,117,1,0,-0.6189179509310065,0.21494337486065263
Y537S,holo,62,3,0,0.013155067239445373,-0.3174957336933204
Y537S,holo,118,2,0,0.00963720415678182,0.7448780204588985
Y537S,holo,1,3,0,-0.5875836721194219,0.4827125700467718
Y537S,holo,92,1,0,-0.7729018565570129,0.3734178761043978
Y537S,holo,173,2,0,-0.29223104542070644,0.6867896418887938
Y537S,holo,69,1,0,-0.2041011686259253,0.38979460169522895
Y537S,holo,149,3,0,0.4145355058833182,0.09155529460160494
Y537S,holo,189,2,0,-1.3711779011849323,0.5085345475814194
Y537S,holo,46,4,0,0.018089084519328225,0.2795501772923217
Y537S,holo,198,0,0,-0.41898126942450276,0.2582195266034404
Y537S,holo,70,1,0,0.11114335973971379,0.23443138500122984
Y537S,holo,77,0,0,-0.9128626898681667,0.012138738752994982
Y537S,holo,152,3,0,-0.5871981976189211,-0.3357059068747503
Y537S,holo,189,3,0,-0.2697301084291368,0.757013118183977
Y537S,holo,133,0,0,-0.3777258283027507,0.06852194777539466
Y537S,holo,214,3,0,-0.2384158709706341,-0.12010776408058632
Y537S,holo,87,2,0,-0.8655159141894586,0.4059113638362817
Y537S,holo,233,3,0,-0.16597707160917707,0.25964825597597496
Y537S,holo,90,2,0,-0.34852779208331697,-0.024547863487043742
Y537S,holo,148,4,0,-0.17420061253515584,-0.16740132640491368
Y537S,holo,165,1,0,0.06388064599942922,-0.17144575969702203
Y537S,holo,144,1,0,0.21307645109576612,0.6085130165675139
Y537S,holo,242,4,0,-0.18969006075939632,0.5831931726946635
Y537S,holo,45,1,0,0.33254708113982545,0.5501893222783139
Y537S,holo,7,1,0,0.2666727141943852,0.25230864783304696
Y537S,holo,241,1,0,-0.015528527094904376,-0.5938354202355924
Y537S,holo,48,4,0,-0.5791176804728018,-0.05965457690381015
Y537S,holo,138,0,0,-0.05023570501135666,-0.032608524701714714
Y537S,holo,70,4,0,-0.5582601600091834,0.20886132071906616
Y537S,holo,68,0,0,-0.11074774263499876,0.2438303904736614
Y537S,holo,158,3,0,-0.05985074107774224,-0.4082476850119434
Y537S,holo,187,1,0,-0.028694229216345235,0.730432724585171
Y537S,holo,85,2,0,-0.0932674655268606,0.3664360344754556
Y537S,holo,236,3,0,-1.041914629224312,-0.5867610870455735
Y537S,holo,193,1,0,-0.6113956846257196,0.37070953407717866
Y537S,holo,174,3,0,-0.31972958275867924,0.024149790198123355
Y537S,holo,133,1,0,-0.39391070728140676,0.8723900856526114
Y537S,holo,221,2,0,-0.4407645059164089,-0.5523422824249877
Y537S,holo,62,0,0,-0.7480721100449337,-0.03323130737555857
Y537S,holo,231,4,0,-0.3045480562793017,0.12040537297897913
Y537S,holo,150,4,0,-0.2559548711742359,-0.030286543202706184
Y537S,holo,49,1,0,-0.7516193110213507,-0.30516681941367096
Y537S,holo,83,4,0,-0.5767472575574146,0.525926679541044
Y537S,holo,126,2,0,-0.6978815726650822,-0.006059174486281904
Y537S,holo,154,0,0,-0.5680226306786516,0.22992701724355413
Y537S,holo,86,0,0,-0.17306095569121993,0.20336419634496394
Y537S,holo,130,3,0,-0.43670849400538003,-0.12582357589826643
Y537S,holo,79,0,0,-1.2025138889418656,0.7997552417051423
Y537S,holo,220,3,0,-0.45795229612837574,-0.03046462161897523
Y537S,holo,96,3,0,-0.6333650097045194,-0.020733943898676443
Y537S,holo,154,3,0,-0.567273621070111,-0.09073500321864003
Y537S,holo,203,0,0,-0.3396439004716001,-0.016591286588337084
Y537S,holo,37,2,0,0.11578122613205011,-0.03452806055183544
Y537S,holo,183,4,0,-0.19370071172170356,0.11140641063374801
Y537S,holo,140,2,0,-0.6580431993506437,0.014769922899773746
Y537S,holo,138,2,0,-0.3915866422547687,-0.3736370750098956
Y537S,holo,63,4,0,-0.09230468851958662,0.31746092834345063
Y537S,holo,138,1,0,-0.25160598877898366,-0.8854116510430003
Y537S,holo,205,4,0,0.0910661767341665,-0.11094413086985355
Y537S,holo,68,1,0,-0.10598493530935471,-0.7653682982065391
Y537S,holo,122,3,0,-0.45090159700264465,0.08288344847457552
Y537S,holo,57,4,0,-0.008296527551365784,-0.3775337760403943
Y537S,holo,79,3,0,-0.5758881455892642,0.3980718382038333
Y537S,holo,31,0,0,-0.3227084667782698,0.688940909080884
Y537S,holo,113,3,0,-0.188992377040055,0.167726459315233
Y537S,holo,200,0,0,-0.014238707907146875,0.13477416300905531
Y537S,holo,7,3,0,-0.0010024932860233093,-0.2366317065620933
Y537S,holo,198,2,0,-0.6531113663389618,-0.08502928720555758
Y537S,holo,77,1,0,-0.5938446293885242,0.24192798121248416
Y537S,holo,63,2,0,-0.32259223056760433,0.2689913801207098
Y537S,holo,53,1,0,-0.4886581432325059,0.9460851825288472
Y537S,holo,115,0,0,-0.7491002641927871,0.037041952557814284
Y537S,holo,208,2,0,-1.2172583822978211,0.7660864242317302
Y537S,holo,92,3,0,-0.16891639674850012,-1.1791151768131698
Y537S,holo,80,3,0,-0.11674588837368205,0.09762880670639618
Y537S,holo,64,4,0,-0.35819111830351247,0.03399954025921659
Y537S,holo,172,2,0,0.22883715160410745,0.7571437941549419
Y537S,holo,103,1,0,-0.21961467590963224,0.06696044884880337
Y537S,holo,5,0,0,-0.24095167029475562,-0.2476438099259326
Y537S,holo,178,2,0,-0.1536543158832444,-0.566686630271434
Y537S,holo,77,3,0,-0.2460169215217931,-0.8850521289936921
Y537S,holo,236,4,0,-0.7419843765124696,0.18880277407052404
Y537S,holo,156,1,0,-0.8134534953069981,0.8563485897744982
Y537S,holo,88,0,0,-0.021443749108250643,0.2067463993760299
Y537S,holo,33,1,0,-0.6809155344791975,0.11888234301683553
Y537S,holo,36,2,0,-0.7147642102628602,0.21162947963351542
Y537S,holo,109,2,0,0.262605316767452,0.37964383890120246
Y537S,holo,147,0,0,-0.9631945268803328,-0.48330469010714694
Y537S,holo,31,4,0,-0.5184229590456049,0.2886700388966261
Y537S,holo,11,2,0,-0.5271240589916673,0.4266749101025056
Y537S,holo,154,1,0,-0.16342249980534618,-0.23747234345739798
Y537S,holo,68,4,0,-0.5510878103427892,0.047140848731842766
Y537S,holo,154,4,0,-0.7804686729522388,-0.46240171442480005
Y537S,holo,152,2,0,-0.13274067303356318,-0.9117938441201972
Y537S,holo,35,3,0,-0.3104606498863802,0.36156524111778765
Y537S,holo,209,2,0,-0.11875250260527537,-0.0821703134815408
Y537S,holo,179,2,0,-0.9318290828477132,0.41552841721015454
Y537S,holo,115,4,0,-0.21656683298059676,0.2799954775322959
Y537S,holo,236,2,0,-0.4803403342749384,-0.2100650278252374
Y537S,holo,214,2,0,0.0633738901170986,-0.8238831408675225
Y537S,holo,74,3,0,-0.19515414575229073,-0.20430338360041844
Y537S,holo,165,0,0,-0.09028122256333049,-0.7784280861416164
Y537S,holo,49,2,0,-0.20889000359287024,-0.3748513761984782
Y537S,holo,150,1,0,-0.9890725072130877,0.7621677038548711
Y537S,holo,111,4,0,-0.20597542622259013,-0.6976069763337591
Y537S,holo,140,0,0,-0.6432529369204012,-0.055099043178131524
Y537S,holo,20,3,0,-0.39062916957925964,0.4111957146825489
Y537S,holo,180,3,0,-0.3743109799043758,0.2943445220379317
Y537S,holo,246,3,0,-0.6871638035774161,0.4959688131508102
Y537S,holo,165,2,0,-1.265316418235944,0.38723025502594055
Y537S,holo,78,0,0,0.13694622015822233,0.07832724058121698
Y537S,holo,201,2,0,-0.12438904348350377,-0.8889867475037505
Y537S,holo,92,0,0,-0.6928296908405258,-0.4186612807328771
Y537S,holo,5,1,0,-0.5580575563822485,0.029845753005702136
Y537S,holo,20,0,0,-0.5139366563177177,-0.1348876935470713
Y537S,holo,186,3,0,-0.17116501664697736,0.16286873513945466
Y537S,holo,3,0,0,0.283768786988464,0.20030535292802654
Y537S,holo,86,4,0,-0.9578384468138381,-0.32614637911467526
Y537S,holo,97,1,0,-0.44436143701084774,0.07906229647845464
Y537S,holo,139,2,0,-0.6937453495909374,-0.2357869345624124
Y537S,holo,139,4,0,0.026560011812808426,-0.12364814201289676
Y537S,holo,53,3,0,-0.5277622208891195,-0.3893033188016801
Y537S,holo,181,0,0,-0.4641164559662627,0.06607530143747908
Y537S,holo,228,1,0,-0.5515618832232363,-0.4452950898688215
Y537S,holo,78,3,0,0.09677119564631198,-0.1583795055361179
Y537S,holo,126,3,0,-0.0813813615058443,-0.8339143914917457
Y537S,holo,26,1,0,0.05735886808763979,-0.24915913059690808
Y537S,holo,154,2,0,-0.3171373351863451,-0.423603336077349
Y537S,holo,180,0,0,-0.5736517783890918,-0.1316201856847954
Y537S,holo,69,0,0,-0.968692920968639,0.6019180495401599
Y537S,holo,188,4,0,0.03861775598904771,0.7694224669285461
Y537S,holo,57,3,0,-0.6119656803730535,0.18542928138401749
Y537S,holo,185,2,0,-0.8334935646525921,0.41394492953631357
Y537S,holo,233,4,0,-0.5311163435748121,0.07249537957510199
Y537S,holo,44,0,0,-0.39639399142419407,0.46436043053634535
Y537S,holo,92,4,0,-0.5127542879071818,0.09256540537229796
Y537S,holo,207,0,0,0.864438451269411,0.0014277890990683773
Y537S,holo,158,4,0,-0.4865930442762334,-1.2402255822293142
Y537S,holo,187,3,0,-0.17114660736041998,0.460251888586825
Y537S,holo,214,4,0,-0.1458701006631209,0.5571818925839409
Y537S,holo,159,1,0,-0.4255545026037346,0.055388968665454286
Y537S,holo,52,3,0,-0.6346439365276382,-0.4983138218239702
Y537S,holo,177,2,0,-0.34493141810217054,0.2762778161318238
Y537S,holo,198,3,0,-0.8003102259069301,0.36655968742211087
Y537S,holo,55,0,0,0.3976751153861393,-0.27544992544616775
Y537S,holo,63,3,0,0.03014248927963692,-0.18812039605154496
Y537S,holo,245,1,0,-0.4648172607215173,0.06501230569784866
Y537S,holo,123,0,0,-0.3202510790650983,0.657512296563894
Y537S,holo,165,4,0,-0.453268922589789,0.5727666992080032
Y537S,holo,46,1,0,-0.6473749435756844,0.6977277482224622
Y537S,holo,190,2,0,-0.6712110485087592,-0.3304592426773354
Y537S,holo,152,4,0,-0.2942686201538436,0.24427241802911226
Y537S,holo,192,1,0,-0.5330801005046872,0.25741504388895464
Y537S,holo,128,3,0,-0.3951676485809337,0.4006464041751201
Y537S,holo,94,0,0,0.30502368814612524,0.044826114261312
Y537S,holo,62,4,0,-0.46771325130747954,-0.30403236786493437
Y537S,holo,117,2,0,-0.3392105841828723,0.1597329537586205
Y537S,holo,234,0,0,-0.5452976091800181,0.33501384624031516
Y537S,holo,177,4,0,-0.0007014508859626289,-0.4453319011711443
Y537S,holo,233,1,0,-0.5443180381118964,0.3203744940229143
Y537S,holo,118,0,0,-0.00025521356871038847,0.11246291361031524
Y537S,holo,185,0,0,-0.03884115318201964,-0.6357121103141452
Y537S,holo,202,0,0,-0.4822264404262384,0.8425794816492242
Y537S,holo,188,0,0,-0.36188640321095633,-0.5935326166200525
Y537S,holo,175,0,0,0.1269754367312892,-0.12022894038510401
Y537S,holo,216,4,0,0.045570909971822005,0.28348749734622913
Y537S,holo,121,2,0,-0.8114505894463377,0.1461937274217462
Y537S,holo,64,1,0,-0.7938807285587117,0.10466633194336339
Y537S,holo,76,0,0,-0.1814549125175482,0.16489610124402532
Y537S,holo,207,1,0,-0.240805588203564,0.7655548063593614
Y537S,holo,206,4,0,-0.3470807717516955,0.38561789552115044
Y537S,holo,48,0,0,-0.06279220134414487,-0.2780221692133438
Y537S,holo,5,3,0,0.05047737769915983,0.3321652288556294
Y537S,holo,213,3,0,-0.32086390794258435,0.1322270158903791
Y537S,holo,235,1,0,-0.5170076478109529,0.3339986178916945
Y537S,holo,10,4,0,0.011365299401177253,-0.21022125324718388
Y537S,holo,174,4,0,0.19181962422613097,0.48717154846906396
Y537S,holo,173,4,0,-0.25502250196466747,-0.37904598781331345
Y537S,holo,49,4,0,-0.45530353317912997,-0.1790893611202904
Y537S,holo,95,3,0,-0.8798610525255555,0.6658545802134057
Y537S,holo,199,2,0,0.028511170124559726,-0.20496801454133617
Y537S,holo,5,2,0,-0.0362849289401197,-0.2905579275312533
Y537S,holo,88,2,0,-0.34119308477090726,-0.46332596324064923
Y537S,holo,222,4,0,0.25965120608205794,-0.7499637326518211
Y537S,holo,79,2,0,-0.24162126334118383,0.053999632308162404
Y537S,holo,91,0,0,0.431130646308425,0.3068989604222878
Y537S,holo,76,4,0,-0.5377376755270156,-0.14412252594490838
Y537S,holo,199,1,0,-0.6453015495767858,0.03211476923736711
Y537S,holo,55,4,0,-0.16847072833643395,0.6020182108718046
Y537S,holo,24,4,0,-0.5306946552752727,-0.9772531110716756
Y537S,holo,230,2,0,-0.33654120064269577,0.22654126541780784
Y537S,holo,121,3,0,-0.8338920766352658,0.017562909381055647
Y537S,holo,174,1,0,0.6664711429475254,-0.2920384482056875
Y537S,holo,96,2,0,-0.2864444200868981,0.05673486270063677
Y537S,holo,6,0,0,0.13816745690158783,0.004921353309327969
Y537S,holo,239,4,0,-0.14885672907926661,0.3216076197241762
Y537S,holo,131,0,0,-0.6100832030781405,-0.8208290502223292
Y537S,holo,116,0,0,0.20652769257038983,0.5814946257279416
Y537S,holo,244,2,0,-0.6979405266291536,1.0315979804971533
Y537S,holo,221,0,0,0.09668868477990245,-0.09744859360745295
Y537S,holo,51,4,0,-0.968568409247073,0.4366488000775206
Y537S,holo,118,1,0,-0.0024612744110896756,-0.6761113036156843
Y537S,holo,52,4,0,0.0496230066490746,-1.0094439932178858
Y537S,holo,208,4,0,-0.8079298178677234,0.4011745837500911
Y537S,holo,144,4,0,-0.348328349035647,-0.11331428019579448
Y537S,holo,54,1,0,0.19694490954955413,-0.2866958752415343
Y537S,holo,203,1,0,-0.12656215400961912,0.3312404678486871
Y537S,holo,85,4,0,-0.5097352151868506,1.217245612490629
Y537S,holo,238,3,0,-0.41581437435135626,0.1991397055943338
Y537S,holo,192,3,0,-0.3286070454541772,-1.1605099120134383
Y537S,holo,235,0,0,-0.6243488910846544,-0.16139004148149638
Y537S,holo,87,4,0,-0.3344623973981591,-0.31020848221150743
Y537S,holo,36,0,0,0.036256742836503264,-0.6461161480763167
Y537S,holo,167,4,0,-0.45122916171130356,0.11462050280719893
Y537S,holo,125,4,0,-0.6339089646641725,-0.10420040561388078
Y537S,holo,163,2,0,-0.18197357984831442,-0.2583148010475469
Y537S,holo,216,0,0,-0.7274629683261296,1.1112804003740848
Y537S,holo,202,3,0,-0.06686693205627492,0.6469757035371515
Y537S,holo,205,1,0,-0.031737895511650294,0.5151430437047679
Y537S,holo,65,3,0,-0.3822997320550705,-0.8116676329037205
Y537S,holo,45,4,0,0.005891350131086881,-0.9006513529971869
Y537S,holo,227,1,0,-0.4123992360209989,-0.1429095813275154
Y537S,holo,168,1,0,-0.21666070266595128,0.35431710603836564
Y537S,holo,67,4,0,-0.12000907450177323,0.14931368714788107
Y537S,holo,100,1,0,-0.550013254294857,-0.011669065804511547
Y537S,holo,246,1,0,-0.19992846957558186,-0.8667597794445783
Y537S,holo,27,2,0,-0.3875039149181667,1.339404746806082
Y537S,holo,12,0,0,-0.4286650199774762,-0.20400708203321472
Y537S,holo,193,0,0,0.19420069688991504,-0.3660910797732555
Y537S,holo,13,1,0,-0.5114041377725513,-0.14820710187591146
Y537S,holo,199,4,0,-0.37563361052592725,0.2721815938029124
Y537S,holo,249,2,0,-0.33530640970321457,0.07157049194728415
Y537S,holo,85,3,0,-0.5077493492681064,-0.6941258866993536
Y537S,holo,44,1,0,-0.20541993638367728,-0.010503957360327831
Y537S,holo,164,2,0,-0.11096213213084383,-0.3912839497502745
Y537S,holo,215,1,0,-0.7726987231604916,0.44323834279896346
Y537S,holo,60,0,0,-0.32370250710984294,-0.0660166831451221
Y537S,holo,104,4,0,-0.14031636980008955,0.13739412731885636
Y537S,holo,159,0,0,0.5864692202940454,-0.0349757741220742
Y537S,holo,193,3,0,-0.42521534386375137,-0.2850461463037419
Y537S,holo,193,2,0,0.2423712497622077,0.5972191238038818
Y537S,holo,125,2,0,0.2654105184486468,0.5120957466411511
Y537S,holo,68,2,0,0.1644623870652815,-0.24517690925664226
Y537S,holo,133,3,0,-0.28270940227858077,-0.27075975926568674
Y537S,holo,220,2,0,0.05012088338957099,-0.6895919897562806
Y537S,holo,132,0,0,-0.8025779435506593,0.1841440867072066
Y537S,holo,109,4,0,-0.3522524682916277,-0.3116100888484681
Y537S,holo,206,1,0,-0.43525584506078374,-0.06035259025082951
Y537S,holo,113,2,0,-0.22771779055650399,-0.11952228269788634
Y537S,holo,183,2,0,-0.7496409288279686,0.630417031579853
Y537S,holo,11,4,0,0.18434437864236486,-0.31201727497219167
Y537S,holo,185,1,0,-0.9367756945975785,0.10215035180675613
Y537S,holo,167,0,0,-0.5568012894019567,0.026684280363767243
Y537S,holo,30,0,0,0.6967689570673308,0.3686635030621801
Y537S,holo,148,2,0,-0.022654615019821023,0.54229968825517
Y537S,holo,231,2,0,-0.6631454880365055,0.057603467186837065
Y537S,holo,100,2,0,-0.6930787194184873,-0.2137848522004333
Y537S,holo,113,1,0,-0.1496963318587028,-1.0705897172352223
Y537S,holo,155,2,0,-0.2743527663142551,0.30514871734675353
Y537S,holo,141,0,0,-0.1777352966176906,0.4096641617768171
Y537S,holo,15,2,0,-0.09603412275567536,-0.8671592766279161
Y537S,holo,10,2,0,-0.655427592391618,-0.8098699394375899
Y537S,holo,70,3,0,-0.2997859321787004,0.6797105306649343
Y537S,holo,144,2,0,-0.137670764920788,0.14875781968832769
Y537S,holo,179,1,0,-0.06504840044774696,0.3514436312743783
Y537S,holo,6,1,0,0.13990523241090713,0.822960742912926
Y537S,holo,57,1,0,-0.34303048320285257,0.17755629192947708
Y537S,holo,31,2,0,-0.8566338181330053,-0.07873355736253984
Y537S,holo,43,1,0,0.05750631690353103,0.4613602566387982
Y537S,holo,16,4,0,-0.35261949703753004,0.10390283170606551
Y537S,holo,177,0,0,-0.3881030278085795,0.6550032995101702
Y537S,holo,46,2,0,-0.020170021260561555,-0.12591028846735242
Y537S,holo,66,1,0,-0.4944421740806497,0.1526748379731515
Y537S,holo,241,2,0,-0.9349964461214313,-0.33208408789425903
Y537S,holo,111,1,0,-0.1413092501566311,0.4297728299974466
Y537S,holo,224,0,0,-0.12721009763227542,0.17696127204260392
Y537S,holo,244,1,0,-1.0418529812659472,0.15739991830608346
Y537S,holo,21,0,0,-0.4146481104760298,1.1896650663172892
Y537S,holo,1,1,0,-0.33170459650012774,0.31125129883133695
Y537S,holo,29,0,0,-0.5143911994024748,0.5176883660789002
Y537S,holo,73,4,0,-0.5716532724068522,1.1500827660570252
Y537S,holo,164,1,0,-0.0670436775354446,-0.7915377735526476
Y537S,holo,185,4,0,-0.07199849408398862,-0.09293396880379134
Y537S,holo,122,2,0,-0.1813749618226872,0.7046126893005464
Y537S,holo,200,4,0,-0.04387519370470372,0.9320711614613657
Y537S,holo,243,3,0,-0.5273927916233632,1.102293259275399
Y537S,holo,224,3,0,-0.20042631718333226,1.2528374656274082
Y537S,holo,74,0,0,-0.26233080718964885,-1.328762739954925
Y537S,holo,171,2,0,0.3707448954020762,-0.5205562006349282
Y537S,holo,245,4,0,-0.5925771010474818,0.9874848645957428
Y537S,holo,127,2,0,0.10670805613490586,-0.4436117426402859
Y537S,holo,90,0,0,-0.7999553752576816,-0.7181597557034536
Y537S,holo,118,4,0,-0.10392376503619616,0.2064771544512638
Y537S,holo,224,2,0,-0.35065473270358893,0.046462998271138645
Y537S,holo,93,1,0,-0.14413215416225,0.5848605745260755
Y537S,holo,124,2,0,-0.6185775333987955,0.7208766969827707
Y537S,holo,45,2,0,-0.4113687837742255,-0.8314171775957675
Y537S,holo,55,3,0,-0.4403253376813723,-0.5404275216915551
Y537S,holo,103,0,0,0.46230608086698766,0.1328532710406165
Y537S,holo,91,2,0,-0.4118577816706548,0.17323799538483797
Y537S,holo,187,2,0,-0.567058394770978,0.6433480372722471
Y537S,holo,152,0,0,-0.2384931051154595,0.6500567658443117
Y537S,holo,125,0,0,-0.516816549472118,0.30471814628610616
Y537S,holo,17,2,0,-0.3268310196168258,-1.054513218267033
Y537S,holo,233,0,0,-0.6702311736777453,-0.9756120841465332
Y537S,holo,220,1,0,-0.7239890191815661,-0.1793158871561502
Y537S,holo,231,3,0,-0.19258232852903134,-0.03121783597244132
Y537S,holo,28,4,0,0.3691845794422193,-0.5121215684359584
Y537S,holo,56,1,0,-0.2109777549049241,-1.1258639149256027
Y537S,holo,24,0,0,-0.3420818501835754,0.12566533228611831
Y537S,holo,106,3,0,0.38699888277155026,0.05666098571609268
Y537S,holo,181,4,0,-0.622500857393657,-0.3284802790163752
Y537S,holo,245,0,0,-0.18787578334936228,-0.7260957581439413
Y537S,holo,22,2,0,0.20803623237291902,0.22379006726042405
Y537S,holo,7,0,0,-0.5709731268623983,0.6162158486673661
Y537S,holo,9,4,0,-0.15550654587908141,-0.14006934427722229
Y537S,holo,71,3,0,-0.2968183137407756,-0.04972941371349293
Y537S,holo,16,0,0,0.058541085136649684,0.012451487145966667
Y537S,holo,161,3,0,0.18082965029102027,-0.3985808304261127
Y537S,holo,145,2,0,-0.18536356436089108,0.5810291207912996
Y537S,holo,16,1,0,-0.08379900889844905,0.44442980020791367
Y537S,holo,130,1,0,-0.031093070322270933,-0.1875301502614235
Y537S,holo,200,3,0,-0.05164046407806566,0.012867683820203979
Y537S,holo,127,0,0,-1.2140446852583722,0.6274302576151172
Y537S,holo,235,4,0,-0.805746999192305,0.5486416615795946
Y537S,holo,37,0,0,-0.3822306942886833,0.0753434793969916
Y537S,holo,136,3,0,-0.18092351640811444,0.13846030601179393
Y537S,holo,175,3,0,-0.461067372938583,-0.6617295688226363
Y537S,holo,148,0,0,0.43839974577826624,0.4881909804247613
Y537S,holo,109,1,0,-0.38308988324358495,0.8234775903805627
Y537S,holo,164,3,0,0.09968619834405956,0.08638594988991599
Y537S,holo,32,3,0,0.34148695505541937,0.45295581933618223
Y537S,holo,159,3,0,0.5073029833114084,0.4280778904189617
Y537S,holo,206,2,0,-0.6048569485747741,0.7248110493046198
Y537S,holo,33,2,0,-0.3167502386411485,0.316433191065812
Y537S,holo,37,3,0,-0.6112559027165823,-0.45275263103290797
Y537S,holo,198,4,0,0.2466799170227283,0.2863765835047758
Y537S,holo,178,3,0,0.4780102603250782,-0.0008252954608707341
Y537S,holo,64,2,0,-0.7549113485684593,-0.08047656643240941
Y537S,holo,156,2,0,-0.5817856313666638,-0.7665106345130965
Y537S,holo,60,4,0,-0.27897828290380744,0.15870899956445328
Y537S,holo,188,1,0,0.1264715758884698,0.13963520854836986
Y537S,holo,14,2,0,0.017372624723293484,0.924815370604378
Y537S,holo,36,4,0,-0.08522152936091487,-0.5565883747609774
Y537S,holo,104,2,0,-0.4618901244513225,-0.1642838229304857
Y537S,holo,228,4,0,-0.2399841705932495,-0.8387655770028317
Y537S,holo,10,3,0,-0.1348170267679194,0.7357368425308408
Y537S,holo,224,1,0,-0.33310208918372197,-0.6193856580585617
Y537S,holo,133,2,0,-0.6593718799090347,0.035010390394376145
Y537S,holo,1,2,0,-0.20230243451947771,-0.889435935861556
Y537S,holo,35,4,0,-0.8262727328775483,-0.0074164409417676325
Y537S,holo,101,2,0,-0.0177074654150573,0.2018549690398146
Y537S,holo,13,0,0,-0.0017340824890013096,0.3895673395922046
Y537S,holo,39,2,0,-0.6260729286566047,-0.24114593717226285
Y537S,holo,174,2,0,-0.2799611473671568,0.19071255296546497
Y537S,holo,81,0,0,-0.16056353500475495,0.4850894677417159
Y537S,holo,248,4,0,-0.9852546786111738,-0.4773162583935431
Y537S,holo,72,0,0,-0.10418072701927272,0.010043617818936923
Y537S,holo,85,1,0,0.12234513889286802,-0.8185977748093762
Y537S,holo,72,1,0,-0.48627690697030346,0.25247034855004813
Y537S,holo,63,1,0,-0.1993824990196913,0.4648663050261348
Y537S,holo,96,1,0,-0.40867259466588735,0.31018840004503545
Y537S,holo,47,1,0,-0.42858248379235775,-0.5637503867442035
Y537S,holo,200,1,0,-0.44126576430385356,-0.015700133620910606
Y537S,holo,136,4,0,-1.0581608144903818,0.455589517057021
Y537S,holo,138,3,0,-0.33038325936799495,-0.2872875752502324
Y537S,holo,54,3,0,-1.4258156405506206,1.0364823259497342
Y537S,holo,19,3,0,-0.6516416720087399,0.27057857999120927
Y537S,holo,202,2,0,-0.04230715250590933,-1.00728156395229
Y537S,holo,151,1,0,0.3075760317818599,-0.0526920431727973
Y537S,holo,175,2,0,0.0582127371905905,0.13776249592413592
Y537S,holo,66,3,0,-0.7153821527378739,0.7567007536580945
Y537S,holo,131,1,0,0.33448246592955755,-0.28348004870093746
Y537S,holo,209,4,0,-0.6762236692034769,-0.1901271808275169
Y537S,holo,44,4,0,-0.2474471409657788,-1.2130387109156686
Y537S,holo,127,4,0,-0.021935261010753493,-0.009882476332649048
Y537S,holo,20,4,0,-0.038013341377077126,-0.17940898926902094
Y537S,holo,171,1,0,-0.24178568675281298,0.02348991619622609
Y537S,holo,181,1,0,-0.8104959978768527,0.4523969431300685
Y537S,holo,25,4,0,0.46061869055288085,-0.23488965581833554
Y537S,holo,115,3,0,-0.12847742609233848,-0.23197680387364983
Y537S,holo,201,3,0,-1.5296568829707624,1.2525132007121158
Y537S,holo,48,2,0,-0.47697837977515434,0.593525865504489
Y537S,holo,32,1,0,-0.43030171735778566,-0.40866532380337617
Y537S,holo,72,2,0,-0.710402376211789,-0.6274864503473196
Y537S,holo,168,2,0,-0.2661101404410964,-0.8622168521138462
Y537S,holo,1,0,0,-0.24627166468040684,-0.23810381840468153
Y537S,holo,126,1,0,-0.7549821290498002,0.38936295939851107
Y537S,holo,88,1,0,-0.07702353615501423,-0.2186872593511282
Y537S,holo,32,2,0,-0.14069801954951444,0.423051438559753
Y537S,holo,242,1,0,-0.2131454652207232,0.011280682957547583
Y537S,holo,8,0,0,-0.2225806325077393,-0.20722050535337644
Y537S,holo,43,3,0,-0.678647663961808,0.20683668237117558
Y537S,holo,173,1,0,-0.1989019693124945,-0.4451430554318705
Y537S,holo,156,4,0,-0.2515600681173531,0.011313665035700637
Y537S,holo,100,3,0,-0.5847095970792218,-0.567853590120464
Y537S,holo,15,3,0,-0.5394908386324992,-0.13157891470272887
Y537S,holo,215,4,0,-0.3207812501625149,-0.5335402680691175
Y537S,holo,74,1,0,-0.22436041277350682,0.4785216440223934
Y537S,holo,6,3,0,-0.6240085251184126,0.37319082397854686
Y537S,holo,61,2,0,0.15094564677331235,0.2003883640522588
Y537S,holo,77,2,0,-0.14527330208518308,-0.3900107272888249
Y537S,holo,23,2,0,-0.0979758834377229,0.25071319455445007
Y537S,holo,102,2,0,0.014956707031000605,0.5288689463845344
Y537S,holo,144,0,0,-0.0823447230757246,-0.7073840652229677
Y537S,holo,144,3,0,-0.869720277197306,-0.08598751452332465
Y537S,holo,231,0,0,-0.3579382393812729,0.28748772264818
Y537S,holo,124,3,0,-0.44105150557685846,0.4694810958455804
Y537S,holo,177,3,0,-0.1541958126807721,-0.8236801800464093
Y537S,holo,223,3,0,-0.2769628024601438,-0.39048174023064064
Y537S,holo,162,2,0,0.2573452021872278,0.4649866174205357
Y537S,holo,96,4,0,-0.2700276300921587,-0.606072790538164
Y537S,holo,47,4,0,-0.3658957538538772,0.8334518581678765
Y537S,holo,240,4,0,-0.7351018952482384,0.6604008887174189
Y537S,holo,235,2,0,-0.2943007059296434,-0.2784087334523093
Y537S,holo,89,1,0,-0.4309112761984366,0.1843729293642582
Y537S,holo,179,0,0,-0.15454463714982936,-0.00035218578729256933
Y537S,holo,152,1,0,-0.7373368220534857,1.0544259397876345
Y537S,holo,153,0,0,-0.1374852616770852,0.03708176100263927
Y537S,holo,215,0,0,-0.614322433948864,-0.155799717107044
Y537S,holo,135,0,0,-0.7663028401248404,0.58238309807939
Y537S,holo,91,3,0,0.05891096563070164,-0.3501875247891064
Y537S,holo,207,2,0,-0.7198758761547062,-0.33360793032915126
Y537S,holo,35,0,0,-0.17129060328469947,-0.2024110574111404
Y537S,holo,112,1,0,-0.23049178393974756,0.7491526972927005
Y537S,holo,88,4,0,-0.3719078656338155,-0.12439249186368784
Y537S,holo,93,3,0,-0.3893548498044588,0.05984638930515018
Y537S,holo,120,4,0,-0.3668082893628082,0.6079575852596264
Y537S,holo,102,4,0,0.09427916604410669,-0.3408478322054407
Y537S,holo,171,4,0,-0.7060770355885495,0.043895626029325285
Y537S,holo,176,3,0,-0.39612722199194295,-0.0039180397131133304
Y537S,holo,103,3,0,-0.22836875363177356,-0.11862736222091996
Y537S,holo,199,0,0,-0.4655281256465429,-0.2734343920519251
Y537S,holo,21,1,0,-0.5040816230754892,0.2656482029927787
Y537S,holo,179,3,0,-1.1031258300552018,-0.7818514995435777
Y537S,holo,1,4,0,-0.3711295334050959,-0.54844312548461
Y537S,holo,172,3,0,0.293475590105448,-0.11113587673786185
Y537S,holo,4,2,0,-0.41318944327420937,-1.0195181107240643
Y537S,holo,92,2,0,-0.16291678607779048,0.3833500547260229
Y537S,holo,5,4,0,0.09165582674257777,-0.8205854403917243
Y537S,holo,83,1,0,0.41678381951019006,0.20297586647295418
Y537S,holo,13,4,0,-0.48309704374985074,0.7323974256366768
Y537S,holo,115,2,0,1.0725830680672424,-0.0500569663450392
Y537S,holo,126,4,0,-0.2985746827591491,0.03938777993629117
Y537S,holo,222,0,0,-0.018192041331406728,0.5635377968503832
Y537S,holo,192,2,0,0.03167401802501146,0.17215564791757743
Y537S,holo,145,0,0,-0.02972616829917385,0.6006506932087632
Y537S,holo,102,3,0,-0.2055473660612961,-0.3447711787272283
Y537S,holo,67,3,0,-0.06455123497649495,-0.0019037051666117577
Y537S,holo,205,0,0,-0.0818448810299337,0.17029713554461523
Y537S,holo,50,1,0,-0.0342960450157328,0.514213096985543
Y537S,holo,183,3,0,0.13557958772378598,-0.7739098845905943
Y537S,holo,100,4,0,-0.07885364680867113,-0.35392741059106925
Y537S,holo,184,0,0,-0.15718805043604434,-0.35777217942039385
Y537S,holo,250,2,0,-0.29588506413377047,-0.7329209165497304
Y537S,holo,147,1,0,-0.8606578949701991,-0.09037368705195092
Y537S,holo,2,2,0,-0.6960848423221613,-0.30476901473957696
Y537S,holo,59,2,0,-0.09747760843245246,0.46001861990947646
Y537S,holo,109,0,0,-0.5981084700718,-0.49507836446710485
Y537S,holo,141,4,0,0.13314230047026143,-0.2940097969147075
Y537S,holo,79,1,0,-0.2621895398484426,0.02866053992208606
Y537S,holo,97,0,0,-0.6569170483217164,-0.6656677237124029
Y537S,holo,190,1,0,-0.4338399257848806,0.4882058193827561
Y537S,holo,162,1,0,-0.5787469773905833,0.16116703744999938
Y537S,holo,155,0,0,-0.17122536862267523,-0.13776028439220056
Y537S,holo,78,4,0,-0.587286968326012,-0.7899644146670965
Y537S,holo,78,2,0,-0.22274652918645188,0.39803866102828067
Y537S,holo,108,3,0,-0.038456271825957344,0.030279511758152466
Y537S,holo,227,0,0,-0.6279794838569224,0.9202776095484637
Y537S,holo,190,4,0,-0.1856727143949506,-0.19329861436469287
Y537S,holo,135,3,0,0.17636228227413397,0.7471056624910801
Y537S,holo,127,1,0,0.3263227440672978,0.2624154592651706
Y537S,holo,67,1,0,-0.4390895166759421,0.5454762627797152
Y537S,holo,82,2,0,-0.40330123348532254,0.3494843352956707
Y537S,holo,229,4,0,-0.5843807723435326,-0.8231765584582718
Y537S,holo,158,2,0,-0.014805385665255244,-0.3085552142057111
Y537S,holo,250,0,0,-0.11330898335838668,-1.3198850812124334
Y537S,holo,160,2,0,0.13276438835289284,0.9106246369649398
Y537S,holo,219,4,0,-0.3876513242555717,-0.20179158420788212
Y537S,holo,238,1,0,-0.65006335030467,0.02268348842763146
Y537S,holo,212,1,0,-0.4955692473508009,0.8536896499065989
Y537S,holo,44,3,0,0.39664243536058663,0.33696260125441313
Y537S,holo,137,4,0,-0.36625238173522234,0.2680191923981141
Y537S,holo,30,4,0,-0.22378627037970844,-0.3110613387631531
Y537S,holo,121,4,0,-0.9648019136139574,0.7657377270648311
Y537S,holo,106,0,0,0.2825042701647398,0.21645459662524047
Y537S,holo,11,0,0,-0.4248196353435034,1.1807510858928225
Y537S,holo,177,1,0,-0.5769962325234808,0.6204513886259662
Y537S,holo,234,2,0,-0.34059193797747156,0.18868747349409887
Y537S,holo,159,4,0,0.05064296959897874,-1.4267268742379713
Y537S,holo,156,0,0,-0.2543196071675311,-0.0057731558223963475
Y537S,holo,50,3,0,0.14731096093935392,-0.33743925858213686
Y537S,holo,176,4,0,-0.7136551531531765,-0.03174329816415877
Y537S,holo,4,3,0,-0.05144888601901343,-0.498129056496154
Y537S,holo,13,3,0,-0.5252077897925709,-0.29835608662899915
Y537S,holo,209,3,0,-0.25683491310417494,1.0581910656598836
Y537S,holo,84,1,0,-0.47165006576528157,-0.15846930388035219
Y537S,holo,47,3,0,-0.7379513305827494,-0.29716734703518455
Y537S,holo,240,3,0,-0.16916088137913832,1.2112022454982991
Y537S,holo,222,2,0,-0.006081968994706699,-0.07188867591041515
Y537S,holo,94,3,0,-0.15488262950754006,-0.6459938898654372
Y537S,holo,15,4,0,-0.2575074720555257,-0.2110853741895795
Y537S,holo,161,1,0,-0.4203762003925462,0.2281626397679304
Y537S,holo,32,4,0,0.2332368824627089,-0.10596576321771067
Y537S,holo,155,4,0,-0.6426385321276022,0.8850318571560507
Y537S,holo,204,1,0,-0.4277642948124445,0.6528617690516825
Y537S,holo,229,0,0,0.06469504980656993,-0.828550534450585
Y537S,holo,241,4,0,-0.6320841629058549,-0.5971250467368634
Y537S,holo,12,3,0,0.6448093647334794,-0.288648834937149
Y537S,holo,151,3,0,0.27146879081151454,-0.6345083553713664
Y537S,holo,182,2,0,-0.6199444971315238,-1.118270037222274
Y537S,holo,233,2,0,-0.44237014860214074,0.5438102533888127
Y537S,holo,163,1,0,-0.4861191321158529,-0.2718169583679355
Y537S,holo,207,4,0,-0.8966512691127555,0.40420080341871767
Y537S,holo,197,3,0,-0.03071090498504958,0.10698106483899039
Y537S,holo,137,3,0,-0.7216170212669262,0.2582413499349201
Y537S,holo,82,4,0,-0.39998566129946056,1.1579028488926468
Y537S,holo,52,2,0,-0.8274464160047579,0.6331105398868715
Y537S,holo,227,4,0,0.16793570866551022,0.047832643342587744
Y537S,holo,97,2,0,-0.840261681328581,-0.44155633089424384
Y537S,holo,237,2,0,-0.6696446253501982,0.2015797592650017
Y537S,holo,244,0,0,-0.19255648057055197,0.30556305295998243
Y537S,holo,95,0,0,-0.5950625821823223,-0.22728641400874494
Y537S,holo,88,3,0,-0.977538543801888,0.21482525184946155
Y537S,holo,184,4,0,-0.3191794601495914,-0.11737197276502798
Y537S,holo,106,2,0,0.05345664263129635,0.6640652927996911
Y537S,holo,119,1,0,-0.08817525140795723,-0.705469736950306
Y537S,holo,250,1,0,-0.3068942439321205,0.05052620255642637
Y537S,holo,214,0,0,0.0647208922771263,0.1008061243328342
Y537S,holo,51,1,0,-0.38770970927932424,-0.349407653624084
Y537S,holo,119,3,0,-0.24417586448956996,0.3741507347672979
Y537S,holo,82,3,0,-0.4074052939055193,-0.6584501264259615
Y537S,holo,246,4,0,-0.11078809661987776,0.035506977961873076
Y537S,holo,117,4,0,-0.23456591265837545,-0.8721530742483736
Y537S,holo,164,0,0,-0.34826359938804785,-0.43334652339373747
Y537S,holo,102,1,0,-0.2791969395216185,-1.1199818650470235
Y537S,holo,9,2,0,-0.7081868951321404,0.37687013882863596
Y537S,holo,151,0,0,-1.0187816849349396,0.32046671341595356
Y537S,holo,4,4,0,-0.49766314114714305,-0.021485229652824955
Y537S,holo,163,3,0,-0.769914655952256,0.03146244584921476
Y537S,holo,210,0,0,-0.1307140116588208,0.6498084116665126
Y537S,holo,169,0,0,0.12662166392435736,-0.3070295606357547
Y537S,holo,183,1,0,0.05132637684645758,0.45454358829208275
Y537S,holo,36,3,0,-0.6182536200645963,-0.41337064399378676
Y537S,holo,219,3,0,-0.7062602836966363,0.8322263210554439
Y537S,holo,50,2,0,-0.5415238424366855,0.7624939316509796
Y537S,holo,232,2,0,0.22782400955896165,-0.3502680234872031
Y537S,holo,30,1,0,-0.9189424639965154,0.1036635019316492
Y537S,holo,231,1,0,0.5116653227899128,-0.1306195516514208
Y537S,holo,107,4,0,-0.5641816566641573,0.002132158848354493
Y537S,holo,51,0,0,-0.7303309348026374,-0.12847310672393064
Y537S,holo,117,0,0,-0.1086257350991886,-0.2550825901541174
Y537S,holo,196,2,0,-0.6049467478129777,0.06331345669458699
Y537S,holo,23,1,0,-0.20982390372114068,0.1658797818073623
Y537S,holo,208,3,0,0.2602093520275943,0.8865994090196239
Y537S,holo,227,2,0,-0.34787262385365736,-0.09755889495806969
Y537S,holo,172,0,0,-0.033139860798304,0.8314460530816774
Y537S,holo,66,0,0,-0.6924664752671497,-0.18461575941168462
Y537S,holo,211,4,0,-0.5393757623578956,-0.29484603256175035
Y537S,holo,130,2,0,0.042357437023177624,-0.9660940489147407
Y537S,holo,212,4,0,-0.31479405804206095,0.7392647858124946
Y537S,holo,49,0,0,0.3308807226981365,-0.6289005277700426
Y537S,holo,189,4,0,-0.37544954826823584,-0.12715285698043033
Y537S,holo,105,2,0,-0.10921858059515088,-0.010927393048689282
Y537S,holo,33,4,0,-0.6506868940777757,-0.19470618610651513
Y537S,holo,80,4,0,-0.17811021498408408,0.6151672444959502
Y537S,holo,17,1,0,0.4454736827804737,0.4878485738337588
Y537S,holo,187,0,0,0.4668535758662671,-0.19993734944587516
Y537S,holo,96,0,0,-0.2846925023368492,0.9006387732582368
Y537S,holo,99,0,0,0.10953127835728793,0.3492782394794176
Y537S,holo,28,1,0,-0.579643623294686,-0.18240619563664495
Y537S,holo,167,2,0,0.07742784003887948,0.2707063167595152
Y537S,holo,115,1,0,-0.7859768608752304,0.2515104301534592
Y537S,holo,249,3,0,-1.1181059078237254,0.21677331610031558
Y537S,holo,91,4,0,-0.47537193161181435,-0.7004561257102182
Y537S,holo,201,1,0,-0.6698632460571119,1.4222007459048598
Y537S,holo,111,2,0,-0.48310417268049477,0.35238836421990527
Y537S,holo,127,3,0,-0.8882570211257637,0.2943951925255561
Y537S,holo,52,0,0,0.14205756624903643,-0.11786382126842909
Y537S,holo,137,2,0,-0.1599513892329263,-0.1374384635374497
Y537S,holo,230,4,0,0.1506476100459473,-0.4866199293730489
Y537S,holo,169,4,0,-0.5055700371688019,-0.44287136246508396
Y537S,holo,72,4,0,0.2583966173018979,0.7034266149532868
Y537S,holo,212,2,0,0.021957264442637126,0.047422919400062824
Y537S,holo,141,2,0,-0.1836696658435848,-0.6439128566687913
Y537S,holo,248,0,0,0.03710732046847909,-0.2933016822016441
Y537S,holo,55,1,0,-0.22435458891655102,0.25514732089833103
Y537S,holo,186,4,0,-0.4030393267832757,-0.3087682010410333
Y537S,holo,17,3,0,-0.24810735184555455,-1.0391155962628176
Y537S,holo,140,3,0,-0.22404467646580528,-0.20579848752792884
Y537S,holo,122,1,0,-0.592280173870364,-0.18491543960810475
Y537S,holo,10,1,0,-0.10729592161472112,0.11094081344168671
Y537S,holo,83,3,0,-0.6417568226395787,-0.24965138119196695
Y537S,holo,169,3,0,-0.38574211491276245,-0.36281666362322085
Y537S,holo,180,1,0,-0.40061653054756974,-0.655613245332944
Y537S,holo,242,2,0,0.14133431447111278,0.036075953074757194
Y537S,holo,164,4,0,0.41797209216143116,-0.05392710590690797
Y537S,holo,136,1,0,-0.18758743587916982,-0.23506904565962827
Y537S,holo,240,0,0,-0.47918948458185184,-0.5084188955273561
Y537S,holo,34,3,0,-0.34820684543388225,-0.20139055579308263
Y537S,holo,98,2,0,-0.0640497811491123,0.2557418429715028
Y537S,holo,18,0,0,-0.02129211586690971,-0.03220530672932398
Y537S,holo,119,4,0,0.07916523508334805,-0.5645407103508262
Y537S,holo,81,1,0,-0.02365805643991692,-0.18728308066422983
Y537S,holo,4,1,0,-0.3510800300917829,0.4474285035520751
Y537S,holo,155,3,0,0.6237843531254974,0.32239008711809447
Y537S,holo,95,4,0,0.03372353457959676,0.14648627184034524
Y537S,holo,104,3,0,0.13670708595970993,0.13513388978452667
Y537S,holo,190,3,0,-0.7095244666541518,0.11837341521723488
Y537S,holo,161,2,0,-0.9313407034542038,-0.36438574361812925
Y537S,holo,148,3,0,-0.41227665340238673,-0.3035067218988132
Y537S,holo,81,4,0,-0.9863343718704165,-0.06807247443695985
Y537S,holo,35,1,0,-0.2529354134637316,-0.046460418442364926
Y537S,holo,202,1,0,-0.21420502551965726,-0.18945783269654726
Y537S,holo,223,2,0,-0.09530692073732538,-0.7478665615585243
Y537S,holo,101,1,0,-0.11162469445381262,-0.5594652713748616
Y537S,holo,102,0,0,0.014504984331068727,-0.42568670968431377
Y537S,holo,99,3,0,-0.5299960970167241,-1.0932288142716118
Y537S,holo,110,3,0,-0.4846890113271769,-0.6410834349921402
Y537S,holo,214,1,0,-0.2328718543118775,-0.08920065552015899
Y537S,holo,140,1,0,-0.31815049099378356,0.33662072444761293
Y537S,holo,48,1,0,-0.7544294775241482,-0.8780219890711294
Y537S,holo,108,0,0,-0.2177614141360955,0.6234175888582172
Y537S,holo,236,1,0,-0.5515918525048633,-0.2319386296218653
Y537S,holo,128,0,0,-0.18241767152935395,0.297586894173719
Y537S,holo,81,3,0,-0.06977302361282867,0.3034205432524857
Y537S,holo,83,0,0,-0.9377028846181261,0.6370705271056352
Y537S,holo,138,4,0,0.7678678728536426,-0.5417090757892993
Y537S,holo,124,0,0,-0.6008897027989661,0.12133972414392247
Y537S,holo,132,3,0,-0.00978937870152663,-0.7572125695789396
Y537S,holo,53,2,0,-0.6486844021761584,-0.4149771491283758
Y537S,holo,19,0,0,-0.13951298916117238,0.07942029592845756
Y537S,holo,91,1,0,0.9062003341725173,-0.14798214910123875
Y537S,holo,224,4,0,-0.7879688539436458,0.43152731943905565
Y537S,holo,52,1,0,-0.5277112977327896,0.06495669305458307
Y537S,holo,33,0,0,-0.15679615125526425,-0.16390296840742735
Y537S,holo,30,2,0,-0.17924615396571397,-0.8660506187383419
Y537S,holo,87,1,0,-1.178745316255167,-0.32917454046598493
Y537S,holo,103,4,0,-0.867262205981195,0.8079098619952703
Y537S,holo,250,3,0,-0.015984071337467043,-0.5739351773809318
Y537S,holo,234,3,0,-0.6938561841922848,-0.1070139354920201
Y537S,holo,190,0,0,-0.06810575159484955,-0.1965543285378999
Y537S,holo,34,4,0,0.18086942665253858,-0.5194136099895843
Y537S,holo,15,0,0,-0.606997014070128,0.29930099620104045
Y537S,holo,218,1,0,-0.9656399757088039,0.0037968973850439625
Y537S,holo,2,4,0,-0.5078929377686059,-0.17241829450959756
Y537S,holo,132,1,0,-1.0748546908827947,0.2115904315961359
Y537S,holo,234,4,0,-0.13335832895898037,-0.275451627880301
Y537S,holo,56,4,0,-0.01858165832069858,0.3939868125267054
Y537S,holo,194,4,0,-0.45002006184139276,0.5807303285589569
Y537S,holo,146,3,0,-0.09303282321976525,-0.14803581730672022
Y537S,holo,27,0,0,-0.306536411859323,0.009189320239286758
Y537S,holo,201,4,0,-0.5904056655749486,0.2541098671334936
Y537S,holo,229,3,0,-0.0998167025459118,-0.1263176418189289
Y537S,holo,19,4,0,-0.3335607695702585,0.086862816516728
Y537S,holo,83,2,0,-0.3007859063719316,0.08241280750523572
Y537S,holo,106,4,0,0.13998769458649463,0.24500192159949563
Y537S,holo,59,1,0,-0.46816009589106855,-0.2123500848740889
Y537S,holo,129,1,0,0.6845846977300205,-0.8101680695601914
Y537S,holo,162,4,0,-0.4897100810441657,0.21051325146697764
Y537S,holo,23,3,0,0.19463884027794265,-1.1491517337424852
Y537S,holo,48,3,0,0.1996466632850833,0.20916096894210057
Y537S,holo,12,1,0,-0.797480771258197,-0.07007827688042312
Y537S,holo,215,2,0,-0.946258839411751,0.4363058810367306
Y537S,holo,129,4,0,-0.2334320712930058,-0.7188100891796694
Y537S,holo,76,2,0,-0.22726624681815366,0.4448201632365425
Y537S,holo,76,3,0,-0.3829838086791675,0.3655327201755938
Y537S,holo,15,1,0,-0.5683874354231335,-0.48083152571445
Y537S,holo,219,1,0,0.30124068041022056,-0.4892505119030801
Y537S,holo,53,0,0,-0.8132528495279807,1.097678764877557
Y537S,holo,34,0,0,-0.5515832942587231,0.7492796643782356
Y537S,holo,217,4,0,-0.8760783482852439,0.11561565767104298
Y537S,holo,230,1,0,0.1382109304463235,0.09061944641014463
Y537S,holo,132,2,0,-0.7075153082906063,1.2381585462625253
Y537S,holo,22,0,0,-0.40892529329078897,-0.04497088600011523
Y537S,holo,151,2,0,-0.3942278083998083,0.463076238013997
Y537S,holo,228,0,0,-0.7089084703369366,-0.43694384433209166
Y537S,holo,70,2,0,-0.6343080672634365,0.2556571699659713
Y537S,holo,121,1,0,0.14495327880247544,-0.07743350572471286
Y537S,holo,97,3,0,0.1769963374679442,-1.0152587933265522
Y537S,holo,130,4,0,-0.9400447384835857,-0.9077572349521716
Y537S,holo,131,3,0,-0.33122520811830825,-0.4946474865268442
Y537S,holo,46,0,0,-0.43424328460672257,0.4169359291052359
Y537S,holo,213,0,0,-0.3338370477609338,-0.829987076882233
Y537S,holo,140,4,0,-0.22942825922686083,0.5911189675947384
Y537S,holo,80,2,0,0.22738448752475193,0.15922968506242796
Y537S,holo,47,2,0,-0.38193219413251356,0.3777323468544438
Y537S,holo,87,3,0,-0.37440296833502273,-0.6489782808506703
Y537S,holo,54,0,0,-0.19480128539207442,-0.3822938469825772
Y537S,holo,107,2,0,-0.4548708484938402,-0.2842694729593944
Y537S,holo,22,1,0,-0.24028400892156654,0.4039488264332505
Y537S,holo,108,2,0,-0.009176481176460527,-0.8060664479248913
Y537S,holo,86,3,0,-0.6964025795826565,-0.03740493379524423
Y537S,holo,128,1,0,-0.4866779425407941,0.2869329724433527
Y537S,holo,147,3,0,-0.9161132594420991,-0.40687237281798616
Y537S,holo,60,1,0,-0.6236788734123593,0.3176587837995015
Y537S,holo,243,2,0,-0.011776138741890207,0.4555177107301631
Y537S,holo,134,3,0,-0.6144366217073092,0.49059494068262666
Y537S,holo,79,4,0,-1.0175426291340344,-0.13871188995155137
Y537S,holo,136,0,0,-0.028934419535314504,-0.3905830287356622
Y537S,holo,87,0,0,-0.368445458473758,-1.224010731207784
Y537S,holo,236,0,0,-0.04116439606912081,-0.11543114142563127
Y537S,holo,232,0,0,-0.11794741051642177,-0.5149127774107711
Y537S,holo,237,3,0,-0.5282174367274699,0.4315281113211
Y537S,holo,25,1,0,-0.32966902919658736,0.37579507726654526
Y537S,holo,225,0,0,0.01486331031091126,-0.071245702134064
Y537S,holo,99,4,0,-0.3519070590304416,-0.20155456910181613
Y537S,holo,35,2,0,-0.013901163323819077,-0.3142402425641535
Y537S,holo,56,3,0,0.10851463240855352,0.46872562485854985
Y537S,holo,73,1,0,-0.08462337634043493,-1.0246057166550884
Y537S,holo,70,0,0,0.21283184977109215,-0.41147104367114196
Y537S,holo,178,4,0,-0.2431621425204149,-0.14198812641380698
Y537S,holo,95,1,0,-0.4193611070198848,-0.11292280454152603
Y537S,holo,191,1,0,-1.1200515739704535,0.24912039887269088
Y537S,holo,245,2,0,0.12318083495636145,0.27675191859874815
Y537S,holo,114,4,0,-0.4151587011531426,0.6562968745272855
Y537S,holo,75,3,0,-1.2967585551595846,0.20365691280302656
Y537S,holo,14,3,0,-0.28820897713668003,1.3244089341308438
Y537S,holo,134,4,0,-0.5339803169128459,0.5909497682630018
Y537S,holo,222,1,0,-0.22449033282572017,0.0411806053938335
Y537S,holo,203,3,0,0.42529448289220895,-0.4831921757069324
Y537S,holo,24,2,0,0.35212541475620895,-0.05713444101927223
Y537S,holo,188,3,0,-0.08572982553204866,-0.15897014196023918
Y537S,holo,206,3,0,-0.18199545859120647,0.7323476979467358
Y537S,holo,148,1,0,-0.022486165623671894,-0.3893776827920874
Y537S,holo,119,0,0,-0.10066957616493966,1.03796235668554
Y537S,holo,167,3,0,-0.48239255494999256,-0.11463857051357706
Y537S,holo,42,2,0,-0.9120540694289758,0.9467254848443076
Y537S,holo,38,0,0,0.029403149731709988,-0.052564983475505755
Y537S,holo,191,0,0,-0.8906964497694112,-0.23943045633325255
Y537S,holo,123,2,0,-0.19074385532476157,-0.5331706319476552
Y537S,holo,90,1,0,-0.04212210618075929,0.7436614051829906
Y537S,holo,41,2,0,-0.6599755297107919,0.6483241141768445
Y537S,holo,171,0,0,-0.6498814157887125,0.12239378878541629
Y537S,holo,20,1,0,-0.5388650297858355,0.6860135893825259
Y537S,holo,238,2,0,-0.6136381295633733,0.3174629174033754
Y537S,holo,120,2,0,-0.0683844953519106,0.554567508810905
Y537S,holo,26,0,0,0.2090298926448746,-0.1892186883825957
Y537S,holo,232,4,0,-0.5374406027448586,-0.5230989756490771
Y537S,holo,62,2,0,-0.5445290605617608,0.09941012582112307
Y537S,holo,181,2,0,-0.5845620326413972,-0.5547333815395206
Y537S,holo,168,0,0,-0.45594059715845603,-0.03298590680820723
Y537S,holo,139,1,0,-0.4196912377259139,-0.6790985493156825
Y537S,holo,54,2,0,-0.11145193514743568,0.005905045364286821
Y537S,holo,29,4,0,-0.5021275699467793,-0.17557739823661223
Y537S,holo,189,1,0,0.4372841231562603,-0.2933826454007118
Y537S,holo,54,4,0,-0.15082180849372762,-0.013714176553179414
Y537S,holo,84,4,0,0.03275761861943138,-0.0259940019139151
Y537S,holo,82,1,0,-0.5339524999230605,0.32262148198920215
Y537S,holo,119,2,0,0.1879403770655692,0.05851408169195338
Y537S,holo,165,3,0,-0.13099707295543794,-0.10004092775695028
Y537S,holo,223,4,0,-0.6031289995139133,-0.635970555916515
Y537S,holo,169,2,0,-0.023897950533669388,-0.1747475428535381
Y537S,holo,184,2,0,0.03863090077888742,-0.6525951242520307
Y537S,holo,217,1,0,-0.09711050016969125,0.02041221056556708
Y537S,holo,80,0,0,-0.7731304095980391,-0.8056020491675326
Y537S,holo,121,0,0,-0.8444869461632827,0.03682692359038242
Y537S,holo,60,2,0,-0.35079101566623194,-0.10772295586227187
Y537S,holo,238,4,0,-0.35611815687367354,-0.2622655095768067
Y537S,holo,212,0,0,-0.22223898324688562,-0.00997048860455152
Y537S,holo,209,1,0,-0.11694409947777373,-0.46816837186491966
Y537S,holo,94,1,0,-0.10890451471376394,-0.22470750872525969
Y537S,holo,113,4,0,-0.4431961715264272,0.13473876169334176
Y537S,holo,21,2,0,-0.09606728393762154,-0.2894622865554908
Y537S,holo,247,3,0,-0.45110125988799155,0.18735546460091257
Y537S,holo,17,0,0,-0.31991270668372707,0.007052800217920208
Y537S,holo,159,2,0,-0.09243699906880565,-0.10057774116560836
Y537S,holo,6,2,0,-0.4313776128592153,0.8809067173470879
Y537S,holo,22,4,0,0.602154461838996,-0.3759482846270714
Y537S,holo,72,3,0,-0.6902742419908563,-0.02831399376592003
Y537S,holo,64,0,0,-0.08137784150163441,-0.10238111944053685
Y537S,holo,64,3,0,-0.2889491398751822,0.6513536029037397
Y537S,holo,208,1,0,-0.2890604738554323,0.21293866390072935
Y537S,holo,51,2,0,-0.5020594800200904,-0.5465540151627266
Y537S,holo,109,3,0,-0.5327037614135897,0.2237078251300062
Y537S,holo,37,4,0,-0.3667949865361493,-0.7106488797416688
Y537S,holo,130,0,0,0.0026721123235944333,0.17550178189094368
Y537S,holo,228,2,0,0.09069581459085185,-0.6373011152033712
Y537S,holo,168,3,0,-0.6077922361333954,-0.2758817169922594
Y537S,holo,89,0,0,-0.7078705745332918,-0.01210250958642689
Y537S,holo,85,0,0,-0.13454902629800713,0.20694676164038128
Y537S,holo,129,0,0,0.011767634442460206,-0.24674935654172714
Y537S,holo,6,4,0,0.0014925355440347232,0.48477478871167534
Y537S,holo,136,2,0,-0.36101583332560594,0.6725135623699146
Y537S,holo,53,4,0,0.2760876379126884,-0.8226602054895977
Y537S,holo,143,0,0,0.057304837848139556,-0.024442092946912908
Y537S,holo,208,0,0,-0.38504243393775184,-1.1608286325846677
Y537S,holo,122,0,0,-0.3800712218851672,-0.16266113238995672
Y537S,holo,182,0,0,-0.24967133886887183,-0.2647853818176884
Y537S,holo,166,2,0,-0.2839664199732752,0.8431602871148556
Y537S,holo,216,1,0,-0.6548663509556611,-0.4795264542750033
Y537S,holo,205,2,0,-1.1687866742345427,0.5461133932552684
Y537S,holo,29,2,0,-0.4130568510561403,-0.1309723380759351
Y537S,holo,156,3,0,0.39196892801249916,-0.39854593871244504
Y537S,holo,204,2,0,-1.040842465619967,0.960641420953479
Y537S,holo,155,1,0,0.4180087781174677,0.009340430000833067
Y537S,holo,42,3,0,-0.2707751778784697,-0.03423057670873675
Y537S,holo,216,2,0,0.19741896685917482,-0.10026400861282525
Y537S,holo,245,3,0,-0.20039193690353585,-0.7225604966143493
Y537S,holo,248,1,0,0.1422366928916894,0.48228448801516777
Y537S,holo,171,3,0,-0.5107234738422051,-0.04259404300781
Y537S,holo,42,4,0,0.2610597736014171,0.826926691278203
Y537S,holo,27,1,0,0.1723998205019477,-0.32392802331979453
Y537S,holo,112,0,0,-0.10911544984792698,0.18580495472168934
Y537S,holo,99,2,0,-0.23128354989876598,0.8509035667264442
Y537S,holo,34,1,0,-0.5433833059708029,-0.026773111081737966
Y537S,holo,141,1,0,0.6979310592381651,0.2519598063407926
Y537S,holo,86,1,0,0.19947008404293953,0.08998807633550143
Y537S,holo,75,4,0,-0.22815511637001862,0.40444035069883455
Y537S,holo,189,0,0,-0.8383601677915031,-0.7037541284738609
Y537S,holo,7,2,0,-0.8640333810227432,-0.19714499421374398
Y537S,holo,238,0,0,-0.7154952868323932,0.2937746386094062
Y537S,holo,221,3,0,0.024837990441977098,-0.18421856517905155
Y537S,holo,229,1,0,-0.2856244955861804,-0.40405225952576984
Y537S,holo,19,2,0,-0.3051629234103963,0.9653783178113002
Y537S,holo,143,4,0,-0.19948011133485366,0.42144682545888656
Y537S,holo,197,4,0,-0.4234490879660413,-1.1815671964825043
Y537S,holo,117,3,0,-0.5944681252718595,-0.03086882518338996
Y537S,holo,162,3,0,-1.2144187678489473,0.31389748685342056
Y537S,holo,166,3,0,-0.5630685434115534,1.0117469548864904
Y537S,holo,211,0,0,-0.2202538393842488,0.11512171222804568
Y537S,holo,65,1,0,-0.33506060624057454,-0.22839238927620897
Y537S,holo,197,0,0,-0.11043209434483003,0.08166146516222739
Y537S,holo,65,4,0,-0.30201041919739424,0.28687563650166226
Y537S,holo,2,3,0,-0.3510548012012613,-0.16016060199247306
Y537S,holo,146,2,0,-0.06343835621138538,-0.15110220037792033
Y537S,holo,24,3,0,-0.2392110691980136,-0.8054733222058985
Y537S,holo,135,4,0,-0.20749808209640364,-0.9562498310275913
Y537S,holo,100,0,0,0.1215774385362316,-0.6495147253578182
Y537S,holo,182,4,0,-0.24811929405653643,0.029464117897774145
Y537S,holo,203,2,0,-0.20494336572831529,-0.06682032400179594
Y537S,holo,61,3,0,-0.9703307657668958,-0.5486553229941364
Y537S,holo,163,0,0,-0.3446103671878049,-1.0291815977291918
Y537S,holo,170,1,0,-0.453172284289721,0.8561668430609757
Y537S,holo,25,3,0,0.050918215167715886,-0.6097751491431893
Y537S,holo,135,2,0,0.29466040665489146,-0.94448521888539
Y537S,holo,90,3,0,0.27107207889156726,-0.1629066552311258
Y537S,holo,12,4,0,-0.15372198014447847,-0.42074028107980155
Y537S,holo,129,2,0,-0.29144881370644526,0.1339958361469087
Y537S,holo,26,3,0,-0.31502846395471096,-0.5476637109091484
Y537S,holo,191,4,0,-0.06375857794385453,0.29268281992517586
Y537S,holo,212,3,0,-0.310595607632564,0.4584963144058065
Y537S,holo,229,2,0,-0.6760236102052808,0.1670636160650929
Y537S,holo,33,3,0,0.200946184283481,-0.88156610218212
Y537S,holo,249,1,0,-0.2575856774365626,-0.4477941621626371
Y537S,holo,218,0,0,-0.2671140810064472,0.6362878277886637
Y537S,holo,174,0,0,-0.26362464356178705,-1.1588614795432193
Y537S,holo,248,2,0,0.181632282606639,-0.8313651168466833
Y537S,holo,232,1,0,-0.26057662476456045,0.5227241835619054
Y537S,holo,195,0,0,-0.5983023558722991,0.4905351312648918
Y537S,holo,71,1,0,-0.02335997114848709,-0.16815216014002488
Y537S,holo,41,4,0,-0.25511338412161066,0.08730442135929195
Y537S,holo,65,2,0,-0.042633558694014084,0.0627029425912724
Y537S,holo,66,4,0,-1.1967862645589342,0.6972509822861639
Y537S,holo,84,0,0,-0.17649764193227213,-0.38109979410231176
Y537S,holo,219,0,0,-0.30775832678215664,0.04514838700532664
Y537S,holo,141,3,0,-0.4681314018640066,0.07796850452761817
Y537S,holo,157,4,0,-0.5695627019483531,-0.0506078045014533
Y537S,holo,16,2,0,-0.40952889891168454,-0.47396225231312883
Y537S,holo,218,3,0,0.23269904111092288,0.2124329213147007
Y537S,holo,217,2,0,0.1938134796052431,-0.19300810236406107
Y537S,holo,14,1,0,-0.9335915349045756,-0.17623965239363315
Y537S,holo,225,4,0,-0.3450434212855882,-0.06103006802055688
Y537S,holo,82,0,0,-0.4247737871974593,1.312471062199677
Y537S,holo,69,2,0,-0.4956719671371985,-0.36638386577261883
Y537S,holo,22,3,0,-0.22007147304371344,0.35891760181308996
Y537S,holo,244,4,0,0.029688413868228736,-0.20902279024126358
Y537S,holo,226,4,0,-0.01869572653722784,-0.40614043066908323
Y537S,holo,125,3,0,-0.23276842377022078,0.21175086647254204
Y537S,holo,56,2,0,-0.6281458524124126,-0.38715849779643463
Y537S,holo,103,2,0,-0.8340483752451036,-0.20240390014997445
Y537S,holo,184,1,0,-0.20664351052126761,-0.09157392350515181
Y537S,holo,249,4,0,-0.24350091987530575,-0.19543805220722277
Y537S,holo,107,0,0,-0.6567150395669827,0.022773001702915963
Y537S,holo,81,2,0,-0.3450994667541707,-1.255202350103204
Y537S,holo,191,2,0,-0.6924705882721511,-0.5986539358385699
Y537S,holo,200,2,0,0.15396428381896143,-0.5836097264326696
Y537S,holo,192,0,0,-0.06360100617041553,-0.7243759772736666
Y537S,holo,32,0,0,0.14138823063898442,0.38227524465625606
Y537S,holo,219,2,0,-0.1270875321913607,0.6205447209271995
Y537S,holo,153,1,0,-0.885456995128866,-0.32503853977040364
Y537S,holo,39,4,0,-0.07162909924833016,-0.22511481667093847
Y537S,holo,31,1,0,-0.47582307807592983,-0.2988824190471462
Y537S,holo,75,2,0,0.5219562865715481,-0.7861688028804963
Y537S,holo,129,3,0,-0.6946574707550788,-0.5704093293188777
Y537S,holo,90,4,0,-0.22569020264673156,-0.2476870253531871
Y537S,holo,160,3,0,-0.4344182072427749,-0.27512329049854145
Y537S,holo,114,1,0,0.08201926383620162,0.09607337571095798
Y537S,holo,175,1,0,-0.6351624716281208,-0.08719878143335791
Y537S,holo,84,2,0,0.4029129026919378,0.5007008500534909
Y537S,holo,71,4,0,-0.9335225638408602,0.09521174308422076
Y537S,holo,247,1,0,0.18690541929879956,-0.5082857646224284
Y537S,holo,80,1,0,-0.01084688013914814,0.40414054477790273
Y537S,holo,112,2,0,-0.1662058118350238,-0.42735851507015354
Y537S,holo,186,1,0,-0.19967670246325042,-0.10174526735892186
Y537S,holo,191,3,0,-0.6866805034900558,-0.2327686940775493
Y537S,holo,123,4,0,-0.1511365591983882,0.505409392451071
Y537S,holo,213,1,0,0.3037962143863844,-0.16229703856407696
Y537S,holo,75,0,0,-0.4711989024074157,-0.20834093626407935
Y537S,holo,110,0,0,-0.6284244534213528,-0.09390815925587503
Y537S,holo,59,0,0,0.21724376265928314,0.2593807660883982
Y537S,holo,9,1,0,0.002599487907961162,-0.5184283208790248
Y537S,holo,204,4,0,-0.4666056349666903,-0.7223802644811741
Y537S,holo,58,4,0,-0.12278826660555353,0.27277824909521087
Y537S,holo,188,2,0,-0.8869099485219678,0.01309631501138142
Y537S,holo,183,0,0,0.2801828580153938,-0.4349403668136915
Y537S,holo,247,2,0,-0.30988678695338123,-0.14395176830186074
Y537S,holo,8,1,0,-0.12103521834463038,0.3527348048668131
Y537S,holo,105,3,0,-0.10519908815490453,-0.483282524956806
Y537S,holo,239,3,0,-0.2263152190760067,-0.07781595102302674
Y537S,holo,161,4,0,-0.18961959269434558,-1.0263101719140195
Y537S,holo,39,1,0,-0.12907350248855565,0.6296289688307866
Y537S,holo,199,3,0,0.20611286650551364,-0.40878431084017564
Y537S,holo,162,0,0,0.10348950556576497,-0.8294511404965164
Y537S,holo,108,4,0,-0.260354296139905,-0.20722171233735764
Y537S,holo,59,3,0,-0.2742665864165481,-0.338542443823485
Y537S,holo,221,1,0,0.1335522405896512,0.08086282067060324
Y537S,holo,20,2,0,-0.23479130031285678,-0.2952755468932793
Y537S,holo,223,0,0,-0.8447351088508626,0.08018251451848357
Y537S,holo,134,2,0,0.384565383597824,1.0655713902829973
Y537S,holo,40,3,0,-1.2267270403563266,-0.23306966727132306
Y537S,holo,27,4,0,-0.4872142540815467,-0.4223572679192529
Y537S,holo,105,4,0,-0.8208170910392205,0.09220333312862294
Y537S,holo,185,3,0,-0.2089000210356886,0.0877639338773406
Y537S,holo,14,0,0,-0.2912711867717164,-0.4044985863471453
Y537S,holo,24,1,0,0.17852570390782319,0.20393671628063714
Y537S,holo,21,4,0,0.41770650073683413,-0.6932170817581067
Y537S,holo,145,1,0,-0.23591374041684077,-0.8738458289727191
Y537S,holo,176,0,0,-0.15610755113815244,-0.09391213953445288
Y537S,holo,211,1,0,0.23848849995471255,0.02475142662677854
Y537S,holo,58,2,0,-0.6969207774114139,0.5150076081638701
Y537S,holo,178,0,0,-0.8998615882390482,0.1161968640794413
Y537S,holo,41,3,0,-0.4921145937661464,0.6909054510185229
Y537S,holo,149,2,0,-0.38280657279211283,0.26393799865142853
Y537S,holo,217,0,0,-0.5135267281217786,-0.6670066944678297
Y537S,holo,38,1,0,-0.46450289529765953,-0.187198041883903
Y537S,holo,42,1,0,-0.0607806145143428,-0.6645696759285613
Y537S,holo,28,3,0,-0.16890078648757978,-0.7071180054023785
Y537S,holo,107,1,0,-0.32888400798339745,-0.008073815400521767
Y537S,holo,176,1,0,-0.5243400145196411,-0.6742915765876916
Y537S,holo,132,4,0,-0.14898404961933664,-0.28437923826516
Y537S,holo,101,3,0,-0.4914235082824945,0.3441554908972648
Y537S,holo,160,4,0,0.24060004051251838,-0.3837265458082726
Y537S,holo,228,3,0,-0.39537490636110917,-0.7300952574573927
Y537S,holo,38,3,0,0.25966174112787854,-0.39491559716675795
Y537S,holo,17,4,0,-0.2158071171961673,-0.012530573682752788
Y537S,holo,131,4,0,-0.2019682018599518,0.8214967822594446
Y537S,holo,14,4,0,-0.4368990915732347,-0.9922044683580111
Y537S,holo,143,3,0,-1.1500373371726909,0.21829402055901426
Y537S,holo,49,3,0,-0.6418176506311468,-0.4101213866162823
Y537S,holo,116,1,0,-0.6945552064197855,-0.5943607172467722
Y537S,holo,194,2,0,-0.6350486116672087,-0.053206409063690785
Y537S,holo,47,0,0,0.0069098178882853745,-0.4515829725840632
Y537S,holo,71,0,0,-0.20727841753917886,0.3028725315190286
Y537S,holo,3,2,0,-0.022075054328158927,-0.6217840812359441
Y537S,holo,215,3,0,-0.23874115526123774,0.21400921937245698
Y537S,holo,99,1,0,-0.19406554897638983,-0.06844302913164313
Y537S,holo,67,0,0,-0.36415783606659247,0.1042132820639523
Y537S,holo,133,4,0,-0.07161518636257469,0.0739228035913726
Y537S,holo,248,3,0,-0.8080999205417427,-0.40519876655966414
Y537S,holo,122,4,0,-0.11876068307192611,0.4609414680409287
Y537S,holo,210,3,0,-0.45071843016786417,0.1445534666088406
Y537S,holo,126,0,0,-0.7774263249235887,-0.32491774108927984
Y537S,holo,25,2,0,-0.21051426628934067,0.15595164503433523
Y537S,holo,55,2,0,0.17606483826946828,-0.16691048225928284
Y537S,holo,187,4,0,-0.19377825913501567,-0.6735835087495587
Y537S,holo,137,0,0,-0.5651461396042023,-0.05259324317225378
Y537S,holo,151,4,0,-0.04379324108755611,-0.2718356032841882
Y537S,holo,76,1,0,-0.2941956115480231,-0.1502351092737797
Y537S,holo,128,4,0,-0.25410938513623194,0.018696442699834392
Y537S,holo,110,4,0,-0.41018654050528625,0.23287557380669455
Y537S,holo,105,1,0,-0.42029870105137945,0.24658368900261962
Y537S,holo,175,4,0,-1.3489451807141357,-0.41006067723971285
Y537S,holo,74,4,0,-0.45882955629792477,0.27985786631307974
Y537S,holo,124,1,0,0.12222710228729738,-0.3963409357115353
Y537S,holo,225,2,0,0.43201188906298427,-0.8110853681584445
Y537S,holo,149,1,0,-0.7848709579652535,0.7108123494560346
Y537S,holo,38,2,0,-0.580501129494909,0.41760832409957516
Y537S,holo,116,3,0,-0.35762940870253956,0.06184155317623663
Y537S,holo,58,3,0,-0.34972781283410015,1.3394191536836786
Y537S,holo,182,1,0,-0.3685608684423336,-0.2667567168884801
Y537S,holo,27,3,0,-0.009540152813691805,-0.3353282237900288
Y537S,holo,2,0,0,-0.6481129763776998,0.1124976136314757
Y537S,holo,23,0,0,0.13059810361499302,-0.27095069724734344
Y537S,holo,43,0,0,-0.5130910917275244,-0.2919533673281478
Y537S,holo,18,4,0,-0.6744391611316622,1.055120813193824
Y537S,holo,118,3,0,-0.5139182492397403,-0.13254814863147146
Y537S,holo,98,1,0,-0.16836386596739672,-0.42889416686087145
Y537S,holo,43,2,0,-0.4645806669442294,0.8379681847568605
Y537S,holo,51,3,0,-0.9667845245920219,-0.969514973119459
Y537S,holo,137,1,0,-0.7741719673068062,1.3759958987336205
Y537S,holo,120,3,0,-0.5300944780901382,-1.1945959742600252
Y537S,holo,204,3,0,-0.5321440909132207,-0.9066838201834031
Y537S,holo,153,3,0,0.5340574057483138,-0.36141036100904955
Y537S,holo,61,4,0,0.17972552047034895,0.2988239407117277
Y537S,holo,194,1,0,-0.16202202516976172,-0.27191244834304484
Y537S,holo,98,3,0,-0.43290528449569265,0.04291327018704294
Y537S,holo,142,2,0,-0.3890009884771928,0.3108612240375521
Y537S,holo,226,0,0,-0.6872794981375563,-0.06723236851232173
Y537S,holo,16,3,0,0.022892449453362218,0.008442819174504734
Y537S,holo,73,3,0,-0.2892651477290862,-0.23067738591153386
Y537S,holo,197,2,0,-0.1659855726130388,-0.061584607490303256
Y537S,holo,143,2,0,-0.030090377521052147,-0.403171666828527
Y537S,holo,69,4,0,0.3095459899747901,0.5437556998583659
Y537S,holo,201,0,0,-0.6467063623016251,-0.051675294631181146
Y537S,holo,112,4,0,-0.4889545993674922,-0.038710531905664425
Y537S,holo,142,0,0,-0.7421589163102986,-0.07383277416344924
Y537S,holo,250,4,0,-1.0553298055368536,-0.3294417175382307
Y537S,holo,241,3,0,0.025540712312942304,-0.38467958162296156
Y537S,holo,226,1,0,0.2686696492685563,-0.14975444773828883
Y537S,holo,179,4,0,0.16200634477261744,-0.8933747813034785
Y537S,holo,237,4,0,-0.7321007792092686,0.0008965885399021545
Y537S,holo,104,1,0,-0.4884432947655597,0.4276568342364868
Y537S,holo,43,4,0,0.038312112494402584,0.0731039155037081
Y537S,holo,234,1,0,-0.08279230552697925,-0.5547793020860041
Y537S,holo,198,1,0,0.03587003796649313,0.2520003357061853
Y537S,holo,58,0,0,-0.6696736780558616,0.27508430304791887
Y537S,holo,67,2,0,-0.5075620779400829,-0.5572055884906746
Y537S,holo,37,1,0,-0.11372441818435064,-0.14106519343098967
Y537S,holo,195,2,0,-0.21489042047115348,0.6194262503286296
Y537S,holo,221,4,0,-1.1556660595250392,-0.5486498827879984
Y537S,holo,225,1,0,-0.2872462688068502,0.02871419121547092
Y537S,holo,240,2,0,-0.4765731827498989,0.6041544960191629
Y537S,holo,153,4,0,-0.4679918989671208,-0.6650026039489347
Y537S,holo,26,2,0,-1.0181265174768797,-0.5031136751459826
Y537S,holo,225,3,0,0.06617271509451328,-0.571700105301062
Y537S,holo,206,0,0,0.14363633445055513,0.09206009925955527
Y537S,holo,40,2,0,0.008515624776389785,-0.44235156852046487
Y537S,holo,86,2,0,0.2131485045855932,-0.6729687228321808
Y537S,holo,97,4,0,-0.0387578291487074,-0.4586405442758945
Y537S,holo,230,3,0,-0.3365833198163699,-0.5870221894340943
Y537S,holo,149,0,0,-0.7039854596804709,-0.01144214277034905
Y537S,holo,105,0,0,-0.5796018038246444,0.6283405617655546
Y537S,holo,196,0,0,-0.5357273183221203,-0.438521341732681
Y537S,holo,74,2,0,-0.6620142149425909,0.36555683505285685
Y537S,holo,131,2,0,-0.6862773885758351,-0.8098625420412731
Y537S,holo,167,1,0,0.4630147638383164,0.41242916905547133
Y537S,holo,223,1,0,-0.20915394587631297,-0.43641027184470715
Y537S,holo,180,2,0,-0.5063464415396197,0.8070397950847621
Y537S,holo,18,3,0,-0.09590875990496173,-0.11742336109956852
Y537S,holo,161,0,0,-0.1989323897954023,-0.5326799553591712
Y537S,holo,166,4,0,-0.6235762302722385,-0.5536501602477841
Y537S,holo,124,4,0,0.1666450633273442,0.39983135093535793
Y537S,holo,218,4,0,-0.05099474072918753,-0.5162408301385284
Y537S,holo,209,0,0,-0.2322996189994626,-0.5540319125493625
Y537S,holo,8,4,0,-0.6306873866857217,-0.17409404193381306
Y537S,holo,42,0,0,-0.39378418347177657,-0.3120940773453498
Y537S,holo,157,2,0,-0.13712214138723766,0.008069655012533872
Y537S,holo,3,4,0,0.031058933156089097,-0.15576815690485546
Y537S,holo,239,0,0,-0.1409993184306586,-0.34141161495557526
Y537S,holo,160,1,0,-0.9804731825581463,-0.15882563484309742
Y537S,holo,104,0,0,-0.26299054091814966,-0.8502090874271886
Y537S,holo,239,2,0,-1.0370222098626485,-0.5724219302534408
Y537S,holo,197,1,0,-0.2647689575086325,0.8530913985667183
Y537S,holo,31,3,0,-0.6219527221956831,-1.0032952041105148
Y537S,holo,186,2,0,-0.5663064753137519,-0.6710714253587611
Y537S,holo,59,4,0,0.049565618448031756,0.3225559725524363
Y537S,holo,178,1,0,-0.0379227140853402,-0.3118085585574306
Y537S,holo,29,3,0,-0.667651828764896,0.3724505913707219
Y537S,holo,239,1,0,-0.7805257605059879,-0.22138216380793097
Y537S,holo,170,4,0,-0.0845987717317307,0.09485056748458476
Y537S,holo,111,3,0,-0.3980072999139317,0.2557906141841073
Y537S,holo,84,3,0,-0.7460181602711735,-1.130352871198312
Y537S,holo,46,3,0,-0.4679546832146819,-0.5122206968955965
Y537S,holo,213,2,0,-0.7320148944918152,0.7520217245308771
Y537S,holo,226,3,0,-0.6345458721647397,-0.3706309177366762
Y537S,holo,3,1,0,-0.2888218542692229,-0.195968875044656
Y537S,holo,145,4,0,-0.3610086450260255,-0.4371138285308831
Y537S,holo,116,2,0,0.045323968900959244,-0.21743425221623625
Y537S,holo,39,0,0,-0.2695070231897212,-0.5680195062637665
Y537S,holo,125,1,0,-0.5705899787926363,-0.3289478056900208
Y537S,holo,8,2,0,0.208195719523534,0.06117655429069657
Y537S,holo,213,4,0,-0.446183203248129,-0.5168755347617804
Y537S,holo,172,1,0,0.3856441706518652,0.44038778802577383
Y537S,holo,196,1,0,-0.1295804616490308,-0.1039843674744958
Y537S,holo,34,2,0,-0.3434616706737188,-0.4896728694424013
Y537S,holo,39,3,0,0.26703410595928645,-0.5689702399744618
Y537S,holo,26,4,0,0.2492680238321121,-0.04339898066913861
Y537S,holo,89,2,0,-0.3143820797427139,0.5554641686002668
Y537S,holo,218,2,0,-0.10961827501309784,-0.22810288897498765
Y537S,holo,56,0,0,-0.4024774926379173,0.19787170290980782
Y537S,holo,211,3,0,-0.565390062154222,0.45222122288615196
Y537S,holo,89,3,0,-0.029661988496229696,-0.5413436286451514
Y537S,holo,94,4,0,-1.030090396725928,-1.1451874511505764
Y537S,holo,73,2,0,0.15523462313716863,-0.5833186804456147
Y537S,holo,41,1,0,-0.4442252417543031,0.5571352868474548
Y537S,holo,243,1,0,-0.3205024493631363,-0.43822778480075897
Y537S,holo,134,1,0,-0.24105726037459618,0.7984620040289059
Y537S,holo,237,1,0,-0.44342188341182975,0.14753614626160072
Y537S,holo,40,4,0,-0.44745228781382096,0.246079375857434
Y537S,holo,29,1,0,-0.004922097614869614,-0.7098681695193534
Y537S,holo,110,2,0,-0.24487883924270548,0.7543312299088143
Y537S,holo,205,3,0,-0.3666860458556833,1.0222136053015163
Y537S,holo,120,0,0,-0.8629330633412593,-1.2472458932092678
Y537S,holo,195,4,0,0.11193429696710666,0.1450471045919386
Y537S,holo,101,4,0,0.06255819660515982,-0.539362489347397
Y537S,holo,226,2,0,-1.017096997601648,-0.10160048846381642
Y537S,holo,146,0,0,-0.785648231220744,0.23708526979145006
Y537S,holo,68,3,0,-0.6389479852689668,0.20886719846421897
Y537S,holo,9,3,0,-0.40624576168757187,0.013325720090975324
Y537S,holo,176,2,0,-0.7573280150744175,0.11456240974440846
Y537S,holo,217,3,0,-0.35886645796390937,-0.936180425198188
Y537S,holo,192,4,0,-0.9415999548797274,-0.08911079385268295
Y537S,holo,194,0,0,-0.429152058214882,-0.46119069846325544
Y537S,holo,107,3,0,-0.36926091076459144,-1.0560897740865585
Y537S,holo,93,4,0,0.1501728535057545,0.8205884856098606
Y537S,holo,78,1,0,-0.6111782620357928,0.13971865060345579
Y537S,holo,194,3,0,-0.6110754513993086,-0.030911102851447936
Y537S,holo,73,0,0,-1.1985645629996355,0.5079096329750854
Y537S,holo,3,3,0,-0.1964506642572914,0.1291174496819565
Y537S,holo,246,2,0,0.44429675267659263,-0.522539558970621
Y537S,holo,98,4,0,0.26404775564498806,-0.5416333686652024
Y537S,holo,172,4,0,-0.1596839707292439,-0.6437947219099556
Y537S,holo,108,1,0,-0.7149500146235859,-0.23178838940991398
Y537S,holo,13,2,0,0.28995996462650453,-0.17330886680436208
Y537S,holo,230,0,0,-0.10767246706745226,-0.2310711880987384
Y537S,holo,247,4,0,-0.2844102135301263,0.8078577712813484
Y537S,holo,195,3,0,-0.7365876464242724,-0.3898447615148939
Y537S,holo,170,0,0,-0.32262035932235733,0.07303283309617825
Y537S,holo,170,3,0,-0.2451539660308022,0.7732821950581155
Y537S,holo,41,0,0,0.1747628902501539,0.11981977410165712
Y537S,holo,18,1,0,-0.18869471122276593,0.29782320652429917
Y537S,holo,38,4,0,-0.6669063734666985,-0.12722428321804102
Y537S,holo,9,0,0,0.054622028327276695,-0.926923497626305
Y537S,holo,123,1,0,-1.22843716316547,0.6322768632573599
Y537S,holo,184,3,0,-0.6734952867043447,1.00191060258787
Y537S,holo,246,0,0,-0.4624490134725576,-0.16071348626640258
Y537S,holo,123,3,0,-0.42899713868535727,-0.5069823498573669
Y537S,holo,114,3,0,0.21780505877435274,-0.017547235327640465
Y537S,holo,157,1,0,-0.45259523531822765,-0.050334567906588745
Y537S,holo,146,1,0,-0.05665108640189942,0.5742538861095596
Y537S,holo,153,2,0,-0.4810317379928115,-0.10072376887093526
Y537S,holo,12,2,0,-0.7274083805634568,-0.5439352644767865
Y537S,holo,235,3,0,-1.3044633627189377,0.4931796238020496
Y537S,holo,169,1,0,-0.1536905102731403,-0.8100936178230711
Y537S,holo,61,0,0,0.03869936868470347,0.11603590458798863
Y537S,holo,66,2,0,-0.5489587166539671,-0.17731118849880545
Y537S,holo,120,1,0,-0.09246114820026463,0.3934673302153584
Y537S,holo,157,0,0,-0.2918372932544351,-1.4141223939477925
Y537S,holo,50,4,0,-0.6873598960210465,-0.9804763149057152
Y537S,holo,142,3,0,-0.9498685843994075,0.3052571977481051
Y537S,holo,244,3,0,-0.34011479166904124,0.0983628980024207
Y537S,holo,93,0,0,-0.32950463602988833,-0.3808504200065528
Y537S,holo,142,4,0,-0.16719506829765862,-0.37410933470383156
Y537S,holo,114,0,0,-0.1724480540875284,0.6589005629945888
Y537S,holo,243,0,0,-0.19506566579670803,-0.31793774436677325
Y537S,holo,95,2,0,0.3740094641725591,-0.8760346553000886
Y537S,holo,75,1,0,-0.42671184415020846,-0.48056619473700835
Y537S,holo,237,0,0,-0.4730195416707339,-1.0474793655182708
Y537S,holo,89,4,0,0.7727622601282818,-0.1272895677081891
Y537S,holo,247,0,0,-0.6769557641089285,0.7608766111877259
Y537S,holo,98,0,0,-0.10499574672099143,-0.08438802866798767
Y537S,holo,146,4,0,-0.3421278654973676,-0.007198942014497334
Y537S,holo,142,1,0,-0.5392833831231947,0.03289388073984867
Y537S,holo,134,0,0,-0.005461545922287314,0.3267980007869369
Y537S,holo,4,0,0,-1.3278043498599423,-0.6551296573789216
Y537S,holo,40,0,0,-0.5314738270808874,0.633845791910403
Y537S,holo,249,0,0,-0.529864837931413,0.13867268777562458
Y537S,holo,182,3,0,0.11638118027636324,-1.1917575409831187
Y537S,holo,166,0,0,-0.3311097028594645,-0.3010788222696732
Y537S,holo,8,3,0,-0.46797900403328185,-0.16128781411359228
Y537S,holo,2,1,0,-0.6204466894580811,-0.4218552732614711
Y537S,holo,21,3,0,-0.6968664552187818,0.5187077735457706
Y537S,holo,157,3,0,-0.05430438431947948,-1.153287822220321
Y537S,holo,110,1,0,-0.9040739573465792,0.4516807049706273
Y537S,holo,61,1,0,-0.24985037676378496,0.31089230542767154
Y537S,holo,114,2,0,-0.5441053912854237,-0.17378074128724563
Y537S,holo,196,4,0,-0.12098306312764961,-1.445278647805381
Y537S,holo,211,2,0,0.050027274310679104,-0.4652716982451608
Y537S,holo,40,1,0,0.4272705574723048,-0.5130858022198908
Y537S,holo,227,3,0,-0.2965973749370079,-0.40573374024663167
Y537S,holo,186,0,0,-0.8621269551002477,0.44022488095410495
Y537S,holo,69,3,0,-0.1929592408595262,0.6469404757798429
Y537S,holo,19,1,0,-0.24817604469504317,-0.39236721268189
Y537S,holo,94,2,0,-0.5976574916570776,-0.003883831759765144
Y537S,holo,93,2,0,-0.49536197225501155,-0.48029680485342396
Y537S,holo,180,4,0,-0.07232297198443405,-0.2578502510170324
Y537S,holo,25,0,0,-0.001026606123794238,-1.243507186927559
Y537S,holo,71,2,0,-0.8913433130539197,-0.08266436174254466
Y537S,holo,240,1,0,-0.24423433833774055,0.2806629819130677
Y537S,holo,112,3,0,-0.11705068964649712,0.32734459530084337
Y537S,holo,210,1,0,-0.465197848788943,-1.5569578940464055
Y537S,holo,128,2,0,-0.30465658949702856,-0.4057158386910231
Y537S,holo,216,3,0,-0.0511704146969123,-0.9324668550359547
Y537S,holo,111,0,0,-0.5767663095899458,0.011638564931686801
Y537S,holo,168,4,0,0.15062152750736502,-0.6476838179537765
Y537S,holo,196,3,0,0.23288198847837904,-0.34157330458560864
Y537S,holo,60,3,0,-0.2158037051020294,-0.08569260272739143
Y537S,holo,204,0,0,-0.15689586765122598,-0.010642387274458542
Y537S,holo,210,4,0,-1.0473409952805923,-0.40363818730362766
Y537S,holo,166,1,0,-0.6542329593364329,-1.2413236589489998
Y537S,holo,65,0,0,-0.33077194471133,-0.04406132569246779
Y537S,holo,135,1,0,0.5508885254744591,-1.047169294797385
Y537S,holo,195,1,0,-0.06424872516010183,-1.6275142027173217
Y537S,holo,243,4,0,-0.8410373107916627,0.9621039391493156
Y537S,holo,116,4,0,0.1512302544101516,-0.8840425933461944
Y537S,holo,101,0,0,-0.039671868415108946,0.4852453800858143
Y537S,holo,44,2,0,-0.8990980816849188,-0.37612096536247464
Y537S,holo,58,1,0,-0.5418255508705876,-0.13165487636348416
Y537S,holo,232,3,0,-0.04305365697198127,-1.346952878601428
Y537S,holo,143,1,0,-0.3684065065175943,0.3791207093399436
Y537S,holo,210,2,0,0.20382521629431238,0.2705434610922737
Y537S,holo,170,2,0,-0.5882512404703917,-0.5876972784496672
Y537S,apo,64,4,0,-0.6931100626784996,1.0311235290843541
Y537S,apo,115,0,0,-0.9530968824828463,0.6628048131218804
Y537S,apo,97,1,0,-0.3413996476422767,-0.9581735772448781
Y537S,apo,5,0,0,-0.6312184462621815,-0.18739704966625936
Y537S,apo,158,2,0,0.09890501038784194,-0.5618650028914374
Y537S,apo,213,2,0,-0.6969205794395066,0.04072420157358181
Y537S,apo,115,1,0,-0.11002359399995143,-0.3766716633250837
Y537S,apo,150,2,0,-0.7016374479601417,0.26696756780852127
Y537S,apo,28,4,0,-0.29607572899224976,-0.2647267302934466
Y537S,apo,123,3,0,0.05765366506694747,-0.8390998403783243
Y537S,apo,199,3,0,-0.7092897426281155,0.14504237473286707
Y537S,apo,16,2,0,-0.7984476257711748,-0.7545800760971986
Y537S,apo,45,2,0,-0.827205135079776,-0.7489887007885443
Y537S,apo,204,0,0,-0.6194609803771982,0.09904555434195572
Y537S,apo,48,0,0,-1.044252391897917,0.4982308660581509
Y537S,apo,185,0,0,-0.7561979027404178,0.7343348747246949
Y537S,apo,42,3,0,-0.8378371073942894,0.22112676803045872
Y537S,apo,150,1,0,-0.350995527854046,1.120626675258876
Y537S,apo,220,1,0,-0.4577225694174203,0.3204189467354013
Y537S,apo,216,3,0,-0.004353812180319494,-0.5979541103417603
Y537S,apo,199,4,0,-0.24146935186336194,0.09127811019121168
Y537S,apo,150,4,0,-0.9292240166168035,0.8825731391968645
Y537S,apo,219,1,0,-0.7505296298501314,-0.01813819306852338
Y537S,apo,154,4,0,-0.98622295155457,0.9183182572152901
Y537S,apo,54,1,0,-0.6324865085917466,0.609798480558652
Y537S,apo,163,0,0,-0.18782987713749222,-1.028773956384768
Y537S,apo,199,2,0,-0.5374817135121148,0.014366862652821055
Y537S,apo,176,1,0,-0.7656382889299849,-0.30919744597945
Y537S,apo,203,4,0,-0.44540708110058347,-0.5015249073078536
Y537S,apo,185,1,0,0.34292202887968415,0.416959775934302
Y537S,apo,137,0,0,-0.2391121520470385,0.20378996492925694
Y537S,apo,75,4,0,-0.17441597379275464,-0.30225907214165204
Y537S,apo,238,2,0,-0.381967743217686,0.6793725603989031
Y537S,apo,17,0,0,-1.1115731669747824,0.40318738201234794
Y537S,apo,35,0,0,0.45613938628175177,1.0700212615625446
Y537S,apo,196,0,0,-0.0029766312926646776,0.21072647633172892
Y537S,apo,126,2,0,-0.2929314968804917,0.06513133086870937
Y537S,apo,148,1,0,-0.9905725842347621,0.04815811575213047
Y537S,apo,11,1,0,-0.36699447299167076,0.5264589861736795
Y537S,apo,199,1,0,-0.5527026375671866,0.006039909796754728
Y537S,apo,104,2,0,0.02075785891709714,0.31135639453485453
Y537S,apo,7,3,0,-0.1924094983238369,0.41318971891210765
Y537S,apo,72,2,0,-0.07008035523547562,-0.3069771917460571
Y537S,apo,6,0,0,-0.4467888689894366,0.09165002447544168
Y537S,apo,98,0,0,0.2894650131790435,0.29673743396294583
Y537S,apo,198,4,0,-0.695679799643834,-0.2760837307268105
Y537S,apo,165,2,0,-0.7370145781422082,-0.022423690140485064
Y537S,apo,90,0,0,-1.0571117330255788,-0.33290227455448473
Y537S,apo,5,1,0,-0.7808072152480534,-0.6745759432234308
Y537S,apo,150,0,0,-0.5216644882452535,0.35508200784747146
Y537S,apo,97,4,0,-1.278666820670523,-0.2387743375522433
Y537S,apo,216,4,0,-0.9738232265858997,0.6843629704044076
Y537S,apo,188,2,0,-0.1674244233379767,0.6265710088186012
Y537S,apo,186,3,0,-0.5562802312084791,1.088686214513075
Y537S,apo,100,0,0,-1.1700297727974416,0.12281799072215449
Y537S,apo,250,2,0,0.2324774905178124,-0.11532712563860059
Y537S,apo,50,0,0,-0.8235822039648966,0.3383472151382563
Y537S,apo,44,1,0,-0.38908458231224685,0.5130084191908821
Y537S,apo,36,3,0,-0.4813549251129885,-0.5039822992836633
Y537S,apo,50,4,0,0.08505225039895237,-0.9414819123561813
Y537S,apo,203,2,0,0.017446471330838875,0.18370674322771663
Y537S,apo,236,0,0,-0.527541076146484,-0.29126831901402284
Y537S,apo,7,2,0,-0.8810183371108593,0.65682259793752
Y537S,apo,239,3,0,0.574602466272168,-0.43106324735062174
Y537S,apo,244,0,0,-0.10947790230921939,0.08734987723130416
Y537S,apo,163,1,0,-0.5032047544283564,0.8106170398319961
Y537S,apo,90,1,0,-0.5493047893421732,0.5018272714889633
Y537S,apo,168,4,0,-0.9195005710910884,-0.27158306817756284
Y537S,apo,20,4,0,0.12242668065891138,1.115103312802546
Y537S,apo,150,3,0,0.10158143822436116,-0.4421060131140848
Y537S,apo,173,4,0,-0.4034462646968784,0.0828365239636355
Y537S,apo,62,1,0,-0.8446909913834411,-0.1670167097599773
Y537S,apo,51,2,0,-0.643203928385617,-0.053770098851401826
Y537S,apo,185,2,0,-0.5270653874052549,0.6320473348081634
Y537S,apo,186,2,0,-1.0243712480715317,-1.6263203006376443
Y537S,apo,90,2,0,-0.31466826446917295,-0.4679969978012082
Y537S,apo,206,3,0,-0.6779123680922226,0.5758862210404345
Y537S,apo,185,3,0,-0.3454794655899285,0.15363033002967086
Y537S,apo,145,1,0,-0.8132188312394817,0.27204530478850586
Y537S,apo,20,0,0,-0.7271503243710633,0.8510835868467694
Y537S,apo,138,0,0,0.12045638107081658,-0.24832927690410145
Y537S,apo,50,3,0,-0.9831497971081973,-0.4695115945975914
Y537S,apo,163,3,0,0.06524083710645101,0.06624700987967458
Y537S,apo,64,3,0,-0.005044141554478188,0.7859988774816316
Y537S,apo,216,0,0,-0.2747557905768474,-0.19647921889740871
Y537S,apo,72,0,0,-0.8813218791560473,0.4485478035912678
Y537S,apo,213,1,0,-0.11008308222719876,-0.7007524007516821
Y537S,apo,237,0,0,-0.35412626865955943,-1.0154428578744472
Y537S,apo,120,4,0,-0.09950182995377332,0.04764666772211967
Y537S,apo,90,4,0,-0.34516790226344085,-0.47454311357044787
Y537S,apo,219,3,0,-0.636796531840492,-0.15493310376236025
Y537S,apo,5,2,0,-0.40515591249281613,-1.0749258255859075
Y537S,apo,28,0,0,-0.5891816975332063,-0.4942963341925264
Y537S,apo,36,0,0,-0.16836267995784482,0.39623251340401566
Y537S,apo,21,4,0,-0.40356180601661507,-0.1308213790872088
Y537S,apo,140,2,0,-1.2732643547353177,0.7369711911771049
Y537S,apo,10,3,0,-0.2392944712169509,0.08705162584087134
Y537S,apo,49,0,0,-0.43149959776132363,-0.0514994812608478
Y537S,apo,24,1,0,-0.3407213802818454,0.6186487060690808
Y537S,apo,239,2,0,-0.03217822178406138,0.15715853221831821
Y537S,apo,51,3,0,-0.8669850034509459,-0.8721464350947059
Y537S,apo,31,2,0,0.17225544919019598,0.22035831178834542
Y537S,apo,182,3,0,-0.6851963253047231,-0.30539964206683123
Y537S,apo,50,1,0,-0.1340498898662119,0.02875447042337953
Y537S,apo,51,1,0,-1.325118257907409,-0.45809910026866874
Y537S,apo,119,0,0,-1.127184780730147,0.4201946673512964
Y537S,apo,45,0,0,-0.3558646757042965,0.30909994275009467
Y537S,apo,35,3,0,-0.9997654446269983,1.432637871525543
Y537S,apo,119,2,0,-0.838609403043165,0.18095788456264472
Y537S,apo,165,1,0,-0.49534807107957946,0.33020032350530926
Y537S,apo,104,1,0,0.07160563297657419,0.24789679967526013
Y537S,apo,75,1,0,-0.6531898123194111,1.011887800090662
Y537S,apo,80,2,0,-0.9599865731020003,0.09207638898597281
Y537S,apo,20,3,0,-0.543233643191467,-0.27392281618878656
Y537S,apo,12,0,0,-0.5043213885070479,-1.09551566384242
Y537S,apo,138,1,0,-0.48718839825382076,-0.07793227219161736
Y537S,apo,153,3,0,-0.666710008380818,0.5367409853608223
Y537S,apo,189,4,0,-0.6269366972714394,-0.623391595224021
Y537S,apo,11,3,0,-0.44693921457113106,1.098097019231318
Y537S,apo,216,1,0,0.08902239351558094,-0.9901043839890633
Y537S,apo,239,1,0,-0.6353481157466234,-0.8016233584389454
Y537S,apo,35,1,0,-0.22982294617392895,-0.5738236224100461
Y537S,apo,132,3,0,-0.2985483866398795,-0.02549608251358393
Y537S,apo,58,2,0,-0.6384647290542205,0.6626893870613628
Y537S,apo,51,0,0,-0.3723556948894178,-0.01589475324817613
Y537S,apo,227,3,0,-0.8732312897739973,0.29324049000479135
Y537S,apo,79,1,0,-1.2099051690058218,0.9522563279601712
Y537S,apo,137,1,0,-1.2689216676524424,0.9404619408927744
Y537S,apo,81,1,0,0.0412607604835209,-0.569013459840022
Y537S,apo,115,2,0,-1.1891447780625413,-0.24108347274199105
Y537S,apo,228,2,0,-1.0703952697509393,-0.5222268447044485
Y537S,apo,176,0,0,0.006103137670834258,1.0597512517044265
Y537S,apo,166,2,0,-0.6918660539312107,0.4242521714000276
Y537S,apo,124,2,0,-1.6290521124615438,0.7797182782721848
Y537S,apo,45,4,0,-0.9623196836219812,0.5359105108330624
Y537S,apo,241,0,0,-0.1621907884557494,0.46602659251388445
Y537S,apo,96,3,0,-0.1351020872195292,-1.015317140979505
Y537S,apo,128,4,0,-0.916757529741286,-0.5848794802859487
Y537S,apo,38,4,0,-0.6099250861236882,0.7139832884518853
Y537S,apo,31,1,0,-0.28877286100272315,-0.8410580175902567
Y537S,apo,17,1,0,-1.2609423819074266,0.09916374829286667
Y537S,apo,213,4,0,-0.29174436942608395,-0.31674092613899063
Y537S,apo,233,2,0,-0.6983774392870252,-1.0081663093750564
Y537S,apo,17,3,0,-0.3303340024088257,0.4705877678177046
Y537S,apo,115,3,0,0.013507592737621366,-0.6364458572978435
Y537S,apo,165,3,0,0.1386588467899479,0.13389124137161446
Y537S,apo,239,4,0,-1.3265411066853936,0.32134938192717755
Y537S,apo,20,1,0,-0.3605257245200342,-0.929665026418391
Y537S,apo,81,4,0,0.17726679913036847,-0.7363181612142427
Y537S,apo,213,0,0,-0.610377426367485,0.8901159600941924
Y537S,apo,11,0,0,-0.40527370615935965,-0.2051980428430369
Y537S,apo,129,0,0,-0.6213789929229421,0.023363767232694954
Y537S,apo,193,0,0,0.2373218020264538,1.1751269764126704
Y537S,apo,96,1,0,-0.8977304941652378,0.019991850681222445
Y537S,apo,64,2,0,-0.13412840758739009,-0.1598212477041443
Y537S,apo,183,0,0,-0.2852451664268898,0.7895198796310012
Y537S,apo,191,3,0,-1.0256564833869106,1.083490911213758
Y537S,apo,39,4,0,-0.9440217127169852,-0.18689159792769772
Y537S,apo,63,3,0,-0.7369393218143614,0.6156103618503863
Y537S,apo,127,4,0,-0.7494877283670078,0.5926884301596118
Y537S,apo,172,3,0,-0.45841647752682135,1.0762552544032786
Y537S,apo,153,4,0,-0.6767173699002988,-0.3839480588066806
Y537S,apo,41,1,0,-0.6691631195862549,0.1969148663368827
Y537S,apo,91,2,0,0.3162797303523348,-0.5878019599882549
Y537S,apo,236,1,0,-0.39903796817369397,-0.10898411420549792
Y537S,apo,118,3,0,-1.0551658568481876,0.07713748687574196
Y537S,apo,196,4,0,-0.38093201445172653,0.46564912919654944
Y537S,apo,68,1,0,-0.8918418676127757,1.2673496748134596
Y537S,apo,39,1,0,-0.950089657428812,-0.6753610254095577
Y537S,apo,1,1,0,-0.16273439617420138,0.09700275963473359
Y537S,apo,64,0,0,-0.3212652453945992,-0.9745647035043561
Y537S,apo,208,1,0,-1.0894758634493549,-0.06257436148938211
Y537S,apo,199,0,0,-0.4452658584529914,0.4583026765723872
Y537S,apo,35,2,0,-0.272696198961512,0.05080001330323114
Y537S,apo,229,3,0,-0.799885816629569,1.047731549756179
Y537S,apo,83,3,0,-0.33931151209914745,0.49734574202436477
Y537S,apo,35,4,0,-0.6949228417997872,0.8070415099358712
Y537S,apo,126,4,0,-1.113232388444544,-0.9659549701580232
Y537S,apo,176,4,0,-0.6615553169768269,0.041839938630843676
Y537S,apo,75,2,0,-0.6850173189465814,0.716358238365217
Y537S,apo,141,1,0,-0.6934492945869479,-1.0777456152513594
Y537S,apo,154,1,0,-0.6139738722750678,-0.30905606452110135
Y537S,apo,238,4,0,-0.8992210225543928,-0.9378737497892047
Y537S,apo,196,1,0,-0.6059409826540119,-0.05072663796123322
Y537S,apo,126,3,0,-0.4877011529866415,1.236097675330825
Y537S,apo,159,1,0,-0.19217010870454487,-0.6434673642403794
Y537S,apo,132,2,0,-1.0006811443065544,-0.6714225396571578
Y537S,apo,126,1,0,-0.08154828451620588,-0.5957188032327281
Y537S,apo,193,2,0,-0.4963150034105759,-0.9281455024310503
Y537S,apo,132,1,0,0.002907994711517148,0.32955770991455324
Y537S,apo,46,4,0,-0.373502170079103,0.17906544479659203
Y537S,apo,123,1,0,-0.6328028074916432,-0.8045566586158373
Y537S,apo,138,3,0,-0.341617374069763,0.038120825185785634
Y537S,apo,52,4,0,-0.5575790136663095,-0.22752705526997374
Y537S,apo,164,3,0,-0.2079347081991081,0.8190976451610652
Y537S,apo,157,1,0,-1.1460638503569918,-0.10676845894734299
Y537S,apo,214,1,0,-0.8781059389439214,-0.7688636008436731
Y537S,apo,247,4,0,0.028351059005128576,0.487529143592937
Y537S,apo,139,0,0,0.048207754386947244,-0.1384381949217044
Y537S,apo,111,0,0,-0.13127253643065373,0.24503261902719942
Y537S,apo,19,3,0,0.12018755898090916,-0.6943363807996974
Y537S,apo,97,3,0,-1.3749307712838572,1.6353027662089943
Y537S,apo,58,1,0,-0.18222554926484236,-0.36249936212506384
Y537S,apo,72,3,0,-0.54666398110259,0.5970384731868421
Y537S,apo,34,0,0,0.191039640911832,0.7106128605464619
Y537S,apo,10,0,0,-0.17135005588556496,0.38890613741557445
Y537S,apo,224,0,0,-0.6661053461156143,0.4479497112286879
Y537S,apo,58,3,0,-0.27110953770093715,1.1734490968378992
Y537S,apo,183,1,0,-1.0112106178975893,0.597879222255429
Y537S,apo,139,1,0,-0.8504747421254315,0.0706875375246625
Y537S,apo,162,3,0,-0.9653081783051114,0.712642980278531
Y537S,apo,62,3,0,-0.4329595351131381,0.5280935154535911
Y537S,apo,220,0,0,-0.5444515899478652,-0.28248830347540377
Y537S,apo,86,1,0,-0.9333529480076912,0.2951846479795819
Y537S,apo,244,3,0,-0.7698866806917444,0.14316483292370208
Y537S,apo,176,2,0,-0.2724232206582151,0.30891854741291525
Y537S,apo,154,2,0,-0.6352212023590944,-0.12072250723969091
Y537S,apo,248,3,0,-0.2669950674679704,0.13481092432442665
Y537S,apo,15,4,0,-0.921021844162059,1.4785164958012729
Y537S,apo,8,0,0,-0.44190464562219134,-0.14911626313865156
Y537S,apo,209,0,0,-0.6348368375171773,-0.5753852390435696
Y537S,apo,58,0,0,-0.769400386719834,-0.9929324158101878
Y537S,apo,119,4,0,-0.8609972206162624,0.6402423164039703
Y537S,apo,5,4,0,-1.530527344406817,1.973637143931029
Y537S,apo,234,2,0,-0.06825019999384097,-0.10306113821383178
Y537S,apo,173,3,0,-0.9734160227430237,-0.4118692253804568
Y537S,apo,147,2,0,-0.7876385215580122,-1.0403829969979057
Y537S,apo,100,2,0,-0.15652377235903714,-0.04409373078203771
Y537S,apo,181,2,0,-0.7710950331727844,0.38349436564051587
Y537S,apo,11,2,0,-0.9390408981518128,0.1999581769324692
Y537S,apo,52,1,0,-0.23400733581497235,0.08741761546025373
Y537S,apo,63,2,0,-0.7485187071486479,0.060126862468365516
Y537S,apo,165,4,0,-0.5263328819776163,0.08249251988942774
Y537S,apo,145,0,0,-0.12122455198837301,-0.8733821959547328
Y537S,apo,221,0,0,-0.9250001194298711,0.1872947366909301
Y537S,apo,231,3,0,0.024505609887178537,-0.2452052601914687
Y537S,apo,133,4,0,-0.46641482362868913,-0.2114332521805835
Y537S,apo,80,4,0,-0.034165190845147464,0.7455263757323962
Y537S,apo,7,1,0,-0.2329775230532256,-0.40086117646079344
Y537S,apo,87,3,0,-1.2643552725312368,-0.31251810468151575
Y537S,apo,81,0,0,-1.031566905084663,0.1320567730871005
Y537S,apo,51,4,0,-0.15588147857100765,-0.38049329986131397
Y537S,apo,38,0,0,-0.30059383025662356,-0.00592784157566939
Y537S,apo,209,2,0,-0.23831210092430766,-0.20040843133300257
Y537S,apo,220,3,0,-0.4605844668715804,0.3102546545282081
Y537S,apo,247,2,0,0.03123940105158951,0.2162987443587383
Y537S,apo,40,1,0,-0.8211721979202053,0.6180733532874001
Y537S,apo,186,0,0,-0.3539345585677438,-0.7826439403869614
Y537S,apo,248,1,0,-1.3489352946047504,-0.20230344412128431
Y537S,apo,49,3,0,-0.6432483421121837,0.6881178355306616
Y537S,apo,250,3,0,0.017354633267441244,-0.49027590373030705
Y537S,apo,107,2,0,-1.4277932811681602,0.31847718603853536
Y537S,apo,217,0,0,-0.3659664627046517,-0.47930387057083124
Y537S,apo,87,4,0,-0.9114043281865598,-0.5105117875479124
Y537S,apo,234,0,0,0.0828415126883435,-0.777332061273782
Y537S,apo,135,3,0,-1.6888010060749679,-0.25373255309412457
Y537S,apo,250,0,0,-0.9878739854699177,-0.1233550040663971
Y537S,apo,152,2,0,-0.9282075580195261,-0.7157787708287202
Y537S,apo,122,3,0,-0.7674848637958505,-0.04110330305570642
Y537S,apo,11,4,0,-0.6229096771278186,0.3462540930388798
Y537S,apo,20,2,0,-0.4714233993594803,0.48888266298611427
Y537S,apo,6,2,0,-0.2548727760724496,-0.07347649809901213
Y537S,apo,156,2,0,-0.650593570566901,-0.2163067953468527
Y537S,apo,124,3,0,-1.7784471789558722,0.40308099675755216
Y537S,apo,148,4,0,-1.331853280438395,1.0116619714795547
Y537S,apo,131,1,0,-1.2549810429668398,-0.204109834876661
Y537S,apo,242,3,0,-0.3850296937475868,-0.216270837566654
Y537S,apo,107,1,0,-0.45851058401619227,0.19543424455393676
Y537S,apo,235,4,0,-0.6822314351076741,-0.05805251030663783
Y537S,apo,133,2,0,-0.9383710799467941,-0.3053253064022954
Y537S,apo,228,0,0,-0.2703868105622931,0.04677376947671519
Y537S,apo,154,3,0,-0.6784261866974859,0.5753711843124023
Y537S,apo,232,0,0,-0.6444283133538278,0.40238073323126855
Y537S,apo,193,1,0,0.3509026928870469,-0.8924325650525162
Y537S,apo,158,1,0,-0.8456310576596451,0.702986140617071
Y537S,apo,206,0,0,-0.8913385622216659,0.5392695658668032
Y537S,apo,104,4,0,-0.45253610970459235,0.3063413392256109
Y537S,apo,17,4,0,-1.2280737008271814,0.14026248650286277
Y537S,apo,203,3,0,-0.6704493961361955,-0.3007007434261624
Y537S,apo,167,4,0,-0.6852492813102877,0.2636652444749359
Y537S,apo,179,2,0,0.019286895884825128,0.5109217123094538
Y537S,apo,4,2,0,-0.011994395880726927,-0.33168961649710127
Y537S,apo,216,2,0,-0.3269394157967831,0.18509315008328997
Y537S,apo,203,1,0,-1.0796363633513941,-0.1978486470226528
Y537S,apo,36,1,0,-0.4318848123247889,-0.2306750143754499
Y537S,apo,207,2,0,-0.37195415394281994,1.366933256232599
Y537S,apo,228,3,0,-0.7201139947083952,-0.6627365902239433
Y537S,apo,224,1,0,-0.43173966452214074,-0.8002822908467095
Y537S,apo,16,3,0,-1.367302355938385,-0.07539176460335284
Y537S,apo,123,0,0,-1.1827043063470732,0.4334798041085861
Y537S,apo,231,4,0,-0.9135311732517906,0.6732104596615756
Y537S,apo,66,4,0,-0.42958298161848063,0.6049292019080923
Y537S,apo,120,0,0,-1.1108171910616669,0.6682445676662212
Y537S,apo,161,1,0,-0.6241749597721018,1.1515474562724393
Y537S,apo,127,2,0,-0.02957860956521685,-0.3216041654566766
Y537S,apo,28,3,0,-0.004793796626611169,-0.6014562259662171
Y537S,apo,76,2,0,-0.3120537952507192,-0.3805730943095824
Y537S,apo,219,4,0,-0.19552593963205567,-0.759944382317542
Y537S,apo,221,2,0,-0.9567714623989119,0.305634219268498
Y537S,apo,19,2,0,-0.5012160353078343,0.35645995194235525
Y537S,apo,100,4,0,-0.2807460942213602,0.7268722653451647
Y537S,apo,8,4,0,0.1917147484221431,-0.41504185758549283
Y537S,apo,131,4,0,-2.119580940960109,0.7075876329366082
Y537S,apo,241,1,0,-0.8212199488061565,-0.3973538340229794
Y537S,apo,63,0,0,0.3417357164775474,-0.08011005989686737
Y537S,apo,12,2,0,0.0024884363337633886,0.41220155797283553
Y537S,apo,97,2,0,-0.7833038431051058,-0.1814988488865339
Y537S,apo,116,3,0,-0.9166271590323198,1.0160749265200621
Y537S,apo,9,3,0,-0.9496829249282683,0.24685721198359545
Y537S,apo,60,2,0,-0.8399862966175569,0.3855800046350595
Y537S,apo,98,3,0,-0.027417643875413233,-0.15532866917116905
Y537S,apo,17,2,0,-0.6098792313695469,0.013438531208493032
Y537S,apo,115,4,0,-0.5418675186768489,0.7535164888638093
Y537S,apo,40,4,0,0.15080230270927686,0.14657517817515497
Y537S,apo,250,1,0,-0.49785924556374184,-0.13605503040972167
Y537S,apo,27,4,0,-0.17602108766458358,0.2568839694121152
Y537S,apo,247,3,0,0.08537489066715764,-1.3294617432208327
Y537S,apo,29,2,0,-1.1899456320277189,-0.47547471961735255
Y537S,apo,16,0,0,0.2921120132824804,-0.41211868477054736
Y537S,apo,147,1,0,-0.7255957201018468,-1.342729757552135
Y537S,apo,82,0,0,-0.979723960703673,-0.6087484455651975
Y537S,apo,189,1,0,-0.4163050399806991,-1.1009000931555732
Y537S,apo,250,4,0,-0.2508658287723051,0.11332122259251776
Y537S,apo,36,4,0,0.07516803213706069,-0.18233340191389402
Y537S,apo,196,2,0,-0.4789940597007032,-0.3269547467523779
Y537S,apo,96,4,0,-0.307267705891654,-0.5691706029882369
Y537S,apo,152,1,0,-0.9447584982825461,-0.16650524499441133
Y537S,apo,171,1,0,-0.6702969322035486,-0.9190604446022803
Y537S,apo,86,0,0,-1.0569254749234211,0.20250061347370263
Y537S,apo,54,2,0,-0.09898171179712634,-0.28603624571536557
Y537S,apo,80,0,0,-0.34357152396723123,0.19314850421071128
Y537S,apo,118,4,0,-0.44980683786864617,0.01668921255286193
Y537S,apo,13,1,0,-0.8334472718159098,-1.5831348156790455
Y537S,apo,121,4,0,-0.18167123238276517,-0.8935140829488404
Y537S,apo,203,0,0,-0.4115811550477879,-0.5774124639613376
Y537S,apo,183,4,0,0.2534094393193236,0.11123526918314042
Y537S,apo,73,3,0,-1.4397156960540691,1.4807691488646242
Y537S,apo,84,2,0,-1.0744431848238314,0.3161686917471087
Y537S,apo,189,0,0,-0.6274701656519923,0.16596717625979807
Y537S,apo,185,4,0,-1.1754276700663944,1.6142520489162564
Y537S,apo,234,4,0,-0.4304439154806943,-1.1866025361897243
Y537S,apo,105,0,0,-0.7792213863126811,-1.327495631161952
Y537S,apo,67,0,0,-0.18527589222287588,-1.4254806201033574
Y537S,apo,182,1,0,-0.8005777735827344,0.6509356616054731
Y537S,apo,61,4,0,-1.0397114544455412,-0.06579461506197504
Y537S,apo,213,3,0,0.6492680887980846,-0.04616410927607717
Y537S,apo,191,1,0,0.5647485134288601,-1.0719033562370157
Y537S,apo,224,4,0,-0.4176809195984248,-0.1285150813082936
Y537S,apo,2,3,0,-0.7138861924096425,0.5531490004951962
Y537S,apo,9,1,0,-0.1288671984512817,-0.31698666281829446
Y537S,apo,127,3,0,-0.7882890546642827,0.3913116924322253
Y537S,apo,4,1,0,-0.2533749946544148,-0.6214124981281088
Y537S,apo,163,4,0,-0.0075810215714895435,0.3681867755674375
Y537S,apo,224,3,0,-0.7474927645805742,-0.0008314588478128826
Y537S,apo,145,3,0,-0.5207314594336268,0.003554486603391638
Y537S,apo,153,0,0,-0.46347179507836955,-0.3441060743746931
Y537S,apo,178,3,0,-0.5261353321958495,-0.9447630124993225
Y537S,apo,132,0,0,-0.5673678747733426,-0.3857515084082337
Y537S,apo,19,0,0,-0.40269787026334214,0.2938269144524668
Y537S,apo,100,1,0,-0.8119026522528117,0.7029714814739236
Y537S,apo,161,4,0,-0.9808274399432442,0.6379996022406971
Y537S,apo,156,1,0,-0.7040592446823268,2.021046376749041
Y537S,apo,42,0,0,-0.08727825452404048,0.6983269861322015
Y537S,apo,28,1,0,-0.4607235797829965,0.5340195086764368
Y537S,apo,177,0,0,-0.36110423984517226,-0.21744657694939917
Y537S,apo,155,3,0,-0.8168941484198804,-0.4405965818539386
Y537S,apo,159,3,0,-0.8745054285925313,-0.2000454599356516
Y537S,apo,223,4,0,-0.12989658332029208,-0.6774519034325834
Y537S,apo,242,1,0,-0.5850617920980845,0.3846861070540655
Y537S,apo,129,4,0,-1.2250351746712305,0.7616711445794522
Y537S,apo,98,2,0,-0.8092288834146935,0.5208713780782404
Y537S,apo,120,1,0,-0.08419972107570217,0.19121671970511045
Y537S,apo,221,3,0,-0.9794507215872237,-0.19386020652790137
Y537S,apo,122,4,0,-0.24050848552639437,-0.358871159706041
Y537S,apo,207,1,0,-0.7423958442828784,0.9184975814864771
Y537S,apo,13,2,0,-1.4951941655459926,0.1610672816556189
Y537S,apo,246,1,0,-0.5896065773614225,-0.13434651568267952
Y537S,apo,96,0,0,-0.15493961756325092,-1.159626614473467
Y537S,apo,158,3,0,0.732178688195642,-0.9575817169751986
Y537S,apo,244,2,0,-1.883062200027183,1.020906667190502
Y537S,apo,212,1,0,-0.1811950102305815,-0.21747403020586376
Y537S,apo,72,4,0,-0.9584683782031043,0.30775468597771294
Y537S,apo,195,3,0,-0.7788145754584157,0.4716187172002293
Y537S,apo,162,4,0,-0.23958111576676444,0.26235827626415187
Y537S,apo,126,0,0,-0.47518120837560573,-0.07213023747844716
Y537S,apo,54,0,0,0.01777203493463375,-0.07718821167756573
Y537S,apo,32,3,0,0.20912217024298485,1.0330638981294413
Y537S,apo,64,1,0,-0.8905479262905125,0.34450712163335595
Y537S,apo,182,0,0,-1.195791596594166,-0.24769506540388875
Y537S,apo,226,0,0,-0.7988609502191721,0.9740846999659709
Y537S,apo,148,0,0,-0.787362475363711,0.06460567832340303
Y537S,apo,182,4,0,0.041117809903614244,0.4524578016724803
Y537S,apo,102,0,0,-0.2555355607637253,0.05689823227844215
Y537S,apo,44,2,0,-0.5989815173789133,-0.33492879565010014
Y537S,apo,69,2,0,-0.25607807753752,0.942119579294328
Y537S,apo,80,3,0,-0.4344126395180048,0.8381524248723196
Y537S,apo,121,2,0,-0.4222478191315062,0.26610807599487885
Y537S,apo,139,4,0,-0.6775413395341481,0.48766146538632427
Y537S,apo,66,0,0,-0.5616040427171143,-0.6994223711518543
Y537S,apo,198,3,0,-0.18436996099275405,0.8558545338169523
Y537S,apo,40,2,0,-0.9101457017924659,0.34526665665555356
Y537S,apo,83,4,0,-0.5459025401983482,1.0007079804364878
Y537S,apo,104,3,0,-0.9918070910512533,1.0424295893787132
Y537S,apo,121,0,0,-0.33397886798590903,0.24103443074638164
Y537S,apo,192,2,0,-0.2249077050198558,-0.20355298064201577
Y537S,apo,163,2,0,-0.9448236433951465,0.16366990339902543
Y537S,apo,133,1,0,-0.19679782575873617,0.17930949549985087
Y537S,apo,169,4,0,-0.09848281941658854,-1.3192477992179192
Y537S,apo,132,4,0,-0.19346322121134918,0.21416677351851376
Y537S,apo,184,1,0,0.008388264247106036,-0.7303168707359049
Y537S,apo,78,4,0,-0.5069491625396871,1.0715109163632093
Y537S,apo,58,4,0,-0.23457535401458784,-0.5285316399194642
Y537S,apo,75,0,0,-0.6733546394824472,-1.0281244018572124
Y537S,apo,100,3,0,-0.6236783785325315,0.1953480847736131
Y537S,apo,192,4,0,-0.6009830286915623,-0.06914513311114945
Y537S,apo,187,2,0,0.38966906540677826,-0.9270296467242929
Y537S,apo,98,1,0,-0.45568121209869616,-0.3637390503799054
Y537S,apo,141,4,0,-0.9095406532194552,0.12923954493629708
Y537S,apo,166,1,0,-0.6834278000940266,0.3375851556934748
Y537S,apo,18,2,0,-0.6213015141492484,0.5165301984381188
Y537S,apo,174,4,0,-0.8247231250079068,0.08846208181734028
Y537S,apo,236,3,0,-0.17091362779030206,0.1476987141152506
Y537S,apo,84,4,0,-0.32562948586400964,2.03381304955451
Y537S,apo,236,2,0,-0.9355209034302909,-0.15968421224822293
Y537S,apo,99,1,0,-0.4461582547559786,-0.42700392536669085
Y537S,apo,69,4,0,-0.7918642848131441,0.4043891742236667
Y537S,apo,158,0,0,-0.18219049736334014,0.10270616718031533
Y537S,apo,48,3,0,-0.32098529644718,0.6967588367793383
Y537S,apo,173,0,0,-0.1017510971666944,-0.6142580638110076
Y537S,apo,246,2,0,-0.47191501407539604,0.5724167859638811
Y537S,apo,74,2,0,-0.4754606714434715,0.10287097539399781
Y537S,apo,87,1,0,0.5398957534910842,-0.8392822570075538
Y537S,apo,127,0,0,-0.3486393110815271,0.8043566591616411
Y537S,apo,33,2,0,0.2418135364288787,-0.9463319723887622
Y537S,apo,221,4,0,-1.3161198116887256,0.46201146906284407
Y537S,apo,177,2,0,0.07355135185127537,-0.17932636879623942
Y537S,apo,169,0,0,-0.06251213671700029,0.8987454635294654
Y537S,apo,21,3,0,-0.9150975776038841,0.08280694927442767
Y537S,apo,32,2,0,-0.44543500289946536,0.061377025415211506
Y537S,apo,179,4,0,-1.3156718181644145,0.23343469832133223
Y537S,apo,214,3,0,-0.8900261789861297,0.22778423186362318
Y537S,apo,106,1,0,0.37460493348562807,-1.023305599436199
Y537S,apo,38,3,0,-1.4446695135856729,-1.154857804005914
Y537S,apo,170,4,0,-0.6099194130067787,0.4055298524509965
Y537S,apo,140,3,0,-0.7601507905466072,-0.24034514075766822
Y537S,apo,103,1,0,0.2609940081284954,-0.7711958353089017
Y537S,apo,156,3,0,-0.06440530787275733,-1.263110553833485
Y537S,apo,19,1,0,0.009647345058159118,-0.6098211410096326
Y537S,apo,74,1,0,0.2576741443401751,-0.4770960693400923
Y537S,apo,74,4,0,-0.4015561842349662,0.22002286950424832
Y537S,apo,15,1,0,-0.63425789300587,0.1850174027398026
Y537S,apo,180,0,0,-0.2615637973393454,-0.05051357805801615
Y537S,apo,198,2,0,0.3831987450144858,-0.6140549520972627
Y537S,apo,137,3,0,-0.2878318528172308,-0.3859629205711457
Y537S,apo,230,4,0,-0.39641854802418663,0.5247392622699181
Y537S,apo,76,1,0,0.08963301031712234,0.5575949292101257
Y537S,apo,13,0,0,0.8530425963660164,0.3273034569493518
Y537S,apo,34,2,0,0.4480095454909474,0.6696637331626505
Y537S,apo,130,2,0,-0.0727416304103059,-0.08618784418086989
Y537S,apo,99,4,0,-0.8945146225527552,-0.09422325691996036
Y537S,apo,159,4,0,-0.36730514846121665,-0.1647083728088603
Y537S,apo,14,0,0,-0.5501391289100646,0.4524774679757968
Y537S,apo,207,0,0,-0.7052677507895275,0.3004401099941276
Y537S,apo,60,0,0,-0.22839094446523944,0.10632565083064094
Y537S,apo,205,2,0,0.05048809845899527,0.05084106444057568
Y537S,apo,145,4,0,-0.034293818228377404,0.5332987088143852
Y537S,apo,21,1,0,-0.2841503795438385,0.012678438791795088
Y537S,apo,200,3,0,-1.8848455760184386,-0.617925798196822
Y537S,apo,4,4,0,-0.46781266601097116,-0.7278107352887702
Y537S,apo,66,1,0,-0.13183273439269527,-1.0440562764457724
Y537S,apo,235,2,0,0.10620034148764645,0.23358629077984006
Y537S,apo,198,0,0,0.1427220201154391,0.5002243598835037
Y537S,apo,103,2,0,-0.11813696114836603,0.42630714360926447
Y537S,apo,47,4,0,-0.2185146549445669,-0.3879536046057126
Y537S,apo,21,0,0,-0.38368241466368147,-0.029168479874059017
Y537S,apo,137,2,0,-0.34506426270574764,0.8784398604629189
Y537S,apo,10,4,0,0.5251002937114535,0.3605322222104803
Y537S,apo,16,4,0,-0.14832372732126586,1.220315992047091
Y537S,apo,177,3,0,-0.07605447043325242,0.45144894380324274
Y537S,apo,52,3,0,-0.7054947868530803,-0.08092627017649079
Y537S,apo,198,1,0,-1.5307184166592585,0.3804499748328567
Y537S,apo,57,0,0,-0.22416187605384152,-0.3081601511399441
Y537S,apo,239,0,0,-0.06443796813494274,-0.0785616097066395
Y537S,apo,1,4,0,-0.6069278316737545,-0.6905877539176544
Y537S,apo,26,1,0,-0.11082065338644398,0.3207468638134827
Y537S,apo,206,1,0,-0.7709336309813395,-0.14654852984402567
Y537S,apo,245,0,0,0.5161200912489896,0.718356069343784
Y537S,apo,55,0,0,0.31522676618157774,0.4788787997714081
Y537S,apo,18,4,0,-1.0701874618493044,1.0300988173701882
Y537S,apo,205,1,0,-0.30501652000098645,-0.5263957051866157
Y537S,apo,148,3,0,-0.8643341023625979,0.0835324920054461
Y537S,apo,231,0,0,-0.6430823783280317,-0.765601006231293
Y537S,apo,4,3,0,-0.38963261736200394,-0.7326103458323843
Y537S,apo,227,0,0,-0.3253671280926618,5.285602601645678e-05
Y537S,apo,177,4,0,-1.0631019375461435,-0.1847835594217173
Y537S,apo,44,0,0,-0.013994655719447024,-0.5047541761984178
Y537S,apo,50,2,0,-0.24553563270394818,1.152530108259839
Y537S,apo,179,1,0,-0.16799798658832543,-0.8516614127551634
Y537S,apo,247,1,0,-0.5873544598345077,0.4277483812130072
Y537S,apo,29,1,0,-0.09224842822676393,-0.40352022052084635
Y537S,apo,60,4,0,-0.35347713294931893,0.07715464393297111
Y537S,apo,54,3,0,-0.4220685705790501,-0.04406590000493793
Y537S,apo,138,2,0,-0.18338079476377445,0.6349902143734028
Y537S,apo,220,4,0,-0.6853502724012692,0.3133672585999534
Y537S,apo,180,1,0,-0.9097274693471569,1.0507245657556297
Y537S,apo,217,4,0,-0.014396509484289055,0.460547773446649
Y537S,apo,83,1,0,-0.4697700788217176,-1.430074806634579
Y537S,apo,99,2,0,-0.21607903495679892,0.6722790052640164
Y537S,apo,34,1,0,-0.8767237942337012,-0.2559517854536466
Y537S,apo,141,0,0,-0.7711226826153812,0.8878760253511473
Y537S,apo,36,2,0,-0.35358741181060793,-0.19210915293990638
Y537S,apo,87,2,0,0.05993094555148204,-0.16473360569784745
Y537S,apo,161,3,0,-1.0907629622675223,-0.0847752724630908
Y537S,apo,68,0,0,0.010019817892640503,-0.8678600703288026
Y537S,apo,133,0,0,-0.3793038187420592,0.022529937378124032
Y537S,apo,184,3,0,-0.4417126309386319,-1.1468066305461804
Y537S,apo,104,0,0,-0.46771483757811083,-0.2709326639255494
Y537S,apo,85,2,0,-0.3087012959383735,-0.007768931893281206
Y537S,apo,232,1,0,-0.5488352548868356,0.333981875973123
Y537S,apo,235,3,0,-0.5136282974450026,-0.45207250334928517
Y537S,apo,169,2,0,0.27406920311883454,-0.6236309047366433
Y537S,apo,173,2,0,-0.3759317816739376,-1.5203133421182002
Y537S,apo,225,0,0,-1.436377475534691,-0.2854102844802924
Y537S,apo,49,1,0,-1.0251980736258766,-0.6461795280237226
Y537S,apo,140,4,0,-0.5382941620490591,0.36907075792287003
Y537S,apo,98,4,0,-0.2126905780531736,0.6656291880059939
Y537S,apo,95,4,0,0.0918208875924833,-0.40277176083655775
Y537S,apo,92,2,0,-0.26099145786796996,0.4823364118041269
Y537S,apo,194,1,0,-0.8761139413859027,-0.03037488759211726
Y537S,apo,4,0,0,-0.18941150198291012,0.0621552141990378
Y537S,apo,186,4,0,-0.733498654976291,-0.4828112978263164
Y537S,apo,52,2,0,0.0545583481822689,0.31537011651357716
Y537S,apo,57,2,0,0.25134429424853977,0.7373999459435652
Y537S,apo,84,3,0,-0.7392942446524451,-0.2883474212896715
Y537S,apo,52,0,0,-0.5125102753232866,-0.2859319417962922
Y537S,apo,186,1,0,-0.13897380992258235,0.5551789770050704
Y537S,apo,125,4,0,-1.3229243144684162,-0.6967959633426943
Y537S,apo,161,2,0,-0.9614133223026791,0.2599336394432612
Y537S,apo,223,0,0,-0.7427191915450173,-0.059307878196236175
Y537S,apo,166,3,0,-0.3054856680065008,-0.20721394082272582
Y537S,apo,74,0,0,-1.4202630741733486,-0.4041554184458249
Y537S,apo,118,1,0,-0.8928638009556309,0.4890839379277452
Y537S,apo,103,0,0,-0.08952490005525249,0.21201208607412525
Y537S,apo,206,2,0,-0.28635668271011383,-0.1085626105793267
Y537S,apo,31,3,0,-0.17225453142192393,-0.4198776909413624
Y537S,apo,134,1,0,-0.10039285816212384,0.304392811004945
Y537S,apo,152,4,0,-1.200276870484192,-0.791236795213706
Y537S,apo,134,3,0,0.19718418755317302,-0.2594143094885766
Y537S,apo,191,0,0,-0.9165984224566976,-0.323814951947341
Y537S,apo,3,3,0,-0.904132663147653,-0.7017461091282229
Y537S,apo,79,2,0,-0.5622798954686488,-0.1157869100629938
Y537S,apo,45,3,0,0.32836493768006747,-0.7249740026699101
Y537S,apo,77,2,0,-0.05045181966137591,-0.33856630065881177
Y537S,apo,48,2,0,-0.3902865257808017,-0.2572643744283738
Y537S,apo,13,4,0,-0.9952933588625044,0.3388953856744763
Y537S,apo,129,3,0,0.13949569995680022,-0.4927410546763582
Y537S,apo,40,0,0,-0.21455173780341852,-0.05749678843704942
Y537S,apo,232,4,0,-0.3291865638733569,-0.1157935941226782
Y537S,apo,174,0,0,-0.21223641268643334,0.498408142690522
Y537S,apo,105,4,0,-0.9572415215908201,0.1946439557075763
Y537S,apo,69,3,0,-0.7566136561028145,0.29098012243504456
Y537S,apo,206,4,0,-0.8420144898678359,0.3148519521828206
Y537S,apo,232,3,0,0.26028967970384187,-0.9632170773271156
Y537S,apo,164,2,0,0.37386581907584926,-0.4795483206676181
Y537S,apo,194,4,0,-1.0150116850589512,0.6605423931412417
Y537S,apo,80,1,0,-0.6297750276311014,0.7274578720675038
Y537S,apo,200,2,0,-0.07322736529546958,0.4069853513164361
Y537S,apo,129,2,0,-0.1695850770339007,-0.38823893895597905
Y537S,apo,109,0,0,0.0700091447062654,0.9377460022540731
Y537S,apo,218,4,0,-0.6417679043997779,-0.4531603919931797
Y537S,apo,139,3,0,0.14037619895419695,-0.7209030352806849
Y537S,apo,49,4,0,-0.28973739942998833,1.2981195187434338
Y537S,apo,194,0,0,-0.9157108338302749,-0.7081391021175989
Y537S,apo,143,4,0,-0.21890551462370667,-0.3961552333190781
Y537S,apo,122,1,0,-1.4062884100829294,-0.11369971384829114
Y537S,apo,210,1,0,-0.8161502755090595,-0.012476257415386272
Y537S,apo,5,3,0,-1.3710105109175714,0.4096430878143593
Y537S,apo,83,2,0,-0.6754805549353158,-0.011932822960289968
Y537S,apo,113,4,0,-0.783916458617874,-1.4793333919183596
Y537S,apo,6,1,0,-0.7634509196644181,-0.6320756707422106
Y537S,apo,14,1,0,-0.9187372569232544,-0.00988359752273027
Y537S,apo,162,0,0,-0.13940811068357917,0.1614534551734721
Y537S,apo,210,2,0,-0.6222001181904098,0.9455541959167846
Y537S,apo,180,3,0,-0.8682779726012733,1.1088901852914006
Y537S,apo,46,3,0,-1.0857009696430602,0.22646875503779995
Y537S,apo,19,4,0,-0.7327508525953164,-0.6651232426256684
Y537S,apo,238,0,0,-0.29484037559751997,-0.3854480878389239
Y537S,apo,40,3,0,-0.8668999626170724,-0.27195396966919816
Y537S,apo,136,4,0,-0.4145005175622458,0.8223750356249582
Y537S,apo,14,3,0,-0.692080521145094,0.5974884837032448
Y537S,apo,88,1,0,-0.3219961641588789,0.4315308220682823
Y537S,apo,218,1,0,-0.8972301406540986,-1.041739688950429
Y537S,apo,111,2,0,-1.0926200636961347,0.8071459198567368
Y537S,apo,210,0,0,-0.7573803689833873,-0.5181194622812342
Y537S,apo,242,4,1,28.437228249946315,-2.7532985974124387
Y537S,apo,91,0,0,-1.4050455771698793,0.9091257877902308
Y537S,apo,178,4,0,-0.5966969545018479,-0.275364853331439
Y537S,apo,122,2,0,0.3392451563787837,-0.4500205609441963
Y537S,apo,225,1,0,-0.2162572953793429,-0.758391711721174
Y537S,apo,67,3,0,-1.105617099846576,0.753730114248782
Y537S,apo,113,2,0,-0.22220505213666186,-0.40373027169593456
Y537S,apo,210,3,0,-0.9098838256151467,-0.5116359299378956
Y537S,apo,174,1,0,-0.058676263952190055,-0.3484339337502149
Y537S,apo,118,2,0,-0.0906370816179134,0.42365649424357343
Y537S,apo,222,1,0,-1.5028723704419278,-0.06133979969082759
Y537S,apo,84,0,0,-0.662014386796475,1.1641200924875221
Y537S,apo,136,1,0,-1.252155874552539,0.9340739634741766
Y537S,apo,119,1,0,-0.06443883709039966,-0.6438871259647385
Y537S,apo,92,0,0,0.030352371173485437,0.08269886231407497
Y537S,apo,211,3,0,-0.031979693273136434,-1.1266513184028213
Y537S,apo,218,3,0,-0.15312822779783275,-0.2817566088544794
Y537S,apo,230,1,0,-0.8540865809530374,0.0723657995273328
Y537S,apo,147,0,0,-0.4428961120268511,0.47341568311239257
Y537S,apo,243,3,0,-1.0494226234823039,-0.48027295348927623
Y537S,apo,70,2,0,-0.4444920279505453,-0.5440157679324358
Y537S,apo,29,3,0,0.8883409122862744,-0.3432222324065606
Y537S,apo,221,1,0,0.11273638933312924,-0.4612842791266445
Y537S,apo,42,2,0,-0.22516430866047443,1.151761796858537
Y537S,apo,190,0,0,-0.19043654331913729,0.6163227754583573
Y537S,apo,83,0,0,-0.27928583414309216,0.07050441816448938
Y537S,apo,135,2,0,-0.5034578841765125,0.8149971608535367
Y537S,apo,22,4,0,-0.9798331629059405,1.667458291013432
Y537S,apo,155,2,0,-0.696368154257673,0.5796927672229089
Y537S,apo,214,2,0,-0.37154435761300064,0.4703388656079994
Y537S,apo,204,3,0,-0.4162565476040214,-0.07723091485775058
Y537S,apo,145,2,0,-0.3118610326453144,0.20988232701682819
Y537S,apo,131,2,0,-0.5931493565308408,-0.8342348230733592
Y537S,apo,165,0,0,-0.6089080979894916,-1.0962855294891654
Y537S,apo,108,4,0,0.0029033567380665204,-1.196410299460652
Y537S,apo,238,1,0,-0.30986944534773997,-1.9222871171093203
Y537S,apo,242,0,0,-0.354599201509334,0.8896631826148109
Y537S,apo,208,2,0,-1.1553335302556,-0.544217698243898
Y537S,apo,214,4,0,-0.40083426702511105,0.5502122318637817
Y537S,apo,223,2,0,0.16918728384862902,-0.3167471222948137
Y537S,apo,109,2,0,-0.5446544215103373,1.5859460371087977
Y537S,apo,249,3,0,-0.8523106032860284,-0.9734548378422261
Y537S,apo,144,3,0,-1.1993082508149904,0.9211120755189057
Y537S,apo,230,0,0,-0.2006204275449086,1.494350785266306
Y537S,apo,93,2,0,-0.4721472263461628,0.46264227769536603
Y537S,apo,183,3,0,0.2895412529279575,0.10917692262232492
Y537S,apo,241,3,0,-1.3082673273406193,0.6661927222574349
Y537S,apo,180,4,0,-0.12315839667913764,-0.48109933779551284
Y537S,apo,33,4,0,-1.746581354481748,0.23352291526863667
Y537S,apo,189,3,0,-0.627883074035541,-0.147420089768886
Y537S,apo,76,0,0,-0.6723872543658729,-0.3983184438899485
Y537S,apo,54,4,0,-0.7410769575603027,0.9918758556266312
Y537S,apo,9,4,0,-0.5197551298160477,0.06828286736528355
Y537S,apo,235,1,0,-0.6960389264116777,0.5719119439720117
Y537S,apo,9,0,0,-0.8243004773443054,0.7017366171855173
Y537S,apo,25,2,0,-0.06915929606090998,0.06666748846716075
Y537S,apo,16,1,0,-0.8840406256660387,0.9593929735831779
Y537S,apo,94,1,0,-0.5811249370239189,0.6178055201295223
Y537S,apo,241,4,0,-0.06736174387127392,0.3717322982682134
Y537S,apo,55,4,0,-1.0784886436023307,0.3741683561108431
Y537S,apo,47,0,0,-0.5127222493965,-0.8802045549118702
Y537S,apo,192,3,0,-0.4248185817937937,0.038999447495669415
Y537S,apo,146,4,0,-0.36168636891580874,-0.8125760252767975
Y537S,apo,174,2,0,-0.7735223662818846,-1.0464232400769191
Y537S,apo,8,3,0,-0.4079352867814485,0.9035194735791947
Y537S,apo,194,3,0,0.17612455237898317,0.21082781929153782
Y537S,apo,59,0,0,-0.6712078171602656,-0.41864570564435155
Y537S,apo,31,4,0,-0.1996384800692539,-0.04634553626706861
Y537S,apo,127,1,0,-1.1563494828335905,0.5494686060649911
Y537S,apo,42,1,0,-0.7193781635128609,-0.5932034156183477
Y537S,apo,103,3,0,0.820953664140152,-1.4064919603783181
Y537S,apo,68,4,0,-0.6991296992705571,0.0972463920835338
Y537S,apo,109,1,0,-0.08808301214725134,0.21824783820567006
Y537S,apo,231,1,0,0.42197318678250184,-0.3100960162283144
Y537S,apo,152,0,0,0.13835062870507642,-0.6131056104806163
Y537S,apo,214,0,0,-0.49665578025319945,-0.12309661811535477
Y537S,apo,196,3,0,-1.2663676666559525,-0.4566005469475698
Y537S,apo,169,1,0,-0.5150372477977072,1.0349162028472136
Y537S,apo,191,2,0,-0.5145853548899524,-0.048804859011340795
Y537S,apo,234,3,0,-1.581512214281009,0.4790141223520976
Y537S,apo,79,3,0,-0.947646031216621,-0.5215111982871292
Y537S,apo,62,2,0,-0.8905419086914605,0.5714677510268302
Y537S,apo,195,1,0,-0.3883500306920382,0.593323036939168
Y537S,apo,166,0,0,-0.7750261479779574,0.6547909147112705
Y537S,apo,153,2,0,-0.30278419666383627,0.4958707089963781
Y537S,apo,232,2,0,-0.16957742837046652,-0.234409197634605
Y537S,apo,227,2,0,0.030314582828527392,-0.19997657520637802
Y537S,apo,107,0,0,0.09123177414953787,-0.5910326155930647
Y537S,apo,248,2,0,-0.5117436052047495,0.2607862115492452
Y537S,apo,122,0,0,-0.7753942386904598,0.022285606997016316
Y537S,apo,164,4,0,-0.2845132373052017,-0.7983524728300466
Y537S,apo,200,4,0,-0.12050108785809854,0.5319671141526072
Y537S,apo,85,0,0,0.027144756038865125,-0.4402491331752998
Y537S,apo,63,4,0,-0.27796293099972047,0.15792776169686817
Y537S,apo,243,0,0,-0.8344464067003159,1.039141061788257
Y537S,apo,240,2,0,-0.033392454055601206,-0.4129819229882088
Y537S,apo,27,2,0,-0.20966793034604692,-0.6399264905311952
Y537S,apo,226,1,0,-0.9662936231177461,0.13532886497058882
Y537S,apo,130,1,0,-0.7221645015983817,0.42339025132366714
Y537S,apo,249,2,0,0.04612364025235749,-0.7211476055050099
Y537S,apo,66,2,0,-0.41060197094928697,0.21414720515940644
Y537S,apo,102,3,0,-0.827716162286773,0.8000392281941373
Y537S,apo,29,4,0,-1.1967840607720923,-0.3011890177508576
Y537S,apo,243,2,0,-0.6986266695923682,-0.6688864400453554
Y537S,apo,215,2,0,-1.00312964595755,1.4035419430612137
Y537S,apo,120,2,0,-0.10772456655173102,0.8645698610058332
Y537S,apo,37,2,0,0.5743943783391501,0.7670011002694395
Y537S,apo,223,1,0,-0.6310164799758908,0.018725767263092052
Y537S,apo,237,1,0,0.06999720853689695,0.31276300325822604
Y537S,apo,97,0,0,0.39159928890447304,0.08649228583698232
Y537S,apo,60,3,0,-0.3802547566690748,0.8324934362501466
Y537S,apo,170,2,0,-0.7967887348674694,0.3035033785355097
Y537S,apo,146,1,0,-1.043796894526288,0.01307593262926332
Y537S,apo,94,3,0,-1.0044380340790688,0.29143123295922635
Y537S,apo,246,4,0,-1.0374833187570438,0.3547293702277301
Y537S,apo,78,3,0,0.3660648442775134,-0.43870536027992557
Y537S,apo,91,1,0,-0.027463061009818546,0.5136812341164045
Y537S,apo,76,4,0,-0.27657327907726525,0.5302115718285165
Y537S,apo,156,0,0,-0.6911891786178757,0.17209593487646657
Y537S,apo,248,4,0,-0.7805389810079824,0.7222144062240687
Y537S,apo,44,3,0,-0.3010821152015346,-0.5003104397474516
Y537S,apo,201,4,0,-0.4723661477484491,0.13737392624346967
Y537S,apo,177,1,0,-0.3633064291549104,0.09521666128718209
Y537S,apo,243,1,0,-0.9438149087142307,0.7894455780330674
Y537S,apo,15,3,0,0.4842223993585364,0.14229296469179076
Y537S,apo,173,1,0,-0.16362988950818647,-1.4039793828449092
Y537S,apo,182,2,0,-0.23100344224296876,0.029291864670199175
Y537S,apo,87,0,0,0.15931495222736913,-1.2910453620150832
Y537S,apo,230,2,0,-1.1773380215205442,-0.807166725641352
Y537S,apo,112,2,0,-0.3720115899457319,-0.8089498243144959
Y537S,apo,181,3,0,-0.6717428959132832,0.28306972650685225
Y537S,apo,92,3,0,-0.3055553198544523,0.4217027370182507
Y537S,apo,123,4,0,-0.2628032721570719,-0.6491375313340342
Y537S,apo,212,0,0,-0.05162914101680727,-0.7238832486314521
Y537S,apo,170,3,0,-0.27954689303172486,-0.6295389393226571
Y537S,apo,111,1,0,-0.9677907915276158,-0.3774420418963871
Y537S,apo,107,4,0,-0.9676693189861254,0.6718773172806891
Y537S,apo,62,4,0,0.24084617433209843,0.06875916342984567
Y537S,apo,220,2,0,-0.049693203076081716,0.1615694433465933
Y537S,apo,170,0,0,-0.27521296961044683,-0.7353889560781113
Y537S,apo,238,3,0,-0.6321617798984214,-1.582432576755437
Y537S,apo,151,2,0,-0.3902966368380234,0.8510484546105914
Y537S,apo,208,3,0,-0.18841044610207902,0.8097006725353992
Y537S,apo,246,0,0,-0.7146238049292037,0.8424607035108806
Y537S,apo,244,4,0,0.555522539695005,-2.1573485249257374
Y537S,apo,188,4,0,-0.3675704888887985,0.3717787647451729
Y537S,apo,8,1,0,-0.09370346774118588,-0.8497984271993175
Y537S,apo,53,3,0,-0.38607174910070086,0.9144718343600715
Y537S,apo,202,3,0,-0.8920994706020942,-0.2716228845738158
Y537S,apo,223,3,0,0.7311783741682198,-0.688253265438135
Y537S,apo,211,2,0,-0.5343641980887455,0.0007636179925185616
Y537S,apo,227,1,0,-0.8354643864472848,1.4342608843118398
Y537S,apo,148,2,0,-0.5453449981362191,0.2673124328563574
Y537S,apo,141,2,0,0.360341790831324,-1.264972389917702
Y537S,apo,162,1,0,-1.473076373648059,0.2573273452518805
Y537S,apo,76,3,0,0.49839064480724105,0.6719862359982187
Y537S,apo,161,0,0,-1.1566150473914263,-0.5127412339052455
Y537S,apo,2,4,0,-0.9223926525653425,1.3311411303095468
Y537S,apo,82,2,0,-1.3085912560491586,0.6857278984978166
Y537S,apo,108,0,0,-0.4803388051953803,0.10296850961236714
Y537S,apo,117,0,0,-1.4985565760335398,0.3814464867298568
Y537S,apo,188,0,0,0.07094255852842224,1.2424445025237247
Y537S,apo,25,0,0,-1.0030276153441733,0.4214654646101792
Y537S,apo,175,4,0,0.22959990219302995,0.3726837935548559
Y537S,apo,46,0,0,-0.7353435612035248,0.34949955940442123
Y537S,apo,201,3,0,-0.5987295037515459,0.757413018152036
Y537S,apo,149,0,0,-0.2862967739708395,-0.07660496832428976
Y537S,apo,193,4,0,-0.4533490016087036,0.2842539284605152
Y537S,apo,18,1,0,-0.5935673135723754,-0.6215672204325671
Y537S,apo,92,4,0,-1.1225635557054474,1.137954531468509
Y537S,apo,73,1,0,-0.5084953426005825,-0.6096289273958604
Y537S,apo,33,1,0,-0.9309117068657748,-0.9813527428956661
Y537S,apo,156,4,0,-0.6227054646910979,-0.043904690497797105
Y537S,apo,71,1,0,-1.046300032801316,0.13685943514987287
Y537S,apo,187,0,0,-0.16292272360942306,-0.1873989696326106
Y537S,apo,32,0,0,-0.7867641037455222,0.5687060778072635
Y537S,apo,99,3,0,-0.10216945440268788,0.9657626950374976
Y537S,apo,207,3,0,-0.802985499621979,0.10963500490417744
Y537S,apo,217,2,0,0.31970941961258603,1.6898823800292746
Y537S,apo,204,4,0,-0.4192723642608982,0.8788975071849308
Y537S,apo,30,2,0,-0.8547972077050261,-0.3686088554779161
Y537S,apo,134,2,0,-0.8455397507952611,-0.0882027474569469
Y537S,apo,154,0,0,-0.8759253101818842,-0.21864537268550066
Y537S,apo,225,3,0,-1.0296292007855428,0.30212048488472476
Y537S,apo,91,3,0,-0.6491422882818583,-1.1520874183280938
Y537S,apo,248,0,0,-1.3328168607146758,-0.4764760748599741
Y537S,apo,96,2,0,0.05572816565808836,-0.8733340022833858
Y537S,apo,178,1,0,-0.4133449093361179,0.44053821967088425
Y537S,apo,195,0,0,-0.9530949302227469,0.04790266170515167
Y537S,apo,108,2,0,-0.4890190927907483,-0.7068658949754365
Y537S,apo,136,3,0,-0.019521198482610913,0.13423484984951983
Y537S,apo,48,1,0,0.37492481023593527,-0.1522051391700785
Y537S,apo,243,4,0,-0.2974074953400674,0.8228063495879212
Y537S,apo,2,2,0,-0.24586600521021396,0.8578237988282922
Y537S,apo,92,1,0,0.16090739103518104,-1.3226912660047105
Y537S,apo,149,1,0,-0.8025028707005646,-0.1647057857522043
Y537S,apo,29,0,0,-0.13918193093335418,-0.4828418588015637
Y537S,apo,167,2,0,-0.37621476191963765,0.23880246341639122
Y537S,apo,200,0,0,-0.7017630938155115,0.7709792308380088
Y537S,apo,78,2,0,-0.7667513349020894,-0.3779930816213124
Y537S,apo,190,2,0,-0.6995011088396623,-0.47202084331294714
Y537S,apo,67,2,0,-0.7032272061716291,0.5898720247722196
Y537S,apo,172,1,0,-0.4405354051477133,-0.28399344416975225
Y537S,apo,135,4,0,-0.5744934108751245,-0.182136646246164
Y537S,apo,69,0,0,-1.190181356064123,-0.31582260589974
Y537S,apo,61,0,0,-1.2760732404796187,0.3761664568098979
Y537S,apo,69,1,0,-0.5408314433413963,-1.0871771861913402
Y537S,apo,187,3,0,0.4327780405699677,0.4123822700703954
Y537S,apo,170,1,0,-0.9278424763005226,0.15561369964248684
Y537S,apo,34,4,0,-0.31312089233227525,-1.656823960656567
Y537S,apo,168,0,0,-0.3819603080841567,-0.190707100857054
Y537S,apo,67,1,0,-0.6976824757462445,-0.1106048689058241
Y537S,apo,49,2,0,0.2935633921970222,-0.5033266506130332
Y537S,apo,72,1,0,-0.9528360102117119,0.02539690660329086
Y537S,apo,229,1,0,-0.3039641938045179,0.5613313631735792
Y537S,apo,53,2,0,-0.4093512279024374,0.1809881881645623
Y537S,apo,184,4,0,-0.5871350697973625,1.0059125077819715
Y537S,apo,174,3,0,-0.2766332083864498,0.2146942255799189
Y537S,apo,88,3,0,-0.3892260878460121,0.2688608447709271
Y537S,apo,242,2,0,0.6235515041187618,-0.6692543672485982
Y537S,apo,90,3,0,0.04764122204614196,0.06645304112232964
Y537S,apo,241,2,0,-0.18098718815143044,0.4032676648272968
Y537S,apo,189,2,0,-0.29515249053133985,-0.67564214528349
Y537S,apo,106,4,0,0.045263830746019806,0.3393824938506498
Y537S,apo,74,3,0,-0.35997102117103097,-0.24189136210458173
Y537S,apo,180,2,0,-0.11866286783971702,0.3479890828790957
Y537S,apo,219,2,0,-1.3237954770896643,-0.5309611403756094
Y537S,apo,22,1,0,-1.010743408616161,0.5897596366117597
Y537S,apo,149,4,0,-1.4453088045943296,-0.2798898108302268
Y537S,apo,181,1,0,-1.0790165647220604,0.22577240888173833
Y537S,apo,164,1,0,0.09248096249759996,0.85997238544239
Y537S,apo,81,2,0,0.07247435398834057,0.0041278177244095104
Y537S,apo,183,2,0,0.20877648987882935,0.060401929581331615
Y537S,apo,39,2,0,-0.39454099765476514,-0.8937600114692401
Y537S,apo,71,4,0,-0.46480931630396327,-0.049541862108071655
Y537S,apo,57,1,0,-0.18679294231888122,-0.027277016205275117
Y537S,apo,129,1,0,-0.1792913760134276,-1.5815194107358934
Y537S,apo,109,3,0,-0.6784892068147315,0.16643609338430565
Y537S,apo,240,1,0,-0.8888908887542151,-0.33414279771309907
Y537S,apo,117,1,0,-0.1497145558063515,-0.6299388476070789
Y537S,apo,42,4,0,-0.000993683079862251,0.48456476753572986
Y537S,apo,32,1,0,-0.9663311284978953,1.0216944186720838
Y537S,apo,226,4,0,-0.8519983853231814,-0.4478809621937927
Y537S,apo,217,3,0,-0.09898858922696618,-0.7356450631016145
Y537S,apo,236,4,0,-1.1610448376615103,0.7028698343704747
Y537S,apo,202,1,0,-0.25814375204653217,-0.3425019192094112
Y537S,apo,169,3,0,-0.76562389593348,0.3115256767814998
Y537S,apo,12,3,0,-0.4695038544930128,0.9347823506487742
Y537S,apo,233,4,0,0.6460283620580292,-0.1413834139922301
Y537S,apo,46,1,0,-0.37549654803300214,0.7773909344889773
Y537S,apo,53,0,0,0.12919157043613794,0.04202929445278869
Y537S,apo,178,2,0,-0.8639472989947556,1.3238570561657923
Y537S,apo,12,1,0,-0.3071476823660326,0.6023678443324059
Y537S,apo,15,2,0,-0.35153859691891043,0.21383574741180666
Y537S,apo,234,1,0,-0.18751522065979387,0.11074602931618927
Y537S,apo,68,3,0,-0.6987695952033341,-0.34562077810373637
Y537S,apo,73,0,0,-0.19921134917905547,0.7109178012825197
Y537S,apo,194,2,0,-0.8009488342615185,0.35248957197927666
Y537S,apo,99,0,0,-0.12954848705339117,0.0920109585460267
Y537S,apo,222,4,0,0.2423908065010849,-0.06014721627340691
Y537S,apo,179,3,0,0.6131783701407585,0.019550754341409515
Y537S,apo,179,0,0,-0.5652818111644002,-0.6567021254246299
Y537S,apo,116,1,0,-0.3116301949851987,-0.15337445674387595
Y537S,apo,112,0,0,-0.5815039166406457,-0.30265028244731695
Y537S,apo,79,4,0,-0.5861780085935706,0.5171417918419081
Y537S,apo,217,1,0,-0.48016841927096365,-0.2854785524990717
Y537S,apo,111,3,0,-0.4560853562957341,0.8941613903198089
Y537S,apo,71,3,0,0.0025228103175152228,0.06992948632385776
Y537S,apo,219,0,0,-0.03753526797681417,-0.5498661431474829
Y537S,apo,47,2,0,-0.23742768279677406,0.6054201558561942
Y537S,apo,75,3,0,-0.36583586667175894,0.05240054783118353
Y537S,apo,34,3,0,-0.3368291038398219,0.24432907174379181
Y537S,apo,157,3,0,-0.43162436381832237,0.027778862547080507
Y537S,apo,158,4,0,-0.5833683537497798,0.9231706392290988
Y537S,apo,27,3,0,-0.74248442782444,-0.5037912155080164
Y537S,apo,207,4,0,-0.980185078941556,0.29469716110074273
Y537S,apo,57,3,0,-0.4641178113570099,1.0760444745229734
Y537S,apo,200,1,0,-1.0747832508275756,-0.3803275785503075
Y537S,apo,184,0,0,-1.2292155253156665,2.141850108743469
Y537S,apo,124,0,0,-0.57238819155695,0.5541301266301986
Y537S,apo,9,2,0,-0.4360588111218995,0.8800670885984232
Y537S,apo,94,2,0,-0.8174272887205909,1.2638985328026422
Y537S,apo,28,2,0,0.1488723634448661,-0.7344152239120945
Y537S,apo,157,0,0,0.39094905305503147,-0.22204369302599503
Y537S,apo,101,1,0,-0.057173519919832216,-1.458394649844891
Y537S,apo,233,3,0,-0.6862229974427869,1.2152451774637143
Y537S,apo,33,3,0,-0.47861995727265594,-1.0119540740505073
Y537S,apo,168,1,0,-0.6082574135715859,0.6548820120258227
Y537S,apo,41,0,0,-0.602350640388952,0.30658469720899006
Y537S,apo,197,1,0,-1.1847403308318079,0.5686146598635418
Y537S,apo,226,3,0,-0.11355348638495855,0.018517978082499553
Y537S,apo,18,0,0,-0.7437862602124987,-0.02636414770906015
Y537S,apo,222,2,0,-0.488867495944703,-0.2489869618707985
Y537S,apo,18,3,0,-0.34633845147402553,-0.6254545258722572
Y537S,apo,46,2,0,-0.5058983357817759,0.6258742438975275
Y537S,apo,88,0,0,-0.24950122746201941,0.7056997569966512
Y537S,apo,230,3,0,-0.22202111674099356,0.8910677421969808
Y537S,apo,109,4,0,-0.7926455956861567,0.05646545613419107
Y537S,apo,61,1,0,-0.5858042726909325,-0.2714075164912515
Y537S,apo,57,4,0,0.14076678463423065,0.02583641943068926
Y537S,apo,212,4,0,-0.5806986526209279,-0.10378291617945479
Y537S,apo,202,0,0,0.5659033592650218,0.04455112419016416
Y537S,apo,61,3,0,-0.4303145142869873,-0.7024049197654421
Y537S,apo,143,3,0,-0.8380777649340381,-0.014970450655283685
Y537S,apo,102,4,0,0.3321079254869481,1.2059539501168501
Y537S,apo,249,1,0,-0.25757951877860563,0.8128776171651282
Y537S,apo,70,4,0,-0.6116664070056146,0.5343432369201508
Y537S,apo,27,0,0,-0.4782731249801131,-0.521460989646215
Y537S,apo,110,3,0,-0.42161161214576026,-1.3612811231613335
Y537S,apo,205,3,0,-0.7267482788057471,0.0019716896171786402
Y537S,apo,38,2,0,0.11803549225657761,-0.07065925964323583
Y537S,apo,15,0,0,-0.7755725639230633,0.16533476350218734
Y537S,apo,12,4,0,-0.7893328810566942,-0.39292172179744966
Y537S,apo,144,0,0,-0.5543935443126813,-0.06975110896084402
Y537S,apo,124,1,0,-1.103973260907857,-0.19331691853065536
Y537S,apo,151,4,0,-1.0677203446218826,-0.4312451278889142
Y537S,apo,1,0,0,-0.6124485412539897,0.8876141107854494
Y537S,apo,114,1,0,-0.4750866461134571,-0.5779484430638888
Y537S,apo,70,1,0,-1.2218210010917652,0.3556062770378645
Y537S,apo,105,2,0,0.6747459534296709,0.2919158766743095
Y537S,apo,237,2,0,-0.9401998554302615,1.0528409654896933
Y537S,apo,204,2,0,-0.6046140506573643,-0.7466352439388544
Y537S,apo,77,1,0,-0.4420657012534761,-0.34060662678921005
Y537S,apo,84,1,0,-0.12046799434310884,1.0448890991704047
Y537S,apo,89,0,0,-0.4291803796374474,-0.5836336859246529
Y537S,apo,226,2,0,-0.2978793869949641,-1.0110381650425921
Y537S,apo,33,0,0,-0.4068346228857074,0.17855729761164696
Y537S,apo,101,4,0,-0.7887822962884705,0.10268811354811191
Y537S,apo,111,4,0,-0.0324692053073079,-0.2617309720825318
Y537S,apo,6,3,0,-0.09550963012565106,0.6008308304081567
Y537S,apo,208,4,0,-0.22378760759668026,-0.9507899207834072
Y537S,apo,116,4,0,-0.4859280423344572,0.3330131924909665
Y537S,apo,37,3,0,0.3209218821215849,-0.48789050669736866
Y537S,apo,131,3,0,-0.46676665639596493,-0.10852413290585616
Y537S,apo,233,1,0,-0.3042045183652533,-0.5041402298738404
Y537S,apo,85,1,0,-0.3261328048707739,0.04830587444887158
Y537S,apo,61,2,0,-1.093410792646175,0.3369448933061392
Y537S,apo,215,3,0,-0.39884023583521255,0.8870610613819139
Y537S,apo,14,4,0,-0.024627989738920775,0.222963645528111
Y537S,apo,117,2,0,-0.5970315185589676,1.2402615861820294
Y537S,apo,86,2,0,-0.04280136373516541,-0.7072977334315027
Y537S,apo,137,4,0,-0.24350349191688636,0.1992275192071844
Y537S,apo,108,1,0,-0.8232018147509343,0.43331275894260557
Y537S,apo,140,0,0,-0.9106560535551651,-0.025603463822932326
Y537S,apo,71,0,0,-0.4830316891691879,-0.6009971753405807
Y537S,apo,118,0,0,0.17661683985858545,0.4617985723910749
Y537S,apo,43,0,0,-0.7499235131843136,-0.3424645083760254
Y537S,apo,120,3,0,-0.5297337241668139,0.008197395085318249
Y537S,apo,184,2,0,0.2505980558740397,0.1584588828257978
Y537S,apo,22,2,0,-1.5325809744491359,-0.9200877465413271
Y537S,apo,225,4,0,-1.2641807067846962,1.5794451303267465
Y537S,apo,188,1,0,-0.33410552579208996,0.2787154820253761
Y537S,apo,237,4,0,-0.37414461897803264,0.31540487639306036
Y537S,apo,21,2,0,-1.3334298195486483,-0.06339899439463181
Y537S,apo,160,4,0,-0.6939259230408723,0.8878748837940407
Y537S,apo,244,1,0,-0.6433047313147533,0.12030227396141413
Y537S,apo,229,0,0,-0.583278457285946,-1.434060162619204
Y537S,apo,131,0,0,-0.3490679092558331,-0.11646806785178399
Y537S,apo,205,4,0,-0.5981694366350929,-0.4021753540148296
Y537S,apo,229,4,0,-1.307216321126777,0.07544016105110529
Y537S,apo,79,0,0,-0.09211273080783045,-0.3081537974510553
Y537S,apo,202,2,0,-0.23807488479690875,0.8131416569421646
Y537S,apo,178,0,0,-0.37634982347992363,0.660139650295946
Y537S,apo,73,4,0,0.3467401816408078,-0.39435448046108945
Y537S,apo,106,0,0,-0.2941537175098645,-0.35799337296977285
Y537S,apo,123,2,0,-1.2897650467881654,-0.9576724641019183
Y537S,apo,91,4,0,-0.6622761755140019,1.3059146640592019
Y537S,apo,181,4,0,-0.6540262571325925,-0.36377393424014315
Y537S,apo,231,2,0,-0.5297735141631961,-1.3936999590126504
Y537S,apo,103,4,0,-0.435534313203906,0.9785785160211304
Y537S,apo,121,3,0,-0.06313072634284467,-0.21530113782748117
Y537S,apo,190,3,0,-0.619591466748048,1.2404016802641138
Y537S,apo,147,4,0,-0.6032005476237146,-0.004524819335159691
Y537S,apo,41,4,0,-0.09892370562698716,0.6953611306645229
Y537S,apo,25,4,0,-0.7911501187096768,-0.7467692087019202
Y537S,apo,157,4,0,-0.18798851069929157,-0.3238655282313232
Y537S,apo,125,3,0,0.27915312997564,-0.1742910717502184
Y537S,apo,112,3,0,-0.029925407580762453,0.11288686788931557
Y537S,apo,249,4,0,-0.14570913665212615,-0.16798690726146503
Y537S,apo,26,2,0,0.062210343250875155,0.8415506046565469
Y537S,apo,45,1,0,-0.3958381338431316,-0.7844015628324712
Y537S,apo,119,3,0,-0.282351173242418,0.18469095883182263
Y537S,apo,215,0,0,-0.2851223340877951,0.0530841821865522
Y537S,apo,228,4,0,0.06530648767276048,-0.6564707960420577
Y537S,apo,237,3,0,-0.04795244803029419,-0.06942654217614574
Y537S,apo,172,0,0,-0.6328769133071077,0.36252164229064476
Y537S,apo,1,3,0,-0.6249774795999095,0.6925603800196427
Y537S,apo,89,1,0,-0.194002969353253,-0.5978950189356453
Y537S,apo,225,2,0,-0.153997168845585,-0.1308344953524312
Y537S,apo,227,4,0,-0.12432359083616618,0.49781669656981364
Y537S,apo,117,3,0,-0.7458655540937968,-0.11146491114473633
Y537S,apo,224,2,0,-0.46529795144284236,-0.40661842752693644
Y537S,apo,144,4,0,0.045326153854290396,-0.35506329099570166
Y537S,apo,195,2,0,-0.18028582989734687,-0.19212895102505456
Y537S,apo,211,1,0,-0.5602301312180487,0.4207070749291404
Y537S,apo,62,0,0,-0.17187629834782925,-0.36897036542885076
Y537S,apo,188,3,0,-0.4429226315394601,0.2933695068041118
Y537S,apo,139,2,0,-1.5315512973133742,0.28445337357840117
Y537S,apo,24,4,0,-0.5568310982228937,0.782841954150598
Y537S,apo,164,0,0,0.3437681438443576,-0.537910896990283
Y537S,apo,205,0,0,0.32496236662219147,0.07740127729232427
Y537S,apo,149,2,0,0.08226029126399936,0.700199271473096
Y537S,apo,143,2,0,-0.46715797162106654,0.09349892243025693
Y537S,apo,10,1,0,0.06396126864357754,0.6647681618544823
Y537S,apo,14,2,0,0.46260655733963674,0.19021749243634645
Y537S,apo,151,1,0,-1.5055697835262905,1.089658914947023
Y537S,apo,106,3,0,-0.5311080777798729,-0.04650397726710764
Y537S,apo,112,4,0,0.03828001820716764,0.6954852568412377
Y537S,apo,22,0,0,-0.1402503283049299,0.7981067160214224
Y537S,apo,209,4,0,-0.6217297411712899,0.39529351804659996
Y537S,apo,157,2,0,0.3787925948972415,-0.6311873285011842
Y537S,apo,30,0,0,0.2819688362629975,0.7083544602386809
Y537S,apo,47,1,0,0.021465344963491617,-0.3095452177335716
Y537S,apo,247,0,0,-1.5105785888564789,-0.15961451030368323
Y537S,apo,93,0,0,0.10510524522180376,-0.008213292974701858
Y537S,apo,202,4,0,-0.007070812532393944,-1.1144736590058386
Y537S,apo,25,1,0,0.011886009529870734,-0.06406339729554134
Y537S,apo,246,3,0,-0.3013425153070912,-0.551149228142009
Y537S,apo,159,2,0,-0.39180697269313214,0.8332950597719844
Y537S,apo,167,3,0,0.26283557692623205,-0.9835632786722925
Y537S,apo,245,4,0,-0.022645305437674068,-0.7720921771628895
Y537S,apo,55,1,0,-0.6311531590288197,0.8990633679896689
Y537S,apo,160,2,0,-0.6134845584984667,-0.32237298223707
Y537S,apo,60,1,0,0.2365063692488043,0.48185328646718517
Y537S,apo,106,2,0,-1.1315979906345461,0.11103588872435921
Y537S,apo,130,4,0,-0.2194902998464343,-0.6585943218996277
Y537S,apo,147,3,0,0.22508155581337874,-1.0445183010656365
Y537S,apo,38,1,0,-0.8452894857779789,-0.14049980171701293
Y537S,apo,218,2,0,0.20641029820449575,0.7947853908247708
Y537S,apo,22,3,0,0.06746745286694988,-0.4268485484236777
Y537S,apo,113,3,0,-0.5983824814837426,-0.7938821659810742
Y537S,apo,93,4,0,-0.3463226897939542,0.38131910319211215
Y537S,apo,6,4,0,0.35309384798408416,-0.5097241383668774
Y537S,apo,30,3,0,-0.49231648201499567,0.08055068830816481
Y537S,apo,175,1,0,-0.4873007484360663,0.11079120166324685
Y537S,apo,108,3,0,-1.054300753747981,0.1564193654750312
Y537S,apo,112,1,0,-0.19724406509011416,-0.14000949168068644
Y537S,apo,59,4,0,0.3055634459047454,-0.5846241394168032
Y537S,apo,43,3,0,-0.9646251341146517,-0.16737163040791359
Y537S,apo,3,4,0,-0.16348519285386942,0.3423659593468784
Y537S,apo,171,0,0,-0.6490309525908948,0.13248235737937364
Y537S,apo,8,2,0,-0.7590885937262719,1.0981507260164562
Y537S,apo,155,0,0,0.7720607215306217,-0.4741951487260536
Y537S,apo,176,3,0,-0.6310165858738443,0.33054573221194516
Y537S,apo,30,4,0,-0.5974540487837388,0.04714415449981857
Y537S,apo,151,0,0,0.16766382908204847,-0.1371072569206575
Y537S,apo,121,1,0,0.9002909582224028,0.05537559050772245
Y537S,apo,13,3,0,-0.3328185539999744,-0.6400241494674646
Y537S,apo,56,0,0,-1.2301353497127216,0.42210797085287766
Y537S,apo,3,0,0,-1.0013539389150168,0.01203280300413212
Y537S,apo,159,0,0,-0.7944918313959839,-0.004432084981800699
Y537S,apo,142,0,0,-0.14476256253931652,-0.18067195425238936
Y537S,apo,201,0,0,0.4551224154669846,0.9490706868216563
Y537S,apo,167,0,0,-1.0716791736901925,0.14248121998680574
Y537S,apo,187,1,0,-0.38360191471415206,0.16537379230165072
Y537S,apo,41,3,0,-0.2462901093094061,-0.19802879022977038
Y537S,apo,201,2,0,-0.3438334871709259,-0.25975335434459623
Y537S,apo,240,3,0,-0.07644864802982809,0.9081820876559306
Y537S,apo,125,2,0,-0.7555274563107552,0.02422321120873505
Y537S,apo,110,0,0,-0.7920336376801735,0.7993896265540172
Y537S,apo,192,0,0,-1.0170028606836858,-0.31096332930624726
Y537S,apo,136,2,0,-0.23864974484653345,0.14541058534413764
Y537S,apo,212,2,0,0.028525713753239756,-0.29166396109995674
Y537S,apo,7,4,0,-0.36692876384592665,1.295781973861935
Y537S,apo,136,0,0,-0.10095041965917417,0.4901815094591342
Y537S,apo,222,0,0,0.36323753022157845,-0.22798618816493388
Y537S,apo,128,3,0,0.3894878930912924,-0.2857783924737589
Y537S,apo,107,3,0,-0.3590038988842359,0.854651124350184
Y537S,apo,160,3,0,-1.261290466483004,-0.1673980455885129
Y537S,apo,85,4,0,-0.6010012988053504,-0.1909358417503313
Y537S,apo,149,3,0,-0.3109601260013619,-1.1297984500120606
Y537S,apo,2,0,0,0.22354241000545727,0.9983839686634326
Y537S,apo,24,3,0,-0.5743243014171462,-0.6784729101879776
Y537S,apo,240,4,0,0.046338245590000327,0.34503699033703583
Y537S,apo,209,3,0,-1.1459437413187104,0.29413076673438354
Y537S,apo,222,3,0,-0.1272408505984437,0.0811069813451013
Y537S,apo,3,2,0,-0.3142963732397881,0.1682908727172645
Y537S,apo,175,0,0,-0.1424201944449912,1.2109240087234383
Y537S,apo,128,1,0,0.5209290319843944,-0.27474892535435913
Y537S,apo,86,3,0,-0.634971339673676,0.17751978685937786
Y537S,apo,70,3,0,-0.21593794249902487,-0.7133911871947021
Y537S,apo,168,3,0,-0.7088711309443276,0.25379260483302346
Y537S,apo,245,1,0,-0.5027253230174438,0.6580087053692267
Y537S,apo,7,0,0,-0.5889042815751395,-0.03231892861616359
Y537S,apo,66,3,0,0.029210456467996693,-0.3531257789718296
Y537S,apo,211,4,0,-0.6444444909689047,0.8255032721586133
Y537S,apo,88,2,0,-0.013948894768098796,0.10438724040585612
Y537S,apo,113,1,0,-0.6273762516492845,-0.8917411526553707
Y537S,apo,197,2,0,-0.1889001784983506,-0.19728098322717358
Y537S,apo,94,4,0,0.08912264162451322,1.1628646992550387
Y537S,apo,172,2,0,0.7757853067500484,0.04941328536816059
Y537S,apo,229,2,0,-0.8149474039383513,-0.15861895155589423
Y537S,apo,95,0,0,-0.6297394173324946,0.7171676320780733
Y537S,apo,128,0,0,-0.5816377539635198,0.060500189292525874
Y537S,apo,59,2,0,-0.8856213744030157,-0.41881777956619715
Y537S,apo,110,1,0,0.5250457061950868,0.2915421213501759
Y537S,apo,245,3,0,-0.34155178312470724,-0.028082976460993336
Y537S,apo,197,3,0,-0.1457951767787513,0.8246730463477547
Y537S,apo,211,0,0,-0.6428143058444675,-0.6156837012869687
Y537S,apo,235,0,0,-0.4628327504508185,0.7828207316718618
Y537S,apo,101,3,0,-0.46338775551361167,-0.3792271848350026
Y537S,apo,197,0,0,-0.28286669794244546,-0.9152300167018126
Y537S,apo,47,3,0,-0.7872528639218892,-0.06635588095900857
Y537S,apo,30,1,0,-0.5900879602872457,-0.424349899155672
Y537S,apo,48,4,0,-0.9658969548632719,0.7743358286776783
Y537S,apo,171,4,0,0.0009632781345452202,-0.358790121773751
Y537S,apo,77,4,0,0.026442850974060406,0.19705782992755871
Y537S,apo,82,3,0,-0.4603964337229449,-0.04509528639523808
Y537S,apo,146,3,0,-0.47825615366698315,-0.0881854955294159
Y537S,apo,171,3,0,0.33880925538472084,-0.11791628556017031
Y537S,apo,124,4,0,0.14340621614153193,-0.38007152206328954
Y537S,apo,151,3,0,-0.46386365484994485,0.622434059842405
Y537S,apo,144,1,0,-0.5083696362123256,-0.4202434751951927
Y537S,apo,56,1,0,-0.44675436417126235,0.30206999216066777
Y537S,apo,152,3,0,0.054578637674911334,0.39578495805093894
Y537S,apo,77,0,0,-0.35676879523569127,-0.36855989690130286
Y537S,apo,43,2,0,-0.17914015334229916,-0.07855553584087716
Y537S,apo,95,2,0,-0.37521811888711554,-0.7181291106057017
Y537S,apo,27,1,0,-0.6146224525546309,0.030845030108949345
Y537S,apo,89,2,0,0.3710663563617267,0.405043018424351
Y537S,apo,125,1,0,-0.5446374741079154,0.020853982778021418
Y537S,apo,146,2,0,0.7669074022753968,0.5633247482765
Y537S,apo,32,4,0,0.17524782382632864,-1.0425272352471495
Y537S,apo,39,0,0,-0.35913130621448985,0.9637750336591182
Y537S,apo,63,1,0,-0.9222136328972894,0.025958170975968642
Y537S,apo,70,0,0,0.5218480598803339,-0.191802094646917
Y537S,apo,55,2,0,-1.0924835673298752,0.8627466242781594
Y537S,apo,133,3,0,-0.5841874367056974,0.7115013653121594
Y537S,apo,201,1,0,0.14346584159244458,-0.7112654214318468
Y537S,apo,210,4,0,-1.2133154524460572,0.41895482315983656
Y537S,apo,89,3,0,-0.30344811478179423,0.4460461300470797
Y537S,apo,56,3,0,-0.9659576428594328,-0.08463910191521506
Y537S,apo,192,1,0,-1.365735182836918,0.1219826462967859
Y537S,apo,94,0,0,0.26088358974061876,-0.4294219862548232
Y537S,apo,208,0,0,-0.13096234896125836,-0.7650159827152692
Y537S,apo,95,1,0,0.15270934834007477,0.529375943096511
Y537S,apo,140,1,0,-0.7369008427700727,0.6096479697326629
Y537S,apo,1,2,0,0.5876690065592598,0.8017403803978738
Y537S,apo,191,4,0,0.10510346678198346,0.3154681603558487
Y537S,apo,160,1,0,-0.18648404080047953,-0.35315972121431116
Y537S,apo,245,2,0,-0.7511999263586624,-0.9505390257600084
Y537S,apo,37,4,0,-0.7255962540841203,-0.20848899636924045
Y537S,apo,142,2,0,-0.7976740601037235,0.28972178142157645
Y537S,apo,215,4,0,-0.22353142367659373,0.09637734770279849
Y537S,apo,59,3,0,-0.8826302570804749,-0.099128878215339
Y537S,apo,172,4,0,0.3174263472930505,-1.1775716316691955
Y537S,apo,116,2,0,-0.2763674291458358,1.1399355612763884
Y537S,apo,181,0,0,-0.08822962106465937,-0.7279367570953497
Y537S,apo,102,2,0,-1.6275911126468756,0.34122812579219897
Y537S,apo,43,1,0,-1.1706879212620471,0.08647693710042859
Y537S,apo,168,2,0,0.5592050638790624,-1.082266493965605
Y537S,apo,128,2,0,-0.45590006046930753,0.9693921858357157
Y537S,apo,187,4,0,-1.07588975015533,0.2012862817681622
Y537S,apo,190,1,0,-0.4760552132737601,-0.5519347037290316
Y537S,apo,204,1,0,-1.1680981716425016,-0.025012269272181697
Y537S,apo,25,3,0,0.07207583633357473,0.7669308356897062
Y537S,apo,56,2,0,-0.23006118221936944,-0.6706167470031801
Y537S,apo,23,3,0,0.12593463172884967,-0.5018986068533877
Y537S,apo,141,3,0,-0.8556510744653032,0.2931697520139238
Y537S,apo,167,1,0,-0.19799841868433887,-0.7466068587164472
Y537S,apo,114,4,0,-0.28742443583801247,0.23374471944229924
Y537S,apo,31,0,0,0.08202449594419292,-0.5517885294383262
Y537S,apo,155,4,0,-0.3926378809599562,0.9222231971427419
Y537S,apo,212,3,0,-0.021445902432944308,0.39468752592246403
Y537S,apo,125,0,0,-0.7111679294230981,-0.6428830029222183
Y537S,apo,233,0,0,-0.33578777673603,0.3295658651438913
Y537S,apo,218,0,0,-0.23876231978551843,0.21571146520129503
Y537S,apo,130,0,0,0.4972935693457643,0.06844604515652009
Y537S,apo,78,1,0,-0.5890789745081655,-1.632341476625598
Y537S,apo,171,2,0,0.3042391500217292,-1.011625681764997
Y537S,apo,142,4,0,-0.7112141842124693,-0.28031532551307237
Y537S,apo,197,4,0,-0.581334721978152,-0.7222951915042017
Y537S,apo,23,2,0,0.4380660904919864,-0.021034421298509187
Y537S,apo,56,4,0,-0.5201148455070346,0.7999461130107477
Y537S,apo,155,1,0,0.4389082822647481,-0.290725741016999
Y537S,apo,71,2,0,-0.3854865348647465,-0.7229391773100815
Y537S,apo,114,0,0,-0.3251637005182779,-0.8925558619040146
Y537S,apo,37,0,0,-0.5896374698011861,0.37550312380147943
Y537S,apo,249,0,0,-0.8813092990065599,0.12358457795930633
Y537S,apo,228,1,0,-0.20041435012574027,0.6830791596997443
Y537S,apo,2,1,0,0.14688709722415538,0.16936885665218426
Y537S,apo,55,3,0,-0.4204186712648905,1.2812420456285736
Y537S,apo,88,4,0,-0.2409764453980614,0.2996874405881016
Y537S,apo,67,4,0,-0.9310273636890365,0.9185178875814444
Y537S,apo,102,1,0,-0.3306321908852041,-0.5674469714702326
Y537S,apo,44,4,0,-0.19870443228786883,-0.11205061081324175
Y537S,apo,143,0,0,-0.23748162492156766,0.9361573756396524
Y537S,apo,3,1,0,-0.11143041011560584,0.0815718179255498
Y537S,apo,175,2,0,-0.45298688092490025,-0.015186007482483888
Y537S,apo,175,3,0,-1.0920025536055924,0.7920266175737538
Y537S,apo,65,3,0,-0.8291255257196575,0.08691522023538312
Y537S,apo,160,0,0,0.20656543219878998,0.6559858501250204
Y537S,apo,23,1,0,-0.5664565120330245,0.8498589778130707
Y537S,apo,68,2,0,-0.7355258017212272,-1.0420894199334754
Y537S,apo,116,0,0,-0.6631912991696787,0.5954576809775602
Y537S,apo,134,0,0,-1.0329460534933617,-0.731861735444653
Y537S,apo,101,2,0,-0.672445842097126,0.237727029844379
Y537S,apo,78,0,0,-0.7161938074003977,-0.7555796033581714
Y537S,apo,134,4,0,-0.3798341357234243,0.43965040835581704
Y537S,apo,65,2,0,-0.46678188465800474,0.7104728404481335
Y537S,apo,59,1,0,-0.0577155167273844,-0.9000958281637281
Y537S,apo,143,1,0,-0.7280310302505661,-1.2003533135276285
Y537S,apo,89,4,0,-1.4054222395435545,-0.69147262273151
Y537S,apo,135,0,0,0.014629123614241735,0.04357546381731936
Y537S,apo,77,3,0,0.05713505973987765,0.9490637954895647
Y537S,apo,41,2,0,-0.03894318035896305,-0.7476995656053305
Y537S,apo,209,1,0,-0.17075578324676854,-0.4552275944521824
Y537S,apo,26,3,0,-0.7424681668796929,0.3272052423208578
Y537S,apo,146,0,0,-0.28834909463620306,-0.5045935063523785
Y537S,apo,86,4,0,-0.1953843333851033,-0.08974911657097095
Y537S,apo,114,3,0,-0.33573399633232626,0.6930367191743443
Y537S,apo,65,1,0,-0.6049783390725842,1.567618063438971
Y537S,apo,95,3,0,-0.1049441094223802,1.0094281589752256
Y537S,apo,114,2,0,0.4857353762700747,-0.4436946201171992
Y537S,apo,101,0,0,-0.08276436567480516,-0.014149261030823368
Y537S,apo,73,2,0,0.10961075238557072,0.14017243745506391
Y537S,apo,26,4,0,-0.05667412807326144,-0.0017004030497247413
Y537S,apo,93,3,0,-0.29566980827054223,0.36901601273137885
Y537S,apo,82,1,0,-0.4016038431665976,0.7863667616034036
Y537S,apo,24,2,0,-0.8559055541072738,1.4978703322587137
Y537S,apo,82,4,0,0.7066915937322058,-0.18288812983549008
Y537S,apo,43,4,0,-1.027485412161699,0.23051004534832487
Y537S,apo,26,0,0,-0.2634964299353655,-0.8402506109159731
Y537S,apo,240,0,0,0.11113728131806866,0.701915586308175
Y537S,apo,24,0,0,-0.5013832012349297,-0.09426027693722006
Y537S,apo,130,3,0,0.00032412933037306857,-0.8608354774364102
Y537S,apo,53,4,0,0.09097006944827157,0.5485644724311243
Y537S,apo,142,1,0,0.0976909750674615,-0.4749542541242704
Y537S,apo,113,0,0,-1.0046160590156106,-0.20735467961021925
Y537S,apo,110,2,0,-0.18005522792427797,-1.8125602731692396
Y537S,apo,65,0,0,-0.6007517990217792,0.12861235154294093
Y537S,apo,23,4,0,0.02179796518981547,-0.37903326021159955
Y537S,apo,93,1,0,-0.3448350422508284,-0.4995925660812759
Y537S,apo,135,1,0,-0.8187371394359033,1.081230813740362
Y537S,apo,65,4,0,0.2207465341336139,0.41746489639980666
Y537S,apo,23,0,0,-0.39536612162046225,0.740754758557614
Y537S,apo,85,3,0,-0.5090763398718501,-2.2455763660665014
Y537S,apo,110,4,0,-0.03847495049111771,0.24917387702079452
Y537S,apo,142,3,0,-0.564635450618681,-0.11025136481163145
Y537S,apo,190,4,0,-0.024452661489867467,0.2949962355053515
Y537S,apo,153,1,1,55.54089098246136,-2.1948807231217558
Y537S,apo,81,3,1,55.759006186608076,-2.9259379583891274
Y537S,apo,117,4,1,56.66450924567184,-1.089023527162425
Y537S,apo,37,1,1,57.708061007262984,-1.9833814392889906
Y537S,apo,105,3,1,55.894383430495026,-0.19829209629806144
Y537S,apo,105,1,1,58.84422007879999,-0.05331980211117582
Y537S,apo,10,2,1,57.67190069323226,-2.7110748485105347
Y537S,apo,162,2,1,56.30774084808469,-1.8150976129662837
Y537S,apo,144,2,1,55.7459223416448,-2.0507089657439934
Y537S,apo,39,3,1,55.76054781876965,-0.05026538949057624
Y537S,apo,138,4,1,56.42086323904785,-1.6225424238174355
Y537S,apo,215,1,1,57.5749024942466,-1.636545720598761
Y537S,apo,195,4,1,56.00592812014064,0.44521810583999866
Y537S,apo,193,3,1,53.676319983099376,10.512206797113421
Y537S,apo,166,4,1,58.41575142158888,-0.46952445181847224
Y537S,apo,53,1,1,52.035388959089744,12.425074921464812
