variant,state,seed,sample,cluster,PC1,PC2
WT,holo,84,0,0,29.979546389711032,6.283786761698375
WT,holo,84,1,0,30.118460639590637,6.251751421673345
WT,holo,84,3,0,29.929642011902327,6.315097289005408
WT,holo,84,2,0,30.468984636779464,6.6512089667541385
WT,holo,84,4,0,30.25689366712205,6.257214538248526
WT,holo,189,2,1,-32.27228017501215,0.30284841040748695
WT,holo,172,0,0,29.59096591596734,-10.118513878548951
WT,holo,108,2,0,30.939972247196703,6.050745013318152
WT,holo,136,1,0,30.357220489397253,5.79834414475872
WT,holo,125,4,1,-31.432464380097052,0.4619390465550496
WT,holo,128,3,1,-31.369696739357032,0.2037531932539476
WT,holo,125,3,1,-31.074395033325555,-0.036384146946149165
WT,holo,3,0,0,31.086054613878368,5.746467952908171
WT,holo,54,0,0,29.7803650097082,4.742636818174126
WT,holo,77,2,1,-31.864972453498687,-0.09099444331802256
WT,holo,125,0,1,-31.316606827335143,0.1867171684554876
WT,holo,230,2,1,-30.96523085596236,0.16274284833999023
WT,holo,172,4,0,30.538647714704144,6.240483608334054
WT,holo,97,3,0,30.476625130240095,5.54817913911596
WT,holo,91,3,0,30.79593046642562,5.80861482753957
WT,holo,178,2,1,-31.11083847243222,-0.22830014251426933
WT,holo,72,2,1,-31.785181596842943,-0.027322026516452404
WT,holo,223,4,1,-31.77754752891271,0.23091320713764574
WT,holo,11,3,1,-31.176264339178246,0.29711074627065176
WT,holo,19,4,1,-31.02013240532739,0.004189892458661123
WT,holo,193,1,1,-31.087751547061867,0.4432421800685157
WT,holo,18,2,1,-31.75255483955749,0.27099354228599654
WT,holo,189,4,1,-31.200776301741985,0.35373464511023345
WT,holo,148,4,1,-31.182864386264615,0.2673174228639296
WT,holo,121,3,1,-31.863579354774117,-0.19185410966315197
WT,holo,146,3,1,-30.88588539921821,0.1697440412069837
WT,holo,199,2,0,30.992138875252458,5.210468682556471
WT,holo,241,0,1,-31.23691118603465,-0.021762668448939544
WT,holo,182,0,1,-31.254726583061522,0.023881460153103107
WT,holo,31,0,1,-31.16299059477624,0.08912946058766173
WT,holo,92,1,1,-31.441586802633893,0.7612201785253271
WT,holo,193,2,1,-30.424388757891382,0.21042725416730632
WT,holo,217,4,1,-31.720394724845992,0.29408419659055907
WT,holo,209,2,1,-31.313246480883294,-0.05441972193282729
WT,holo,182,4,1,-31.144675841294987,-0.1362441564883559
WT,holo,100,3,1,-31.71431810669287,-0.08765700914484367
WT,holo,128,0,1,-30.835044667771335,-0.27937937664839396
WT,holo,153,0,0,29.747987493613255,4.6920099686180725
WT,holo,226,3,1,-32.47036211661457,-0.1506274315726255
WT,holo,223,2,1,-31.24663432918477,-0.3290104092401454
WT,holo,209,4,1,-31.87841304942846,0.16377436065747517
WT,holo,6,0,0,29.562599972832572,1.698083385709371
WT,holo,10,0,1,-30.92627520395113,0.046372922278060974
WT,holo,35,4,0,30.644235659430855,6.0494281824338865
WT,holo,136,0,0,30.19645214707933,4.984706282243474
WT,holo,99,2,0,29.943978851949886,5.1665650075647775
WT,holo,37,0,0,30.308179200924034,5.860862379627919
WT,holo,48,4,1,-31.294511893333034,-0.04106632608292533
WT,holo,138,0,1,-30.976535336340493,-0.042909075401193
WT,holo,140,0,0,30.123837557908118,5.188037681114067
WT,holo,230,4,1,-30.74879084562663,-0.47613552631923317
WT,holo,51,4,1,-31.85889579315011,0.5929468527002298
WT,holo,234,0,1,-31.324368823664468,0.32755574521691877
WT,holo,128,4,1,-31.256614726253932,0.00012847283054239194
WT,holo,92,3,1,-31.4449069741423,0.02835990379077224
WT,holo,72,0,1,-31.00999293855324,0.23135151169166385
WT,holo,197,3,1,-30.72296700808413,0.14028313469527381
WT,holo,4,1,1,-31.114054754906313,0.1741899720088812
WT,holo,5,4,1,-30.689260448216455,0.07061382135342296
WT,holo,180,0,1,-31.465973463784724,0.11882880231698663
WT,holo,138,1,1,-31.35746230839614,0.3271636851761491
WT,holo,12,0,0,29.40249062529227,5.572878027242283
WT,holo,154,1,1,-31.00363639405077,-0.03132586318156314
WT,holo,178,0,1,-31.579142822335335,0.5008972917848927
WT,holo,144,4,1,-31.114195129848035,-0.05900920759653852
WT,holo,123,0,1,-30.893464144781056,0.15451921147650477
WT,holo,136,3,0,31.055187095928815,5.028757477649769
WT,holo,72,3,1,-31.582156566388846,0.24592432475327122
WT,holo,242,3,1,-30.660385790327286,0.0817876248738565
WT,holo,227,2,0,30.47666558674905,5.087525249040871
WT,holo,60,1,1,-31.37507056332231,-0.031037020519507325
WT,holo,199,4,0,29.446089313352303,5.214751004836053
WT,holo,92,4,1,-31.332209508893442,0.13974477378639505
WT,holo,54,3,0,29.31321986199324,5.597510138082249
WT,holo,189,3,1,-30.802570764896096,-0.3074799158603505
WT,holo,19,2,1,-30.72373100950188,0.384227877222482
WT,holo,125,2,1,-30.753710275656108,0.2699199706650899
WT,holo,146,0,1,-31.86212376649634,0.36035144877944386
WT,holo,91,4,0,31.001064007863224,5.660811195660031
WT,holo,187,3,1,-31.011564628995522,0.03961976676666064
WT,holo,223,1,1,-30.948313982338316,0.19037433200653972
WT,holo,230,1,1,-30.72145380506861,-0.01434803937015289
WT,holo,72,4,1,-30.409855069572544,-0.1072556703623463
WT,holo,223,3,1,-31.16350026556769,-0.04009606495153714
WT,holo,241,1,1,-31.4610984529428,-0.23993473718550784
WT,holo,233,4,1,-32.3675853696554,0.05041897114101924
WT,holo,121,4,1,-31.89173939108142,0.008868749644425565
WT,holo,92,0,1,-31.527443725251732,0.11277362976330248
WT,holo,101,2,1,-30.880960337851864,0.09788981693098403
WT,holo,168,2,0,31.424702857153935,5.2537207217379995
WT,holo,19,0,1,-31.023953159507357,0.06111925539062618
WT,holo,100,1,1,-32.11392844688799,0.5301898915266742
WT,holo,105,4,0,29.412617407671856,5.2684473779775205
WT,holo,57,3,1,-31.54272080819981,0.008745758510043646
WT,holo,11,2,1,-31.781266630999117,0.05423357052707806
WT,holo,60,2,1,-31.32814281326396,0.09780461274817082
WT,holo,72,1,1,-31.047654623494083,0.2525600798024032
WT,holo,90,3,1,-30.38266651264144,-0.15760623981517752
WT,holo,57,2,1,-31.327704160152408,0.14381765117603412
WT,holo,94,3,0,30.332898897120835,4.650237490834972
WT,holo,146,2,1,-30.805070982573895,0.08697976853237019
WT,holo,128,1,1,-31.203185972390195,0.5785045704551551
WT,holo,201,2,1,-31.09603794316121,0.0372846968869255
WT,holo,31,4,1,-31.293033644235333,0.14108866799270772
WT,holo,193,3,1,-31.39447006767786,0.04437451734342558
WT,holo,11,0,1,-31.10220487283381,0.5096109316507349
WT,holo,117,3,0,28.90423754341739,4.782854792824086
WT,holo,36,2,1,-31.99321301993953,0.20953973135065473
WT,holo,233,3,1,-31.115081993934922,-0.20904370771818895
WT,holo,4,4,1,-31.30067145237919,0.2508182868550811
WT,holo,216,4,1,-30.7271162510474,-0.35100828578417903
WT,holo,129,0,1,-31.35217234597972,-0.10744135198135396
WT,holo,100,2,1,-31.784630396864173,0.10373419060283684
WT,holo,100,0,1,-30.79286904099644,-0.18781481316875048
WT,holo,54,1,0,30.4359163419639,4.589067054526021
WT,holo,114,4,0,29.313922971417522,5.572691645834019
WT,holo,10,3,1,-30.982466096077268,0.058948333832165814
WT,holo,4,3,1,-31.465725509109603,0.11784418078945395
WT,holo,117,1,0,28.538453972950705,4.163344475824879
WT,holo,117,4,0,29.200462943270704,4.543487240037343
WT,holo,36,3,1,-31.66864125047264,0.25731968482763273
WT,holo,178,3,1,-30.279581868093533,-0.22892830340871023
WT,holo,106,4,0,30.41564097391083,5.126590152999209
WT,holo,241,2,1,-31.92663445870136,0.26647812650754504
WT,holo,62,4,0,29.82604819514934,5.141684907140985
WT,holo,11,1,1,-31.72077469367961,0.06557679665368327
WT,holo,29,0,1,-31.273463630587845,0.07966589070911877
WT,holo,80,0,1,-31.95319127577868,0.3736395557554274
WT,holo,201,1,1,-31.12638636640789,0.37953611341667776
WT,holo,227,1,0,29.25186304759489,4.968348852346273
WT,holo,92,2,1,-31.121836217706406,-0.016312512939799354
WT,holo,48,1,1,-31.572549384862572,0.19246212301934398
WT,holo,187,4,1,-31.32631151329198,0.07209589472889932
WT,holo,42,2,1,-31.771966469854725,0.27702372736667435
WT,holo,208,2,1,-32.03735117762125,0.6825087027885381
WT,holo,105,2,0,29.61849229530153,5.143511485527248
WT,holo,69,0,1,-31.797399056487215,0.3529002138379291
WT,holo,223,0,1,-32.017118287809716,0.1135584067551802
WT,holo,250,3,0,30.347348492012575,5.6743342032907105
WT,holo,226,0,1,-31.541057590129924,0.3490504515499741
WT,holo,138,3,1,-31.411883918479862,-0.06771077685655515
WT,holo,242,2,1,-31.475845160388943,0.1792745627542675
WT,holo,5,1,1,-31.402582982956186,-0.10696707310466583
WT,holo,19,3,1,-31.598673502169778,0.4088929186441682
WT,holo,18,0,1,-30.953029724347832,0.10313375956234264
WT,holo,234,4,1,-31.19652182219218,0.02886225024674233
WT,holo,45,3,0,30.486538454367185,5.893101117825098
WT,holo,57,4,1,-30.853787765177408,0.20321683474063298
WT,holo,216,3,1,-31.08113699933923,-0.4921459311252847
WT,holo,12,1,0,29.627072159942326,5.694741499695781
WT,holo,74,0,0,28.71180948954555,4.423044739952658
WT,holo,210,0,1,-31.33734169385712,0.18551341485462453
WT,holo,204,2,1,-31.563766244117428,0.7351173331411848
WT,holo,18,1,1,-31.026476804265126,0.0010962544292803223
WT,holo,127,0,0,29.578595252851624,5.710835812566281
WT,holo,201,4,1,-31.09238291859473,0.44843822465196914
WT,holo,145,3,1,-30.369177438838644,-0.03249601134675494
WT,holo,36,4,1,-31.21080521801371,-0.24631331597017583
WT,holo,77,0,1,-31.645953593613978,-0.07969935360850501
WT,holo,62,0,0,29.453435056343668,5.716331093130774
WT,holo,79,2,0,30.16636996585266,5.323133501993119
WT,holo,108,0,0,30.197021119962642,5.501060514954711
WT,holo,16,1,1,-31.059387337855334,0.31039628561654126
WT,holo,91,2,0,30.12289475677399,5.881599710980924
WT,holo,230,0,1,-31.120122425014657,0.08842917702425465
WT,holo,77,3,1,-31.347248526697566,-0.05997611764088834
WT,holo,31,2,1,-31.999770518528596,0.3859439363517568
WT,holo,75,3,0,29.209169703712497,5.1443386004639855
WT,holo,211,4,1,-31.48939116585189,0.2276309879007397
WT,holo,45,1,0,29.60885497174726,6.0801290255506535
WT,holo,99,4,0,30.467451409938032,5.367257545883494
WT,holo,129,1,1,-30.387109610448473,-0.2540748136720501
WT,holo,214,3,1,-31.27415620653107,0.302706187323153
WT,holo,89,1,1,-31.685191039942627,0.2621713599063148
WT,holo,80,2,1,-30.442936445598765,-0.15945559925455122
WT,holo,86,4,1,-32.148269873313396,0.07624869171984525
WT,holo,222,3,1,-30.751902442956254,0.3536753720351314
WT,holo,133,3,1,-30.359061181560115,-0.1297727786421326
WT,holo,9,0,0,30.062921496437657,5.296460371676093
WT,holo,154,4,1,-31.631746642597403,0.3038734917630161
WT,holo,133,1,1,-31.045186259209217,0.08847895435576666
WT,holo,60,4,1,-31.220010485838955,0.27762344912231995
WT,holo,89,3,1,-31.05570859449396,0.09152338489633485
WT,holo,75,1,0,29.97834505497837,5.540424438992906
WT,holo,226,2,1,-31.60293182895433,0.389163779124002
WT,holo,180,2,1,-31.165624576492867,0.45715365529827634
WT,holo,133,0,1,-31.41796869534473,0.45529950401409175
WT,holo,204,1,1,-30.846320358127663,0.38376512984837724
WT,holo,116,0,1,-30.44777761884253,-0.1229776196312594
WT,holo,48,3,1,-30.572803733631567,-0.45996442824649203
WT,holo,189,1,1,-30.041282171387724,-0.20045459466251464
WT,holo,36,0,1,-30.90166349213322,-0.17351432608891837
WT,holo,89,0,1,-31.567569419116506,0.21101181561119467
WT,holo,125,1,1,-31.472711339542435,0.39737485936675443
WT,holo,129,4,1,-31.16142224869536,0.0835506132437686
WT,holo,148,0,1,-30.277689649134995,0.03187730587000588
WT,holo,97,1,0,30.013027114834973,4.941615026852292
WT,holo,97,4,0,30.494390999553826,6.003010833521937
WT,holo,4,2,1,-31.500917791206014,-0.05618546415729648
WT,holo,235,1,0,29.43378260938623,6.116139158811312
WT,holo,201,0,1,-31.375590718001288,0.3118087715300663
WT,holo,188,4,1,-30.43096679752391,0.056457841679099834
WT,holo,133,2,1,-31.339311004373727,-0.1931112653613042
WT,holo,111,1,1,-30.761509363540014,0.02497878590230775
WT,holo,62,2,0,29.914106079990752,5.618196927987209
WT,holo,147,0,1,-32.24146872742302,0.4979726899216155
WT,holo,114,0,0,30.214069643295822,5.237382484995799
WT,holo,35,0,0,31.1183871182538,5.375123779609067
WT,holo,172,3,0,29.62925562672967,5.3576794485486765
WT,holo,174,4,1,-31.59058281540393,-0.2106522911680336
WT,holo,141,3,1,-30.96569001815353,0.24100721807999564
WT,holo,234,2,1,-31.289303283290188,0.06351580282848321
WT,holo,155,2,1,-31.726162483250576,-0.21351608595530897
WT,holo,114,1,0,29.891638452676425,4.671269540213779
WT,holo,178,4,1,-30.7757922152823,0.01567029628398768
WT,holo,147,2,1,-31.53568703636257,0.5280750075303611
WT,holo,180,3,1,-30.642841733077486,0.0333602554152206
WT,holo,99,0,0,30.20904757260717,5.328517287380007
WT,holo,187,0,1,-30.172091529678355,-0.19713296718340886
WT,holo,148,2,1,-30.585691915645793,-0.03285769829080025
WT,holo,111,4,1,-30.843624884624514,-0.18957725696209762
WT,holo,180,1,1,-31.23619913181058,-0.05767839690444392
WT,holo,93,0,0,30.639559621362178,5.3114663996108105
WT,holo,210,3,1,-31.404665682693203,0.01033135902106231
WT,holo,22,2,1,-30.505203893560253,-0.11654216852266851
WT,holo,236,2,0,30.23795216151265,5.101240552029082
WT,holo,232,2,1,-30.672554107627192,0.08996082999267865
WT,holo,4,0,1,-32.70738558587569,0.2965240638079214
WT,holo,153,1,0,28.907971531636655,5.625003185270268
WT,holo,138,2,1,-31.62794009916579,0.17860650017315977
WT,holo,89,4,1,-29.676814999583293,-0.030719308621122057
WT,holo,154,2,1,-30.65343976641759,0.06859739496573233
WT,holo,73,4,1,-31.347790795233006,0.39214503569504844
WT,holo,126,2,1,-31.24551396214203,0.5623977894261528
WT,holo,101,1,1,-31.003653687022208,-0.5206357010555078
WT,holo,230,3,1,-31.298888033161624,0.1521650335255928
WT,holo,222,2,1,-30.722419583205756,-0.2902372562003071
WT,holo,109,0,1,-31.81297929382245,0.4623388908114829
WT,holo,215,0,1,-31.483443019302953,0.4094104858832889
WT,holo,77,1,1,-31.465765605007196,0.23313042855164992
WT,holo,80,1,1,-30.698679983974163,0.09543629752223215
WT,holo,146,4,1,-30.900151527940718,0.38064322728633515
WT,holo,5,3,1,-30.712493927978798,0.03548584127217582
WT,holo,1,0,0,30.02159992811824,5.806449503452742
WT,holo,109,2,1,-30.32691178164203,0.24200807781590894
WT,holo,140,4,0,30.68256766685942,5.746998415901629
WT,holo,193,0,1,-30.27306810869169,-0.06041005082092956
WT,holo,227,3,0,30.10671316716553,6.309565467427399
WT,holo,171,2,1,-30.118317457942442,-0.05355012590589632
WT,holo,145,2,1,-30.60143386929344,0.3938570581148384
WT,holo,48,0,1,-30.628927915589244,-0.023431112241678292
WT,holo,204,3,1,-31.257107794262918,-0.18882107524319597
WT,holo,143,2,0,29.807557742761805,5.0386620632859875
WT,holo,27,3,0,31.40044884292499,4.81731849473707
WT,holo,178,1,1,-30.666038447397987,-0.36499216882341473
WT,holo,16,4,1,-31.18109971125734,0.21227778986577114
WT,holo,104,0,1,-31.200772962225525,-0.12416125212547673
WT,holo,106,2,0,30.22806623854183,5.218446383094077
WT,holo,182,2,1,-31.553671422051657,0.13998520071271675
WT,holo,242,0,1,-29.985982201661177,-0.21187987740131428
WT,holo,80,3,1,-30.882030595033385,0.10418808236975491
WT,holo,85,3,0,29.24424835258511,5.839997426813066
WT,holo,90,2,1,-30.756908990343597,0.07752254492758064
WT,holo,201,3,1,-31.458794384232565,0.5897210233449739
WT,holo,188,1,1,-30.642534801628532,-0.026438654049290376
WT,holo,109,3,1,-31.661870442045366,0.25730144286854684
WT,holo,232,0,1,-31.13704827227288,-0.10642689379250776
WT,holo,222,4,1,-30.465141566960344,-0.17040918223516774
WT,holo,1,1,0,29.659726608740645,5.516849489839594
WT,holo,153,3,0,30.079366900156284,4.500208196374317
WT,holo,137,3,0,28.357477957358373,4.661037583929
WT,holo,1,2,0,30.31442917727747,4.9679481039459645
WT,holo,144,0,1,-30.558547043955393,0.8840136006748185
WT,holo,93,1,0,30.16171920977111,4.959668836637493
WT,holo,27,1,0,30.88316602374415,5.721352920492327
WT,holo,141,0,1,-31.198849353144215,0.1254858638538685
WT,holo,141,2,1,-30.94310765051377,0.449891761304314
WT,holo,216,0,1,-31.24472380014153,0.4281678400726081
WT,holo,226,4,1,-30.774440981096706,0.09871729793557882
WT,holo,90,0,1,-31.692794406444445,0.1465160974959048
WT,holo,250,2,0,29.603154723947267,5.543583095883403
WT,holo,123,2,1,-31.135949384132985,0.3029575625408161
WT,holo,224,4,1,-31.585333680201774,0.43459744379319143
WT,holo,58,2,0,28.965933352819295,5.024517068058073
WT,holo,140,2,0,29.602004868930862,5.204331656526342
WT,holo,31,3,1,-31.74766158219918,-0.25734961076875534
WT,holo,86,1,1,-30.199907135780855,0.08307901766612547
WT,holo,94,0,0,30.508454707225226,5.012314810566231
WT,holo,45,4,0,30.63876970474256,5.800807527801895
WT,holo,102,2,1,-30.796540973667835,-0.11028446503292164
WT,holo,143,3,0,29.241191820885266,5.155517958339725
WT,holo,182,1,1,-31.24352995925963,0.12364879284933156
WT,holo,132,0,1,-31.62021920185606,0.9032315256292887
WT,holo,220,3,0,29.494846631350548,5.536834610282885
WT,holo,217,1,1,-30.927310271526856,0.446898408756313
WT,holo,12,3,0,31.571985753330907,4.419924093344119
WT,holo,42,3,1,-31.131501374247176,0.24075773606654613
WT,holo,250,0,0,29.896076869652084,5.024051828086756
WT,holo,233,2,1,-31.606622665896193,0.13984205242983777
WT,holo,217,0,1,-31.622714057413436,0.15386815317243255
WT,holo,233,0,1,-32.106821575201934,0.11996971663739917
WT,holo,119,3,1,-31.10752028705159,0.3492660612212221
WT,holo,171,4,1,-31.592284961791208,0.030813927756799444
WT,holo,182,3,1,-30.881295495333507,-0.28547606927841535
WT,holo,142,2,1,-31.047946621377264,0.08579599670327875
WT,holo,102,3,1,-31.217302942030077,0.23229208928881617
WT,holo,197,2,1,-30.814118358372443,0.24558461597735767
WT,holo,174,3,1,-31.349844762704123,0.22666240549599684
WT,holo,82,1,1,-31.710040293231643,0.24632246318280057
WT,holo,44,0,0,30.15227795362162,5.241136340136087
WT,holo,82,3,1,-31.351580246776038,-0.1650937428034104
WT,holo,123,3,1,-31.412839202800797,0.03906963687643464
WT,holo,145,0,1,-30.463317658920374,0.14986673333478057
WT,holo,174,2,1,-32.03273029277541,-0.17343246341891785
WT,holo,237,4,1,-30.67474735075328,-0.002142457733960929
WT,holo,154,0,1,-31.44737927840926,0.18243960039417995
WT,holo,166,4,1,-31.447912045934608,0.22525533914486656
WT,holo,109,1,1,-31.50169394041613,0.16459030139627934
WT,holo,105,3,0,29.944698050516436,4.939883042166353
WT,holo,80,4,1,-31.083848915308618,0.25809304341708045
WT,holo,69,4,1,-30.47113534671305,0.18638820137760315
WT,holo,48,2,1,-31.26967802144398,0.5170098817993348
WT,holo,90,4,1,-31.336938730955293,0.11952626370150816
WT,holo,211,0,1,-31.191945460665696,0.03808842464191082
WT,holo,70,4,1,-31.860285315210305,-0.09047610757146934
WT,holo,224,0,1,-30.606991471459036,0.11515912026882175
WT,holo,218,4,0,30.60572257337345,5.263840621902667
WT,holo,218,3,0,30.496495296337766,5.504850586476952
WT,holo,44,1,0,29.79593192351129,5.1028284742823065
WT,holo,16,2,1,-31.28774962291966,0.01453862804704974
WT,holo,29,2,1,-31.23936389268925,-0.23388693252015993
WT,holo,10,4,1,-30.820868103717473,0.12290246021800946
WT,holo,155,0,1,-30.992111974393687,-0.13888047501816025
WT,holo,222,0,1,-29.830418549443614,0.3598143042462858
WT,holo,39,4,0,30.089326158923367,5.280813362873367
WT,holo,147,3,1,-31.76006534518552,0.6763464472730898
WT,holo,39,0,0,29.354925417083596,4.938575092079027
WT,holo,54,2,0,28.536208104256144,3.837416684918429
WT,holo,224,1,1,-30.724727320101497,0.8722531439586906
WT,holo,27,0,0,32.03695432509191,5.436386806625077
WT,holo,155,4,1,-32.00456207701841,0.42243162747570057
WT,holo,119,1,1,-30.78778174948963,-0.050189920232721244
WT,holo,209,0,1,-31.38829937655676,0.11495636481172049
WT,holo,31,1,1,-31.074890968847928,0.15380687770147614
WT,holo,86,3,1,-31.905030015705748,0.1248194420150416
WT,holo,135,1,0,31.299701994835445,5.373255279535902
WT,holo,188,0,1,-31.099568527974114,0.08279936707915747
WT,holo,217,2,1,-30.699942888906122,-0.35438543929046973
WT,holo,58,3,0,29.682788545673322,5.205498423631536
WT,holo,144,1,1,-30.51952344445859,0.10553774894566659
WT,holo,199,0,0,28.286303044815135,4.6133638194402415
WT,holo,241,3,1,-30.67578939077081,-0.1807303150892711
WT,holo,60,0,1,-31.49086558371401,0.33595503449724107
WT,holo,10,2,1,-31.509585194762003,-0.11575622097909492
WT,holo,35,3,0,28.60491898458722,4.98641875445942
WT,holo,200,0,0,30.32315801927192,5.419996417076124
WT,holo,154,3,1,-31.208621381234806,0.399131695312099
WT,holo,57,1,1,-31.331204423425834,-0.14507824827822297
WT,holo,100,4,1,-30.918940959870707,0.027614208608252044
WT,holo,189,0,1,-31.584522052376617,0.11199250916330247
WT,holo,129,2,1,-31.1841508542727,-0.23061812882731486
WT,holo,136,4,0,29.380762069099877,5.445672136995647
WT,holo,165,1,0,31.473365484315515,5.432902666943442
WT,holo,147,4,1,-29.92533186720531,0.4281626083454716
WT,holo,10,1,1,-30.78474304185199,0.23519711547542976
WT,holo,161,3,1,-30.33979181144095,0.3559398076224583
WT,holo,61,3,0,29.53395802478347,5.7360010747948795
WT,holo,242,4,1,-30.85784478553262,0.2120677630329021
WT,holo,242,1,1,-30.556811486106106,0.025289042667291706
WT,holo,140,3,0,29.823514198086617,5.28757842266241
WT,holo,97,2,0,30.093197440326264,5.108107427178771
WT,holo,24,4,1,-31.389566734831458,0.5305836754031624
WT,holo,204,4,1,-31.10357713380619,0.12888920744799012
WT,holo,128,2,1,-30.837403925367077,0.22065365202143505
WT,holo,244,4,1,-30.999260323011672,-0.05209210371702663
WT,holo,87,2,1,-31.57927566167648,0.2389018205003967
WT,holo,47,1,1,-31.553913390238787,0.10891472071707911
WT,holo,245,0,0,30.590340657826875,4.78012035888264
WT,holo,79,0,0,28.94721130697889,5.802273961677173
WT,holo,175,0,0,30.62247437743285,4.651686944042817
WT,holo,101,4,1,-30.691867761093274,-0.0725137436036704
WT,holo,228,1,1,-31.10200849488349,0.16052461888962585
WT,holo,235,0,1,-32.20169407439571,-0.07345417215436621
WT,holo,215,1,1,-31.283746850501586,0.4084077581474107
WT,holo,146,1,1,-30.68154068152428,0.4862713296842617
WT,holo,119,4,1,-30.229057123945893,-0.014407763517366124
WT,holo,168,0,0,30.273603411368743,5.018652747889493
WT,holo,109,4,1,-31.014197597371588,0.0981862838457461
WT,holo,155,3,1,-29.69000062368857,-0.2812494551165461
WT,holo,232,4,1,-31.701528756623176,0.1328825072815048
WT,holo,202,4,1,-31.538415663316407,0.7179786317146944
WT,holo,177,3,1,-30.6720262876297,-0.23001135990496324
WT,holo,124,2,1,-31.124851148495214,0.6316216719696355
WT,holo,61,2,0,29.669317671247672,4.809713405664222
WT,holo,129,3,1,-31.568158759230336,0.12140674233865965
WT,holo,152,2,1,-31.266923539332282,-0.01900009820801353
WT,holo,228,0,1,-31.37459356787086,0.6090934163411241
WT,holo,46,0,1,-31.065454886974653,-0.019024406651687528
WT,holo,69,2,1,-31.129736776144288,-0.034043831754380104
WT,holo,43,3,0,29.139821425706025,5.464887649018577
WT,holo,28,0,1,-30.63258565662024,-0.07140533148808664
WT,holo,234,1,1,-30.72308082403109,0.26287093257704397
WT,holo,222,1,1,-31.329234875253476,0.00012714922908942032
WT,holo,215,4,1,-30.9263418762155,0.2842788822022444
WT,holo,208,4,1,-30.70111773575308,0.7685815635068429
WT,holo,239,4,1,-31.654231515908428,0.27360123936901615
WT,holo,142,4,1,-30.942656097294314,0.037827960203494305
WT,holo,98,2,0,29.161572411707564,4.486013811091839
WT,holo,102,4,1,-31.173855691131774,0.16312820114487075
WT,holo,101,0,1,-30.765791326329715,0.19791853911051807
WT,holo,102,1,1,-31.04838109267664,0.14406001363588797
WT,holo,126,3,1,-30.462079934244414,0.14904819789035148
WT,holo,104,1,1,-31.3706358359639,0.0004948281771026832
WT,holo,168,3,0,29.453112626805993,5.016917659423802
WT,holo,142,3,1,-30.97879310800352,0.3064957282514109
WT,holo,208,1,1,-30.823036840907637,-0.5288474270192047
WT,holo,158,3,1,-31.18960640938433,0.08867112336284233
WT,holo,232,3,1,-31.28115524367754,-0.17517297391833112
WT,holo,3,1,0,29.500258793162935,4.453392463870239
WT,holo,175,2,0,31.3816487285899,5.566377055199213
WT,holo,127,2,0,27.895388805079044,-7.927566019241275
WT,holo,82,2,1,-31.004583275290457,0.295470993178611
WT,holo,161,4,1,-31.278860264664953,-0.19358488031776197
WT,holo,74,3,0,28.0548451050596,-8.2442802299471
WT,holo,175,4,0,28.089677170308363,5.23191221797671
WT,holo,63,0,1,-30.793855544024737,-0.45699139506499387
WT,holo,107,4,1,-31.07618895508364,0.6517389482680293
WT,holo,119,0,1,-30.866960504422185,-0.030855066459472787
WT,holo,244,1,1,-32.714614724190156,1.1778915940185504
WT,holo,207,3,1,-31.365944311287166,0.3703220787009635
WT,holo,237,2,1,-31.363795039607226,0.4150639420771148
WT,holo,142,0,1,-31.35464767525698,0.11182840175731407
WT,holo,46,1,1,-31.18563191245993,0.2416795219326353
WT,holo,42,4,1,-30.53839935898538,0.16578121775091684
WT,holo,166,3,1,-30.92093818794685,0.17489468225057997
WT,holo,228,4,1,-31.00250875103074,-0.021261653657096834
WT,holo,67,4,0,28.324032940968344,4.351389260341056
WT,holo,229,2,1,-31.48960068591143,0.23560649005686518
WT,holo,89,2,1,-30.991038286226175,0.23615363236888492
WT,holo,67,3,0,29.420381903735404,5.61522149336612
WT,holo,94,4,0,29.2487749679425,4.668203565078697
WT,holo,214,2,1,-31.024797317843895,0.06144269326595988
WT,holo,136,2,0,26.814907158717517,-6.796207985850585
WT,holo,123,4,1,-30.58704133728599,0.025784576987036605
WT,holo,171,0,1,-31.300782516645615,0.3367211975723415
WT,holo,98,0,0,28.214270548265908,-6.676349080689983
WT,holo,29,3,1,-31.42919971844583,0.30499968703536173
WT,holo,168,1,0,30.29751415500123,4.622510671729901
WT,holo,215,2,1,-31.474122427402357,0.421195225071407
WT,holo,121,1,1,-30.19827130835237,0.22327402575278746
WT,holo,73,3,1,-30.594530293680265,0.6000612607718439
WT,holo,159,1,0,29.998797151963235,4.6315177177502
WT,holo,46,2,1,-30.339506793661617,-0.10453172198845856
WT,holo,116,3,1,-30.735864433611564,0.7642766669867728
WT,holo,41,2,0,30.31700035499419,5.677676883588814
WT,holo,207,1,1,-30.940365593504364,0.40167808878699285
WT,holo,177,2,1,-30.969695310967488,0.44594602045888465
WT,holo,214,0,1,-30.387915574592842,0.32060374480055676
WT,holo,74,2,0,26.908259455800227,-8.299104110042087
WT,holo,64,1,1,-31.763154248705575,0.2906268624484766
WT,holo,106,1,0,27.878767455941666,-8.197606020892598
WT,holo,159,4,0,30.108873038797867,4.596438483098212
WT,holo,188,3,1,-31.110596392161984,0.14935084578658442
WT,holo,18,4,1,-31.556874800574388,0.38395641439230943
WT,holo,105,1,0,30.164337854552194,5.0922607924730965
WT,holo,171,1,1,-30.625368354448096,0.571588704803675
WT,holo,47,2,1,-30.73895365393558,-0.04565672210250109
WT,holo,113,1,1,-30.911863764500385,-0.22850457843000266
WT,holo,229,4,1,-31.422129291627773,0.3969215526665677
WT,holo,58,1,0,29.892880050500032,5.159545635603074
WT,holo,143,4,0,29.317586499556707,5.320199212539778
WT,holo,3,4,0,28.78217244879926,4.733852571518585
WT,holo,44,4,0,28.5299926701269,4.594859825195826
WT,holo,132,3,1,-30.116563269512582,-0.002402775769100705
WT,holo,213,3,1,-31.28517373715281,0.07759077210734862
WT,holo,207,2,1,-31.30731972396495,0.020755514973821845
WT,holo,145,4,1,-31.094212608467302,-0.07973240806712599
WT,holo,28,2,1,-30.14749660475402,0.4650093592947622
WT,holo,9,3,0,30.412746476456427,5.389286325235296
WT,holo,224,2,1,-30.905674785105752,0.04869881531955645
WT,holo,198,3,1,-31.223225470333674,0.33304248093504746
WT,holo,17,0,1,-31.489823283450892,0.5224745199117266
WT,holo,51,3,1,-31.74723806149517,0.28804879297455105
WT,holo,96,3,1,-31.582391171411395,0.8094339069072807
WT,holo,218,2,0,29.761365211971892,5.195194964926685
WT,holo,82,4,1,-30.690693932036357,0.6596053484414838
WT,holo,239,1,1,-31.093067744836514,0.34501761212714316
WT,holo,207,0,1,-29.613987530814025,-0.46211429604474413
WT,holo,85,0,0,30.52714056145385,5.760450927638351
WT,holo,62,3,0,27.472589627547258,-8.339141279763508
WT,holo,22,4,1,-29.827939016588324,-0.06141749157990942
WT,holo,104,2,1,-31.15315938723981,0.021542977830593918
WT,holo,87,4,1,-30.68547595237306,0.10447609816636544
WT,holo,144,2,1,-30.817205283500137,-0.21589096252744813
WT,holo,210,4,1,-32.113691265212374,0.4350446546587577
WT,holo,44,3,0,30.93544691383626,5.903888116034246
WT,holo,161,0,1,-31.04054121585551,-0.1560211979483206
WT,holo,202,3,1,-30.251282940973685,0.27734141770414455
WT,holo,169,0,1,-31.015130594949067,0.14367793524867992
WT,holo,127,3,0,26.458509528239766,-7.292682311892016
WT,holo,137,1,0,30.482870401461604,5.257735509459831
WT,holo,214,1,1,-31.04015801134091,0.022385380151016928
WT,holo,218,0,0,30.395749808686926,5.597544368578008
WT,holo,22,1,1,-30.73687082266798,0.30941247799765853
WT,holo,236,1,1,-31.33587042337944,0.21558226381833634
WT,holo,37,3,0,26.364313607645887,-9.273576971612181
WT,holo,113,2,1,-31.29865273016616,0.21975937827020336
WT,holo,73,2,1,-30.67279070050097,-0.28239999445050457
WT,holo,199,1,1,-31.631946084053382,0.44184511719174563
WT,holo,227,4,1,-31.170719901875675,-0.4506198565823199
WT,holo,158,4,1,-31.39565215565212,0.04314718079734638
WT,holo,149,2,1,-31.103806749162434,0.00831110847494839
WT,holo,6,3,0,27.71067494593653,-9.209974855684626
WT,holo,119,2,1,-30.30322418654434,-0.3150432990055757
WT,holo,111,3,1,-30.94863921732713,0.3621061249303602
WT,holo,147,1,1,-31.5030020080652,0.9343977514462483
WT,holo,169,3,1,-30.9244650031478,0.18364942385765595
WT,holo,98,1,0,30.124889573733657,5.294766834266657
WT,holo,16,0,1,-30.54587237534222,0.17302214908869878
WT,holo,18,3,1,-30.792587508910565,0.23961280648272246
WT,holo,93,4,0,30.86464755649292,5.116512430300065
WT,holo,54,4,0,26.95187247557476,-8.581043776023872
WT,holo,225,2,1,-32.102675370609504,0.1486840863873826
WT,holo,229,1,1,-31.091971173412514,-0.1406484085085578
WT,holo,22,3,1,-30.740456352212597,0.06750408081371821
WT,holo,117,2,0,28.1497361119331,-9.824492296449412
WT,holo,174,1,1,-29.99392252430299,-0.01889801433324776
WT,holo,211,2,1,-30.686833621401025,-0.20344044768934222
WT,holo,239,0,1,-31.2839498763345,0.09602966909367806
WT,holo,67,0,0,30.504729325232162,5.268143665563894
WT,holo,116,2,1,-31.012039433440147,0.40001224348961006
WT,holo,65,0,1,-31.629021263959203,-0.3962876742344228
WT,holo,73,1,1,-30.93701742737206,0.3181140591819747
WT,holo,6,1,0,28.238720422176943,-7.887773406843523
WT,holo,82,0,1,-30.97252857550394,0.015572442488163984
WT,holo,168,4,0,30.218664081262865,4.539412518486519
WT,holo,51,0,1,-31.137946660537768,0.2470651708080781
WT,holo,156,2,1,-30.36719498647461,-0.330533291914492
WT,holo,9,4,1,-32.264698142119926,0.9604818898149086
WT,holo,132,2,1,-31.362005945808406,0.642993686089096
WT,holo,187,2,1,-31.01995122796562,0.5820147516173856
WT,holo,198,2,1,-31.249759940981747,0.296491438924593
WT,holo,107,3,1,-31.093580997765024,0.08338594448166167
WT,holo,74,4,0,27.29704628284771,-9.151227303217404
WT,holo,216,2,1,-30.250480903155147,-0.16433731429722184
WT,holo,93,3,0,27.18034806774922,-8.652858381693708
WT,holo,228,2,1,-30.50818194267201,-0.05260670783238975
WT,holo,169,4,1,-31.825617472714747,-0.1809993392227276
WT,holo,166,1,1,-31.61043971777218,0.03580602102361324
WT,holo,121,0,1,-31.34797999301736,-0.006987788900774773
WT,holo,23,4,1,-31.905651448191183,2.710555386270577
WT,holo,224,3,1,-30.235065083644123,0.5445186733755288
WT,holo,124,1,1,-30.79391025489244,-0.07694979230241564
WT,holo,76,4,1,-31.631937719668628,-0.1449772849401888
WT,holo,126,0,1,-31.52368309503752,0.1810998837155722
WT,holo,174,0,1,-31.436229611765174,0.022216925259907063
WT,holo,17,1,1,-30.058050202969547,-0.057705569087906396
WT,holo,74,1,0,27.10482080889378,-7.687061832036534
WT,holo,151,3,0,29.383419408359366,5.179955794970161
WT,holo,102,0,1,-31.019222262531294,0.28090440549527895
WT,holo,64,4,1,-31.021516506949716,0.3117209970220011
WT,holo,229,0,1,-30.99421917988319,0.20834450624209438
WT,holo,75,4,0,27.585879192020013,-7.378790063474699
WT,holo,166,0,1,-31.33109085379471,-0.18248830442151256
WT,holo,249,1,0,27.906755365179265,-9.159849841540701
WT,holo,40,3,1,-31.836943107909708,2.666476881016401
WT,holo,45,0,0,28.385203931866446,-9.33238139621994
WT,holo,64,2,1,-31.558798113952253,0.3631274557703035
WT,holo,107,1,1,-30.97321416924032,-0.4670255050099466
WT,holo,81,1,1,-31.084667675035153,-0.05400171073520643
WT,holo,149,0,1,-31.727442775829086,-0.023523082626808342
WT,holo,249,2,0,27.729805123170156,-9.030236632205458
WT,holo,38,3,0,26.26052208607678,-8.185308917128296
WT,holo,108,4,0,27.030467721511226,-7.5508782169172095
WT,holo,113,4,1,-30.844698547802015,0.3712554760881345
WT,holo,108,1,1,-31.470571909872707,-0.005720552806782722
WT,holo,249,4,0,27.959744376119964,-8.792005694659728
WT,holo,47,4,1,-31.036063637056106,0.25990519775060383
WT,holo,41,4,0,27.547312919359783,-7.4453082044797565
WT,holo,151,4,0,32.81567941113204,6.301868165416449
WT,holo,200,4,0,29.740184490251337,5.587830091132061
WT,holo,207,4,1,-31.548981028642384,0.27397051784530485
WT,holo,60,3,1,-31.046883015897663,-0.26940495275677884
WT,holo,96,4,1,-31.860879182245156,-0.3327569981978084
WT,holo,101,3,1,-31.41804171106748,0.5754538437176139
WT,holo,132,4,1,-30.704767325853012,0.5634642624562054
WT,holo,245,3,0,30.86508965855204,4.923957299656133
WT,holo,244,0,1,-31.66522114132274,0.027809396785953344
WT,holo,104,3,1,-30.204422829698782,-0.22902877972895025
WT,holo,29,4,1,-30.582970347706198,1.0090562437242623
WT,holo,177,4,1,-30.814286698071765,0.07659530356792746
WT,holo,65,1,1,-31.885848332942405,-0.2780829795585597
WT,holo,184,2,1,-30.88045909281235,-0.01649799539481403
WT,holo,87,1,1,-31.842224485923463,0.39552599087121254
WT,holo,152,3,1,-32.142305428664756,-0.10966237184255562
WT,holo,213,0,1,-31.158831467976505,0.08279118455243424
WT,holo,167,2,0,31.76889312940892,5.669028951642913
WT,holo,42,1,1,-30.772625416937252,0.7008599906010762
WT,holo,116,1,1,-31.766068920197547,0.1875794969029673
WT,holo,229,3,1,-30.803593760494103,0.08967536990170427
WT,holo,8,0,1,-31.18011350807726,-0.14931052894347982
WT,holo,107,0,1,-31.192512777338933,0.05640653043344284
WT,holo,117,0,0,27.916374412935443,-9.083607590090477
WT,holo,42,0,1,-31.18512325675093,0.12576676666686057
WT,holo,202,1,1,-30.9698012871174,0.43645152367807455
WT,holo,231,4,1,-30.737384500813505,1.0930822274672045
WT,holo,244,2,1,-31.85876709099521,0.711886556734143
WT,holo,211,1,1,-30.428136485668322,0.040689985996759374
WT,holo,208,3,1,-29.565508019818548,1.0313141747105201
WT,holo,99,1,0,27.88227161859841,-8.086962342171544
WT,holo,29,1,1,-30.87371963968017,-0.21916677986182131
WT,holo,87,0,1,-31.156337802445552,-0.14980660643531882
WT,holo,58,4,1,-30.684539279966494,0.22359434152816596
WT,holo,143,0,0,27.925946134010854,-8.175691075991033
WT,holo,120,4,0,30.06324917707588,5.25627877567754
WT,holo,209,3,1,-30.699041403685165,0.2155320262289145
WT,holo,237,3,1,-31.339055573106386,0.5861526541462561
WT,holo,200,2,0,31.34274973165726,5.271716932266789
WT,holo,183,1,1,-30.544837732145194,-0.1820422672928936
WT,holo,167,4,0,30.266658562128512,6.106679615989258
WT,holo,183,4,1,-30.66855646011014,0.9359071965078308
WT,holo,58,0,0,26.697549449099537,-8.062823832721776
WT,holo,181,4,0,29.321453138209073,5.41880888098615
WT,holo,46,4,1,-30.397909552840023,0.13229154814798383
WT,holo,118,1,0,27.65055692164176,-8.776766849656969
WT,holo,47,3,1,-31.048938890302914,0.20399259737581193
WT,holo,53,3,0,28.259266081555612,4.640664021594161
WT,holo,237,1,1,-30.93023861035972,0.5898539284953559
WT,holo,79,3,0,25.941195361240247,-8.245342807054216
WT,holo,137,2,1,-31.291017570765295,0.20565484610661203
WT,holo,99,3,0,26.918800168371526,-7.934336577367858
WT,holo,87,3,1,-31.201323868045442,0.3744393321502735
WT,holo,149,1,1,-31.380369828223234,0.8432877684172163
WT,holo,7,2,0,29.330519330518605,4.999397260685032
WT,holo,179,2,1,-31.468175620347385,0.6991853973870576
WT,holo,235,4,1,-31.70922038379306,0.036682234179538024
WT,holo,111,0,1,-31.334978951841354,0.493036363501772
WT,holo,2,2,1,-30.80407011540455,2.4737245817046953
WT,holo,45,2,0,27.343863001629142,-8.311391388712973
WT,holo,90,1,1,-30.436436728655803,0.4143107268583456
WT,holo,158,2,1,-30.507143651128448,0.08259173770966849
WT,holo,137,0,0,27.28529926928539,-8.431436806163553
WT,holo,219,4,0,29.43171748936766,5.269530982561368
WT,holo,145,1,1,-30.89636485607642,0.11249952257009546
WT,holo,172,2,0,24.53827514107992,-8.997746418048129
WT,holo,248,2,0,30.472831842323952,5.427378194662933
WT,holo,232,1,1,-30.9259982822462,0.2723265088892567
WT,holo,197,1,1,-30.36831697691801,0.7349510340672959
WT,holo,152,4,1,-30.963802860001866,0.5082096674334645
WT,holo,249,3,0,26.43541341730842,-8.309712954948486
WT,holo,75,0,0,28.09842753197744,-6.693031954908477
WT,holo,37,2,0,28.419219272175063,-8.421231450849223
WT,holo,184,3,1,-30.599842257378825,0.5620208046547276
WT,holo,196,3,0,30.346266921873713,5.744104758848035
WT,holo,169,1,1,-30.968280374179376,0.15927840896425782
WT,holo,135,0,1,-31.63678631894171,0.06697832165426551
WT,holo,96,2,1,-30.43958051036665,0.9102075051509412
WT,holo,97,0,0,26.537513935175223,-8.310595472583323
WT,holo,32,1,0,28.931078321076807,4.789125569292731
WT,holo,24,0,1,-30.82394116223148,0.507795983768605
WT,holo,43,4,0,29.63315347793655,5.2492270897958075
WT,holo,62,1,0,26.575936044857745,-8.423338724247524
WT,holo,126,1,1,-31.252640297302552,0.34886499201586535
WT,holo,86,2,1,-29.89865117166421,0.15631186064486696
WT,holo,141,1,1,-29.595936241151403,-0.2827200157771973
WT,holo,236,3,0,26.175846398458155,-7.0375828521748245
WT,holo,164,1,1,-30.663763350453994,1.2686478384449855
WT,holo,239,3,1,-30.59884120115593,0.6514252212702782
WT,holo,227,0,1,-29.01729417198391,2.497593946592112
WT,holo,83,4,0,25.193619122378614,-9.017292646249464
WT,holo,41,3,0,30.44674084170361,4.535695398065317
WT,holo,153,2,0,26.988557534688457,-9.544821907691393
WT,holo,6,4,0,27.821863872618568,-9.175608640651259
WT,holo,173,0,1,-30.654473698261384,0.3787798680922757
WT,holo,37,4,0,26.963410814732384,-8.9681928579732
WT,holo,205,1,1,-30.736702515156203,0.2187343284527965
WT,holo,51,1,1,-31.48903228883268,0.114173622440219
WT,holo,249,0,0,27.956711665749395,-8.968192455432318
WT,holo,220,0,0,28.02569835044055,-9.437084982351598
WT,holo,193,4,1,-2.119775056047471,-5.480226608777392
WT,holo,12,4,0,26.79415217232427,-8.283901881217137
WT,holo,179,0,1,-30.539191231255316,0.29121083515929846
WT,holo,76,3,1,-30.51963992390055,1.0239032714351322
WT,holo,103,1,1,-31.242755307013006,-0.13847810796643614
WT,holo,43,1,0,30.886790253566375,4.971935628090469
WT,holo,76,0,1,-30.46600570205015,0.7202975623560258
WT,holo,24,2,1,-29.916268413979253,0.27782952560450846
WT,holo,116,4,1,-30.178625404649168,0.32889765298209345
WT,holo,73,0,1,-32.17159379411552,0.7180573325957617
WT,holo,248,1,0,30.698472478336875,5.901909802948793
WT,holo,228,3,1,-30.50958385940327,0.33432491457948876
WT,holo,30,1,1,-32.0627190053402,1.3214679721200038
WT,holo,127,4,0,25.872459493995056,-10.997841541271375
WT,holo,56,2,0,26.54806226923403,-8.219425458262686
WT,holo,245,2,0,29.238790935032007,5.531814759620206
WT,holo,76,2,1,-30.230291038568136,0.7380136672137432
WT,holo,248,4,0,27.238154438668833,4.985586912521161
WT,holo,199,3,0,27.877388957113112,-9.03655177226214
WT,holo,96,0,1,-30.81579263026552,0.44217777319098045
WT,holo,47,0,1,-30.595287570054357,0.03185425376745416
WT,holo,64,3,1,-30.61572551401861,0.4719891181619055
WT,holo,250,4,0,26.483988958986767,-8.198913059923186
WT,holo,195,0,1,-4.07457567546769,-4.541812552180735
WT,holo,6,2,0,27.463569229323543,-9.002047854094386
WT,holo,37,1,0,29.711027082846705,5.2120261528622835
WT,holo,39,2,0,27.075252590023972,-9.274235869292513
WT,holo,110,0,1,-31.938987114522035,0.27329061753823974
WT,holo,123,1,1,-32.47577375666744,0.5630282091048059
WT,holo,198,1,1,-30.597139441824908,0.5107683445416323
WT,holo,213,2,1,-31.526209483370547,0.3234961633797923
WT,holo,12,2,0,26.697780740213613,-9.258604715820248
WT,holo,180,4,1,-30.52378270962346,0.20914747127945404
WT,holo,140,1,0,27.208196179047203,-8.800344566067956
WT,holo,250,1,0,27.592969675985874,-9.422084898003522
WT,holo,179,1,1,-30.476556394951647,0.4121364323139331
WT,holo,202,0,1,-31.917599960894798,1.2077776209467643
WT,holo,23,3,1,-31.076025240590468,-0.34848569815407426
WT,holo,63,4,1,-31.40055255235578,0.3553818470456582
WT,holo,91,0,0,24.5446020957255,-8.560462235730224
WT,holo,191,0,1,-31.75332184662134,-0.041663661013014795
WT,holo,34,0,1,-31.208762339446164,0.9676469432690566
WT,holo,213,4,1,-31.43306947233397,-0.004279318129348399
WT,holo,106,3,0,27.35945436726202,-9.926092451493169
WT,holo,185,4,1,-29.216754569891496,2.1026171223914316
WT,holo,17,3,1,-30.676647584738642,-0.015897360691474294
WT,holo,184,0,1,-30.591316411899687,0.256824732140757
WT,holo,93,2,0,27.736152744401643,-8.25036738596976
WT,holo,197,0,1,-30.812750649824764,0.18349465506684895
WT,holo,110,3,1,-31.028005966084564,1.4934317332795028
WT,holo,110,4,1,-31.623833370057035,-0.050567882700089974
WT,holo,248,0,0,29.643920323463217,4.997926732263061
WT,holo,141,4,1,-15.367107793543276,-3.653227718535068
WT,holo,91,1,0,28.027576787298056,-8.576926559327964
WT,holo,225,4,1,-31.387071198129856,0.25823819100088746
WT,holo,28,1,1,-31.00008952552025,0.4954638724133992
WT,holo,205,4,1,-29.34106938518236,2.0340432654533953
WT,holo,71,2,1,-31.708106017421812,0.81483144984227
WT,holo,79,1,0,27.80230522628853,-8.718261803898358
WT,holo,20,3,1,-30.979265600316083,0.6772246400044902
WT,holo,8,3,1,-30.977647815863786,0.6325326505466041
WT,holo,63,3,1,-30.14565462069075,1.277557925582588
WT,holo,81,3,1,-30.704633703897212,1.0928964693845813
WT,holo,245,4,0,28.06820764375257,-8.315082624963866
WT,holo,17,2,1,-31.038713677098936,0.19355002196263663
WT,holo,32,2,0,30.20271951390837,5.916919544227634
WT,holo,85,1,1,-30.166867770566014,0.25154475929680753
WT,holo,118,2,0,27.780777637308837,-8.456877912780344
WT,holo,172,1,0,28.778024150129625,-9.177401813939461
WT,holo,122,1,0,30.399424477756668,4.860120452950136
WT,holo,108,3,0,27.70005408961328,-9.920763277518688
WT,holo,135,2,0,27.593166812478863,-8.776772444975165
WT,holo,76,1,1,-30.90687043042204,0.4235604781142435
WT,holo,173,2,1,-30.922014161667878,0.0009891995936599737
WT,holo,186,1,0,29.920470136552392,4.746841740940165
WT,holo,105,0,0,24.38404622902888,-11.012335456003768
WT,holo,197,4,1,-12.498121920971455,-4.429072876334979
WT,holo,16,3,1,-30.681016545682912,0.19700157379506034
WT,holo,115,3,1,-31.729663720543897,-0.271309502136641
WT,holo,17,4,1,-30.6602124961825,0.15175485556391954
WT,holo,159,2,0,27.74738049494678,-8.223821872339808
WT,holo,110,1,1,-32.18584224243011,1.254552537943362
WT,holo,88,1,0,30.747241278107275,5.895448372390664
WT,holo,35,2,0,28.59119161082116,-7.412206075381103
WT,holo,170,3,0,27.519327237882393,-7.25613975658021
WT,holo,153,4,0,24.84418725560242,-9.628729884085779
WT,holo,157,4,0,28.9922068573841,5.277434278175808
WT,holo,20,0,1,-30.94963043744483,-0.2050453247230072
WT,holo,164,4,1,-29.926412294067422,-0.2352881390368031
WT,holo,35,1,0,27.66054441422163,-9.74625674159186
WT,holo,151,2,0,30.278631174939257,5.793044553210211
WT,holo,112,1,0,30.261215624618902,6.153719027776462
WT,holo,44,2,0,28.791013519839744,4.7945912844435075
WT,holo,41,1,0,28.652929869018198,5.251890419604608
WT,holo,190,2,0,25.020644254520825,-9.051646045407184
WT,holo,231,1,1,-29.53004473607841,0.2393075565530693
WT,holo,83,3,0,27.13517871707353,-7.830921128708947
WT,holo,220,4,0,27.499729236520466,-9.992977054161166
WT,holo,225,3,1,-31.542326616403095,-0.3946111399499024
WT,holo,215,3,1,-11.06807900002459,-4.817566708292648
WT,holo,56,1,1,-29.313464350206242,2.390721442691745
WT,holo,85,2,0,24.749758188221413,-8.494794146093154
WT,holo,127,1,0,28.254277058439445,-8.046361375268269
WT,holo,240,4,1,-30.937234279483693,1.0755845545680514
WT,holo,21,4,0,31.579875867914176,4.599642331930374
WT,holo,225,1,1,-30.965667997872117,0.15028844703602415
WT,holo,50,0,1,-30.15965629980099,0.6030733873091362
WT,holo,203,1,1,-30.66426783155071,0.7614215310244584
WT,holo,96,1,1,-30.886240491065085,0.8010442661837032
WT,holo,13,2,1,-30.6760272263398,-0.5946590344598217
WT,holo,165,2,0,28.675752492199155,4.767959907636629
WT,holo,81,2,1,-31.130793989285166,0.8776337213495713
WT,holo,98,4,0,26.78237708363424,-7.104647581742203
WT,holo,175,3,0,26.710593516857607,-7.509884752994989
WT,holo,246,1,1,-12.17635095449697,-2.9477234588825927
WT,holo,55,0,0,26.971603760824706,-8.535841510869039
WT,holo,150,4,0,31.041915642936246,4.7596784241874515
WT,holo,137,4,0,27.72335894417069,-9.616395160078685
WT,holo,131,1,0,26.780534611207575,-9.262212808924426
WT,holo,139,4,1,-31.29755189098057,0.7540212359349127
WT,holo,143,1,0,28.90047937246601,5.3172641097399795
WT,holo,246,3,1,-32.09533072925726,0.8610238569194519
WT,holo,156,3,0,27.54120887245773,-8.236756376699258
WT,holo,46,3,1,-30.994490942934007,0.11693360980411122
WT,holo,211,3,1,-31.244735866958823,0.43512446318745024
WT,holo,41,0,0,27.827484469585247,-8.5341404439199
WT,holo,7,3,0,27.047579171049325,-8.288645702603803
WT,holo,40,4,1,-30.36010415805772,1.3115024904014458
WT,holo,183,0,1,-30.28836545980099,0.5748130139610842
WT,holo,139,0,1,-30.825465453664354,0.47809442423453374
WT,holo,135,3,0,28.18165850938164,-8.836480727601522
WT,holo,15,0,1,-31.23275304704248,0.6203446620940173
WT,holo,185,2,1,-31.311859967107125,2.6388023566364898
WT,holo,165,4,0,27.46427620280868,-5.722034828011491
WT,holo,181,1,0,29.79457267691075,5.113093501592002
WT,holo,165,3,0,28.360742723688016,5.111594630745382
WT,holo,30,3,0,27.146535722574992,-8.179587718932137
WT,holo,9,1,0,27.401180569190096,-9.618493420190553
WT,holo,114,3,1,-29.866781158974355,0.44403995896481324
WT,holo,50,2,1,-30.247998167312943,2.4772266411413635
WT,holo,183,3,1,-30.059490220882424,-0.12371962960193571
WT,holo,21,1,0,29.942242941783004,5.511128186446721
WT,holo,63,2,1,-30.380557854717395,1.023113514438767
WT,holo,59,4,0,30.735361023711523,5.1091310362441
WT,holo,15,2,0,26.748262843285968,-7.908363358921896
WT,holo,235,3,0,26.519835186434726,-6.4700060175874405
WT,holo,49,2,0,24.799557119255386,-7.755543110346997
WT,holo,56,4,1,-31.03556554012144,0.1329016394839056
WT,holo,177,1,1,-31.96840341049985,0.3477399736019973
WT,holo,248,3,0,29.224772382005696,5.842332239192043
WT,holo,196,0,0,26.761430504906016,-7.556983066640573
WT,holo,220,1,0,26.830326673284354,-10.222080797706921
WT,holo,157,3,0,29.92187092975754,5.124310417964905
WT,holo,38,2,0,26.294470673507757,-9.14722835568845
WT,holo,200,3,1,-30.45918244703875,0.2853808007280294
WT,holo,106,0,0,27.334823039268638,-8.777670449748973
WT,holo,148,1,1,-12.540560606255408,-3.1468430460277053
WT,holo,27,4,0,23.741005457911346,-8.535251398280591
WT,holo,112,4,0,30.817904328810574,5.29093093012494
WT,holo,244,3,1,-30.70315807978585,0.4064312493150877
WT,holo,238,1,1,-31.172970196095495,1.1271249885870747
WT,holo,68,2,0,30.72010515078254,4.82309662986327
WT,holo,157,1,0,26.509370980344634,-8.829048672409577
WT,holo,71,1,1,-30.401149278995057,0.13874510966531942
WT,holo,9,2,0,27.85605545862326,-6.867425166517334
WT,holo,38,4,0,25.006980340745717,-8.878303149612975
WT,holo,81,4,1,-31.98220330496707,0.8345110532060325
WT,holo,247,1,0,25.850048523934934,-8.586420144690543
WT,holo,23,0,0,27.769218731170096,-7.628604683473762
WT,holo,179,3,1,-31.434512564402002,0.5479925806155754
WT,holo,67,1,0,26.27561422312651,-7.437261307399547
WT,holo,120,3,0,25.488133458359293,-9.188363903853679
WT,holo,194,2,1,-30.903783811491337,1.032826509753548
WT,holo,38,0,0,25.672890269858225,-9.358625072163347
WT,holo,38,1,1,-30.78826028016895,0.35263890598022624
WT,holo,51,2,1,-7.445736775901202,-4.325833196275312
WT,holo,15,3,1,-31.097982788846057,0.5789919990022986
WT,holo,218,1,0,25.292129359407305,-8.463989316632075
WT,holo,167,3,0,29.50490269385886,5.718578658851043
WT,holo,103,2,1,-32.067278550383726,0.2782501646485366
WT,holo,131,0,0,25.300365661502518,-9.277898305349579
WT,holo,14,2,1,-7.041680679642952,-4.136769950713556
WT,holo,139,1,1,-31.104030563298856,0.7834090709814991
WT,holo,219,0,0,27.097684850437155,-8.431052868942263
WT,holo,13,3,1,-31.953760065635755,1.3904635922739437
WT,holo,81,0,1,-30.95231102422541,1.305788933704688
WT,holo,200,1,1,-31.045906562826794,0.23804568512120283
WT,holo,186,0,0,29.659046080203357,5.124902118952586
WT,holo,236,4,0,26.476061150900602,-9.26134546880492
WT,holo,118,4,0,28.228285533870714,-7.804449238270024
WT,holo,220,2,0,25.73747510765092,-9.92663711469965
WT,holo,170,2,1,-31.384285260676915,-0.1239663258536084
WT,holo,186,3,0,27.55445737145709,-9.211271548940655
WT,holo,237,0,1,-31.350751613452434,0.16220422533760978
WT,holo,3,2,0,24.20678355859985,-8.5897220245073
WT,holo,181,0,0,30.09851083424866,5.399555549809793
WT,holo,14,3,1,-30.72551924221201,0.6037791403296535
WT,holo,103,3,1,-30.15952643117419,-0.0355854402210242
WT,holo,159,0,1,-29.07453621032718,1.0488173721315133
WT,holo,120,2,1,-30.875415553528487,-0.17697233687217695
WT,holo,181,2,0,28.755061956298345,4.440906872355821
WT,holo,157,0,0,29.18286689338895,4.604169172141894
WT,holo,241,4,0,25.782060945736802,-8.578458764753474
WT,holo,177,0,1,-31.05500530395643,0.6510944639561103
WT,holo,165,0,0,27.20801948762422,-8.232696034020949
WT,holo,25,4,0,27.822183813782075,-9.926000983288079
WT,holo,14,0,1,-7.054446255709612,-4.146858964707754
WT,holo,191,2,1,-31.506864930275594,0.2748978111949331
WT,holo,26,0,0,30.23868536495032,4.997887521256429
WT,holo,55,4,1,-31.107813000440512,-0.006717660421750047
WT,holo,238,3,0,26.415524024799975,-8.886252528493982
WT,holo,43,0,0,27.38927663570986,-6.500756903833633
WT,holo,212,0,1,-31.46091558187153,0.8471613984757486
WT,holo,78,0,1,-30.537887814152747,0.44653833623200145
WT,holo,195,1,1,-29.80170413438764,0.9609408016124098
WT,holo,53,2,0,26.753333602682925,-8.346530630686166
WT,holo,122,2,0,31.443261743494922,6.000029485230142
WT,holo,83,1,0,26.94690027442012,-9.403010262452304
WT,holo,176,3,0,25.794634691388396,-8.401070171018786
WT,holo,156,1,0,26.153300105714813,-6.81159372669954
WT,holo,103,4,0,25.783504699626448,-7.4309394478751765
WT,holo,192,0,0,26.312640443771826,-8.575029463822949
WT,holo,26,1,0,29.622291942213167,4.919741248153579
WT,holo,231,2,0,29.989345980841822,4.380219736225315
WT,holo,221,0,0,27.973779339989484,-8.76297372887567
WT,holo,61,4,1,-30.202860202005866,0.35802803144872936
WT,holo,112,2,0,27.141365310991013,-6.556979537189846
WT,holo,120,1,0,26.32327358012218,-10.544458992719855
WT,holo,56,3,0,28.277352886378026,-9.350201286600749
WT,holo,24,3,1,-30.681609047424363,0.3132266112181505
WT,holo,221,3,0,27.776397139573916,-9.57487413226139
WT,holo,176,1,0,26.628955948080957,-8.775596263158212
WT,holo,83,0,0,24.906681395725887,-8.707706203061223
WT,holo,157,2,0,26.797923617410646,-8.147726263808204
WT,holo,14,4,1,-31.138733866473547,0.5415564109461858
WT,holo,7,4,0,27.057873434278108,-7.742347621314729
WT,holo,114,2,0,25.84530101409753,-9.261036381489806
WT,holo,77,4,0,24.576550116644075,-7.615911403475113
WT,holo,236,0,1,-3.298506528304746,-5.156508643216546
WT,holo,159,3,0,27.098658554849536,-9.363412201302248
WT,holo,221,2,0,27.435040055366816,-9.202523172368085
WT,holo,118,3,0,27.756811722453833,-7.723808573564517
WT,holo,194,1,0,27.653072099803474,-8.540385329875347
WT,holo,122,3,0,30.175266402391575,5.498591261845594
WT,holo,203,2,1,-31.066226925072204,0.456332800708496
WT,holo,94,1,0,26.033391602331058,-10.53888675834174
WT,holo,39,1,0,26.046577799975914,-9.224654138787036
WT,holo,56,0,1,-30.781422521905288,0.7103792512431887
WT,holo,203,0,1,-12.153791891081404,-3.3152907539610337
WT,holo,151,0,0,28.231445416046338,4.667846858864261
WT,holo,173,1,1,-31.155015389889353,0.8327923885714151
WT,holo,173,3,0,26.45679380567336,-9.251038634979807
WT,holo,33,1,0,25.683590974561795,-8.426189302777138
WT,holo,25,1,0,26.046233238917644,-9.058589066604695
WT,holo,55,2,1,-29.608725582594474,1.0635837625520268
WT,holo,7,0,1,-32.020799134005536,0.6292623806974114
WT,holo,85,4,0,24.925629981132918,-9.351524417545411
WT,holo,33,2,0,25.860670275002615,-9.261970024550314
WT,holo,162,1,0,27.096808835642726,-8.103324356910086
WT,holo,21,3,0,30.213129994825817,5.94374977109177
WT,holo,23,1,0,27.1671792199705,-8.106780182302414
WT,holo,170,4,0,26.946902542495643,-7.622215775206116
WT,holo,150,3,0,26.932465090150597,-8.812502935710665
WT,holo,66,4,0,25.38619169750096,-7.649238630628678
WT,holo,49,4,1,-30.818386737395276,0.49306185485226073
WT,holo,185,1,0,28.900663996485125,5.332061341682038
WT,holo,219,2,0,27.714449884453263,-8.963460427586382
WT,holo,88,4,0,27.232859495046203,-8.81008064393667
WT,holo,231,3,1,-30.605784627506136,0.3315579224908322
WT,holo,39,3,0,25.6768381195256,-11.24333314271172
WT,holo,25,3,0,26.643677018403345,-9.115552623605705
WT,holo,30,0,0,27.779728496807937,-8.155503828152023
WT,holo,59,3,0,27.09249189705327,-8.035940232625668
WT,holo,167,1,0,27.67843104583361,-8.719383095724458
WT,holo,59,2,0,26.87206965469991,-8.038926687769692
WT,holo,231,0,0,27.49325239866286,-5.04861434084928
WT,holo,83,2,0,26.751825874051175,-9.146756713783804
WT,holo,185,0,0,26.900625777908143,-7.801154072680603
WT,holo,30,2,0,26.792223740030106,-8.235042592416168
WT,holo,112,0,0,26.810927270800814,-8.827494266735647
WT,holo,66,3,0,24.931858207183225,-8.626384198732348
WT,holo,20,4,1,-30.711059469331346,-0.14888589937037372
WT,holo,131,2,0,26.616572317188773,-9.07596227299649
WT,holo,176,0,0,25.921251659781213,-7.093232387256029
WT,holo,30,4,0,26.90190180087553,-7.031682600870301
WT,holo,186,4,0,26.508893150463358,-8.814115953457618
WT,holo,243,1,0,31.217290877657963,6.1427965813078975
WT,holo,33,3,1,-30.106325926954877,0.7308545891802085
WT,holo,155,1,0,27.59475523949879,-7.948882586756838
WT,holo,7,1,0,27.608042592063764,-8.333745305185278
WT,holo,187,1,0,25.482138718000755,-8.947399031067732
WT,holo,221,1,0,30.00563917780552,5.539272223691184
WT,holo,170,0,0,26.387066062972124,-7.550145832098182
WT,holo,175,1,0,26.209942191725553,-6.020026630635168
WT,holo,115,4,0,26.74575453313224,-8.378758183133193
WT,holo,196,2,0,26.431906401424953,-7.755406068374268
WT,holo,2,1,0,26.08062830369864,-7.770648731445373
WT,holo,120,0,1,-32.14433054657134,1.3364725741736228
WT,holo,131,3,0,27.484077685518947,-8.843836572005468
WT,holo,238,2,1,-31.258897598753812,0.7694854404792048
WT,holo,8,2,1,-30.0679448438028,-0.22238978452601718
WT,holo,173,4,0,26.05879222747346,-8.319095207712484
WT,holo,94,2,0,27.490019754022704,-8.425875906725464
WT,holo,53,1,0,24.051715515489857,-8.641622938380193
WT,holo,181,3,0,28.400513958832278,4.947839687739199
WT,holo,212,4,1,-30.663819430065285,1.3156061608997291
WT,holo,192,2,1,-29.626692820594645,0.7273676269764222
WT,holo,52,2,0,25.374252426741528,-7.887889412739857
WT,holo,196,1,0,27.37747686104827,-6.921349438704649
WT,holo,150,2,0,29.939672293596892,5.187371805354523
WT,holo,247,4,0,27.18033669152481,-9.270497381993728
WT,holo,151,1,0,27.421990284344492,-8.176009356873116
WT,holo,245,1,1,-30.14224788880125,1.003025248147337
WT,holo,163,1,1,-7.37619498168067,-4.34996181866014
WT,holo,5,0,0,24.19440814138918,-9.508726517376124
WT,holo,78,4,0,25.72750273063665,-6.636614829246032
WT,holo,2,3,0,25.92083058429008,-6.353325528344845
WT,holo,75,2,1,-11.55263194092374,-4.272246008011913
WT,holo,203,4,0,24.874874781713398,-9.275738369151464
WT,holo,53,4,0,27.685361865820987,-8.213460110269722
WT,holo,50,3,0,27.63954355865481,-7.782880832440346
WT,holo,52,3,0,25.39525651652729,-8.063005233444011
WT,holo,66,1,0,25.800232058340566,-8.836733119396758
WT,holo,15,1,0,26.644667972381885,-6.814387071778633
WT,holo,71,3,0,28.945278575210434,5.336833277975099
WT,holo,55,1,1,-30.618034271908318,0.2829841080269755
WT,holo,238,4,0,27.620078294128078,-6.651371485120909
WT,holo,27,2,0,25.130983098283124,-10.644078871170406
WT,holo,1,4,0,27.056036088785966,-9.343198408092391
WT,holo,210,1,0,23.299188898406502,-8.741803008132182
WT,holo,219,3,0,26.78652663226778,-8.050192258512354
WT,holo,25,2,0,26.200955222336198,-8.87396930660112
WT,holo,247,3,0,25.839965683654817,-7.62952999700795
WT,holo,192,3,0,25.12118678252108,-9.40059921546974
WT,holo,162,4,1,-31.296010031344547,0.5160164740834304
WT,holo,26,4,0,32.00800543627737,6.213994581008817
WT,holo,95,0,0,27.258768085122288,-7.535771749169019
WT,holo,163,4,0,25.589326819030635,-9.308291434844648
WT,holo,57,0,0,25.27598002564502,-9.039920713383314
WT,holo,23,2,0,26.790729515024662,-7.557846673392557
WT,holo,156,0,0,26.17850535964175,-8.286632050524206
WT,holo,156,4,0,26.924925201448573,-9.311441527139559
WT,holo,33,4,0,26.702928162522444,-8.955223471124702
WT,holo,79,4,1,-31.162013896152615,0.838843438190625
WT,holo,149,3,0,30.64740733839427,4.61172688951704
WT,holo,206,4,0,26.764917308178298,-8.698667358600106
WT,holo,112,3,0,29.090364800203435,5.11038190132995
WT,holo,216,1,0,23.61957189051182,-8.363168614369076
WT,holo,247,2,0,26.047994400644388,-8.592064267028226
WT,holo,88,2,0,26.099108886012033,-8.713994580449214
WT,holo,3,3,0,25.38051531389376,-8.79850177261994
WT,holo,49,1,1,-19.55657108179343,-2.907639405932548
WT,holo,8,1,0,25.95076755617487,-8.38588484795573
WT,holo,240,1,1,-30.768728063453295,0.5671985469831899
WT,holo,176,4,0,26.4998712732519,-8.395271907445029
WT,holo,150,0,0,27.837778715994638,-7.297783606513905
WT,holo,203,3,1,-31.87887161054252,0.21681404673474342
WT,holo,13,4,0,27.53843519847972,-7.985632845916352
WT,holo,190,1,1,-4.5825129475388096,-4.353293525089177
WT,holo,158,1,0,25.252615916637446,-7.552976269405514
WT,holo,103,0,1,-29.270633835808187,0.10030277934883032
WT,holo,188,2,0,23.980870299952063,-8.617169506382806
WT,holo,55,3,0,26.299097074276116,-9.310559871725241
WT,holo,163,2,0,26.234490535035054,-7.676275088066831
WT,holo,95,3,0,26.451452328689644,-7.629808527067064
WT,holo,196,4,0,26.375330357567996,-8.170281453483822
WT,holo,162,0,0,27.147494305524617,-9.192221629349369
WT,holo,40,2,0,26.55765877713242,-8.145097544407367
WT,holo,135,4,0,24.98879264213123,-9.042339011629767
WT,holo,240,0,0,27.9665378375451,-8.707852347907474
WT,holo,186,2,0,26.286407896461064,-8.796216188669963
WT,holo,115,0,0,25.36186263131658,-7.191027623500411
WT,holo,8,4,0,26.032981455443206,-7.600223538717332
WT,holo,167,0,0,25.66685278288326,-7.240007602272602
WT,holo,2,4,0,26.772616822867317,-6.46126183035676
WT,holo,13,1,1,-9.755804477354816,-3.897942267174609
WT,holo,176,2,0,25.546923337220353,-7.380535817592128
WT,holo,190,4,0,26.61790812239662,-8.419246274479491
WT,holo,13,0,0,26.438194664058653,-8.67275531998991
WT,holo,192,1,0,26.55065508667757,-6.94291849674388
WT,holo,21,0,0,27.53395017227648,-6.592814793288881
WT,holo,24,1,0,17.20980646408571,-9.917520379252485
WT,holo,53,0,0,27.565933274363474,-8.66448676448881
WT,holo,115,1,0,27.41225402159176,-7.129518277576522
WT,holo,206,3,1,-29.858306807421428,-0.07340361836420416
WT,holo,133,4,0,25.673156870276895,-9.115359875529842
WT,holo,219,1,0,31.34390717335955,4.2426897065912454
WT,holo,59,1,0,25.503380336721047,-9.213718188452498
WT,holo,192,4,1,-31.85291885638181,0.3320015591582039
WT,holo,190,0,0,26.44409883436829,-9.167696071196332
WT,holo,32,0,0,27.97216330046213,-7.685286976436096
WT,holo,78,2,0,26.27855839009954,-7.152056279933856
WT,holo,247,0,1,-31.120716733050767,1.0351615527939206
WT,holo,78,1,0,26.891641559022403,-7.659220066913613
WT,holo,194,0,0,27.370607204481608,-6.468957226706642
WT,holo,170,1,0,25.631685435166617,-8.279372407349411
WT,holo,184,4,0,27.63075691802499,-7.580986273702602
WT,holo,68,3,1,-4.732720475413934,-3.9925050660290693
WT,holo,52,4,0,31.198861962369435,4.654953880257307
WT,holo,246,0,0,30.2124655240612,4.984811114943376
WT,holo,20,1,1,-31.135013975965915,0.47298185414981064
WT,holo,191,1,0,24.39475805785858,-8.176006027988498
WT,holo,70,3,0,27.829478349137716,-7.54120654837441
WT,holo,190,3,0,25.10133497964081,-7.6177079983259715
WT,holo,212,2,0,27.602654526841132,-9.591035129390853
WT,holo,205,0,0,27.502706344691244,-8.17899201350696
WT,holo,59,0,1,-17.847744815781873,-3.3361117580666417
WT,holo,22,0,0,25.49125680663196,-8.280120003340343
WT,holo,130,2,0,26.266369562173818,-7.261274225148061
WT,holo,11,4,0,26.543649096405808,-7.883128479138409
WT,holo,107,2,0,24.849632275582,-8.665387302466577
WT,holo,171,3,0,23.80706119510974,-8.97713229195825
WT,holo,88,0,0,28.913038167503206,-6.474607860681412
WT,holo,88,3,0,25.340344266369815,-8.313942827352781
WT,holo,212,1,0,25.675668502249597,-7.937421214543223
WT,holo,134,3,0,26.92874020470442,-8.443606263765561
WT,holo,126,4,0,26.134585720792483,-7.916977790549787
WT,holo,118,0,0,24.799094804745277,-8.888570526076542
WT,holo,194,3,0,25.91119412258954,-7.938262987491546
WT,holo,61,0,0,27.483040838639607,-9.536540287133935
WT,holo,1,3,0,26.350203466840796,-8.377705614526871
WT,holo,65,3,0,24.83471525649876,-7.880451620005119
WT,holo,68,0,0,26.02853876785207,-8.241915207278565
WT,holo,214,4,0,25.856172299744635,-7.131780671345554
WT,holo,66,2,1,-31.333718649210805,0.2429137209714452
WT,holo,134,4,0,27.350247110659033,-3.686688477383477
WT,holo,32,4,0,27.551374268759155,-6.300193766177705
WT,holo,130,3,0,26.01531293903646,-7.277356537189438
WT,holo,115,2,0,28.29035269031259,-9.838658283370505
WT,holo,169,2,0,26.49239585394358,-8.081708778924986
WT,holo,36,1,0,26.331256125872624,-7.999045483989258
WT,holo,202,2,0,27.62090539301822,-8.550057301355043
WT,holo,68,1,0,26.61899180110122,-8.390458355838279
WT,holo,20,2,1,-11.654027734307132,-3.9467225815722404
WT,holo,198,4,0,25.50512738352968,-8.721389954798223
WT,holo,243,0,1,-13.649440187745416,-3.5497741402972776
WT,holo,21,2,0,27.0424836631265,-7.110928645645063
WT,holo,134,1,0,30.523853256384562,5.343623065399593
WT,holo,194,4,0,26.147717866474366,-8.744510433923853
WT,holo,15,4,0,25.258848498893094,-8.701958080567751
WT,holo,113,0,0,25.480571355974828,-8.254532755669853
WT,holo,49,0,1,-29.5071874955834,0.206093519998005
WT,holo,50,4,1,-3.5552083880420757,-3.33518781563989
WT,holo,111,2,0,25.322830230458926,-8.230942411187293
WT,holo,206,0,0,26.490403856310742,-8.334266634786033
WT,holo,25,0,0,26.943726812098735,-9.81903203641288
WT,holo,185,3,0,26.607967733237636,-8.262630009982658
WT,holo,209,1,0,25.518470448781265,-8.127907273960643
WT,holo,78,3,0,26.52342840970676,-8.953172784590114
WT,holo,132,1,0,25.175139942208926,-8.772586779346792
WT,holo,69,1,0,26.46298305380384,-7.683314375505703
WT,holo,205,2,0,25.812022879183264,-8.20200362480429
WT,holo,206,1,0,26.91922247911463,-7.849300535445856
WT,holo,122,4,0,31.232678809355892,5.704855235993368
WT,holo,162,2,0,26.7968578756691,-8.145717618666263
WT,holo,131,4,0,24.070883536078103,-7.827112838587306
WT,holo,213,1,0,26.199749172303438,-8.300293953652945
WT,holo,163,3,0,24.40175177375895,-7.547928559927263
WT,holo,238,0,0,26.429836390228925,-7.650719744292295
WT,holo,33,0,0,26.211086497963443,-8.089975745474788
WT,holo,122,0,0,27.16759274652267,-8.601024763617874
WT,holo,68,4,0,26.889725209820732,-7.9584600189209755
WT,holo,179,4,0,8.45069683607149,-7.842715171229598
WT,holo,95,2,0,30.47383152103816,5.44923691007281
WT,holo,26,3,0,27.14095996889426,-7.707310366873354
WT,holo,28,4,0,27.472971838035612,-9.594323204254321
WT,holo,52,1,1,-30.638713900757104,0.4456196771140046
WT,holo,163,0,0,25.816219068137535,-8.598639329876065
WT,holo,98,3,0,25.175916176009352,-10.021241328763063
WT,holo,43,2,1,-32.13037673342834,1.0020501261743644
WT,holo,235,2,1,-20.180851850210736,-1.6643577801985745
WT,holo,148,3,0,24.5392069282586,-8.282247757854199
WT,holo,234,3,0,24.59750304245335,-8.556971866124785
WT,holo,95,1,0,25.847793977057645,-8.400860295758
WT,holo,34,4,0,27.49904519543082,-9.318935070945248
WT,holo,66,0,1,-10.931021699933547,-3.4236437378535887
WT,holo,221,4,0,25.723874908522077,-10.750210373372509
WT,holo,65,2,0,27.011904192185398,-7.699317444323439
WT,holo,139,2,0,25.481210932722092,-7.978977166604273
WT,holo,86,0,0,25.191726991635118,-8.919814002511389
WT,holo,161,2,0,24.000611847120958,-6.693098330410612
WT,holo,134,0,0,26.89782653762302,-7.841859432125585
WT,holo,71,4,0,27.45650506068849,-6.905717709366492
WT,holo,2,0,0,25.92604743271391,-6.814159581527915
WT,holo,195,2,0,26.615450601423333,-9.190696084039763
WT,holo,64,0,0,25.61031376458713,-8.585747640173148
WT,holo,162,3,1,-31.45336383923115,2.5880551573572466
WT,holo,130,4,0,25.205567785172544,-8.660972191868177
WT,holo,70,0,0,27.84691052513592,-8.119934887093407
WT,holo,67,2,1,-21.599514542114743,-2.3446505319467765
WT,holo,61,1,0,24.989978242619976,-8.749364093619079
WT,holo,130,1,1,-13.321515948582528,-2.5137422973756833
WT,holo,161,1,0,24.62688919472367,-7.832046294037246
WT,holo,206,2,0,26.56033396519524,-8.624746280698293
WT,holo,49,3,1,-31.24763041814256,0.5916912713858496
WT,holo,50,1,0,27.411919585471885,-7.50974302933351
WT,holo,52,0,0,26.735854237745798,-8.834390882939521
WT,holo,5,2,0,26.68607078131187,-8.897295325549086
WT,holo,71,0,0,27.55028791896492,-7.97744420184316
WT,holo,198,0,0,24.7418770558304,-8.396615520047364
WT,holo,26,2,1,-31.22424461993276,1.4299238258260063
WT,holo,19,1,0,18.846127514493944,-4.565936197239887
WT,holo,243,4,0,29.8194710670139,5.405524792563018
WT,holo,32,3,0,25.71095672863375,-9.645808837380645
WT,holo,246,2,0,27.950298907018865,-7.04204346577102
WT,holo,217,3,0,25.884154285247696,-6.76841761240758
WT,holo,184,1,0,26.22719478126834,-7.562433909881208
WT,holo,113,3,0,27.73026115865854,-5.795755395089663
WT,holo,95,4,0,27.182249059149882,-7.026199718795159
WT,holo,246,4,0,29.497395601177487,5.331475355995102
WT,holo,149,4,0,25.787091314458067,-9.239905124241083
WT,holo,243,2,0,26.997049012070594,-7.788576363998821
WT,holo,152,1,0,27.03375448907301,-7.7080457804466604
WT,holo,212,3,0,26.827694765882544,-8.098844332809277
WT,holo,191,4,0,26.28871759555216,-7.764764932687123
WT,holo,191,3,0,25.175940036894268,-7.568164384903091
WT,holo,14,1,0,24.44771976326916,-8.123478783487766
WT,holo,225,0,0,26.26132976756062,-7.402835471142585
WT,holo,150,1,0,26.478976521026883,-7.817586545110049
WT,holo,142,1,0,25.69554305074297,-7.302591615132497
WT,holo,160,2,0,27.095204460011807,-9.174867307011825
WT,holo,240,2,0,26.770387615579807,-7.184966928768768
WT,holo,121,2,0,26.51413501665323,-7.667608409104694
WT,holo,40,1,0,26.784997009968453,-8.692003605493257
WT,holo,158,0,0,26.466185335910836,-7.587177312174493
WT,holo,226,1,0,25.905071608254286,-7.616611435263279
WT,holo,204,0,0,25.81581020550152,-9.506482507023506
WT,holo,138,4,0,25.465045593380346,-9.199221198648393
WT,holo,210,2,0,27.20309300001475,-7.831181787506397
WT,holo,195,4,0,27.305594148565252,-8.130020846762466
WT,holo,134,2,0,31.171827763389146,5.335600613766004
WT,holo,205,3,0,26.701458875334612,-8.171419590856175
WT,holo,144,3,0,24.889454970744445,-8.357660191406152
WT,holo,28,3,0,27.4613436659427,-8.185950438716377
WT,holo,160,0,0,25.22602700360929,-8.425429700493337
WT,holo,40,0,0,25.822129081106127,-8.489756420111645
WT,holo,70,2,0,24.889053121038327,-7.9645601608995
WT,holo,34,3,0,26.113931630841748,-7.535242557177637
WT,holo,152,0,0,26.14322798919338,-8.845912101515184
WT,holo,243,3,1,-4.498790406785668,-4.4631305439302515
WT,holo,139,3,0,27.486096825407667,-7.13058768368112
WT,holo,195,3,0,26.845824913968418,-7.390890435966897
WT,holo,164,0,0,26.763184570509456,-7.818617326304773
WT,holo,70,1,0,27.609063470795807,-8.432781106236366
WT,holo,34,2,0,26.409161711382158,-8.638899189867574
WT,holo,65,4,0,25.745514911253203,-8.179783349484246
WT,holo,34,1,0,25.559466790964624,-8.00699922063556
WT,holo,164,2,0,26.379414505556262,-8.543516009254075
WT,holo,124,3,0,27.30680780718783,-7.982783594641716
WT,holo,104,4,0,24.32868819337154,-7.988661838431621
WT,holo,130,0,1,-29.95300996329463,0.8406293233950582
WT,holo,160,3,0,27.41090601028639,-7.522760201276999
WT,holo,240,3,0,26.94950359437279,-7.841790258985982
WT,holo,69,3,0,25.770909710926972,-8.886653384765482
WT,holo,233,1,0,24.839798515153912,-8.328197068866007
WT,holo,239,2,0,24.08243531392364,-9.008052051247738
WT,holo,124,0,0,24.28748369278805,-8.795996835508504
WT,holo,208,0,0,24.158574450779316,-5.167144245930161
WT,holo,183,2,0,25.91714436021479,-8.361801409189223
WT,holo,160,4,0,26.618607650145403,-7.704074827696429
WT,holo,160,1,0,25.519112310849337,-7.942567505917853
WT,holo,164,3,0,25.566066057443454,-8.934000809353767
WT,holo,124,4,0,27.00774759619233,-7.882487654935324
WT,holo,166,2,0,25.487167769108538,-8.025566441565019
WT,holo,63,1,0,26.803970791810375,-8.55088173117912
WT,holo,110,2,0,26.230912896709427,-7.528520602694982
WT,apo,128,4,1,-33.3274116171748,-0.005195034891702086
WT,apo,147,3,1,-32.25964649033164,-0.28494607519775683
WT,apo,97,1,1,-32.78192095776524,-0.378274761149265
WT,apo,147,1,1,-33.32866745600071,0.5563705299690747
WT,apo,236,0,1,-32.5578011883535,0.1785398428779754
WT,apo,59,3,1,-33.18711118934318,0.06295348467463283
WT,apo,229,3,1,-32.3870200648466,0.7076292525874502
WT,apo,31,1,1,-32.57236447525848,-0.0029123962106552973
WT,apo,123,3,1,-32.207227257963865,0.15001809483830778
WT,apo,236,3,1,-32.60784892329577,-0.15021668866511595
WT,apo,17,1,1,-34.0726638021227,0.40134097976902927
WT,apo,59,0,1,-32.350969152571444,0.021127678096709273
WT,apo,201,3,1,-32.77749325453565,0.43715952731564
WT,apo,105,1,0,31.417396150012383,6.420719575155319
WT,apo,144,4,1,-32.11684644423397,-0.39019176471251565
WT,apo,125,4,1,-33.88210725729995,0.25403257723830724
WT,apo,241,2,1,-32.03576993523951,0.07609495822434195
WT,apo,203,2,1,-31.227898498857964,-0.5947467181671534
WT,apo,54,1,1,-32.520475145312126,0.0017316378073204263
WT,apo,122,3,1,-33.12100368613172,-0.02097765295092265
WT,apo,85,2,1,-33.110682783963505,-0.24360104204740385
WT,apo,74,2,1,-32.48828046170153,0.6316978203468678
WT,apo,74,4,1,-32.245389290104306,0.15226465995882052
WT,apo,232,1,1,-32.75938023183007,0.3832372548067394
WT,apo,183,4,1,-31.776482773590015,0.15053726001517903
WT,apo,86,2,1,-32.359785883229385,-0.19913493612308023
WT,apo,27,4,1,-32.0547497196987,0.2823302014640299
WT,apo,75,1,1,-32.90350914688176,0.1720189775549604
WT,apo,128,3,1,-31.974299133899233,-0.2484314317351415
WT,apo,148,1,1,-33.47034796402841,0.35402746525292816
WT,apo,247,2,1,-32.37454958886995,0.09581941111719007
WT,apo,246,2,1,-32.51994509330429,0.054178810571398846
WT,apo,118,3,1,-33.25724340424356,-0.11889017436303326
WT,apo,227,3,1,-32.784177197985684,0.01005233132649357
WT,apo,205,1,1,-32.65686122286576,0.06328093415875351
WT,apo,97,4,1,-33.49027988344377,1.0748796220016303
WT,apo,227,0,1,-32.84466756312475,-0.0710516594517702
WT,apo,38,4,1,-32.91493176872439,0.9367652826115554
WT,apo,139,0,1,-32.31386484377829,0.43491097641846443
WT,apo,196,4,1,-32.40959825117974,0.26596885538896287
WT,apo,24,1,0,31.02205478952165,6.065790539916128
WT,apo,154,4,1,-33.18255072271469,-0.21007611295468498
WT,apo,100,0,1,-33.43919143930169,0.6321771840775487
WT,apo,17,3,1,-32.076737887217824,0.11237379878375289
WT,apo,147,0,1,-32.69706462406814,-0.01587606191354431
WT,apo,115,1,1,-32.16968383859127,-0.017370445677347482
WT,apo,21,0,1,-32.08557933392014,-0.13920566605772827
WT,apo,242,4,1,-32.37698130401855,0.3941140188371034
WT,apo,239,3,1,-31.603284594415037,-0.906489922353536
WT,apo,182,0,1,-32.952149796145534,0.03932546507552789
WT,apo,40,1,1,-32.797155680103465,0.314776211945388
WT,apo,192,3,1,-32.46908501997864,0.25525924944184825
WT,apo,198,1,1,-33.74705101139832,0.764681178125074
WT,apo,125,2,1,-32.818389166230176,0.1168968193473683
WT,apo,198,2,1,-31.581426484588434,-0.3493426104491897
WT,apo,105,4,0,29.62923391102542,6.280010488775465
WT,apo,26,2,1,-31.709118261722338,0.5260402722305433
WT,apo,21,1,1,-32.20498627191898,-0.34037354128089475
WT,apo,14,0,1,-32.162644404563274,-0.11396987200515396
WT,apo,19,3,1,-32.50700635026482,0.10182666490908697
WT,apo,246,1,1,-32.99454155955679,0.012450867586015473
WT,apo,60,2,1,-32.869098623774704,0.7777770584767172
WT,apo,52,4,1,-32.58065509294445,0.5366449746372086
WT,apo,90,0,1,-33.10111495503343,0.16504820160772254
WT,apo,66,1,1,-32.49502974527958,-0.42346929767710695
WT,apo,205,2,1,-32.21597107919095,-0.10667322028690182
WT,apo,18,2,1,-32.50792155787297,0.07404918899433754
WT,apo,75,0,1,-32.89102126250384,0.36218311874787434
WT,apo,246,0,1,-32.7705816526045,0.3245395812288461
WT,apo,246,4,1,-33.18557702061198,0.44438096751039413
WT,apo,131,1,1,-33.83284732937741,0.36737986760146407
WT,apo,66,0,1,-32.76544317169907,0.4230142999717935
WT,apo,192,2,1,-32.171325112101336,0.03900220253752713
WT,apo,95,3,1,-32.19177853762999,0.5569992898539214
WT,apo,31,4,1,-32.14543112002317,-0.05689645775583283
WT,apo,60,0,1,-32.59863631160909,0.5326232501029587
WT,apo,238,3,1,-32.71813735816753,-0.0418009239403186
WT,apo,25,1,1,-32.6897086266893,-0.24493851574367653
WT,apo,161,3,1,-32.92916020829617,0.28296426095024296
WT,apo,117,2,1,-31.979865910695775,-0.007150713536771768
WT,apo,25,2,1,-32.36321976523826,-0.3431446960523724
WT,apo,97,2,1,-32.82079646880177,0.3357620564323999
WT,apo,59,2,1,-32.95927314934699,-0.03671859219861875
WT,apo,126,4,1,-33.681895069618754,0.42300334945696905
WT,apo,26,3,1,-33.309691384576745,-0.04931276631109633
WT,apo,217,0,0,30.708623143172176,5.812761202069092
WT,apo,66,2,1,-32.81759612169388,0.7374353674513046
WT,apo,99,1,1,-32.66150625353936,0.8355188203583278
WT,apo,1,1,1,-31.72272784494387,0.7203704206083033
WT,apo,182,1,1,-32.63117865100071,0.8706261558729828
WT,apo,75,3,1,-32.554102652834935,0.7136970861833175
WT,apo,247,4,1,-32.32583391302375,-0.020885040060881772
WT,apo,54,3,1,-32.23588169067168,0.4910516000352153
WT,apo,51,1,1,-33.539939802383024,0.19173157902289203
WT,apo,117,0,1,-33.8255068147534,0.6392396961080342
WT,apo,175,1,1,-32.662885346789274,1.247886797967675
WT,apo,11,2,1,-33.131289621774286,0.2389608357821213
WT,apo,80,2,1,-33.14069035259918,0.23350919817311652
WT,apo,241,3,1,-33.282549719328806,0.33285184557693176
WT,apo,234,2,1,-32.0890617525869,0.20421139165675778
WT,apo,205,3,1,-33.10702381913655,0.2789768131111047
WT,apo,44,0,1,-31.930788512945156,-0.17754183317196862
WT,apo,189,4,1,-33.0919999449943,0.6492399761682872
WT,apo,94,3,1,-33.17203593406715,0.28444795462582795
WT,apo,134,3,1,-32.00600064474801,-0.20538092182911516
WT,apo,67,1,1,-33.32760816628664,0.18227800433696817
WT,apo,146,1,1,-33.11340990365735,0.12865297371362266
WT,apo,223,0,0,30.525855406511496,5.866502666208242
WT,apo,122,1,1,-33.959163437985346,0.48468404831192635
WT,apo,243,3,1,-33.58551947894497,-0.08984659281353337
WT,apo,86,3,1,-33.022596218016595,0.12240410638922583
WT,apo,24,4,0,30.70774418605536,6.335037882007543
WT,apo,139,1,1,-32.9210092931722,-0.016173257966789333
WT,apo,72,0,1,-33.140290353541694,0.6225097277173661
WT,apo,202,3,1,-32.58445258135838,0.035544630665051064
WT,apo,148,0,1,-33.08426202008746,0.5285982704996594
WT,apo,131,4,1,-34.05992183753096,1.0868883427113987
WT,apo,228,3,1,-33.18163338800475,-0.2556233607864796
WT,apo,82,1,1,-32.09329616246423,0.6880352905875823
WT,apo,77,4,1,-32.34706450190683,0.5275864927638864
WT,apo,74,1,1,-31.406034382242765,-0.06582329409645335
WT,apo,173,3,1,-33.45499087904398,0.27292772420714606
WT,apo,105,3,0,30.391269832366532,5.9057683878258755
WT,apo,59,1,1,-32.233305383681454,0.2577470461892687
WT,apo,183,1,1,-32.55665611647575,-0.11972704658217527
WT,apo,223,4,0,31.080255819438737,6.654179376033346
WT,apo,118,1,1,-32.860220377587105,0.5800986250800049
WT,apo,127,3,1,-32.86040272770246,0.9794036744457962
WT,apo,40,2,1,-32.587958407788065,0.19408919766897087
WT,apo,85,1,1,-32.489451230928616,0.32502738241491097
WT,apo,196,3,1,-33.558157998961526,0.9746206040694287
WT,apo,226,4,1,-33.442203482942816,0.4402197246634796
WT,apo,235,0,1,-32.62771126337679,0.6043791677940991
WT,apo,23,2,1,-31.815058753865685,-0.07522372806069187
WT,apo,98,3,1,-31.862706008139988,-0.05973845007659239
WT,apo,213,1,1,-32.164428713665714,0.721122395298624
WT,apo,100,2,1,-32.60293844893618,-0.4756265035500861
WT,apo,221,1,1,-32.330571592056515,-0.39537888738357774
WT,apo,183,3,1,-31.638325367209312,0.07668215917693755
WT,apo,118,2,1,-32.18728631213321,-0.18312538646012
WT,apo,198,4,1,-32.74417241620504,-0.08266980888068691
WT,apo,122,4,1,-32.604338408592476,-0.03432591467733611
WT,apo,188,4,1,-32.55554710145397,-0.039863869269867874
WT,apo,236,2,1,-33.177735809428256,0.3332456451435491
WT,apo,79,3,1,-33.405008899079725,0.43529932627293605
WT,apo,77,1,1,-32.5121396594623,0.9558006833696503
WT,apo,161,4,1,-33.086842652362265,0.4428681741873347
WT,apo,12,2,1,-31.804969590459752,0.41247353962660394
WT,apo,51,0,1,-31.822529694491624,0.6678148713123859
WT,apo,77,2,1,-32.20055985471525,-0.4716642892678945
WT,apo,243,0,1,-32.44199843280904,0.7287582694206316
WT,apo,62,3,1,-32.384155990382105,-0.11913371180845088
WT,apo,202,0,1,-31.24140530501534,-0.2601103573779996
WT,apo,113,2,1,-32.43806873089109,-0.08359160029189372
WT,apo,158,1,1,-32.428968199170356,1.1396344732730388
WT,apo,202,1,1,-31.81955092328206,0.07754946643755262
WT,apo,164,2,1,-31.863093246658174,-0.11174264736538861
WT,apo,81,4,1,-32.03359313159669,-0.12538339253584682
WT,apo,81,1,1,-32.1763879030283,-0.3040864018039947
WT,apo,121,4,1,-32.24594701158344,-0.017513804934145522
WT,apo,87,4,1,-33.7428609179123,0.5851587530387973
WT,apo,35,3,1,-32.82436941438306,0.5518269473919443
WT,apo,24,3,0,31.63481105029054,6.381988040317442
WT,apo,124,1,1,-33.12605570578075,0.17824238226700898
WT,apo,70,4,1,-32.32188481502337,0.24099442095602325
WT,apo,196,1,1,-32.286748050714735,0.5218652851770911
WT,apo,95,1,1,-32.07936617963168,0.44910697745159095
WT,apo,51,4,1,-31.597005482363148,-0.09192372206491123
WT,apo,125,3,1,-31.047788664064978,-0.3394129877342525
WT,apo,54,2,1,-31.989715383367553,-0.21222181132392512
WT,apo,110,3,1,-32.6838670451207,0.41809027508243835
WT,apo,220,0,1,-32.7726675629745,-0.2430633766814448
WT,apo,221,3,1,-32.84508855299379,1.2238681541852672
WT,apo,105,2,0,31.407207591068914,5.698531191405327
WT,apo,94,2,1,-33.65733918256872,0.5450204975978218
WT,apo,130,1,1,-32.99112225083682,-0.17872670790073147
WT,apo,134,2,1,-32.868723590781016,0.34408716774269793
WT,apo,144,0,1,-32.727803774660856,0.4321585281141054
WT,apo,1,3,1,-32.676103004814316,-0.2191455389397302
WT,apo,2,3,1,-33.24584158072685,0.36080204937277666
WT,apo,69,2,1,-31.88777746319374,0.7342808540478046
WT,apo,220,4,1,-32.52933419730344,0.9278824914398507
WT,apo,71,2,1,-32.79413276468566,0.5524385898609208
WT,apo,243,1,1,-33.138175631520774,0.4794862993071011
WT,apo,235,2,1,-31.626884133607472,-0.05035087035743288
WT,apo,127,0,1,-32.384833017220195,0.7761304988772709
WT,apo,208,2,1,-33.123742195891204,0.3227722629335379
WT,apo,156,2,1,-33.49265636139237,0.2590477931721134
WT,apo,158,3,1,-31.52802290246103,-0.003449380197712048
WT,apo,90,2,1,-32.87373140341326,-0.08334897154113567
WT,apo,205,0,1,-31.239295163548498,-0.263747179692552
WT,apo,209,0,1,-32.99940150193682,0.9361975995706798
WT,apo,239,2,1,-32.19201023126823,0.20778433229624582
WT,apo,110,1,1,-31.250394439019843,-0.7527124210286559
WT,apo,172,3,1,-32.653560101907395,0.5773960537039756
WT,apo,35,1,1,-32.241439852114475,0.15908680082659693
WT,apo,195,1,1,-32.78416788736583,0.15044212044498143
WT,apo,148,3,1,-33.19528761963912,0.7385738673435792
WT,apo,126,1,1,-31.962332591810007,0.5476955704445049
WT,apo,88,3,1,-32.33123407830771,0.4099200333101225
WT,apo,63,2,1,-32.628424875704454,0.6200883925126811
WT,apo,182,2,1,-32.38400056792148,0.2733734337093389
WT,apo,89,0,1,-32.33534496212515,0.6124033232730868
WT,apo,159,3,1,-32.89427081279228,0.15567382700395604
WT,apo,214,4,1,-31.995777867283376,-0.1633109659315795
WT,apo,55,4,0,30.987344369950563,6.4006096062802
WT,apo,101,1,1,-32.3612324173397,0.2250057748110014
WT,apo,195,0,1,-33.253107179987516,0.5936972957250773
WT,apo,102,3,1,-32.460145841247424,1.2161540740715697
WT,apo,14,4,1,-32.09389229356301,0.6087249632640237
WT,apo,125,0,1,-32.22951147307399,0.23598949358436788
WT,apo,115,4,1,-32.299377247431224,0.5105241865763792
WT,apo,97,3,1,-32.91074923437208,0.3674953824960074
WT,apo,194,1,1,-32.96624419169359,0.27470920597038323
WT,apo,236,4,1,-33.349955227659905,0.2991927679588577
WT,apo,98,0,1,-32.0572803893826,-0.5508447338727853
WT,apo,191,2,1,-32.75909148028174,0.17361910346488385
WT,apo,134,1,1,-31.710102189529938,0.11399767270846668
WT,apo,205,4,1,-32.847885745125964,0.5507065127229211
WT,apo,219,1,1,-33.03983554935859,0.19129184778006764
WT,apo,88,0,1,-32.11720750635862,0.8351288862493681
WT,apo,226,3,1,-31.65205642926598,0.08673550499557187
WT,apo,227,4,1,-31.866652650584292,0.3998035076813958
WT,apo,44,2,1,-32.259640206347704,-0.03723178106124103
WT,apo,126,3,1,-32.140309760617285,0.07929695232583725
WT,apo,38,1,1,-33.30851504442736,0.8332709861912596
WT,apo,250,4,1,-32.8324874118192,0.037575189502942814
WT,apo,9,3,1,-32.88175739433902,0.262862853835569
WT,apo,1,2,1,-30.74800770142936,0.8463865177854639
WT,apo,171,4,1,-32.54457839140592,-0.034884863704493875
WT,apo,206,2,1,-32.76920504746521,-0.07866323842566354
WT,apo,144,3,1,-31.679892314886064,-0.08257962142110059
WT,apo,20,3,1,-33.36475289593568,0.6377286462361166
WT,apo,232,3,1,-31.809735898855664,0.10796215500871732
WT,apo,223,3,0,32.12924141081577,6.076733372402379
WT,apo,172,1,1,-32.62862213141809,0.7545445963200432
WT,apo,243,2,1,-32.919211841907284,0.27759434789278087
WT,apo,90,1,1,-32.52140344614337,0.2198321152680226
WT,apo,50,0,1,-32.565200245848594,0.28836547118203176
WT,apo,242,2,1,-31.590885237822427,-0.5440060694765214
WT,apo,239,0,1,-31.92003869259411,0.5552297311870467
WT,apo,123,4,1,-32.956454175838424,-0.1704336726381192
WT,apo,161,2,1,-32.98942095765945,0.10751820840229773
WT,apo,95,0,1,-32.14499490261481,0.24713340740195824
WT,apo,80,3,1,-32.687037999686176,0.33775446456031755
WT,apo,105,0,0,30.171107818867153,6.079819978555046
WT,apo,198,0,1,-31.17935105383386,0.1929977647251882
WT,apo,194,2,1,-33.07245143840015,0.7174307841426473
WT,apo,69,3,1,-32.202977416026414,0.5401742730989392
WT,apo,47,3,1,-32.6540330576203,0.7880999876550586
WT,apo,202,2,1,-31.78828301435935,0.2830803206914352
WT,apo,68,3,1,-32.84280829630839,0.0553922537392655
WT,apo,154,0,1,-33.26442466440524,0.05495530688405925
WT,apo,106,1,1,-32.0120904427495,-0.4288409687341634
WT,apo,10,4,1,-31.86925309166221,0.4172816449209106
WT,apo,166,2,0,30.319695531537125,6.278326948171336
WT,apo,131,0,1,-32.359062790594905,0.0633125628221632
WT,apo,199,3,1,-32.73658121663529,0.03149106999857699
WT,apo,88,1,1,-32.77098923811885,0.7449585023844671
WT,apo,115,3,1,-32.24459133359966,0.05256732427616703
WT,apo,164,3,1,-31.676298975420142,0.49844693387897065
WT,apo,139,2,1,-33.23772544179668,0.3846011705117239
WT,apo,165,1,1,-32.53912725777272,0.47719118002616884
WT,apo,189,2,1,-32.68609829394445,0.7088979643077908
WT,apo,194,4,1,-33.32959499292824,0.9419029252584413
WT,apo,240,2,1,-31.70977997398621,0.5691509426921868
WT,apo,69,0,1,-33.067125333457994,0.9572140409169535
WT,apo,206,0,1,-32.94630512858776,-0.00818286783628048
WT,apo,29,3,1,-30.884251410929075,-0.17043352417012356
WT,apo,214,2,1,-32.237416783321535,0.036658418428606176
WT,apo,57,4,1,-32.206614635662305,-0.07477332782842955
WT,apo,108,0,1,-32.43278834675554,-0.23619790751564412
WT,apo,216,2,1,-32.357806321526205,-0.028850027660379335
WT,apo,144,1,1,-33.06585898122789,-0.05726510115014981
WT,apo,25,4,1,-33.2653460238026,0.5497762349573504
WT,apo,70,0,1,-31.391253799063062,0.05357522704341889
WT,apo,56,2,1,-32.449286309759145,0.07610092685907617
WT,apo,117,3,1,-32.54684862035027,1.016667337692609
WT,apo,46,4,1,-31.74339255654504,0.20937553691899308
WT,apo,127,4,1,-33.04069956071029,0.6101399197074103
WT,apo,244,4,1,-31.84480420504171,-0.05314606616482961
WT,apo,98,1,1,-32.36278242521029,0.2789055689444939
WT,apo,106,2,1,-33.27388150674072,0.32544848879441596
WT,apo,154,2,1,-32.60924089340444,-0.02276623368596463
WT,apo,131,3,1,-32.37736225182709,0.30577069099558574
WT,apo,55,1,0,29.970339026293,6.303439156000872
WT,apo,175,4,1,-31.71740477642742,0.056460991889789244
WT,apo,62,2,1,-33.03567866319109,0.0022838099190229106
WT,apo,19,4,1,-32.52921105432657,0.26486707748456845
WT,apo,238,0,1,-32.07745237094241,0.4362988429434422
WT,apo,222,0,1,-31.659031284503996,-0.008446198038192713
WT,apo,67,2,1,-32.42700120672687,0.2246177825107041
WT,apo,48,2,1,-32.590367176473016,0.4124384250854755
WT,apo,118,4,1,-31.514806219785456,0.41113014984425433
WT,apo,240,3,1,-31.626459988960704,0.5114330245629336
WT,apo,16,3,1,-33.595943947735556,0.6084664331099722
WT,apo,8,1,1,-32.38997210043382,-0.1806943137536995
WT,apo,146,3,1,-32.507410466475335,0.48135661942159513
WT,apo,223,1,0,31.058274178302145,6.015799068560364
WT,apo,219,3,1,-31.9774487276514,0.4437362383750014
WT,apo,140,0,1,-33.07170870949858,0.6452323697545642
WT,apo,20,4,1,-31.294608518634057,0.48398770518848777
WT,apo,116,3,1,-32.88602562404619,0.9313623659561128
WT,apo,185,2,1,-32.46271529069639,0.5627793469223976
WT,apo,124,4,1,-31.989316446368488,-0.23868158136123904
WT,apo,32,2,1,-32.31951032338921,0.04863438604406472
WT,apo,98,4,1,-31.84950941046625,0.6450096017484926
WT,apo,212,4,1,-33.525123579684816,0.17714631139102557
WT,apo,99,0,1,-32.160005302171236,0.09710237362691854
WT,apo,112,2,1,-33.38881432377992,0.7807400557591049
WT,apo,71,0,1,-32.61580988875813,0.772174835631843
WT,apo,46,3,1,-33.30136438980225,0.22724796367311684
WT,apo,19,1,1,-32.017111272868064,0.03556581665763023
WT,apo,208,4,1,-32.056320567195655,0.6401058590071733
WT,apo,142,1,1,-31.58254443795069,-0.7122822958919769
WT,apo,201,1,1,-31.51542984276406,0.4463333087927843
WT,apo,89,1,1,-31.55680633015555,0.8195748253021186
WT,apo,34,1,1,-33.15396285630507,0.4073075165508021
WT,apo,165,3,1,-31.510867895398956,0.22677961795572882
WT,apo,99,2,1,-32.31510569940257,0.6742878225559363
WT,apo,7,1,0,30.830776723514226,5.839652201623823
WT,apo,171,0,1,-31.895913207369123,0.07461924078569825
WT,apo,223,2,0,30.235094557823125,5.829192563943828
WT,apo,48,3,1,-31.546208612140592,0.6059992407423186
WT,apo,110,0,1,-32.46520500635894,0.4616807360798594
WT,apo,176,4,1,-33.182835892000156,0.49606565227709665
WT,apo,102,1,1,-31.98589753234256,0.6862161792169994
WT,apo,12,1,1,-32.384613641478026,0.20294193611993783
WT,apo,2,0,1,-32.08277412114022,0.2740613570390363
WT,apo,50,4,1,-31.98166114327575,0.028392494716582922
WT,apo,114,4,1,-32.530568487964736,0.18663179146686285
WT,apo,39,1,1,-33.17290683166207,0.08052590194077333
WT,apo,100,3,1,-32.73565605369303,-0.33635763906724275
WT,apo,173,1,1,-32.5898584756962,0.0017743686868031449
WT,apo,110,2,1,-33.04810131759923,-0.17527667018753482
WT,apo,212,2,1,-32.560660350575276,-0.2339315077525526
WT,apo,193,4,1,-32.33924165250295,0.691106106342697
WT,apo,165,2,1,-32.51220609557491,0.6705149349984169
WT,apo,20,1,1,-32.680461753022016,-0.22052585277388498
WT,apo,228,4,1,-31.65968599146122,-0.12344656525170579
WT,apo,123,2,1,-33.18677843028006,0.40685229265003603
WT,apo,39,4,1,-33.07775998868146,0.030372943258714355
WT,apo,240,4,1,-32.07284581251957,0.39407397743202593
WT,apo,29,0,1,-32.452067674243075,-0.13341983412965433
WT,apo,199,1,1,-32.336454020823304,0.5216611715065502
WT,apo,57,1,1,-32.32994571560481,0.36966654566091356
WT,apo,222,2,1,-31.980114803353693,-0.33249910217197715
WT,apo,56,1,1,-32.56902451981528,0.46896864557726364
WT,apo,22,1,1,-32.61054311316197,0.7892523713368726
WT,apo,235,1,1,-32.48163122824466,-0.0004957217318701631
WT,apo,177,4,1,-33.607600325467324,0.0318426968037773
WT,apo,56,4,1,-32.74511889286661,0.22378661963322632
WT,apo,61,3,1,-32.40827622573001,0.4097515495949337
WT,apo,193,0,1,-31.304125936758545,-0.33133995050533716
WT,apo,23,3,1,-31.85366500774763,0.01425550114489011
WT,apo,169,0,1,-31.91354816330037,1.1539658662235495
WT,apo,143,3,1,-32.51320374616379,0.1832307381503635
WT,apo,49,2,1,-31.46525779843889,-0.006462146681808639
WT,apo,61,4,1,-32.944558626810334,0.06629576836669265
WT,apo,65,0,1,-33.20554932493352,0.7085459669479961
WT,apo,6,2,1,-31.736855420587705,0.2629302734111536
WT,apo,57,2,1,-31.861560487213733,-0.16890078615499285
WT,apo,172,4,1,-31.980325469490616,0.7701106975407028
WT,apo,185,1,1,-31.12375710425817,0.06464615537954371
WT,apo,55,0,0,31.845575843648998,6.300072173312259
WT,apo,73,3,1,-32.50458140963918,0.43301677080218626
WT,apo,233,4,1,-31.325870476816146,-0.7283258909171406
WT,apo,32,1,1,-32.91911214945508,0.9714587952856002
WT,apo,91,1,1,-31.63611634325384,0.1341996248971064
WT,apo,23,1,1,-32.665473148026884,0.6262824838810567
WT,apo,181,1,1,-32.89364028635372,0.2170763333803717
WT,apo,9,4,1,-32.51428983702728,0.49006215064469527
WT,apo,32,0,1,-32.78076188203197,0.6823542463295034
WT,apo,226,0,1,-31.946954762490893,0.805881649250801
WT,apo,48,0,1,-1.8932049029849252,2.8393939286219063
WT,apo,164,4,1,-32.37686236934404,0.09544192647740958
WT,apo,178,4,1,-32.36654809826634,0.40959095412640584
WT,apo,190,0,1,-32.47966006084265,0.2475848887671236
WT,apo,139,3,1,-33.45904427469433,0.09729178533274745
WT,apo,189,1,1,-33.31692318359161,0.12156164365276091
WT,apo,12,4,1,-33.2414014490921,0.3278861196703668
WT,apo,146,2,1,-30.25326012774329,-0.2427543663101106
WT,apo,118,0,1,-31.832404613593773,-0.19793755777604055
WT,apo,8,2,1,-33.13927376882398,0.6191216451771169
WT,apo,78,4,1,-32.11037134392249,0.10303688167063356
WT,apo,101,3,1,-32.85943421705943,0.32859909786691605
WT,apo,232,0,1,-31.958723315073904,0.8017056805028883
WT,apo,162,4,1,-32.129405489050946,-0.2819195688522304
WT,apo,219,4,1,-33.04258309783184,0.6450985769726931
WT,apo,121,2,1,-32.127294036791056,0.21526570800792857
WT,apo,169,1,1,-32.32098664416144,0.8960629155816598
WT,apo,140,1,1,-32.804250806786705,0.47257224757219524
WT,apo,224,0,1,-32.091660055501585,0.7089333884692887
WT,apo,229,1,1,-32.02110707327428,0.003897471471725988
WT,apo,165,4,1,-31.917294749582293,0.10731417682030477
WT,apo,195,2,1,-31.960047924089423,0.6546795161669262
WT,apo,94,1,1,-32.89991519523996,0.9694479165547657
WT,apo,164,1,1,-31.758237513687106,0.5457828570044925
WT,apo,158,0,1,-32.439092527996735,0.3111220311520593
WT,apo,154,1,1,-33.00394322514899,-0.14850356637575643
WT,apo,199,0,1,-33.01802120549064,0.6416574672641178
WT,apo,204,0,1,-32.16518716572731,-0.07422517724783327
WT,apo,121,3,1,-32.056833283619966,0.11972011343145078
WT,apo,24,0,0,31.171882361813875,5.863426147475198
WT,apo,63,3,1,-32.329878112967776,0.6718089426311237
WT,apo,79,0,1,-31.636572647980366,1.1010950948891063
WT,apo,215,0,1,-32.59542898248305,-0.0689858171630771
WT,apo,230,4,1,-31.73430980859721,0.5207480246357875
WT,apo,71,1,1,-33.28376877034267,0.3742928887292377
WT,apo,176,1,1,-33.49016515210527,0.5337285422542751
WT,apo,41,4,1,-30.902575572106358,0.5717909501428803
WT,apo,163,0,1,-32.0163202993228,-0.20608223489179806
WT,apo,34,0,1,-31.998488230088665,-0.21976875193544304
WT,apo,29,1,1,-31.70640768274037,0.6128745903623547
WT,apo,7,2,0,29.97691683416767,6.0422932462707015
WT,apo,35,4,1,-32.53901548161509,0.4706116923974358
WT,apo,171,2,1,-31.545449063152972,-0.2941870463515819
WT,apo,215,3,1,-31.70821946213142,0.381007678917305
WT,apo,229,2,1,-33.08720257538858,0.1435001332421287
WT,apo,58,0,1,-32.13220374478372,0.1567797569544784
WT,apo,32,4,1,-31.765288897518904,-0.3564705530412783
WT,apo,212,3,1,-31.97295501873279,0.2748138389991716
WT,apo,22,2,1,-34.956527682826575,0.5443926828849606
WT,apo,47,4,1,-31.5269274366897,0.4016081719979287
WT,apo,62,0,1,-32.426856614079846,-0.05589585972276482
WT,apo,200,4,1,-31.36648105097611,-0.025357628876870566
WT,apo,240,0,1,-31.250160210892577,0.28842257745800176
WT,apo,178,1,1,-31.59965339552466,0.36275420200087743
WT,apo,116,1,1,-32.16940672189221,0.5789677004636488
WT,apo,200,2,1,-31.86756222885322,1.0830697957283262
WT,apo,177,0,1,-32.18389505782896,0.2311418383086735
WT,apo,58,4,1,-31.880424176462327,-0.0827632742890852
WT,apo,112,0,1,-32.63303552821535,-0.31132576985986665
WT,apo,73,4,1,-31.87717319055851,-0.047581377906969195
WT,apo,4,2,1,-31.59572219081523,-0.048129936952483195
WT,apo,20,0,1,-32.81972572305564,0.784413377833152
WT,apo,245,3,1,-32.8020558943467,0.49859225045129335
WT,apo,143,2,1,-32.63016225124707,0.2144867586822473
WT,apo,20,2,1,-32.502470665536336,0.9416972491710397
WT,apo,217,2,0,31.988041624269307,6.273158190768483
WT,apo,53,0,0,31.291778846848036,6.5740189536126925
WT,apo,48,4,1,-32.964002794200866,0.8300997961703185
WT,apo,248,2,1,-31.846169280745155,0.2783134548469514
WT,apo,68,1,1,-32.38768225137001,0.1828029087663769
WT,apo,46,2,1,-32.678279338209286,0.7660230926377258
WT,apo,29,4,1,-33.54229520690132,0.5393172450151696
WT,apo,100,1,1,-32.74745753246718,1.0492368038747684
WT,apo,177,2,1,-31.70163807522281,0.2617683236963117
WT,apo,218,4,1,-32.48872653196529,-0.020173519225529183
WT,apo,89,3,1,-31.62182890098981,0.3781572124749636
WT,apo,138,0,1,-31.581042771088946,-0.2193114428117141
WT,apo,217,4,0,31.120674065727787,5.773508238429027
WT,apo,166,1,0,29.76030943946182,6.18622668976329
WT,apo,58,1,1,-31.983476615932332,-0.17841963860336502
WT,apo,93,2,1,-32.28577505872797,0.13711716667723023
WT,apo,189,0,1,-33.091235435805125,0.12945538760725295
WT,apo,200,0,1,-32.508494544503314,0.24279345527464316
WT,apo,64,3,1,-31.30371912241047,0.015424712776721252
WT,apo,176,0,1,-31.86492590630365,0.1489772605502628
WT,apo,185,4,1,-33.26650080950931,0.5797247067727138
WT,apo,143,1,1,-33.39396277963222,0.9741329782974802
WT,apo,55,2,0,30.40503888394495,6.5809154341780625
WT,apo,200,1,1,-33.52204688416561,0.9851904894966551
WT,apo,137,3,1,-31.794061492098734,0.425122344031009
WT,apo,63,1,1,-33.03151695299836,1.1432002774475765
WT,apo,120,4,1,-31.855401807026464,0.4115443754591849
WT,apo,41,0,1,-32.09059330383377,0.9733690221522031
WT,apo,230,0,1,-31.233575470288947,0.4313251015912039
WT,apo,18,0,1,-32.535813460229214,0.2858440797687123
WT,apo,162,0,1,-31.860593748029217,0.16612550793890335
WT,apo,134,4,1,-32.433679339102106,0.11075406854698179
WT,apo,90,3,1,-31.881035218107975,-0.3853060349325567
WT,apo,181,3,1,-32.81791898234154,0.47272911137847873
WT,apo,181,0,1,-32.915342552990126,0.6280135369235406
WT,apo,120,3,1,-33.20504385023479,0.14390715756800093
WT,apo,47,2,1,-31.976570559107383,0.06248411813536304
WT,apo,22,0,1,-31.84319672747349,0.15596551066613745
WT,apo,64,0,1,-32.318878868746495,-0.27912552066900986
WT,apo,94,4,1,-31.673837111554104,0.28887883191283215
WT,apo,78,3,1,-31.633475749208593,-0.053015071051902014
WT,apo,91,4,1,-32.82415362337165,1.4429233618585615
WT,apo,39,2,1,-32.20577945808267,-0.07922227124083943
WT,apo,5,4,1,-31.256453174634746,0.1671100803337356
WT,apo,249,4,1,-33.62887881103219,0.45799672713198514
WT,apo,41,2,1,-31.660165628549393,0.4124407262556574
WT,apo,68,2,1,-33.106953861265104,1.1529399013599035
WT,apo,63,4,1,-32.25582428267028,1.3499328360103404
WT,apo,92,1,0,31.378740646863196,5.7865840520409595
WT,apo,160,4,0,30.099059107042148,6.004890994694579
WT,apo,249,1,1,-31.72495224410416,0.30022581963400136
WT,apo,34,3,1,-32.65279520739771,0.3752624193531423
WT,apo,178,0,1,-31.54026409168408,0.1748613607074132
WT,apo,248,0,1,-32.602417494657686,0.6356536631718009
WT,apo,209,1,1,-32.774134752747685,0.17302598935488225
WT,apo,91,0,1,-32.99960410812832,1.0244256693408174
WT,apo,78,2,1,-32.70757683013606,0.36722798417363806
WT,apo,174,0,1,-32.87621117342975,-0.16401700138898462
WT,apo,162,3,1,-32.717863250100464,0.31347389103894807
WT,apo,211,2,0,30.14219639805032,5.9876061283587445
WT,apo,229,4,1,-33.333533124159736,0.2447184416618503
WT,apo,120,1,1,-32.126042115030614,0.6716686883379306
WT,apo,7,3,0,31.14907988635748,6.732700875177522
WT,apo,166,0,0,31.034515914543114,6.335947441138161
WT,apo,174,1,1,-31.897975248925377,0.5012388546076784
WT,apo,218,1,1,-33.45918062818501,0.6742906653760014
WT,apo,104,0,1,-31.830474707286744,0.36242438976149943
WT,apo,101,0,1,-32.005105698350754,0.32689994268336947
WT,apo,230,3,1,-31.024159714996753,1.0120424534989785
WT,apo,138,1,1,-32.180528011063465,0.4798432537197543
WT,apo,210,1,1,-34.13992293956245,0.364161966905106
WT,apo,137,1,1,-32.40274756855228,0.6391272538065111
WT,apo,189,3,1,-32.911853228082414,0.37561482226658943
WT,apo,224,3,1,-32.31557508300366,0.47486624881941375
WT,apo,249,3,1,-33.19802330259936,0.23288650196443336
WT,apo,245,2,1,-34.109764869982115,0.060256143144300646
WT,apo,137,4,1,-32.022467371138966,0.4349400774302862
WT,apo,166,3,0,31.49673407569052,6.621689640275685
WT,apo,209,3,1,-33.8293440910844,0.8051712731960615
WT,apo,159,2,1,-32.177961058526584,0.4227905765325757
WT,apo,217,3,0,31.49390878423184,6.066395820615995
WT,apo,53,3,0,30.967066818707348,6.5943104324662105
WT,apo,143,0,1,-31.521479212550275,0.32444650532935293
WT,apo,230,1,1,-31.93741091776926,0.40420777221274
WT,apo,46,0,1,-32.05164048879922,0.7433363475726807
WT,apo,133,1,0,31.74320641953595,6.5518635800387015
WT,apo,28,4,0,30.089084533830874,6.158394787189712
WT,apo,191,0,1,-1.801110011666871,2.853673509018108
WT,apo,156,4,1,-32.23374524893929,1.2073320565697752
WT,apo,133,3,0,29.566097031504786,5.811663173842588
WT,apo,174,3,1,-31.9395748334825,0.2253880462589124
WT,apo,163,3,1,-30.87374540010012,0.5803377899789636
WT,apo,179,1,1,-32.800115375880715,-0.027089902497644893
WT,apo,168,4,1,-32.32997060141857,0.4039673278190978
WT,apo,163,1,1,-31.841253656650167,1.448472681025709
WT,apo,28,3,0,30.898764304903594,5.9868824839103665
WT,apo,24,2,0,30.29222478684406,6.120956964084082
WT,apo,93,3,1,-32.58265247746535,-0.0008976229273597018
WT,apo,210,0,1,-32.8467576206395,0.7805829015600585
WT,apo,133,0,0,31.059536787716855,6.251854571341611
WT,apo,28,2,0,31.387546150843534,6.979228108079717
WT,apo,92,3,0,31.02688540720095,5.879808673504714
WT,apo,249,0,1,-33.17394359372704,0.14255053765210368
WT,apo,210,3,1,-33.35670930410964,0.355923548801653
WT,apo,73,2,1,-31.29571529680814,0.3331006344804129
WT,apo,163,2,1,-31.999411560273813,1.0418800978911722
WT,apo,176,3,1,-33.00982576290434,1.94393136450773
WT,apo,92,2,0,30.021856623705965,5.947824072786598
WT,apo,120,2,1,-32.01638031052335,-0.19325421870161233
WT,apo,22,3,1,-31.3915197549803,1.0648120974867343
WT,apo,78,1,1,-32.89660279961643,0.5771169864350366
WT,apo,53,2,0,30.509257915546886,5.97655736124898
WT,apo,76,0,1,-32.17470628876429,0.05272097101613787
WT,apo,7,0,0,30.39781381367758,5.862949708363918
WT,apo,179,0,1,-32.92410246131603,0.28896584619851057
WT,apo,204,2,1,-33.38134385998994,0.05272789530246862
WT,apo,132,1,1,-31.215877251144867,0.16229038347143876
WT,apo,111,0,1,-30.971931991718225,0.06388912767063558
WT,apo,211,0,0,30.6594362691636,5.975299375768842
WT,apo,211,3,0,30.913149670257894,5.992009728122166
WT,apo,6,3,1,-30.5053296920781,2.442721976925113
WT,apo,78,0,1,-32.7707086744882,0.6387159907467151
WT,apo,3,3,0,30.814360033069388,6.1759702914063395
WT,apo,92,0,0,31.58442095187055,5.868727357656547
WT,apo,167,4,1,-32.99316384407722,-0.014458968953217606
WT,apo,92,4,0,31.45102535308897,7.053214853368528
WT,apo,190,3,1,-32.02014424616794,0.15558922620498733
WT,apo,109,0,0,32.221267108260434,6.630190664569893
WT,apo,55,3,0,31.431349649637063,6.517865741718833
WT,apo,28,1,0,30.66989812840126,6.003839228853542
WT,apo,119,2,0,30.846402038451444,6.469859034161478
WT,apo,218,2,1,-31.580013278094654,0.5583717555963108
WT,apo,204,4,1,-32.21339700679476,0.3539251370844071
WT,apo,53,1,0,29.727726846340698,6.769291142099084
WT,apo,7,4,0,31.12253524867856,6.357235302933555
WT,apo,37,2,0,32.70510586492953,6.333928121986679
WT,apo,133,2,0,30.164166051752556,6.126690934537164
WT,apo,160,1,0,31.984958595873238,6.102241881763703
WT,apo,33,3,1,-32.59679667431153,-0.12098540382086659
WT,apo,210,4,1,-34.015310558609116,0.29974869808640364
WT,apo,135,4,1,-32.470538906620796,0.42317544164288223
WT,apo,179,4,1,-33.79042283011328,0.2236952674974311
WT,apo,237,0,0,29.48234485722318,5.25224209346962
WT,apo,45,0,1,-32.96573884650128,0.32949560189237825
WT,apo,180,0,0,32.254578370958725,6.921537258512745
WT,apo,160,2,0,30.076566015851125,6.003478341914116
WT,apo,155,1,1,-31.05641027676573,0.1853792913802211
WT,apo,211,4,0,30.171037837555062,6.096488126619913
WT,apo,133,4,0,30.612121363474056,5.982351799740733
WT,apo,132,3,1,-31.894662611717845,0.32685190028932964
WT,apo,129,0,0,29.865865334714577,5.401529395946805
WT,apo,109,3,0,30.518153510140976,6.528103635725905
WT,apo,186,2,1,-33.65828236959179,0.1552000517626839
WT,apo,218,0,1,-32.461278036717424,0.5629049615105174
WT,apo,218,3,1,-31.759726671645865,0.04038328131821302
WT,apo,217,1,0,30.101095862343,5.671916553030957
WT,apo,28,0,0,31.561515435977654,6.576898325623934
WT,apo,119,0,0,30.891232412088836,6.77227568467884
WT,apo,53,4,0,30.380314442970704,5.815285548314618
WT,apo,112,1,1,-2.05292262365256,2.834460649637222
WT,apo,3,1,0,31.204131146688397,5.666131311267781
WT,apo,160,3,0,30.069922565376636,6.026355543472075
WT,apo,141,4,0,31.006774622981478,6.388015843939447
WT,apo,179,3,1,-30.65832072609088,0.41063739095907714
WT,apo,3,2,0,31.226597454307313,6.359701750140632
WT,apo,160,0,0,32.12775512462256,5.846569297879362
WT,apo,31,2,0,29.91234436475562,5.3622304873582385
WT,apo,76,1,0,30.900354582990722,6.079902052653655
WT,apo,149,2,0,32.176171656974475,6.722786626414936
WT,apo,33,2,1,-31.05567492131132,1.2258774270163102
WT,apo,40,3,0,29.266410820005408,6.199665715060788
WT,apo,237,2,0,30.212324256318507,6.266081518507177
WT,apo,151,4,1,-33.77491023735807,-0.03625456791495894
WT,apo,187,0,0,29.160640602864163,-1.9798983281812306
WT,apo,187,2,0,30.93500329547194,5.945942972960046
WT,apo,170,2,1,-32.71129885937212,0.5175931337043583
WT,apo,72,4,0,25.694615530788827,-9.053907261983811
WT,apo,109,4,0,31.060220066862676,6.210806319478601
WT,apo,241,1,0,27.261143189687804,-6.968672947509288
WT,apo,33,1,1,-32.81242099502793,1.0726209495731776
WT,apo,38,2,0,28.34800626331933,-9.223586176203222
WT,apo,153,3,0,30.361081458388565,5.367591263008805
WT,apo,109,2,0,31.27228484105764,6.602391947634688
WT,apo,76,4,1,-32.14365733925876,0.22971882533118548
WT,apo,74,0,0,25.015617080601903,-7.429671891364774
WT,apo,119,4,0,30.52234343178032,6.673859923653129
WT,apo,96,3,0,29.132441158274656,5.125920089337068
WT,apo,37,1,0,30.65716794278083,5.223345132924093
WT,apo,119,1,0,31.451500967842556,6.536205482766706
WT,apo,196,0,0,29.577504273774142,5.403541579357699
WT,apo,170,3,0,30.146072814586294,5.918096101603447
WT,apo,17,2,0,27.602063958877782,-6.454897637636998
WT,apo,52,0,0,27.360794609853283,-7.883379564695592
WT,apo,40,4,0,32.306360648024274,6.596146624189771
WT,apo,161,1,0,28.112818678541004,-5.027412508872541
WT,apo,153,1,0,30.368789581324236,6.206625135275967
WT,apo,103,0,0,30.125912559318223,5.721870701718218
WT,apo,136,3,0,29.209090192961497,5.111907622402102
WT,apo,145,1,0,29.886466633492372,5.52530606365755
WT,apo,173,4,0,26.8261403184948,-8.981068577192106
WT,apo,107,2,1,-33.41918622588842,0.4222632792345714
WT,apo,194,0,0,25.428562566498684,-7.796733456437117
WT,apo,103,2,0,31.642917415663295,6.1461218289225
WT,apo,231,3,0,30.308418988121446,6.147469432836426
WT,apo,17,0,0,30.96013615291566,6.006933920134756
WT,apo,86,1,0,29.225700416304957,6.418201909931091
WT,apo,241,4,0,28.676967774679085,-6.400494893737007
WT,apo,123,1,0,28.79915889078352,5.4024414747789224
WT,apo,101,4,0,28.304019771908433,5.269576717363852
WT,apo,150,4,0,25.60965073213242,-8.068003386802728
WT,apo,27,3,0,26.80478714758794,-8.077833101791672
WT,apo,237,4,0,30.488955175060596,6.2818955748903464
WT,apo,21,4,0,30.096916801234112,5.646418119825647
WT,apo,76,2,0,31.083297076387588,5.708308737657293
WT,apo,59,4,0,28.51196515294664,-7.7899988552526755
WT,apo,43,0,1,-32.70764980698765,0.09186208657364647
WT,apo,166,4,0,31.53081096603024,6.354063216259913
WT,apo,96,1,0,29.98232931782486,5.571554756577486
WT,apo,168,1,1,-32.93922582386962,-0.21188771163998033
WT,apo,15,3,0,28.52679393529981,-8.022707757848766
WT,apo,141,0,1,-32.68486108610802,0.04711516004855652
WT,apo,241,0,0,30.888344205029046,5.650149265801087
WT,apo,75,4,0,29.280793804432992,5.566076159080493
WT,apo,38,3,0,25.546402674183764,-8.717086548906996
WT,apo,38,0,0,27.98954754614401,-7.199688431541828
WT,apo,113,4,0,25.70441491903796,-4.856154333861399
WT,apo,31,3,0,30.832815163331045,5.571912677022568
WT,apo,44,1,0,28.614338742369164,-8.501034251020103
WT,apo,109,1,1,-32.23818408163193,-0.3306629971794767
WT,apo,86,0,0,29.500471199437012,5.806171669396377
WT,apo,140,2,0,28.990851019559383,5.673824709455924
WT,apo,192,4,0,28.095760450978737,-5.5122094290215315
WT,apo,119,3,0,30.964822260669425,6.929170643668846
WT,apo,196,2,0,28.714326567816872,4.957582043198015
WT,apo,14,2,0,31.099406201415515,5.72280942932922
WT,apo,188,2,0,29.182328127323945,4.9681321182967615
WT,apo,62,1,0,25.28008900992632,-9.282564165763851
WT,apo,231,0,0,30.678108316066147,5.858927733363916
WT,apo,168,2,0,28.15538921063226,-5.230522030367436
WT,apo,21,3,0,27.592703492560343,5.005693916589613
WT,apo,150,3,0,30.48126820303547,5.628426802689869
WT,apo,41,1,0,26.19244660615387,-7.253976522336188
WT,apo,124,2,0,27.180687251058806,6.283184887547859
WT,apo,72,3,0,29.06220542832962,6.569592562324918
WT,apo,180,3,0,30.0495915982614,6.313879772271942
WT,apo,147,2,0,27.49944198158089,-6.236272653373454
WT,apo,87,1,0,30.902206929706626,5.180432731490951
WT,apo,170,0,0,30.78923091700478,6.407437780984987
WT,apo,194,3,0,31.086738421211574,5.972969029148019
WT,apo,221,2,0,29.185927109999206,-1.6171904565403394
WT,apo,145,0,0,30.28842170741009,5.665524561447742
WT,apo,124,3,0,28.199047263299228,6.149952245192206
WT,apo,250,2,0,32.326503705625754,6.07687325835004
WT,apo,206,3,0,26.839015932992158,-8.907570598658518
WT,apo,115,0,0,29.90735213520457,6.532584768082239
WT,apo,187,1,0,29.82591995685849,5.283654169194401
WT,apo,104,3,0,25.73686748035104,-6.512707183506875
WT,apo,216,3,0,30.731382412939176,6.741636171487595
WT,apo,158,2,0,28.332142277934267,-7.709686430277328
WT,apo,65,2,0,28.156487812986363,-4.543079758002167
WT,apo,82,0,0,28.081405984641737,-1.7143546342733205
WT,apo,12,0,0,29.456668702586708,4.991521636015489
WT,apo,129,2,0,30.5753738879419,5.882165377544916
WT,apo,96,4,0,29.672366194032623,6.081052219279034
WT,apo,84,2,0,29.245372440734666,6.656013632368545
WT,apo,191,3,0,28.77409889636301,6.047842322271804
WT,apo,187,3,0,31.096783978499037,5.94190174445342
WT,apo,108,2,0,30.394695948678265,6.085481190682516
WT,apo,96,0,0,27.04518986927266,-8.011319561758654
WT,apo,8,4,0,31.602488336437357,5.884843544276183
WT,apo,14,1,0,30.276141923767394,6.071844482830543
WT,apo,178,3,0,26.798562268383016,-3.9591969316128504
WT,apo,122,0,0,27.215624218560254,-6.665730994070548
WT,apo,3,4,0,30.553573953148877,5.731526528763382
WT,apo,102,0,0,27.21974085417926,-8.109020393819849
WT,apo,49,0,0,27.289227216590927,-8.282942941663908
WT,apo,67,0,0,30.668630645257025,5.857649937434847
WT,apo,52,1,0,30.829469936083292,5.873643924662663
WT,apo,145,3,0,30.226573277424375,5.544600778585272
WT,apo,123,0,0,27.272891276081783,-5.999246044915075
WT,apo,231,4,0,30.827014408201467,6.439777017493536
WT,apo,84,4,0,31.25509445870134,6.682947926055817
WT,apo,144,2,0,29.95456009294158,6.017376552054119
WT,apo,95,4,0,30.650617181439546,5.540978376020565
WT,apo,82,4,0,31.246542639899296,5.13976843020414
WT,apo,85,0,0,31.30752545898172,5.6803379040868505
WT,apo,1,4,0,29.97285203319718,5.481927626870066
WT,apo,54,0,0,30.351289398792158,5.267104447557918
WT,apo,26,1,0,29.3307531575447,5.840819490737295
WT,apo,103,1,0,30.966864259727522,5.510280527111931
WT,apo,37,4,0,29.7233612851811,6.0368317609245965
WT,apo,230,2,0,23.856194691066438,-8.04190846931331
WT,apo,170,1,0,30.268114941261587,5.789380063356474
WT,apo,216,0,0,28.307560180094857,-6.736345688718185
WT,apo,36,0,0,31.481806032168016,5.812889423617593
WT,apo,69,4,0,29.375381306796545,5.8719011772195735
WT,apo,44,4,0,28.774519287594725,-6.101690899212275
WT,apo,114,1,0,27.58039470144569,-10.60443853201336
WT,apo,66,3,0,31.065833762140706,5.831694654531817
WT,apo,167,2,0,31.257886361938002,6.3295187009548775
WT,apo,107,0,0,30.959097673527268,5.736449826251909
WT,apo,201,4,0,27.893374112739565,-8.16371110638313
WT,apo,11,1,0,26.9973400436446,-8.13190177194977
WT,apo,74,3,0,26.45284693794846,-7.8327928343821664
WT,apo,42,3,0,31.01615305175111,6.531170988703818
WT,apo,203,1,0,27.46275585090745,5.747782905945826
WT,apo,244,2,0,26.4699249783225,-4.8607806120362
WT,apo,129,3,0,31.282243056047236,5.368911189758438
WT,apo,136,4,0,30.57830014232476,6.061519902886248
WT,apo,140,3,0,28.155938632544196,-4.231053120768868
WT,apo,208,1,0,28.600918485200527,6.278681757485496
WT,apo,66,4,0,31.469643168882097,6.441734806307013
WT,apo,122,2,0,31.09307939814083,5.409573130907334
WT,apo,82,3,0,31.351022229854458,5.611164048592546
WT,apo,220,1,0,29.136394045807474,5.815039975784655
WT,apo,145,4,0,30.69756132455908,6.16067667439927
WT,apo,127,2,0,27.874889609000178,-8.962436644180858
WT,apo,173,0,0,28.600249632410776,-7.322857859131356
WT,apo,201,2,0,26.05594294176692,-7.263653733339054
WT,apo,234,4,0,29.709033568432844,6.218851322745409
WT,apo,157,4,0,30.371643242292823,5.8246611720621635
WT,apo,80,0,0,30.458938749706135,5.788671381106113
WT,apo,188,0,0,26.70488208628676,-7.493551813478086
WT,apo,242,1,0,28.252602198291477,-5.394444040859694
WT,apo,220,3,0,29.537781380229596,5.804398211042107
WT,apo,43,2,0,30.35918970166942,5.6894323850744835
WT,apo,152,1,0,26.472127828662718,-6.967895487515273
WT,apo,142,2,0,25.205428933742077,-6.758735642560644
WT,apo,60,1,0,27.680292356723722,-8.39347534394977
WT,apo,76,3,0,30.9659694873494,5.524196990824753
WT,apo,140,4,0,30.11837459340943,5.862556497514019
WT,apo,81,3,0,29.164384459789503,5.7976702473595685
WT,apo,182,4,0,30.04429374880099,5.519449981514895
WT,apo,135,3,0,28.37543164473998,5.891310911570224
WT,apo,65,3,0,29.17493552807891,5.553041301888432
WT,apo,31,0,0,30.065833069047144,5.908255539306008
WT,apo,18,4,0,27.907531203373964,5.437636014734068
WT,apo,117,4,0,29.78420984197061,5.681191469243501
WT,apo,70,1,0,30.430212049604748,6.367099150468944
WT,apo,203,4,0,28.980574578295357,6.33053619076135
WT,apo,21,2,0,29.394065835189295,6.510168277236835
WT,apo,145,2,0,29.559295212456853,5.820280175609217
WT,apo,240,1,0,31.45934251373015,2.8065314857030668
WT,apo,136,1,0,29.712114582669173,6.812694876287534
WT,apo,11,0,0,30.04841195857199,5.95159457538311
WT,apo,236,1,0,29.12343411351234,5.640581361028715
WT,apo,41,3,0,27.3635650630964,-7.134266794715867
WT,apo,152,4,0,26.287603458534548,-7.211071791648319
WT,apo,113,3,0,26.39438397249461,-8.146570719356333
WT,apo,128,0,0,27.756221856607574,-7.26726912405608
WT,apo,150,0,0,31.14000701728578,5.877843232902873
WT,apo,237,1,0,29.924229490924937,5.572506217642499
WT,apo,97,0,0,30.9948843816905,5.490900397600718
WT,apo,103,3,0,30.336191668189752,5.5932723000833935
WT,apo,79,2,0,27.968447602509862,-7.328806016968798
WT,apo,72,1,0,28.15702088750649,5.311462135211031
WT,apo,242,3,0,29.59928011143946,5.406662733863002
WT,apo,5,1,0,30.26568892906094,5.914278475453852
WT,apo,213,4,0,26.5045199063749,-7.999209963117166
WT,apo,159,4,0,30.826888131003308,6.2862443322289945
WT,apo,103,4,0,31.656738369049236,7.295675922818292
WT,apo,137,0,0,25.696661060787665,-2.183896421140974
WT,apo,4,0,0,25.544338845592904,-6.571684764003343
WT,apo,73,1,0,26.797977041845783,-7.463635579070206
WT,apo,150,2,0,28.9704778803115,5.911102754921076
WT,apo,192,1,0,29.7367728357481,5.843112974241552
WT,apo,135,2,0,30.970043715511586,6.234900318386911
WT,apo,213,3,0,29.640458774835842,-6.923292962616976
WT,apo,35,0,0,30.773364252396988,5.358653237238095
WT,apo,248,4,0,26.43285263406944,-9.027317434976714
WT,apo,146,4,0,29.358101286926892,5.3621571626225855
WT,apo,71,3,0,27.259816637791445,-7.607309709203808
WT,apo,197,4,0,29.89860158149575,5.411363595932771
WT,apo,26,0,0,29.504465537855605,5.407655071596643
WT,apo,10,3,0,29.03799910655619,5.863362239543534
WT,apo,201,0,0,30.619092134555363,5.254158715027052
WT,apo,142,0,0,29.753628202708626,5.554686847988437
WT,apo,108,4,0,29.832720976884104,-2.3073889687387235
WT,apo,84,3,0,29.929975520287616,6.064302329493302
WT,apo,15,0,0,26.991764212340986,-9.283735257027221
WT,apo,73,0,0,26.347947488207762,-6.190585725029811
WT,apo,89,2,0,30.124093483887897,6.167222715568032
WT,apo,142,3,0,27.137269125214967,-6.181434991972941
WT,apo,185,0,0,30.239696309487783,6.122962108367007
WT,apo,127,1,0,29.71054890432809,5.939273496534021
WT,apo,43,3,0,30.15795460264433,5.677831605254847
WT,apo,212,0,0,30.8096520827696,5.721423338293889
WT,apo,238,1,0,25.409140720715456,-6.294445158052237
WT,apo,208,3,0,30.392069558908453,5.627656589529477
WT,apo,44,3,0,30.299611824699838,5.558457123813508
WT,apo,96,2,0,29.64642499928625,5.3595801710817215
WT,apo,198,3,0,30.328253826803223,6.406024196391731
WT,apo,250,3,0,31.388535715842874,5.737307371353003
WT,apo,180,1,0,30.616742812100398,6.438702690326117
WT,apo,4,3,0,27.502389121262542,-6.530786769527405
WT,apo,157,1,0,29.91230509448552,6.334407613786637
WT,apo,121,0,0,26.30516637690847,-9.027422388877723
WT,apo,113,1,0,25.61249601941509,-8.672958851822406
WT,apo,170,4,0,30.008994867258156,6.049978914378665
WT,apo,156,3,0,28.388958559936857,-7.990426666999737
WT,apo,213,2,0,29.239806761709318,6.067542657315866
WT,apo,216,4,0,27.03891822014885,-6.175943608227203
WT,apo,85,4,0,28.953907926779834,5.2855278565292965
WT,apo,14,3,0,29.642328999104755,5.431517394576212
WT,apo,130,2,0,28.664881625324426,-6.643678333003865
WT,apo,153,2,0,30.019327623444443,5.75381503050983
WT,apo,67,3,0,30.92440167483234,5.944489724566473
WT,apo,203,0,0,29.77890135340757,-1.387706631276233
WT,apo,150,1,0,29.491681180822294,5.227159944782267
WT,apo,182,3,0,29.75418343455773,5.990097328926324
WT,apo,143,4,0,30.666303155764187,5.922164446449368
WT,apo,221,0,0,28.909515925528876,6.765018864618811
WT,apo,108,1,0,28.18680897960498,5.443495093391038
WT,apo,91,2,0,31.822266349503927,5.875580357489866
WT,apo,104,2,0,31.500320469459073,5.8831344879855045
WT,apo,247,1,0,29.495356065172974,5.67494211162337
WT,apo,4,1,0,26.257671730017776,-7.699017289317622
WT,apo,232,4,0,30.000880873014705,5.190738432157135
WT,apo,25,0,0,30.283545537524805,6.284266248431687
WT,apo,199,2,0,27.129920388398112,-7.486689650472546
WT,apo,129,1,0,31.561969479698387,5.844852064695367
WT,apo,187,4,0,28.1494932792276,5.732182577324905
WT,apo,188,1,0,30.258996526593464,5.600263670090441
WT,apo,54,4,0,28.650038657060293,5.394143200024244
WT,apo,157,2,0,30.684728898592844,5.8263720686779195
WT,apo,128,1,0,31.60377052744579,5.019976391408873
WT,apo,181,2,0,27.3601751733411,-5.066818600715169
WT,apo,68,0,0,29.31754184453837,-7.469390618789806
WT,apo,152,2,0,29.355212935988188,5.989242454266013
WT,apo,27,1,0,29.276844449224686,6.022131281647326
WT,apo,65,1,0,30.415072734554673,5.4660446436718955
WT,apo,42,0,0,31.20831702972556,6.713391686582799
WT,apo,245,0,0,28.008676010299133,-8.769359452953202
WT,apo,27,2,0,29.472461666933206,5.596205122080466
WT,apo,231,1,0,31.52115760723558,6.193620300724623
WT,apo,227,2,0,31.525709093933536,5.786813922948039
WT,apo,238,2,0,29.330943009791238,5.50525349766238
WT,apo,16,2,0,29.491849429647377,5.780560787045072
WT,apo,72,2,0,30.891417118080852,5.75757141571707
WT,apo,222,4,0,29.789082779171306,-4.643467059576517
WT,apo,5,0,0,30.32244946086893,5.695939767758059
WT,apo,6,4,0,31.248765565178335,5.886809360093915
WT,apo,67,4,0,31.715379523841545,6.176684355069064
WT,apo,159,1,0,30.03425250565352,5.34356466512747
WT,apo,10,0,0,29.788505837096235,5.847197864506274
WT,apo,153,4,1,-31.123619321833225,0.9800138404409893
WT,apo,111,3,0,32.420107147265576,6.576269635737414
WT,apo,124,0,0,30.72237371500527,5.783120683886576
WT,apo,80,4,0,30.65035061464976,5.919402909684166
WT,apo,220,2,0,30.054861861858953,5.72562614815031
WT,apo,239,4,0,29.80668469998754,5.95661468309146
WT,apo,79,4,0,27.41408435677116,-7.636943711540352
WT,apo,192,0,0,29.877612381806664,5.734589965549992
WT,apo,227,1,0,30.044218335565542,-1.2903526505665075
WT,apo,88,2,0,29.43292765150016,5.195850176772561
WT,apo,52,3,0,31.22694564201132,6.430619503029178
WT,apo,244,3,0,30.443172023008238,5.938245758620517
WT,apo,139,4,0,28.983426121212936,5.9027762156360915
WT,apo,216,1,0,30.465561561387904,4.914747929530281
WT,apo,5,2,0,27.899942327765373,-1.2550316019292331
WT,apo,228,0,0,31.173746657416523,6.458450208987894
WT,apo,132,2,0,30.571137381151825,6.038070061999766
WT,apo,167,0,0,29.319945752154645,5.278810352994184
WT,apo,199,4,0,27.3979621185604,-6.192908924231192
WT,apo,70,3,0,32.53236581061913,6.5057580555882515
WT,apo,234,3,0,29.47463876129642,6.492063189149261
WT,apo,157,0,0,30.85582276400605,5.725170304855603
WT,apo,239,1,0,29.55453011694766,5.8858216233025935
WT,apo,248,3,0,28.378793619620254,-4.83641011697987
WT,apo,79,1,0,28.573956081771684,-6.252367567536742
WT,apo,60,3,0,30.699457670454354,5.672947970526924
WT,apo,149,0,0,30.54182809591241,5.356554577456917
WT,apo,167,3,1,-31.113239597837662,-0.02885734732896336
WT,apo,215,1,0,27.878918448381167,-7.800904413524166
WT,apo,163,4,0,27.203485288075157,-5.661054337430422
WT,apo,250,1,0,30.753668106882774,5.70588045335071
WT,apo,180,2,0,31.269472351532304,6.270319773559737
WT,apo,168,3,1,-32.11976354812076,0.7758068497283714
WT,apo,164,0,0,28.81557153936382,-7.741177373322922
WT,apo,87,0,0,31.23685562801061,5.536731170623384
WT,apo,77,0,0,30.420852205354887,5.8787108330968545
WT,apo,188,3,0,31.33898414018921,6.207216439167484
WT,apo,231,2,0,29.837496418891952,5.967030980869626
WT,apo,43,1,0,30.297371714298645,6.865526229951659
WT,apo,25,3,0,31.65785255485218,5.827279604423108
WT,apo,149,3,0,29.91810299436971,5.904027972384747
WT,apo,84,0,0,30.555721586904582,6.639795307031683
WT,apo,237,3,0,29.759879112933255,-0.727802651593331
WT,apo,22,4,0,30.396264569440444,6.319186356336361
WT,apo,26,4,0,32.043369206227204,6.750765191706269
WT,apo,36,3,0,30.960530180307472,6.152000705406704
WT,apo,202,4,0,28.431580980744425,-6.69500064784497
WT,apo,193,1,0,30.676485710726027,5.49150013361421
WT,apo,141,2,0,28.067438611577668,-6.6228019347375
WT,apo,114,3,0,30.498121178246805,6.054631048639573
WT,apo,244,1,0,29.854414515320006,5.168462509654374
WT,apo,148,2,0,27.16211092861319,-7.14156176045943
WT,apo,229,0,0,30.181658869807222,5.304821669903892
WT,apo,147,4,0,29.281591789786543,6.468948822180601
WT,apo,197,1,0,30.49286106105432,5.94168883455399
WT,apo,228,2,0,29.20039963804621,5.75729067287472
WT,apo,191,1,0,31.97539435790439,5.668713570110602
WT,apo,6,0,0,30.064663812492146,5.592280129484713
WT,apo,238,4,0,28.232554847554365,5.829564186398859
WT,apo,115,2,0,27.219373523704952,4.605281316507422
WT,apo,61,1,0,26.503797900578824,-8.459829601743118
WT,apo,16,0,0,31.546749858330443,5.877687486238805
WT,apo,36,2,0,30.824150795219637,6.04645072044942
WT,apo,247,3,0,30.632693560179074,5.816956561158754
WT,apo,225,0,0,30.172967993591175,6.107352512112304
WT,apo,90,4,0,30.316205502121274,6.2636152216721
WT,apo,63,0,0,31.439721511714502,5.494474714434455
WT,apo,165,0,0,27.73515182987485,-6.711503400163171
WT,apo,172,0,0,29.807411127356183,6.07407950706349
WT,apo,11,4,0,30.74900797238832,5.629245560498909
WT,apo,222,1,0,28.272106272126486,5.663755534440817
WT,apo,18,1,0,29.431843984486513,6.135069908136968
WT,apo,101,2,0,28.56545658763126,5.2616656109067215
WT,apo,15,2,1,-31.98350430642013,0.24735265495227604
WT,apo,151,0,0,29.98527225419409,5.696107160990759
WT,apo,184,4,1,-32.25768028150611,-0.0011923521841981106
WT,apo,128,2,0,28.65616110639569,-1.5821850186590976
WT,apo,50,2,0,28.404726975538612,-7.383420804377735
WT,apo,235,4,0,29.88951377563229,5.65249937279344
WT,apo,141,3,0,31.329130759726578,6.3917370745638245
WT,apo,15,1,0,26.96782870045127,-8.516002737681708
WT,apo,153,0,0,30.00293942068996,5.3216051631525785
WT,apo,58,2,0,29.685574389592443,5.740569161584044
WT,apo,146,0,0,26.619439116520763,-8.032503524080832
WT,apo,171,1,0,29.81324425429718,5.617458002783613
WT,apo,180,4,1,-32.02728925205712,-0.09906033546969482
WT,apo,203,3,0,30.437661834046565,5.560449414672656
WT,apo,130,4,0,28.144346070623623,-6.028373951038939
WT,apo,82,2,0,30.728061987867957,6.145870875685347
WT,apo,161,0,0,29.655797226589513,6.760288118207174
WT,apo,173,2,0,29.82211618308069,5.383942600475382
WT,apo,1,0,0,30.82344053548943,5.616979216699456
WT,apo,148,4,0,28.827411191133457,5.630589144554869
WT,apo,57,0,0,28.65340923306772,-5.142872058640393
WT,apo,114,2,0,29.037330962506513,5.20541129485658
WT,apo,42,1,0,31.201921276237933,6.611436598223392
WT,apo,152,0,0,30.93086696970179,5.620897229435872
WT,apo,83,0,0,29.549421593363604,5.777399046751054
WT,apo,40,0,0,29.933584655411728,5.685533720354264
WT,apo,8,3,0,32.5003970986908,6.386550839431006
WT,apo,157,3,0,30.998713757127444,6.442298845311029
WT,apo,108,3,0,29.204720328177608,5.673872644888661
WT,apo,195,3,0,30.088844855955916,5.3409215792834175
WT,apo,214,1,0,28.464542330864997,5.52507193246379
WT,apo,5,3,0,27.892166930686763,-5.925583256334786
WT,apo,151,3,0,31.298073387281427,6.5612963018887855
WT,apo,112,4,0,27.945564142285043,-6.7377686609759895
WT,apo,64,4,0,28.528659001984895,6.578391453336385
WT,apo,226,2,0,29.45218340945179,5.921968910043218
WT,apo,50,1,0,26.633734858089557,-8.719811031908007
WT,apo,87,2,0,30.411752776510816,5.7663330048144585
WT,apo,10,1,0,31.314400712402175,5.732847464079518
WT,apo,175,2,0,29.442576503518293,4.72958297562517
WT,apo,100,4,0,29.63185609318122,5.560587035510284
WT,apo,45,4,0,29.83475662126546,5.891406712306577
WT,apo,8,0,0,29.16602964139753,0.03182491315772277
WT,apo,209,2,0,30.12410152018711,-0.5047589504939202
WT,apo,29,2,0,26.848196747760984,-5.845094583602093
WT,apo,37,0,1,-31.95003149838331,-0.2827942018850206
WT,apo,56,0,0,29.65431072839057,6.136494635911785
WT,apo,250,0,0,28.708516134085198,5.54796627784812
WT,apo,244,0,0,31.54562191790514,5.9819084754613945
WT,apo,184,1,0,30.937167009384943,6.203518650876999
WT,apo,197,0,1,-10.740700191683105,-3.2556949798099124
WT,apo,129,4,0,30.122501576050205,6.42160262833841
WT,apo,141,1,0,27.013231786756116,-5.868109987837412
WT,apo,183,2,0,28.00607658123012,-7.056830315936557
WT,apo,126,0,0,30.00241870475607,5.740319514578774
WT,apo,126,2,0,31.29598795152517,5.788196921114212
WT,apo,104,4,0,30.420009340204718,5.884182848207247
WT,apo,35,2,0,29.4512072703215,5.827656777969534
WT,apo,200,3,0,28.931279805448547,6.471397426988538
WT,apo,62,4,0,29.20331088542003,-6.417498163121389
WT,apo,51,3,0,27.456801338851292,-6.806798101832897
WT,apo,45,3,1,-10.888983386799602,-4.283354448925622
WT,apo,131,2,0,30.33569129203248,5.821989926870207
WT,apo,27,0,0,30.889862037418926,5.977239843345924
WT,apo,69,1,0,31.412560422226264,6.429631485201322
WT,apo,50,3,0,27.0889734857557,-5.755507794877166
WT,apo,60,4,0,28.47197797351973,-8.448644039347748
WT,apo,176,2,0,28.78375123503775,-8.008810405739842
WT,apo,242,0,0,29.99648525154831,6.07826528318024
WT,apo,191,4,0,31.298617447340874,4.898259926304361
WT,apo,226,1,0,27.857147792761502,-7.134957245498408
WT,apo,98,2,0,30.08092561658413,5.869135728842171
WT,apo,169,2,0,31.42687334083709,5.904299884214268
WT,apo,71,4,0,30.347236067027318,5.517591673234266
WT,apo,197,3,0,29.929023573818863,6.42090583381984
WT,apo,195,4,0,29.828522042534384,6.2249123338918775
WT,apo,75,2,0,30.22654441196118,5.9551776410389925
WT,apo,70,2,0,28.697530028104673,0.2151502755591704
WT,apo,56,3,0,29.757358710990232,5.906673951999425
WT,apo,47,1,0,30.958588728724685,5.590026498871876
WT,apo,15,4,0,28.1329818263352,-1.037500939363176
WT,apo,3,0,0,30.495513214569023,5.927618665171443
WT,apo,142,4,0,28.411181269640725,5.178691889918424
WT,apo,224,4,0,27.1928200333892,-7.0861979283023
WT,apo,234,0,0,32.99927447916472,6.562611971914798
WT,apo,12,3,0,27.685369658418306,-5.831985239674056
WT,apo,65,4,0,31.772502040198063,6.246555646537391
WT,apo,210,2,0,29.072202310784164,6.159561986414347
WT,apo,81,2,0,31.702942023327108,5.7281236084915435
WT,apo,84,1,0,31.06888603789372,6.25739299588832
WT,apo,243,4,0,30.676864813001142,6.172200425096032
WT,apo,49,1,0,29.643651139979028,5.929624883890898
WT,apo,215,2,0,28.469636791311178,-5.078167150251202
WT,apo,155,0,0,27.517639546350193,-6.377421042525394
WT,apo,106,3,0,30.373739168559602,5.830805316446622
WT,apo,149,1,1,-32.112786286585965,0.606330627852174
WT,apo,83,1,0,30.696218152096435,5.797580193116722
WT,apo,155,3,0,26.61540727228438,-2.45863482070644
WT,apo,114,0,0,29.131188787726305,5.498784274127626
WT,apo,117,1,0,30.146671739218924,5.763941447860127
WT,apo,37,3,0,30.245406928628583,6.0528519111598476
WT,apo,6,1,0,27.006411033848472,-5.954346766949565
WT,apo,175,0,0,29.171472975750024,-6.261631114279685
WT,apo,32,3,0,31.952562755414483,6.2975523386852315
WT,apo,185,3,0,27.724116575028386,-7.073672847425478
WT,apo,52,2,0,30.430461647725284,6.5161487822484725
WT,apo,9,0,0,26.708741924797618,-7.783093898523287
WT,apo,83,3,0,31.648680394555218,7.0149408788018395
WT,apo,184,3,0,29.817192257554836,6.444968765532688
WT,apo,149,4,0,27.435757660238284,-7.752022646109652
WT,apo,99,4,0,27.419259756183326,-7.187710081706072
WT,apo,68,4,0,30.946606439869946,6.807294273410953
WT,apo,116,4,0,25.837253954467656,-6.982119256462669
WT,apo,171,3,0,32.01248051070334,6.260399187899253
WT,apo,246,3,0,29.703769232437352,6.244756804694779
WT,apo,107,3,0,30.9744590800183,6.451828103707648
WT,apo,247,0,0,29.117074680061314,5.804233072024443
WT,apo,193,2,0,29.34773283108439,5.305183983726587
WT,apo,95,2,0,29.74740597095976,6.142538015383974
WT,apo,36,1,0,30.56705192173116,6.50930045552166
WT,apo,172,2,0,32.87723405826291,7.253099499805677
WT,apo,9,1,0,29.848124970331646,5.29696477664726
WT,apo,107,1,0,31.53382634471107,6.3976911405745955
WT,apo,213,0,0,28.61116817561169,-5.136345122941015
WT,apo,138,2,0,28.561535364911915,-7.3242177107547075
WT,apo,42,4,0,31.636314499958363,6.4605865378486955
WT,apo,184,0,1,-33.487516560278486,0.36790503972956706
WT,apo,86,4,0,30.27349098068488,5.853230239228285
WT,apo,221,4,0,28.396055012497598,5.70370195858612
WT,apo,211,1,1,-33.393121972288874,0.44116306286961476
WT,apo,16,4,0,30.927727137867215,6.603339350641538
WT,apo,85,3,0,31.017744935570683,5.974385463802993
WT,apo,34,2,0,31.452729396786317,6.129418281721652
WT,apo,64,2,0,28.438577272022798,-6.056181898509318
WT,apo,130,0,0,30.323129527763,6.281710097514805
WT,apo,83,4,0,26.716684323981124,-8.180589693962766
WT,apo,249,2,0,28.69516975052297,-7.749595533442603
WT,apo,206,4,0,28.789283833258285,5.7458086948594485
WT,apo,89,4,0,30.684087196790806,7.024055528955574
WT,apo,112,3,0,28.334736904588453,-8.39055400713876
WT,apo,174,4,0,29.530834801788508,5.770248943464721
WT,apo,23,4,0,28.393313767488657,-8.040527481031724
WT,apo,2,4,0,30.247513222620036,5.845083192720926
WT,apo,107,4,0,30.40628524845986,6.2642475279101895
WT,apo,206,1,0,30.42741368311995,5.877175785258327
WT,apo,134,0,0,26.261963930974087,-7.046828123525302
WT,apo,162,2,0,28.37629585649331,-4.91421224934277
WT,apo,215,4,0,28.144317958578554,-8.822726077466744
WT,apo,17,4,0,27.507597819536596,-4.335827662351166
WT,apo,208,0,0,30.658355244532988,5.868879980252689
WT,apo,2,1,0,31.27206539661642,5.730821887944013
WT,apo,190,2,0,26.255812845426167,-7.706276757894452
WT,apo,10,2,0,31.286692074713823,5.657149289343446
WT,apo,42,2,0,30.76027783662392,6.104815173309534
WT,apo,19,0,0,29.697168359569773,5.657386100632138
WT,apo,156,0,0,27.73293150818163,-7.073706251989188
WT,apo,120,0,0,27.441621242228486,-7.023934191553606
WT,apo,151,2,0,30.6386480028029,5.3437104984746915
WT,apo,106,4,0,30.063478138882715,5.61046085564024
WT,apo,155,2,0,25.54600129307827,-2.7740469813347564
WT,apo,156,1,0,27.413305994384256,-6.028818423730524
WT,apo,77,3,0,31.50809898668746,6.174125097243215
WT,apo,219,0,0,28.089904599801255,5.684718163349415
WT,apo,169,4,0,27.929229515649745,-2.3203186077612745
WT,apo,183,0,0,30.63904485837629,5.96764442092428
WT,apo,138,4,0,27.77373053900877,-6.662161392626193
WT,apo,43,4,0,30.326694447156918,6.3059283863532825
WT,apo,214,0,0,26.81286820059925,-6.415145321121104
WT,apo,102,4,0,30.04032597658203,5.816520190132688
WT,apo,87,3,0,30.009947959859883,5.874354647161181
WT,apo,158,4,0,31.426482745234907,6.764887795041189
WT,apo,169,3,0,31.233501941963077,7.049262700870064
WT,apo,80,1,0,29.69399069463429,5.581078071524779
WT,apo,233,2,0,29.6921418952436,6.648999465130388
WT,apo,13,0,0,28.422834424417417,-9.061834457060995
WT,apo,121,1,0,31.43383612779824,6.115647622782809
WT,apo,91,3,0,30.749004700866653,5.933207270593509
WT,apo,136,0,0,30.736422211273066,5.778343201653081
WT,apo,233,1,0,30.133816053355257,5.134412883149505
WT,apo,11,3,0,30.4508893355124,5.56458695553537
WT,apo,214,3,0,27.517959883044714,-7.670361438747152
WT,apo,168,0,1,-30.89329359809077,0.18037105294771377
WT,apo,16,1,0,30.924207010381842,6.299710399943672
WT,apo,233,3,0,28.73846865055267,6.717674961781228
WT,apo,51,2,0,30.05257081403452,5.794169119358347
WT,apo,193,3,0,28.824057826315215,5.744219444520333
WT,apo,94,0,0,31.280170681134194,5.651919068020971
WT,apo,106,0,0,29.532793198584255,5.0099243573469385
WT,apo,49,4,0,28.506295472365746,-7.721097940630482
WT,apo,111,2,0,30.141605990058814,6.419453162742849
WT,apo,152,3,0,29.82198142624122,6.290252445122003
WT,apo,219,2,0,27.450311844307077,3.72824207874194
WT,apo,45,2,0,31.621077470482305,6.740349715172726
WT,apo,137,2,0,27.68348033597506,-5.928246858732985
WT,apo,130,3,0,26.7228032989368,-5.669427573532556
WT,apo,174,2,0,28.137588253861075,-7.7090774943843074
WT,apo,248,1,0,25.509710242460315,-1.404530226503889
WT,apo,245,4,0,29.678363465740066,5.114974132379182
WT,apo,93,4,0,28.270194866699992,-7.501415056011938
WT,apo,175,3,0,28.731093681722655,5.684856786843881
WT,apo,83,2,0,30.10420478890581,5.866549450200537
WT,apo,181,4,0,29.423706530090207,6.385310001356056
WT,apo,23,0,0,31.08459171754278,5.949836534544796
WT,apo,104,1,0,28.544128824366037,-1.4128592422655606
WT,apo,102,2,0,30.927517947892554,6.14181946397013
WT,apo,132,4,0,24.062039568755104,-8.11157881653918
WT,apo,125,1,0,31.244594424821685,6.341059317267613
WT,apo,4,4,0,30.801646925673833,5.718428951718297
WT,apo,49,3,0,30.84744101725794,5.587984554183722
WT,apo,2,2,0,30.803005425018135,5.762152690397142
WT,apo,138,3,0,30.89283233933668,6.471887557198322
WT,apo,224,1,0,29.342465175103705,-1.9539670793853472
WT,apo,81,0,0,30.719853918684432,7.132134414110886
WT,apo,110,4,0,31.554402689616904,5.727836731690681
WT,apo,178,2,0,26.89228940938166,-2.7754324371232735
WT,apo,47,0,0,29.23163864967448,4.886821709905216
WT,apo,151,1,0,30.651184790449328,6.36206792646383
WT,apo,58,3,0,27.26826739083321,-7.896524507985233
WT,apo,197,2,0,30.341308265808408,5.785488985914591
WT,apo,225,1,0,31.045639606753927,6.346427289830057
WT,apo,232,2,0,30.800708432001873,6.248201253178202
WT,apo,135,0,0,31.632396526222948,5.581848618047748
WT,apo,136,2,1,-31.89325517394656,0.26979866400260655
WT,apo,177,3,0,30.80051547690237,6.365280058048499
WT,apo,207,1,0,30.420890951230813,5.966586363297197
WT,apo,224,2,0,25.90872363900546,-6.38837386372334
WT,apo,222,3,0,30.936903734715347,5.37854241043637
WT,apo,48,1,0,28.898376587972436,-7.617067908320093
WT,apo,111,1,0,31.13101956446562,6.404739458041625
WT,apo,235,3,0,28.225872875327,-8.368009434211212
WT,apo,34,4,0,29.679759303629602,5.483522209907439
WT,apo,225,4,0,29.782577974948765,6.63721242847596
WT,apo,99,3,0,29.789512544028188,6.09497467272829
WT,apo,9,2,0,30.644735416688416,5.551036270474663
WT,apo,245,1,0,31.91304654166342,6.102722100365595
WT,apo,111,4,0,31.032185518952403,5.6376801275302455
WT,apo,57,3,0,31.551278480982667,6.375656235907712
WT,apo,233,0,0,30.500542098025797,6.0168098771405925
WT,apo,36,4,0,32.256104201232866,7.081249160230906
WT,apo,177,1,0,30.154825284918925,6.287827130414943
WT,apo,18,3,0,31.961883315245178,5.728690970598002
WT,apo,116,0,0,31.26549135854318,6.535779412849687
WT,apo,159,0,0,30.559647336568002,5.958057119552489
WT,apo,113,0,0,28.11255210652075,5.743172574172498
WT,apo,225,2,0,31.68579750901078,6.286877922275296
WT,apo,225,3,0,29.211066382054952,6.481459618290365
WT,apo,154,3,0,28.286633730948513,-5.467024868816585
WT,apo,88,4,0,29.368208158270125,4.950900545213206
WT,apo,207,2,0,26.941578046965866,-7.4089030569112975
WT,apo,190,1,0,29.743637610435194,5.476964291980432
WT,apo,30,4,0,30.813658454592257,6.075757231208775
WT,apo,184,2,0,30.468866677523298,5.818366355801523
WT,apo,204,1,0,26.95121024766448,-8.79826328001472
WT,apo,212,1,0,29.843296429879718,0.9891447439070099
WT,apo,155,4,0,28.276447084463626,-0.3997216508583084
WT,apo,39,0,0,27.455301744313424,-4.209442209505493
WT,apo,116,2,0,29.735557885823198,5.770793057014272
WT,apo,132,0,0,30.869910902022315,5.777396623173605
WT,apo,46,1,0,30.191095186500355,5.841318840334752
WT,apo,13,2,0,29.02714492365766,6.039256305893997
WT,apo,30,1,0,28.20430723667261,-2.8923428907841564
WT,apo,39,3,0,28.07986580272984,5.743902770010845
WT,apo,162,1,0,30.566404204847974,6.382737679031861
WT,apo,179,2,0,29.179783210495255,5.387374659873006
WT,apo,19,2,0,29.374558222790228,5.595569253770512
WT,apo,61,0,0,29.175773994659146,6.283380786642248
WT,apo,234,1,0,30.747360488727075,5.664043175699065
WT,apo,30,3,0,31.47707994289754,6.26661182290361
WT,apo,228,1,0,30.122874564961705,6.475816344417215
WT,apo,61,2,0,30.276922636261002,5.8129268858755365
WT,apo,13,1,0,29.583804275485324,5.719425121057922
WT,apo,93,0,0,29.867964036377014,5.957063018493812
WT,apo,167,1,1,-16.510192665787702,-3.5180929735064
WT,apo,135,1,0,29.38130466013922,6.272814777499559
WT,apo,209,4,0,30.400967965311636,6.091097759151148
WT,apo,45,1,0,30.425025919656804,5.78121861004172
WT,apo,207,4,0,29.220623558316163,5.513548005317124
WT,apo,207,0,0,26.535064847221463,-6.987160089214311
WT,apo,30,2,0,31.39485456470211,5.8970606148878115
WT,apo,64,1,0,28.751199132853802,6.007177837620463
WT,apo,186,3,0,30.65714665502905,6.409337352695139
WT,apo,13,4,0,26.835727793877677,-7.100918519803329
WT,apo,93,1,0,29.74115315639186,5.46916152042831
WT,apo,207,3,0,27.66748475827737,-5.014388443695962
WT,apo,204,3,0,31.287867424310342,1.9599867210447421
WT,apo,186,0,0,31.01271642816997,5.954400853041462
WT,apo,190,4,0,30.996962327958688,6.57090901422989
WT,apo,186,1,0,30.615215440070624,5.971609498192583
WT,apo,13,3,0,28.244521215096462,-5.449167982141258
WT,apo,186,4,0,27.81726175007667,-9.358404005412167
WT,apo,33,0,0,30.57358687199387,5.690799967714362
WT,apo,30,0,0,31.770990179633216,6.483095062144895
WT,apo,33,4,0,29.368444258791676,5.876702689021918
