variant,state,seed,sample,cluster,PC1,PC2
Y537S,holo,139,3,0,-0.7363787429308478,-0.507420507639369
Y537S,holo,57,2,0,-0.9324016573758331,-0.5253833516066221
Y537S,holo,77,4,0,-0.5502531945882112,-0.5387591733535686
Y537S,holo,150,3,0,-0.766332060776855,-0.9548215123710476
Y537S,holo,158,1,0,-0.29120327335308915,-0.1384743488319073
Y537S,holo,23,4,0,-0.688700830494258,-1.014495883516871
Y537S,holo,150,0,0,-0.3856796358365146,-0.09601317559057197
Y537S,holo,145,3,0,0.6116837581411386,-0.004124751057902771
Y537S,holo,203,4,0,-0.4661224528341025,-0.5282185269134733
Y537S,holo,18,2,0,-0.8581107472153298,-0.7298887745735866
Y537S,holo,106,1,0,-0.06667420737109976,-0.4224755975365121
Y537S,holo,202,4,0,-0.06240367677701363,-0.1540631844594046
Y537S,holo,222,3,0,-0.4953877132422751,-1.00970716305389
Y537S,holo,241,0,0,-0.14713711269244015,0.07431867656682732
Y537S,holo,173,3,0,-0.4393705010047718,-0.5861401569369709
Y537S,holo,173,0,0,-0.11229486814968659,-1.1443366569947944
Y537S,holo,57,0,0,-0.0553868364575476,-0.522041958174374
Y537S,holo,63,0,0,0.13471810019586214,-0.5131257712701892
Y537S,holo,207,3,0,-0.44624428010690387,0.08729152843833583
Y537S,holo,113,0,0,-0.6697351335771072,-0.9721309950025758
Y537S,holo,62,1,0,-0.39657544987228227,-0.469489814662482
Y537S,holo,220,4,0,-0.040500913694667115,-0.4638144513206762
Y537S,holo,147,2,0,-0.6197340875009879,-1.0192057892217323
Y537S,holo,149,4,0,-0.37854024753309107,1.6265369166903108
Y537S,holo,45,0,0,-0.14879240476895472,0.08075259984972695
Y537S,holo,30,3,0,-0.08011252357417416,-1.1780996757451556
Y537S,holo,163,4,0,0.1900119693264732,-0.9329970228917013
Y537S,holo,45,3,0,-0.4892528158785433,-0.4811404124742149
Y537S,holo,150,2,0,-0.7334455145879939,-0.28201335085612217
Y537S,holo,28,0,0,0.5123324833061345,-0.5800831503703667
Y537S,holo,220,0,0,0.1447121346268092,-0.08199061055343652
Y537S,holo,11,3,0,-0.4703356564512281,-0.7462113912782871
Y537S,holo,36,1,0,-0.526005704267228,-1.003829178167784
Y537S,holo,10,0,0,-0.009993586234147856,-0.6060948643568975
Y537S,holo,50,0,0,0.12852163817442602,-0.7988199476120538
Y537S,holo,7,4,0,-0.523167734539058,-1.2090725711209236
Y537S,holo,11,1,0,-0.7243674315379814,-0.5293222475236341
Y537S,holo,193,4,0,0.16986446086274345,0.0022648613548749952
Y537S,holo,242,3,0,-0.1877119821687123,-0.8151296671174829
Y537S,holo,160,0,0,-0.340732394548486,-0.9399342075852011
Y537S,holo,181,3,0,-0.6654216625705296,-0.19630261071342306
Y537S,holo,147,4,0,0.31661525524119544,-0.6275594167482397
Y537S,holo,28,2,0,-0.21517545212847922,-1.0701006843109258
Y537S,holo,158,0,0,-0.2821457142680888,-0.2078939010826009
Y537S,holo,242,0,0,0.47192341125867854,-0.4201728959539512
Y537S,holo,139,0,0,-0.2751938379849373,-0.6917199555399673
Y537S,holo,117,1,0,-0.6301630469824777,-0.8757799807793639
Y537S,holo,62,3,0,0.02520087199688191,-0.007704899305597207
Y537S,holo,118,2,0,0.0451743773372208,0.05855995499797901
Y537S,holo,1,3,0,-0.569868706186016,-0.2836842303804895
Y537S,holo,92,1,0,-0.7976474503512491,-0.6587692672347726
Y537S,holo,173,2,0,-0.2394954306180452,-0.028106337142873566
Y537S,holo,69,1,0,-0.16299758332223838,-0.8612968616399764
Y537S,holo,149,3,0,0.4761226634936924,-0.44106458592870906
Y537S,holo,189,2,0,-1.4116349757336215,-0.28124126029439306
Y537S,holo,46,4,0,0.06530331302395002,-0.07074871169442074
Y537S,holo,198,0,0,-0.41559866075959256,-0.00487851314776042
Y537S,holo,70,1,0,0.16909942976963652,-0.45627089862802345
Y537S,holo,77,0,0,-0.9498793523943079,-0.6155138147769242
Y537S,holo,152,3,0,-0.6044210867717592,-0.49224992904225684
Y537S,holo,189,3,0,-0.22267935842747744,-0.021218722420800265
Y537S,holo,133,0,0,-0.34202395331403046,-0.5486777515614129
Y537S,holo,214,3,0,-0.22953942588899306,-0.6672570665242429
Y537S,holo,87,2,0,-0.8962705899894605,-0.6162180439875063
Y537S,holo,233,3,0,-0.10991009307876799,-0.5179409181925054
Y537S,holo,90,2,0,-0.33325500680404185,-1.07471130613074
Y537S,holo,148,4,0,-0.1610929786757196,-0.5498761889619465
Y537S,holo,165,1,0,0.07911611462460427,-0.266850645854982
Y537S,holo,144,1,0,0.340665639610315,-0.1491289570293758
Y537S,holo,242,4,0,-0.15512560015104637,-0.2575678718572403
Y537S,holo,45,1,0,0.4016921442024843,-0.6049329434189229
Y537S,holo,7,1,0,0.3443408989190645,-0.21698726902734028
Y537S,holo,241,1,0,-0.008699316845478422,-0.5319600721592656
Y537S,holo,48,4,0,-0.5844152409129278,-0.5345015311759552
Y537S,holo,138,0,0,-0.014547297722588086,-0.20569991229913628
Y537S,holo,70,4,0,-0.5621413406379735,-0.1574290095278975
Y537S,holo,68,0,0,-0.06606825913410282,-0.23018865952115833
Y537S,holo,158,3,0,-0.03801215567196012,-0.851231854807039
Y537S,holo,187,1,0,0.003557839681110869,-0.3291323149211257
Y537S,holo,85,2,0,-0.08043004770526875,-0.5979489131998172
Y537S,holo,236,3,0,-1.1162889872227948,-1.2130273044660902
Y537S,holo,193,1,0,-0.6183860638006634,-0.864531112601412
Y537S,holo,174,3,0,-0.2914800905780957,-0.3414023397931939
Y537S,holo,133,1,0,-0.36729238470704806,-0.03428857313693685
Y537S,holo,221,2,0,-0.45157779485923516,-0.9732476604699516
Y537S,holo,62,0,0,-0.7608285774642497,-0.08854145911998787
Y537S,holo,231,4,0,-0.2720790014199984,-0.8201368160537307
Y537S,holo,150,4,0,-0.2757070761758138,-0.4024495236542125
Y537S,holo,49,1,0,-0.7839517514255679,-0.2927515130419116
Y537S,holo,83,4,0,-0.5669876795838446,-0.5705609628267215
Y537S,holo,126,2,0,-0.7175054985154149,-0.815755981288456
Y537S,holo,154,0,0,-0.5694659984719197,-0.4635029099129792
Y537S,holo,86,0,0,-0.1295125258804411,-0.4542525827691818
Y537S,holo,130,3,0,-0.45309430595190203,-0.3516049988261785
Y537S,holo,79,0,0,-1.2449741852015779,0.3928734252772366
Y537S,holo,220,3,0,-0.47518824391698133,-0.8986151558608823
Y537S,holo,96,3,0,-0.6685257220160545,-0.816721611062265
Y537S,holo,154,3,0,-0.580258540378599,-0.5946310480815988
Y537S,holo,203,0,0,-0.34990882307455756,-0.543612610828944
Y537S,holo,37,2,0,0.18466295852930398,-0.06295228696799474
Y537S,holo,183,4,0,-0.170261409959615,-0.2908789043147335
Y537S,holo,140,2,0,-0.6373773365403681,0.05305173695466403
Y537S,holo,138,2,0,-0.39437584562551514,-0.9319750824901911
Y537S,holo,63,4,0,-0.04378373400323682,0.08847586862549679
Y537S,holo,138,1,0,-0.2685718751513091,-0.998672433439868
Y537S,holo,205,4,0,0.12666777356592715,-0.7625607856641069
Y537S,holo,68,1,0,-0.13756630466995382,-0.4506938083118781
Y537S,holo,122,3,0,-0.4335674481048978,-0.009712600016280284
Y537S,holo,57,4,0,-0.005617984646862382,-0.6537147444000591
Y537S,holo,79,3,0,-0.5850921528880536,-0.6460689748997902
Y537S,holo,31,0,0,-0.29665697592643053,-0.20971781547579824
Y537S,holo,113,3,0,-0.16848264209903224,-0.6119765766505417
Y537S,holo,200,0,0,0.021741327622612494,-0.5066032632664995
Y537S,holo,7,3,0,0.03091432374957153,-0.41285135259005384
Y537S,holo,198,2,0,-0.6593653125814414,-0.537942600185332
Y537S,holo,77,1,0,-0.6102132380516063,-0.45668209508802277
Y537S,holo,63,2,0,-0.30709575552526297,-0.6775280911814408
Y537S,holo,53,1,0,-0.4652925351573781,0.0162667084995633
Y537S,holo,115,0,0,-0.7802509493450174,-0.5412758748216818
Y537S,holo,208,2,0,-1.253524099431776,-0.5854209695070803
Y537S,holo,92,3,0,-0.25251484779335515,4.962456093018024
Y537S,holo,80,3,0,-0.09972741933870684,-0.37044079310909994
Y537S,holo,64,4,0,-0.3300018286019053,-0.166212370605688
Y537S,holo,172,2,0,0.285151663256714,-0.33865346978149186
Y537S,holo,103,1,0,-0.2009272386939288,-0.08333295184416974
Y537S,holo,5,0,0,-0.23967904436219384,-0.6069542083657796
Y537S,holo,178,2,0,-0.10609074958380607,-0.22763272596047668
Y537S,holo,77,3,0,-0.27171045342542854,-0.1582265967966074
Y537S,holo,236,4,0,-0.754017893259156,-0.5181021333197977
Y537S,holo,156,1,0,-0.8240503212531637,-0.37703898870282404
Y537S,holo,88,0,0,0.004483521530974536,-0.020855752819512498
Y537S,holo,33,1,0,-0.6995530102542817,-0.49645397803027674
Y537S,holo,36,2,0,-0.7278796316768448,-0.22310661776658033
Y537S,holo,109,2,0,0.33561500429770774,0.17214084820369308
Y537S,holo,147,0,0,-1.031846045951311,-1.2651925215729878
Y537S,holo,31,4,0,-0.5118205635582572,-0.32262581492584813
Y537S,holo,11,2,0,-0.5216926849585496,-0.20819316078357708
Y537S,holo,154,1,0,-0.14465255055453943,-0.42198013233028014
Y537S,holo,68,4,0,-0.5776021150299399,-0.6600040981029812
Y537S,holo,154,4,0,-0.8207217022323642,-0.514968722926922
Y537S,holo,152,2,0,-0.13645452888124154,-0.5365877524407215
Y537S,holo,35,3,0,-0.3061496339746945,-0.19399102209563815
Y537S,holo,209,2,0,-0.14869204096562016,4.35164447129926
Y537S,holo,179,2,0,-0.9799814772006826,-0.30688566837857073
Y537S,holo,115,4,0,-0.17237690256839314,-0.6652639474057809
Y537S,holo,236,2,0,-0.49679512523803104,-0.6694254838708127
Y537S,holo,214,2,0,0.05812147732724293,-0.5860491001925509
Y537S,holo,74,3,0,-0.18508529838054436,-0.4054172080850326
Y537S,holo,165,0,0,-0.1181452858184136,-0.11024438477965882
Y537S,holo,49,2,0,-0.2166308370984679,-0.6013884381581526
Y537S,holo,150,1,0,-1.0049234803095524,0.1520207920991333
Y537S,holo,111,4,0,-0.20827757336362102,-0.8287690203389865
Y537S,holo,140,0,0,-0.655231923931339,-0.7426683698411471
Y537S,holo,20,3,0,-0.3552774526688019,-0.342667875922705
Y537S,holo,180,3,0,-0.37427313921992433,-0.42964998236266766
Y537S,holo,246,3,0,-0.7005757867047686,-0.9163266414860989
Y537S,holo,165,2,0,-1.3146922662868075,-0.6549958784742583
Y537S,holo,78,0,0,0.20777318783053636,-0.6189707899517783
Y537S,holo,201,2,0,-0.14081252433324598,-1.1447142570484445
Y537S,holo,92,0,0,-0.7923696431793836,4.874577258286842
Y537S,holo,5,1,0,-0.5613487998026628,-0.2288782557194791
Y537S,holo,20,0,0,-0.5143143025691617,-0.18728027187339893
Y537S,holo,186,3,0,-0.1338839908825164,-0.8402438692385703
Y537S,holo,3,0,0,0.350852290791337,-0.8971989634860341
Y537S,holo,86,4,0,-0.9952803171730753,-0.5526977298306808
Y537S,holo,97,1,0,-0.46309066696347617,-0.17949883475870448
Y537S,holo,139,2,0,-0.7317661041669303,-0.14840689452005926
Y537S,holo,139,4,0,0.03807999571221953,-0.30373526123266226
Y537S,holo,53,3,0,-0.5391469717990633,-0.6770309424257722
Y537S,holo,181,0,0,-0.4631812975009948,-0.2181760356853236
Y537S,holo,228,1,0,-0.5907373440387116,-0.822449647230839
Y537S,holo,78,3,0,0.129848353887073,-0.5610333383739582
Y537S,holo,126,3,0,-0.09396938719169606,-0.8526300799967877
Y537S,holo,26,1,0,0.11638548308776109,0.5316391768636927
Y537S,holo,154,2,0,-0.33355475745229607,-0.8069553459295534
Y537S,holo,180,0,0,-0.6150789155222086,-0.25981780499414
Y537S,holo,69,0,0,-1.0082028148173774,-0.6580184485542153
Y537S,holo,188,4,0,0.11653238843802803,-0.09138328071273995
Y537S,holo,57,3,0,-0.593416443603741,-0.5223928650715521
Y537S,holo,185,2,0,-0.8524527733568735,-0.5605384184238111
Y537S,holo,233,4,0,-0.5359789279115033,-0.3598347289599964
Y537S,holo,44,0,0,-0.36456157437312114,-0.9909288679426116
Y537S,holo,92,4,0,-0.530573573515024,-0.7013159999191126
Y537S,holo,207,0,0,0.982474639700341,-0.38927334311507916
Y537S,holo,158,4,0,-0.5360952162701569,-1.2121263433326301
Y537S,holo,187,3,0,-0.1402051983970195,-0.1366308480632391
Y537S,holo,214,4,0,-0.11500693139955426,-0.5247700867080018
Y537S,holo,159,1,0,-0.4357833680842424,-0.4676504132667524
Y537S,holo,52,3,0,-0.6517458575837943,-0.5607733356061534
Y537S,holo,177,2,0,-0.34078947613870947,-0.7609452573676675
Y537S,holo,198,3,0,-0.8317265146449724,-0.6551549157691815
Y537S,holo,55,0,0,0.4679024485351181,-0.4837990762986655
Y537S,holo,63,3,0,0.04770845224202653,-0.7224818518373805
Y537S,holo,245,1,0,-0.48327281692412527,-0.5983876050188327
Y537S,holo,123,0,0,-0.2675188817786137,-0.4480046543890403
Y537S,holo,165,4,0,-0.4117033439500316,-0.512845152127436
Y537S,holo,46,1,0,-0.6403984167658873,-0.9394011136611561
Y537S,holo,190,2,0,-0.6944749141472986,-0.6903425005188258
Y537S,holo,152,4,0,-0.27671868804632754,0.13386523949596768
Y537S,holo,192,1,0,-0.5648995158299958,-0.5446381927386327
Y537S,holo,128,3,0,-0.3770930455586644,-0.4598141230475428
Y537S,holo,94,0,0,0.31483235755070155,5.309879582278515
Y537S,holo,62,4,0,-0.4753699236930375,-0.795384876072959
Y537S,holo,117,2,0,-0.31076366953689066,0.035697289518928026
Y537S,holo,234,0,0,-0.5488068093285935,-0.4334276386964404
Y537S,holo,177,4,0,0.026385241797118087,-0.5258838604700808
Y537S,holo,233,1,0,-0.5593834263268985,0.05576823024882722
Y537S,holo,118,0,0,0.060210514061828965,-0.06985059902285365
Y537S,holo,185,0,0,-0.012849631524278761,0.12744617068483827
Y537S,holo,202,0,0,-0.46091122001652446,-0.19056136977936639
Y537S,holo,188,0,0,-0.374851985689975,-1.0561172829246401
Y537S,holo,175,0,0,0.185569754746421,-0.21297328204727792
Y537S,holo,216,4,0,0.08840851246402497,-0.2446042109210911
Y537S,holo,121,2,0,-0.8286708851607166,-0.7545424283460538
Y537S,holo,64,1,0,-0.7973484957080716,-0.6843462111560012
Y537S,holo,76,0,0,-0.18482385583528538,-0.46385000691863826
Y537S,holo,207,1,0,-0.2005169860912045,-0.4051036249094762
Y537S,holo,206,4,0,-0.3066431092035447,-0.10421237049972097
Y537S,holo,48,0,0,-0.0397551423541717,-0.25641010175608603
Y537S,holo,5,3,0,0.08852531131341608,-0.22368846874139764
Y537S,holo,213,3,0,-0.29781191421859154,-0.4370034273082691
Y537S,holo,235,1,0,-0.5291773574173126,-0.836496208870473
Y537S,holo,10,4,0,0.034021967651710526,-0.21529200243459265
Y537S,holo,174,4,0,0.253059778741923,-0.05730534751837057
Y537S,holo,173,4,0,-0.2624757748017948,-0.5952388165200562
Y537S,holo,49,4,0,-0.45633043508379306,-0.3061433121670077
Y537S,holo,95,3,0,-0.8918949299026698,-0.19031652676810448
Y537S,holo,199,2,0,0.05548066057263981,-0.8724035812981009
Y537S,holo,5,2,0,-0.010892369249366856,-0.49679288504870844
Y537S,holo,88,2,0,-0.34541114959719516,-0.994036025748654
Y537S,holo,222,4,0,0.305299145360212,-0.12355716048201702
Y537S,holo,79,2,0,-0.219451029120347,-0.3559957505241976
Y537S,holo,91,0,0,0.5288122263118338,-0.3140416894020358
Y537S,holo,76,4,0,-0.5524480379563673,-0.7368723684381309
Y537S,holo,199,1,0,-0.6678138713319306,0.1262059245681918
Y537S,holo,55,4,0,-0.09613899257866436,-0.30391766111814417
Y537S,holo,24,4,0,-0.5714747308289216,-1.824914327762479
Y537S,holo,230,2,0,-0.3308743927880689,-0.7142500493110758
Y537S,holo,121,3,0,-0.9103149770919865,4.5060512331514975
Y537S,holo,174,1,0,0.7452210454000944,-0.2452188292401752
Y537S,holo,96,2,0,-0.29056173228128124,-0.8780393764895935
Y537S,holo,6,0,0,0.17838805171203986,-0.8033511705970383
Y537S,holo,239,4,0,-0.09377162816853263,-0.4873968579094632
Y537S,holo,131,0,0,-0.6812451630419913,-1.382956687358121
Y537S,holo,116,0,0,0.2750175922670189,-0.5912456547485788
Y537S,holo,244,2,0,-0.7045059314851283,0.24197565406049748
Y537S,holo,221,0,0,0.1416935577727251,-0.5578964319802153
Y537S,holo,51,4,0,-0.9938710126319266,-0.996278174469437
Y537S,holo,118,1,0,-0.008679850342498433,-1.0789107552460835
Y537S,holo,52,4,0,0.0461419346056272,-0.06266876537202948
Y537S,holo,208,4,0,-0.8414825914971982,-1.163724497046079
Y537S,holo,144,4,0,-0.34087517521684346,-0.7109096348981231
Y537S,holo,54,1,0,0.24583971160813642,0.32738423134482025
Y537S,holo,203,1,0,-0.14321362941044416,4.82895300206282
Y537S,holo,85,4,0,-0.45017880413638606,0.3368957972556834
Y537S,holo,238,3,0,-0.39468724223824647,-0.8838156436931996
Y537S,holo,192,3,0,-0.39413902880238905,-0.8162797456432682
Y537S,holo,235,0,0,-0.704541599997343,4.228721574605552
Y537S,holo,87,4,0,-0.3232243572180388,-0.7608515538413515
Y537S,holo,36,0,0,0.044367840338390904,-0.41371428198811216
Y537S,holo,167,4,0,-0.44876145097063685,-0.6825530506460593
Y537S,holo,125,4,0,-0.6610849492308924,-0.4034034103062582
Y537S,holo,163,2,0,-0.1831119595212473,-0.5959386164439372
Y537S,holo,216,0,0,-0.7189155414555961,0.0720638136941996
Y537S,holo,202,3,0,-0.01039605964584287,-0.13408495439452642
Y537S,holo,205,1,0,0.033964572822296785,-0.6564362364996705
Y537S,holo,65,3,0,-0.4013085857349178,-0.9785269945875479
Y537S,holo,45,4,0,-0.004145230382260973,-0.9729319000042637
Y537S,holo,227,1,0,-0.396568228402153,-0.7526489935035418
Y537S,holo,168,1,0,-0.20581210986496426,-0.6099195226147088
Y537S,holo,67,4,0,-0.09742998952364638,-0.5370714125324303
Y537S,holo,100,1,0,-0.5698931805249191,-0.3179598708725227
Y537S,holo,246,1,0,-0.2042906004192111,-0.5850040030232584
Y537S,holo,27,2,0,-0.32833464937083306,-0.08901300038725772
Y537S,holo,12,0,0,-0.45057946649124514,-0.4906957638331001
Y537S,holo,193,0,0,0.2381894139882034,-0.6949574436261459
Y537S,holo,13,1,0,-0.51684819371797,-0.4732529899883572
Y537S,holo,199,4,0,-0.3622934085722853,-0.919994804606083
Y537S,holo,249,2,0,-0.3483501827628446,-0.4659517346635634
Y537S,holo,85,3,0,-0.5398151463295261,-1.0280772358319303
Y537S,holo,44,1,0,-0.17632917962948652,-0.35692171910060033
Y537S,holo,164,2,0,-0.08506019304343443,-0.1381238802627786
Y537S,holo,215,1,0,-0.7738881047069058,-0.8167159676179596
Y537S,holo,60,0,0,-0.3107804369816088,-0.4711271564521784
Y537S,holo,104,4,0,-0.1585317903791424,-0.5261815666192838
Y537S,holo,159,0,0,0.6690552846685601,-0.48468090276227177
Y537S,holo,193,3,0,-0.49532290463637585,5.115001186635025
Y537S,holo,193,2,0,0.32118859406822203,-0.403180990412029
Y537S,holo,125,2,0,0.35518204828130834,0.3085496470639976
Y537S,holo,68,2,0,0.19619617037158074,-0.4746243438739667
Y537S,holo,133,3,0,-0.28744099399572837,-0.5276706332396947
Y537S,holo,220,2,0,0.054800062443091005,-0.7182720993187072
Y537S,holo,132,0,0,-0.8370928382678988,-0.521670962027884
Y537S,holo,109,4,0,-0.3605472485071873,-0.056188435973747626
Y537S,holo,206,1,0,-0.436280398409786,-0.21212961166158098
Y537S,holo,113,2,0,-0.22458605832626058,0.07973179324676394
Y537S,holo,183,2,0,-0.7612638715293499,-0.4111873649873607
Y537S,holo,11,4,0,0.21753301126698074,-0.5684662314731639
Y537S,holo,185,1,0,-0.9741661172848867,-0.3694622732387187
Y537S,holo,167,0,0,-0.5631386302215602,-0.7072566946656813
Y537S,holo,30,0,0,0.8108858529125765,0.2769500637237609
Y537S,holo,148,2,0,0.0029066753005755263,-0.6567214311684605
Y537S,holo,231,2,0,-0.7022548224779522,-0.05656861016173542
Y537S,holo,100,2,0,-0.7260075607915403,-0.20284280478678532
Y537S,holo,113,1,0,-0.14196246923969927,-0.4451739541511553
Y537S,holo,155,2,0,-0.26947133541960683,-0.020844444115274998
Y537S,holo,141,0,0,-0.14714738737557786,-0.21825342332746445
Y537S,holo,15,2,0,-0.1093262600039656,-0.6331937132665073
Y537S,holo,10,2,0,-0.6877954546318341,-0.41818505583490134
Y537S,holo,70,3,0,-0.2436283427859605,-0.9731441912834954
Y537S,holo,144,2,0,-0.10180264855924391,0.05287952977052078
Y537S,holo,179,1,0,-0.02816070530672514,-0.5784105236623123
Y537S,holo,6,1,0,0.23087999136045925,-0.08831383926525938
Y537S,holo,57,1,0,-0.3418829711853805,-0.8572690756758807
Y537S,holo,31,2,0,-0.9370436202541556,-0.7556531500874536
Y537S,holo,43,1,0,0.0900196122275005,0.5927858592447045
Y537S,holo,16,4,0,-0.33232394386493264,-0.5226235522644677
Y537S,holo,177,0,0,-0.35421416173615283,-0.2897969865699288
Y537S,holo,46,2,0,0.0010916297627080412,-0.5528122083227601
Y537S,holo,66,1,0,-0.5030009950449836,-0.7391137959747439
Y537S,holo,241,2,0,-0.9753050482717807,-0.5497980396445492
Y537S,holo,111,1,0,-0.10574550706052081,0.11573754407498797
Y537S,holo,224,0,0,-0.11712177662325039,-0.3280931114030385
Y537S,holo,244,1,0,-1.07400775487374,-0.7541008355095464
Y537S,holo,21,0,0,-0.3763619849151757,-0.25376632396805415
Y537S,holo,1,1,0,-0.33956529585837586,-0.9149658361928646
Y537S,holo,29,0,0,-0.5463389269185925,4.879326016633216
Y537S,holo,73,4,0,-0.5568961583064806,-0.11725085689766698
Y537S,holo,164,1,0,-0.052320294942551714,-0.9021407403505868
Y537S,holo,185,4,0,-0.01938901708712281,-0.618197131445508
Y537S,holo,122,2,0,-0.15697345530002474,0.0061813826643769545
Y537S,holo,200,4,0,0.022529286216796427,-0.05716493269447051
Y537S,holo,243,3,0,-0.5193226169878,0.20084965405816316
Y537S,holo,224,3,0,-0.13650312547691096,-0.33463738593773734
Y537S,holo,74,0,0,-0.29317786402857876,-0.6802209861487706
Y537S,holo,171,2,0,0.38569816322104783,-0.5105094900939261
Y537S,holo,245,4,0,-0.59213790084526,-0.09464849105174813
Y537S,holo,127,2,0,0.11191905195632101,-0.6395271668295336
Y537S,holo,90,0,0,-0.862671975842893,-0.6343446522404883
Y537S,holo,118,4,0,-0.091054562593108,-0.6118058631198534
Y537S,holo,224,2,0,-0.3453807150048287,-0.7477929493744542
Y537S,holo,93,1,0,-0.09662473989950937,-0.09227047588137875
Y537S,holo,124,2,0,-0.5939561907536673,-0.6585947566461677
Y537S,holo,45,2,0,-0.4429364834480132,-0.8065152241789487
Y537S,holo,55,3,0,-0.4646039751287988,-0.5079495741993465
Y537S,holo,103,0,0,0.5395829571498107,-0.2644254501280946
Y537S,holo,91,2,0,-0.4011181300025234,-0.5259278183222709
Y537S,holo,187,2,0,-0.5495530466455598,-0.08498112493483025
Y537S,holo,152,0,0,-0.2326485150411949,1.0370205985076748
Y537S,holo,125,0,0,-0.49930917241473866,-0.43231499410325686
Y537S,holo,17,2,0,-0.3816868853581465,-0.7348713314949281
Y537S,holo,233,0,0,-0.7228214459662078,-0.747237669989558
Y537S,holo,220,1,0,-0.7629421908995981,-0.39191069548761676
Y537S,holo,231,3,0,-0.2262577948875304,5.206817738930551
Y537S,holo,28,4,0,0.44581085608924736,-0.8547720304360075
Y537S,holo,56,1,0,-0.24292368408964907,-0.9853005767489036
Y537S,holo,24,0,0,-0.329599078757093,-0.7079054345292833
Y537S,holo,106,3,0,0.4670622213367864,-0.35929962858237896
Y537S,holo,181,4,0,-0.6589674582075649,-0.7720525215942987
Y537S,holo,245,0,0,-0.19710947829737757,-0.6701345202809439
Y537S,holo,22,2,0,0.263938701856451,-0.4123822459767172
Y537S,holo,7,0,0,-0.5703036678418681,-0.6444246331819313
Y537S,holo,9,4,0,-0.15240140711366065,-0.06993353843422515
Y537S,holo,71,3,0,-0.31012151075820343,-0.5184213121030259
Y537S,holo,16,0,0,0.11995230321587085,0.06737403017494531
Y537S,holo,161,3,0,0.1937018016423345,-0.6040633522863115
Y537S,holo,145,2,0,-0.12647925788541028,-0.4606823202120917
Y537S,holo,16,1,0,-0.03166641201018601,-0.47995183849622064
Y537S,holo,130,1,0,-0.012007127347543358,-0.3584454549712701
Y537S,holo,200,3,0,-0.024420461623690135,-0.5128782791555633
Y537S,holo,127,0,0,-1.2574536122427822,-0.7773579468707668
Y537S,holo,235,4,0,-0.8115597533208747,-0.4785197922454959
Y537S,holo,37,0,0,-0.3810376381527179,-0.8399783537658106
Y537S,holo,136,3,0,-0.13867183753509607,0.025380249771033887
Y537S,holo,175,3,0,-0.48427269769401,-1.395283337669042
Y537S,holo,148,0,0,0.5344356695130102,-0.030995216482030394
Y537S,holo,109,1,0,-0.3483671932358863,-0.7105973562954724
Y537S,holo,164,3,0,0.13975494396165725,0.5865463039951136
Y537S,holo,32,3,0,0.4145319945514459,-0.6165850476505764
Y537S,holo,159,3,0,0.5968410535731485,-0.0915355264004605
Y537S,holo,206,2,0,-0.5748807740094872,0.1015952798291061
Y537S,holo,33,2,0,-0.3094649784642968,-0.31948552732801516
Y537S,holo,37,3,0,-0.6287525817240566,-0.5394031996976156
Y537S,holo,198,4,0,0.3109084718480602,-0.6317600615169303
Y537S,holo,178,3,0,0.5717570446320521,-0.08701336167960436
Y537S,holo,64,2,0,-0.7876211029646825,-0.5191779536523142
Y537S,holo,156,2,0,-0.6330691956677679,-0.7896862449670807
Y537S,holo,60,4,0,-0.27317751540829655,-0.7688801142260611
Y537S,holo,188,1,0,0.17095119958581384,0.15692485094748254
Y537S,holo,14,2,0,0.07820439705781917,-0.0996481790331505
Y537S,holo,36,4,0,-0.07615596483606425,-0.36522212213095806
Y537S,holo,104,2,0,-0.45860410827751447,-0.5486148492764552
Y537S,holo,228,4,0,-0.25394466154873263,-1.1179843808168088
Y537S,holo,10,3,0,-0.08808826680196749,-0.13334929728499464
Y537S,holo,224,1,0,-0.3681355597681331,-0.6200177481276135
Y537S,holo,133,2,0,-0.6693721203431675,-0.307790466468457
Y537S,holo,1,2,0,-0.19820383031038136,-0.9216835419119731
Y537S,holo,35,4,0,-0.8437168775275252,-0.9151726750654096
Y537S,holo,101,2,0,0.019928683301056228,-0.10474632042446819
Y537S,holo,13,0,0,0.05548441224168048,-0.21282469244646102
Y537S,holo,39,2,0,-0.6581977823399379,-0.6744845390027869
Y537S,holo,174,2,0,-0.26903018964949205,-0.8329171997939159
Y537S,holo,81,0,0,-0.11356265686172512,0.24055498100696027
Y537S,holo,248,4,0,-1.057936683203506,-0.12503834443721726
Y537S,holo,72,0,0,-0.08007660300915406,-0.9319904917763291
Y537S,holo,85,1,0,0.14809987820669016,-0.31733562314401226
Y537S,holo,72,1,0,-0.47509354368163814,-0.8651781591045716
Y537S,holo,63,1,0,-0.1825865386546047,0.13179713468971296
Y537S,holo,96,1,0,-0.4099338049386447,-0.23549523010379408
Y537S,holo,47,1,0,-0.4552098254760421,1.572234214238813
Y537S,holo,200,1,0,-0.4545298485860991,-0.8859660759973711
Y537S,holo,136,4,0,-1.0884591502160947,-0.610113314079539
Y537S,holo,138,3,0,-0.346562545639241,-0.651199287554187
Y537S,holo,54,3,0,-1.477781371009677,-0.5359983286340364
Y537S,holo,19,3,0,-0.634978954967872,-0.4276534015550993
Y537S,holo,202,2,0,-0.03986782260503265,-0.25199018983868404
Y537S,holo,151,1,0,0.35948953726051247,-0.7724345372995974
Y537S,holo,175,2,0,0.10242477553938305,-0.07956423658039027
Y537S,holo,66,3,0,-0.7350707874861222,-0.6794563412734247
Y537S,holo,131,1,0,0.38364269118127975,-0.20726907557914526
Y537S,holo,209,4,0,-0.6971935176258119,-0.025967727507077244
Y537S,holo,44,4,0,-0.25437456531322916,-0.8707690224952214
Y537S,holo,127,4,0,0.018272973193611843,-0.9725925179798406
Y537S,holo,20,4,0,0.0048874510837663395,-0.2460752585916468
Y537S,holo,171,1,0,-0.2314584989941088,-0.28254133109500174
Y537S,holo,181,1,0,-0.8420785072561553,-0.389627352884473
Y537S,holo,25,4,0,0.5316523512655105,-0.567231285353409
Y537S,holo,115,3,0,-0.1013389579952111,-0.2742051599534642
Y537S,holo,201,3,0,-1.591085543133545,-0.6105235890729255
Y537S,holo,48,2,0,-0.4925399404358659,-0.9729435260070356
Y537S,holo,32,1,0,-0.4268776366429459,-0.7672874271546538
Y537S,holo,72,2,0,-0.745388603826737,-1.2614223755806602
Y537S,holo,168,2,0,-0.2702835752417888,-0.5649315993172215
Y537S,holo,1,0,0,-0.23827063235042087,-0.8025387452725812
Y537S,holo,126,1,0,-0.7854103415272794,-0.04100540472638915
Y537S,holo,88,1,0,-0.06761877654269596,-0.013908222699047476
Y537S,holo,32,2,0,-0.08693176160490028,-0.09353390808678305
Y537S,holo,242,1,0,-0.24077996956844913,4.987255986424962
Y537S,holo,8,0,0,-0.20273382274997379,-0.2768081107807168
Y537S,holo,43,3,0,-0.7058655058747705,-0.8388355877586454
Y537S,holo,173,1,0,-0.19621774948318382,-0.2805627994547769
Y537S,holo,156,4,0,-0.2573340339015755,-0.7401581825305028
Y537S,holo,100,3,0,-0.6295368836573282,-0.9891227567041967
Y537S,holo,15,3,0,-0.5550746716740804,-1.091960972976089
Y537S,holo,215,4,0,-0.3207773930604567,-0.43894206989064605
Y537S,holo,74,1,0,-0.2051278110224806,-0.7220549888041151
Y537S,holo,6,3,0,-0.6481205486459427,-0.8972726908336811
Y537S,holo,61,2,0,0.20759798622040918,-0.18137355662038987
Y537S,holo,77,2,0,-0.14514332684183773,-0.4071897862211992
Y537S,holo,23,2,0,-0.06462324378415786,-0.6131663762554784
Y537S,holo,102,2,0,0.07061148574210703,-0.5970515334493225
Y537S,holo,144,0,0,-0.11286957403403032,-0.3692771643233609
Y537S,holo,144,3,0,-0.9197915327983942,-0.39012570411047426
Y537S,holo,231,0,0,-0.35139066242024397,-0.625530445092848
Y537S,holo,124,3,0,-0.4229831483332332,-0.3792307968228
Y537S,holo,177,3,0,-0.1687215102408554,-0.3549979586942371
Y537S,holo,223,3,0,-0.3024925614648837,-0.7493867498002622
Y537S,holo,162,2,0,0.3207423116979534,-0.5878030531977523
Y537S,holo,96,4,0,-0.290225398803062,-0.17377918153431446
Y537S,holo,47,4,0,-0.3154750969658669,0.04455700792745541
Y537S,holo,240,4,0,-0.7392292320039642,0.02308253543200317
Y537S,holo,235,2,0,-0.29853263964702004,-0.9257831823502563
Y537S,holo,89,1,0,-0.41264468182887803,-0.2546198069431543
Y537S,holo,179,0,0,-0.13935522199630157,-0.22782762716576127
Y537S,holo,152,1,0,-0.7533185289135952,0.010353036304040381
Y537S,holo,153,0,0,-0.09513801970358744,-0.040301324709769076
Y537S,holo,215,0,0,-0.6342137958229573,-0.9881494638983397
Y537S,holo,135,0,0,-0.7904246039078395,-0.7411706701190389
Y537S,holo,91,3,0,0.08228013837445804,-0.5303179695086924
Y537S,holo,207,2,0,-0.781824125592414,-1.112768460867032
Y537S,holo,35,0,0,-0.15115364025599795,-0.09489921628911074
Y537S,holo,112,1,0,-0.19100432498776712,-0.5209843227685247
Y537S,holo,88,4,0,-0.3722639307979805,-0.24531431977932983
Y537S,holo,93,3,0,-0.4047531366306705,-0.68431772525462
Y537S,holo,120,4,0,-0.39415239278680314,-0.2228530839862158
Y537S,holo,102,4,0,0.09183533499348064,-0.2580751927870729
Y537S,holo,171,4,0,-0.7323069266492639,-0.10481588822594223
Y537S,holo,176,3,0,-0.3820421518866545,-0.6341664363132917
Y537S,holo,103,3,0,-0.21960431614864429,-0.3986645886355075
Y537S,holo,199,0,0,-0.4657236408917453,-0.5737742561269268
Y537S,holo,21,1,0,-0.4906772334882291,-0.5218353981233892
Y537S,holo,179,3,0,-1.1752108645798809,-0.4587787756990491
Y537S,holo,1,4,0,-0.4414643644047586,5.06139185685847
Y537S,holo,172,3,0,0.3165137406775433,-0.9469160911233904
Y537S,holo,4,2,0,-0.43661549755356266,-0.3595759126547592
Y537S,holo,92,2,0,-0.1389552827802821,-0.28710741413693747
Y537S,holo,5,4,0,0.10042544040082503,-0.8480372720166667
Y537S,holo,83,1,0,0.48458325763747956,-0.07945913720627966
Y537S,holo,13,4,0,-0.4854784131950628,-0.2744401513921473
Y537S,holo,115,2,0,1.1942817963024472,-0.16778591062499987
Y537S,holo,126,4,0,-0.3038083948003485,0.06641075578453136
Y537S,holo,222,0,0,0.033622981991610304,-0.876676038508601
Y537S,holo,192,2,0,0.034931254146829745,-0.6671097888789047
Y537S,holo,145,0,0,0.032305864221844026,-0.2736756637203531
Y537S,holo,102,3,0,-0.21901129812911196,-0.19804896941863842
Y537S,holo,67,3,0,-0.050209877198919374,-0.1584699761346344
Y537S,holo,205,0,0,-0.05720094627402096,-0.7958384446649373
Y537S,holo,50,1,0,-0.006754072018174736,-0.29803769688833764
Y537S,holo,183,3,0,0.1627104645548046,-0.20640011921224247
Y537S,holo,100,4,0,-0.05861133212719713,-0.769905877609649
Y537S,holo,184,0,0,-0.11270043793590319,-0.36037982503909866
Y537S,holo,250,2,0,-0.31663312074079386,-0.219300628033524
Y537S,holo,147,1,0,-0.91477379145286,-0.7875713815887563
Y537S,holo,2,2,0,-0.7186396172112512,-0.6058617045252966
Y537S,holo,59,2,0,-0.048607145521673584,0.05209693180161224
Y537S,holo,109,0,0,-0.610367571524268,-0.32215665933297466
Y537S,holo,141,4,0,0.16395161654663812,-0.5079506299477633
Y537S,holo,79,1,0,-0.23546596787512833,-0.48244952401499486
Y537S,holo,97,0,0,-0.7462188406274549,-1.1070092899155624
Y537S,holo,190,1,0,-0.41715664906416655,-0.34976679126658666
Y537S,holo,162,1,0,-0.5720871947090336,-0.3465900238894962
Y537S,holo,155,0,0,-0.16130925022068057,-0.4103594111320956
Y537S,holo,78,4,0,-0.616549913945909,-0.96622804328641
Y537S,holo,78,2,0,-0.20246029519820966,-0.9996814974095434
Y537S,holo,108,3,0,-0.017479881900911907,-0.38311542721310593
Y537S,holo,227,0,0,-0.6270925945324206,0.010889020168592627
Y537S,holo,190,4,0,-0.19015478465132682,-0.5862782509014259
Y537S,holo,135,3,0,0.2527100056085154,0.016810430463480946
Y537S,holo,127,1,0,0.4189474913665633,0.5378755578852319
Y537S,holo,67,1,0,-0.4302438988424378,0.056313177173529676
Y537S,holo,82,2,0,-0.369400636397097,-0.26013938511412643
Y537S,holo,229,4,0,-0.6318095330648229,-1.2135197483418956
Y537S,holo,158,2,0,-0.018786026329932835,-0.5113731494877867
Y537S,holo,250,0,0,-0.14096422535019965,-0.9054934761602582
Y537S,holo,160,2,0,0.23136087750504727,0.07153550018123594
Y537S,holo,219,4,0,-0.4151170388442172,-0.8106119441921074
Y537S,holo,238,1,0,-0.6667851743065474,-0.76808562362012
Y537S,holo,212,1,0,-0.46934733867001266,-0.1977804594924159
Y537S,holo,44,3,0,0.4614179347213723,-0.23410484478389124
Y537S,holo,137,4,0,-0.3549799279639875,-0.44591864184815216
Y537S,holo,30,4,0,-0.21882793711018275,-0.39829931047960343
Y537S,holo,121,4,0,-0.9774885137709103,-0.5537066727624992
Y537S,holo,106,0,0,0.3369159845080876,-0.3400462203061409
Y537S,holo,11,0,0,-0.4058578553724243,-0.3094627248223691
Y537S,holo,177,1,0,-0.5651593025304652,-0.3242113506507786
Y537S,holo,234,2,0,-0.3754770165797572,4.760478996741333
Y537S,holo,159,4,0,0.03360932783184537,-1.1161571425297545
Y537S,holo,156,0,0,-0.25045941055356263,-1.191913625838753
Y537S,holo,50,3,0,0.1755362827172156,-0.5642081474552354
Y537S,holo,176,4,0,-0.7278584837171482,-0.726551435076875
Y537S,holo,4,3,0,-0.035938379019981315,-0.41432885699035316
Y537S,holo,13,3,0,-0.5498419172552,-0.6473632490814294
Y537S,holo,209,3,0,-0.2167933636678267,-0.4875281590853316
Y537S,holo,84,1,0,-0.49646232329578305,-0.2867693772856456
Y537S,holo,47,3,0,-0.7765077020918356,-0.3695048454748274
Y537S,holo,240,3,0,-0.10325659597629765,-0.22627053659769433
Y537S,holo,222,2,0,0.03207063779386328,0.057835187599958635
Y537S,holo,94,3,0,-0.1735572033308444,-0.7563403620904819
Y537S,holo,15,4,0,-0.24294186356524503,-0.2856575423423529
Y537S,holo,161,1,0,-0.39832278859023124,-0.5384918690827356
Y537S,holo,32,4,0,0.27276263756800934,-0.48428373734835123
Y537S,holo,155,4,0,-0.6314198370903361,-0.22419650028381588
Y537S,holo,204,1,0,-0.4136217099104255,-0.4686374838937582
Y537S,holo,229,0,0,0.08008705481180234,-0.6291537487172891
Y537S,holo,241,4,0,-0.6998563153868096,-0.6939344784528927
Y537S,holo,12,3,0,0.7290664357858985,-0.09559351176051158
Y537S,holo,151,3,0,0.3154409048566484,-0.06522515991169471
Y537S,holo,182,2,0,-0.6410199087513129,-0.6690087408626215
Y537S,holo,233,2,0,-0.44816817851035595,-0.6378388062242505
Y537S,holo,163,1,0,-0.4990423890653769,-0.5306469524196649
Y537S,holo,207,4,0,-0.9499873331315967,-0.6774649859706953
Y537S,holo,197,3,0,0.014857306528384328,-0.4076771155991364
Y537S,holo,137,3,0,-0.7586299095920355,-1.1766895346528348
Y537S,holo,82,4,0,-0.34946671233615906,-0.008864662391212426
Y537S,holo,52,2,0,-0.8386962569591437,-0.543120779888556
Y537S,holo,227,4,0,0.23063850547524983,-0.543948690081771
Y537S,holo,97,2,0,-0.8755814246231663,-0.5923560124791019
Y537S,holo,237,2,0,-0.6971279149027478,-0.52298335409009
Y537S,holo,244,0,0,-0.14649788194669727,-0.0029482027464224955
Y537S,holo,95,0,0,-0.6181769840260354,-0.5822145574797514
Y537S,holo,88,3,0,-1.0441399238293476,-0.7721698675291445
Y537S,holo,184,4,0,-0.3472036686882422,-0.7090296539673404
Y537S,holo,106,2,0,0.1308667608872304,-0.16195460206482798
Y537S,holo,119,1,0,-0.11200877254714739,-1.0476381627696805
Y537S,holo,250,1,0,-0.311186488846747,-0.2877509158736074
Y537S,holo,214,0,0,0.09521769980509547,-0.620482111713616
Y537S,holo,51,1,0,-0.408307482981149,-0.8626061366580621
Y537S,holo,119,3,0,-0.21316521618254813,-0.7394712079579947
Y537S,holo,82,3,0,-0.40316916472514874,-0.4512972798786966
Y537S,holo,246,4,0,-0.11326347688746032,-0.7029247215240478
Y537S,holo,117,4,0,-0.2607882617413221,-0.874154437008045
Y537S,holo,164,0,0,-0.3728797915559387,-0.012494354598688884
Y537S,holo,102,1,0,-0.3003711471855439,-0.6282408952225176
Y537S,holo,9,2,0,-0.7390373425249328,-0.5132144642035064
Y537S,holo,151,0,0,-1.0563131642381582,-0.567210726856135
Y537S,holo,4,4,0,-0.5297328744900378,-1.2307826514822358
Y537S,holo,163,3,0,-0.7882237597763405,-0.22881903098630116
Y537S,holo,210,0,0,-0.07035345387854004,-0.7091354392948745
Y537S,holo,169,0,0,0.15884905888404965,-0.17372026904713472
Y537S,holo,183,1,0,0.09191636213703959,-0.8614682596414749
Y537S,holo,36,3,0,-0.6576387533691442,-0.4759467128471456
Y537S,holo,219,3,0,-0.7043306538714879,-0.7316040699454707
Y537S,holo,50,2,0,-0.5126086233477771,0.04219943538123589
Y537S,holo,232,2,0,0.2855722402410278,-0.24706835630235108
Y537S,holo,30,1,0,-0.9337157481999395,-0.5180482895389341
Y537S,holo,231,1,0,0.6109370780526606,-0.3948524653236007
Y537S,holo,107,4,0,-0.5991346463384156,-0.8858779014163114
Y537S,holo,51,0,0,-0.7596107548264963,-0.28102770715280945
Y537S,holo,117,0,0,-0.11524203146044476,-1.337013017773165
Y537S,holo,196,2,0,-0.6029862194437642,0.06514785866058415
Y537S,holo,23,1,0,-0.21324534378929866,-0.314029730361621
Y537S,holo,208,3,0,0.33460285804608364,-0.008916905918261223
Y537S,holo,227,2,0,-0.36656979702211323,-0.7959377593671079
Y537S,holo,172,0,0,0.012840564871368896,-0.33770942558960215
Y537S,holo,66,0,0,-0.7476134682907482,-0.33757252071809796
Y537S,holo,211,4,0,-0.5522248828041123,-0.4772481012506439
Y537S,holo,130,2,0,0.05479720553236539,-0.4555847202351116
Y537S,holo,212,4,0,-0.29424906189301697,-0.4561669249554593
Y537S,holo,49,0,0,0.3720052890047952,-0.7527481496143114
Y537S,holo,189,4,0,-0.3929818857809417,-0.5216473251953243
Y537S,holo,105,2,0,-0.09101894990876205,-0.6970690667739312
Y537S,holo,33,4,0,-0.7017683479240627,-0.6662877333701371
Y537S,holo,80,4,0,-0.13900068784855218,-0.08802921617859237
Y537S,holo,17,1,0,0.5291362061998421,-0.37517309864860565
Y537S,holo,187,0,0,0.5226923106142307,-0.2217290661335713
Y537S,holo,96,0,0,-0.25043892804156315,-0.2273962981381143
Y537S,holo,99,0,0,0.14880428337022897,-0.539598625835021
Y537S,holo,28,1,0,-0.607945083267143,-0.7815445934817786
Y537S,holo,167,2,0,0.14172813132662507,-0.8296010951928696
Y537S,holo,115,1,0,-0.8293493134581978,-0.9566059228345893
Y537S,holo,249,3,0,-1.1794012998750052,-0.9612492457976786
Y537S,holo,91,4,0,-0.5170733549705032,-0.9488744039587645
Y537S,holo,201,1,0,-0.6645855507254366,-0.032095523681445935
Y537S,holo,111,2,0,-0.4917977509740286,-0.5905759844547163
Y537S,holo,127,3,0,-0.9089979408925313,-0.6955435116619647
Y537S,holo,52,0,0,0.18872346170341428,-0.7676590428562535
Y537S,holo,137,2,0,-0.11859653903372695,-0.36328627946532843
Y537S,holo,230,4,0,0.17778707090593654,-0.6992191695383431
Y537S,holo,169,4,0,-0.5141111108280857,-0.24650040015246016
Y537S,holo,72,4,0,0.329290826222982,0.296247606867027
Y537S,holo,212,2,0,0.02537046956022944,-0.5090506623705549
Y537S,holo,141,2,0,-0.20080740415140702,-0.5640216285525593
Y537S,holo,248,0,0,0.06645841598589965,-0.39322089871275545
Y537S,holo,55,1,0,-0.20052472473496727,-0.3855103569125521
Y537S,holo,186,4,0,-0.4364888223561483,-0.12295038179785789
Y537S,holo,17,3,0,-0.26763301099048326,-0.7469889228866629
Y537S,holo,140,3,0,-0.19947451178818648,-0.12658465430664323
Y537S,holo,122,1,0,-0.6233538554029548,-0.9049483684527965
Y537S,holo,10,1,0,-0.07104050562512748,-0.42498930472012764
Y537S,holo,83,3,0,-0.6656334824596127,-0.934857865380961
Y537S,holo,169,3,0,-0.4008829789700257,-0.6983604812787821
Y537S,holo,180,1,0,-0.42603369062390045,-0.6776009989058148
Y537S,holo,242,2,0,0.21488854549874384,-0.05881591212533084
Y537S,holo,164,4,0,0.49069486862711115,-0.22753131540188537
Y537S,holo,136,1,0,-0.1721694510917214,-0.21409532771955506
Y537S,holo,240,0,0,-0.498811051603544,-1.17827521309445
Y537S,holo,34,3,0,-0.3610825221917423,-0.19795309958451107
Y537S,holo,98,2,0,-0.012918776359506771,-0.14486334198894024
Y537S,holo,18,0,0,0.009232291682458035,-0.46073400462993486
Y537S,holo,119,4,0,0.08848843865668965,-0.5860037004832166
Y537S,holo,81,1,0,-0.057148776635707464,4.856019102147406
Y537S,holo,4,1,0,-0.33153306165637386,-0.10379886271405715
Y537S,holo,155,3,0,0.7509391221276812,-0.019280988409824274
Y537S,holo,95,4,0,0.07132982179306936,0.29506893200966194
Y537S,holo,104,3,0,0.17637154994146548,-0.2845158320708729
Y537S,holo,190,3,0,-0.7451762681119273,-0.7764491705538026
Y537S,holo,161,2,0,-0.9714677764690404,-0.7897590370742854
Y537S,holo,148,3,0,-0.42497722268964255,-0.6707450662587209
Y537S,holo,81,4,0,-1.0147918962225226,-0.8791601875607888
Y537S,holo,35,1,0,-0.20180308602681177,-0.609462206489875
Y537S,holo,202,1,0,-0.20480648243667302,-0.04630833187358611
Y537S,holo,223,2,0,-0.0724966231862217,-0.5313440279369065
Y537S,holo,101,1,0,-0.10253535679636255,0.07339276024918297
Y537S,holo,102,0,0,0.020951423351263685,0.1749616208298516
Y537S,holo,99,3,0,-0.5945538229198349,-0.9871027328128688
Y537S,holo,110,3,0,-0.5007670110203591,-1.2990873458910688
Y537S,holo,214,1,0,-0.23050889406372235,-0.441157053891872
Y537S,holo,140,1,0,-0.2900673148291668,-0.045650834451961136
Y537S,holo,48,1,0,-0.8214100215866058,-0.6592090639670758
Y537S,holo,108,0,0,-0.19415904526557173,-0.6272864380900931
Y537S,holo,236,1,0,-0.6037598294540949,-0.742001045807259
Y537S,holo,128,0,0,-0.15216785365701668,-0.19928176354691238
Y537S,holo,81,3,0,-0.007348686766558679,-0.03591709090803163
Y537S,holo,83,0,0,-0.9752810289792605,-0.8170878127187209
Y537S,holo,138,4,0,0.8527755733984257,-0.3504011898666846
Y537S,holo,124,0,0,-0.6268910247644864,-0.43604099551163017
Y537S,holo,132,3,0,0.00015075772318208142,-0.6803599133172796
Y537S,holo,53,2,0,-0.6593840569062889,-0.44515596102086974
Y537S,holo,19,0,0,-0.14068098898799863,-0.6987874493397284
Y537S,holo,91,1,0,1.0006177418961144,-0.01499272946952479
Y537S,holo,224,4,0,-0.8096503070162013,-0.5057373105242309
Y537S,holo,52,1,0,-0.5455827526578253,-0.6081783203404346
Y537S,holo,33,0,0,-0.13924007917092704,-0.3724292242360501
Y537S,holo,30,2,0,-0.2174043351427477,-1.3289739123239703
Y537S,holo,87,1,0,-1.2399246675716546,-0.7440881223243911
Y537S,holo,103,4,0,-0.875247882261722,-0.2749286674790742
Y537S,holo,250,3,0,-0.024874906390781156,-0.8662326453446956
Y537S,holo,234,3,0,-0.7213735708399794,-0.6559420561175453
Y537S,holo,190,0,0,-0.06720107714374883,-0.34369551772784535
Y537S,holo,34,4,0,0.21218253971680523,-0.5009176054714652
Y537S,holo,15,0,0,-0.5946260975537536,-0.23827139065350722
Y537S,holo,218,1,0,-1.0049914600929926,0.16743008598532
Y537S,holo,2,4,0,-0.5031474143838403,-0.5444193055896294
Y537S,holo,132,1,0,-1.1019860542524738,0.1500150213404879
Y537S,holo,234,4,0,-0.13849367482268252,-0.46518747198627225
Y537S,holo,56,4,0,0.019041387759484708,0.16592883377417356
Y537S,holo,194,4,0,-0.45262043476104186,-0.05390361083521264
Y537S,holo,146,3,0,-0.09017836000615748,-0.7020569522667306
Y537S,holo,27,0,0,-0.3228482772634468,-0.17538241082765596
Y537S,holo,201,4,0,-0.5885294548287827,-0.7243175161607632
Y537S,holo,229,3,0,-0.07942224862931266,-0.2458968742940999
Y537S,holo,19,4,0,-0.32811750420353336,-1.1596688546219107
Y537S,holo,83,2,0,-0.2833260527411326,-0.8270213603336564
Y537S,holo,106,4,0,0.19852098680376126,-0.2758941310387449
Y537S,holo,59,1,0,-0.47655161035398824,-0.5814066978375219
Y537S,holo,129,1,0,0.7231275764983368,-0.6848492247996166
Y537S,holo,162,4,0,-0.48557087705499763,-0.42068598507992894
Y537S,holo,23,3,0,0.17882629559964938,-1.2113414447404267
Y537S,holo,48,3,0,0.25008977134523747,-0.016188796347968427
Y537S,holo,12,1,0,-0.8473240977441052,-1.1877831285088374
Y537S,holo,215,2,0,-0.9709748153276145,-0.7082641176109793
Y537S,holo,129,4,0,-0.23965722723795532,-0.6754165495432807
Y537S,holo,76,2,0,-0.21491099381481724,-0.5026058066623894
Y537S,holo,76,3,0,-0.35433617181492627,-0.6457072022341558
Y537S,holo,15,1,0,-0.6116727816799542,-0.9176698746959487
Y537S,holo,219,1,0,0.3439807879724144,-0.041125051271674845
Y537S,holo,53,0,0,-0.8432839003309772,-0.24868984195665614
Y537S,holo,34,0,0,-0.526384191786862,-0.7657654449051656
Y537S,holo,217,4,0,-0.9324141469807273,-0.5509791200511606
Y537S,holo,230,1,0,0.18112538038826975,-0.7529355268494489
Y537S,holo,132,2,0,-0.7021440902016466,-0.7302212323098115
Y537S,holo,22,0,0,-0.42974496688905645,-0.7136860977281729
Y537S,holo,151,2,0,-0.3715665072474825,-0.5034647124708865
Y537S,holo,228,0,0,-0.7646404582305696,-0.7195210412207981
Y537S,holo,70,2,0,-0.62702987991978,-0.7268715198280412
Y537S,holo,121,1,0,0.18688599566252828,-0.4678410520044297
Y537S,holo,97,3,0,0.17245376817169322,-0.03037331095372728
Y537S,holo,130,4,0,-1.0359097047848962,-0.4144957971557068
Y537S,holo,131,3,0,-0.37000757343985463,-0.22337425903582664
Y537S,holo,46,0,0,-0.41983040414408085,-0.23353605235604374
Y537S,holo,213,0,0,-0.35590285787007736,-0.20189073607274866
Y537S,holo,140,4,0,-0.17355448657522848,-0.2624797127160688
Y537S,holo,80,2,0,0.2543129376777857,-0.9426376690020849
Y537S,holo,47,2,0,-0.36152273587299827,-0.6802989731055543
Y537S,holo,87,3,0,-0.4010864693822027,-0.5781752232104951
Y537S,holo,54,0,0,-0.18643058605801074,-0.7997180721348885
Y537S,holo,107,2,0,-0.4734016512576236,-0.87723195202986
Y537S,holo,22,1,0,-0.22682068060391625,-0.5606777984539326
Y537S,holo,108,2,0,-0.012711135095157913,-0.5683715666509925
Y537S,holo,86,3,0,-0.694964170843503,-0.12096676572832506
Y537S,holo,128,1,0,-0.4753377769691385,-1.000197360391748
Y537S,holo,147,3,0,-0.9565103606770309,-0.7288954099032207
Y537S,holo,60,1,0,-0.6418334991925292,-0.7625289500385348
Y537S,holo,243,2,0,0.037345130949434285,-0.06350401510305582
Y537S,holo,134,3,0,-0.5905487824723236,-0.7691304958395866
Y537S,holo,79,4,0,-1.0760749446961189,-0.5603116224593085
Y537S,holo,136,0,0,-0.021505707519501472,-0.806781035542617
Y537S,holo,87,0,0,-0.413433487694707,-0.4449569203654766
Y537S,holo,236,0,0,-0.021893676151797502,-0.48600791036114965
Y537S,holo,232,0,0,-0.12251066661814733,-0.35982376386384174
Y537S,holo,237,3,0,-0.532144098226642,-0.6763584977134404
Y537S,holo,25,1,0,-0.26846482793478166,0.02730412472632442
Y537S,holo,225,0,0,0.05614029545942911,-0.7674261721123079
Y537S,holo,99,4,0,-0.33289781790895784,-0.3754350955321944
Y537S,holo,35,2,0,0.007155501176141416,-0.5298252148367393
Y537S,holo,56,3,0,0.16508303058941007,0.01616762542955828
Y537S,holo,73,1,0,-0.10257525237932912,-0.8030528818251906
Y537S,holo,70,0,0,0.24659136609694768,-0.7815589952422457
Y537S,holo,178,4,0,-0.22815966641683041,-0.2902591889654309
Y537S,holo,95,1,0,-0.39498239144178493,-0.6280215052250461
Y537S,holo,191,1,0,-1.1550396251371906,-0.5884995776257299
Y537S,holo,245,2,0,0.14984824764960367,-1.0979825146793991
Y537S,holo,114,4,0,-0.38445300349484784,-0.3057435413579411
Y537S,holo,75,3,0,-1.3281003055102556,-0.17794316655802114
Y537S,holo,14,3,0,-0.24831879385628816,-0.35727808374818143
Y537S,holo,134,4,0,-0.520631182614933,-0.11983436454798767
Y537S,holo,222,1,0,-0.2133831900542735,-0.4171440550311287
Y537S,holo,203,3,0,0.47642874899299514,-0.481317533287775
Y537S,holo,24,2,0,0.4059939374254418,-0.22297551358625334
Y537S,holo,188,3,0,-0.08045774100694805,-0.5098425396844634
Y537S,holo,206,3,0,-0.13317537312236835,-0.007015731393007799
Y537S,holo,148,1,0,-0.008051200730677275,-0.46268655376274204
Y537S,holo,119,0,0,-0.045915893604428215,-0.5499305287257418
Y537S,holo,167,3,0,-0.4717856244195609,-0.04762867013528462
Y537S,holo,42,2,0,-0.9015840251224938,-0.5107452598457395
Y537S,holo,38,0,0,0.06977596376948206,-0.7920151120946819
Y537S,holo,191,0,0,-0.9392732422925177,-0.34652459498515464
Y537S,holo,123,2,0,-0.20419919296850697,-0.7115444238565962
Y537S,holo,90,1,0,0.025033049204119338,0.20102722276505697
Y537S,holo,41,2,0,-0.6430181809785867,-0.11224376628112825
Y537S,holo,171,0,0,-0.67505960216047,-0.9678087918371682
Y537S,holo,20,1,0,-0.5354247523940786,0.0849232918131951
Y537S,holo,238,2,0,-0.6060640289985764,-0.37311892345480324
Y537S,holo,120,2,0,0.0006363464719242632,0.06379449579565306
Y537S,holo,26,0,0,0.2525318404416262,-0.04833884533908837
Y537S,holo,232,4,0,-0.528723259178094,-0.5764663399345892
Y537S,holo,62,2,0,-0.5570989435888121,-0.5708905788408777
Y537S,holo,181,2,0,-0.5958687683784463,-0.8997911271195461
Y537S,holo,168,0,0,-0.4710160387034644,-0.5972440155532509
Y537S,holo,139,1,0,-0.46172039034297035,-1.1145534640158956
Y537S,holo,54,2,0,-0.097944976424277,-0.5653260581420242
Y537S,holo,29,4,0,-0.5273727321000994,-0.43771154002206286
Y537S,holo,189,1,0,0.4850940100473566,-0.40582397911315055
Y537S,holo,54,4,0,-0.12237442076093057,-0.18674040157749083
Y537S,holo,84,4,0,0.08524995840664375,-0.8415490098544134
Y537S,holo,82,1,0,-0.5321143281269706,-0.33251472030374507
Y537S,holo,119,2,0,0.22925999392599716,-0.40300029227464135
Y537S,holo,165,3,0,-0.14938429724249813,-0.2732915177467462
Y537S,holo,223,4,0,-0.6252705035235638,-1.1885794911091956
Y537S,holo,169,2,0,-0.026049403274050104,-0.46325352499823397
Y537S,holo,184,2,0,0.04066347340774667,-0.5294383684824134
Y537S,holo,217,1,0,-0.09660135761067039,-0.660405552754557
Y537S,holo,80,0,0,-0.8377910155556365,2.005082964326617
Y537S,holo,121,0,0,-0.8931442684857629,-0.14712647623415917
Y537S,holo,60,2,0,-0.32732676951685646,-0.21767015408220725
Y537S,holo,238,4,0,-0.34845506757158407,-0.5137506435116956
Y537S,holo,212,0,0,-0.20868990987983368,-0.5638067492839491
Y537S,holo,209,1,0,-0.12643938723429038,-0.5566878078861907
Y537S,holo,94,1,0,-0.1203098502811874,-0.6658798626594473
Y537S,holo,113,4,0,-0.424067230985954,-0.5073451622177626
Y537S,holo,21,2,0,-0.10763927061799329,-0.6434323619983016
Y537S,holo,247,3,0,-0.44294895408020063,-0.4358753165410728
Y537S,holo,17,0,0,-0.3013257168507245,-0.08870052891824498
Y537S,holo,159,2,0,-0.07387937448847115,-0.15241394522367682
Y537S,holo,6,2,0,-0.3804936793351173,-0.2927835649773803
Y537S,holo,22,4,0,0.6397050908843233,-0.8530050706431512
Y537S,holo,72,3,0,-0.6917901022371278,-0.7439128700202697
Y537S,holo,64,0,0,-0.06712818371416739,-0.06272897497449523
Y537S,holo,64,3,0,-0.26732383850565905,-0.14037146122731226
Y537S,holo,208,1,0,-0.25377910719080876,-0.4484936740776684
Y537S,holo,51,2,0,-0.5156306713174414,-0.4249492487449185
Y537S,holo,109,3,0,-0.5222206522448455,0.3002796106853593
Y537S,holo,37,4,0,-0.37202312335743304,-0.390671351962563
Y537S,holo,130,0,0,0.00767294523625368,-0.5275923307730767
Y537S,holo,228,2,0,0.09382715660908059,-0.5986155641075601
Y537S,holo,168,3,0,-0.6182065672622297,-0.7073114308281999
Y537S,holo,89,0,0,-0.7366849153422113,-0.8769116648802272
Y537S,holo,85,0,0,-0.0803226650288971,0.035283294953596646
Y537S,holo,129,0,0,0.052101675115397886,-0.7596351439119332
Y537S,holo,6,4,0,0.048490932474693625,-0.13351256180904472
Y537S,holo,136,2,0,-0.29744128014400667,-0.23897419975897988
Y537S,holo,53,4,0,0.29838324226301294,-1.1161224653658768
Y537S,holo,143,0,0,0.11604987085978208,-0.4121471310036218
Y537S,holo,208,0,0,-0.41578661192381394,-0.6517279179230882
Y537S,holo,122,0,0,-0.4174823299063856,-0.7318938532590217
Y537S,holo,182,0,0,-0.2532094439973258,-0.49902777291524575
Y537S,holo,166,2,0,-0.2664332587616496,0.06069873259406942
Y537S,holo,216,1,0,-0.6731840134644139,-0.6980167310973484
Y537S,holo,205,2,0,-1.21380147488667,-0.4858699555683866
Y537S,holo,29,2,0,-0.413005408670858,-0.25765660404026713
Y537S,holo,156,3,0,0.4580034678113438,-0.8109389391635282
Y537S,holo,204,2,0,-1.058194464839267,-0.5835252347090356
Y537S,holo,155,1,0,0.4907217639476244,-0.28306507399593406
Y537S,holo,42,3,0,-0.27917142223978886,-0.6746654438895275
Y537S,holo,216,2,0,0.26337838373014294,-0.045000639753670704
Y537S,holo,245,3,0,-0.17251272683160665,-0.4393818823723196
Y537S,holo,248,1,0,0.21946656191023078,-0.42144107865278546
Y537S,holo,171,3,0,-0.5430361210136255,-1.099134229092834
Y537S,holo,42,4,0,0.3426379803422323,0.02944714868139955
Y537S,holo,27,1,0,0.20478907860636808,0.08415068115329136
Y537S,holo,112,0,0,-0.05648628353852022,-0.4186244268543379
Y537S,holo,99,2,0,-0.20759750173140387,-0.7405418275500929
Y537S,holo,34,1,0,-0.5490969010846962,-0.14169127571983534
Y537S,holo,141,1,0,0.7737800884167372,0.07767626227699928
Y537S,holo,86,1,0,0.22711547189477077,-0.29044006874840195
Y537S,holo,75,4,0,-0.18260688378069256,-0.5399315632925925
Y537S,holo,189,0,0,-0.8869980321200734,-0.1259100207939861
Y537S,holo,7,2,0,-0.9331568573556769,-0.4794292207748318
Y537S,holo,238,0,0,-0.7195581170660629,-0.09567442356709283
Y537S,holo,221,3,0,0.055596000801377866,-0.026186912240324
Y537S,holo,229,1,0,-0.26379737030620226,-0.7876166817680957
Y537S,holo,19,2,0,-0.2527383683119966,0.03665501687188791
Y537S,holo,143,4,0,-0.21063144190398472,5.22054759823047
Y537S,holo,197,4,0,-0.4624897326914081,-0.8194336281083261
Y537S,holo,117,3,0,-0.6137271072423517,-0.28793929323842815
Y537S,holo,162,3,0,-1.2817266027467833,-0.47399089678877676
Y537S,holo,166,3,0,-0.5150535913789893,-0.29934397298655335
Y537S,holo,211,0,0,-0.19133664823611482,-0.6749634572028975
Y537S,holo,65,1,0,-0.3346598865862538,-0.08323622521896853
Y537S,holo,197,0,0,-0.08375174422668295,-0.6335932814700272
Y537S,holo,65,4,0,-0.26502490939342116,-0.610540622890083
Y537S,holo,2,3,0,-0.3582595582718244,-0.7830666057629411
Y537S,holo,146,2,0,-0.02921793486966291,-0.5037037862526051
Y537S,holo,24,3,0,-0.24722421359118676,-0.6654929925049214
Y537S,holo,135,4,0,-0.20021166543478233,-0.7245889823875601
Y537S,holo,100,0,0,0.11231559147221783,-0.16903142007780864
Y537S,holo,182,4,0,-0.21039879763166636,-0.01670181682778771
Y537S,holo,203,2,0,-0.20026401835381286,-0.3961566428458101
Y537S,holo,61,3,0,-1.0307636001276017,-1.3245564136573569
Y537S,holo,163,0,0,-0.36889669894424987,-1.0287400125135624
Y537S,holo,170,1,0,-0.4537203054794073,-0.14147558224727125
Y537S,holo,25,3,0,0.06771515307224082,-0.551052691765693
Y537S,holo,135,2,0,0.3248561753091169,-0.2787639372718232
Y537S,holo,90,3,0,0.3177846179544395,-0.1935265802834458
Y537S,holo,12,4,0,-0.16347141958021638,-0.5387220002497313
Y537S,holo,129,2,0,-0.2620547667243285,0.1494879385376566
Y537S,holo,26,3,0,-0.32578274103009647,-0.6680232128925444
Y537S,holo,191,4,0,-0.025476212197161056,0.07368937029080064
Y537S,holo,212,3,0,-0.2577494532384781,-0.1884353686308391
Y537S,holo,229,2,0,-0.6808602636170097,-0.5787512096495001
Y537S,holo,33,3,0,0.2451089123264581,-0.191704290744761
Y537S,holo,249,1,0,-0.26663778372131824,-0.9806938111762395
Y537S,holo,218,0,0,-0.24006588452309635,-0.20430782898218
Y537S,holo,174,0,0,-0.30721607388593675,-0.7150093190225301
Y537S,holo,248,2,0,0.16443542762302238,-0.47240794964256994
Y537S,holo,232,1,0,-0.22279213701681252,-0.24142012705073312
Y537S,holo,195,0,0,-0.5862512284037442,-0.35718854805114014
Y537S,holo,71,1,0,-0.009423131701854985,-0.6955832584258345
Y537S,holo,41,4,0,-0.24711442065061795,-0.3499329830940059
Y537S,holo,65,2,0,-0.004964776418848491,-0.36709686057388924
Y537S,holo,66,4,0,-1.2315683989915462,-0.0029320496451629412
Y537S,holo,84,0,0,-0.1772621165640263,-1.093136308143791
Y537S,holo,219,0,0,-0.2976509973636626,-0.4947593539066225
Y537S,holo,141,3,0,-0.4765242211014369,-0.3592407318214353
Y537S,holo,157,4,0,-0.5978684103342334,-0.28123293641343494
Y537S,holo,16,2,0,-0.3970730074512208,-0.27666759376666916
Y537S,holo,218,3,0,0.30131544017478173,-0.4235301603020105
Y537S,holo,217,2,0,0.2593640328380826,-0.15005133085592928
Y537S,holo,14,1,0,-0.9783914484137668,-0.8048572925762937
Y537S,holo,225,4,0,-0.3408624414276979,-0.14754537204374968
Y537S,holo,82,0,0,-0.38573262291205235,0.403897000767943
Y537S,holo,69,2,0,-0.525366020028775,-0.6257820926424598
Y537S,holo,22,3,0,-0.18428639640634198,-0.26740257100295234
Y537S,holo,244,4,0,0.056617295813664904,-0.5677494880992899
Y537S,holo,226,4,0,0.038322934242059736,-0.9652494655937748
Y537S,holo,125,3,0,-0.19568202388490918,-0.22683906620168454
Y537S,holo,56,2,0,-0.669238312534289,-1.1716203259959597
Y537S,holo,103,2,0,-0.8810328458277751,-0.5487669665224542
Y537S,holo,184,1,0,-0.20258844595104958,-0.6283136425364084
Y537S,holo,249,4,0,-0.19993553024005967,-0.30303506529602997
Y537S,holo,107,0,0,-0.6881854902968636,-0.4314098939212147
Y537S,holo,81,2,0,-0.3960856043383517,-1.0702661526534578
Y537S,holo,191,2,0,-0.7304525874531034,-0.11965479137094508
Y537S,holo,200,2,0,0.18705175908441452,-0.5976843441492279
Y537S,holo,192,0,0,-0.03783734500199098,-0.6958840910518355
Y537S,holo,32,0,0,0.18801833912411367,-0.04170270844917007
Y537S,holo,219,2,0,-0.07291001232924128,-0.33493754225646793
Y537S,holo,153,1,0,-0.9260316145552567,-1.1773417329123763
Y537S,holo,39,4,0,-0.08063742105614413,-0.7310339380412327
Y537S,holo,31,1,0,-0.4825975802502681,-0.19420401265841208
Y537S,holo,75,2,0,0.5722225412024213,-0.1209690384015844
Y537S,holo,129,3,0,-0.7287788586312262,-0.5002266624066096
Y537S,holo,90,4,0,-0.23064498889066418,-0.6473507694360358
Y537S,holo,160,3,0,-0.44882439994807477,-0.7872344675566186
Y537S,holo,114,1,0,0.12128420459250888,-0.36771813782500573
Y537S,holo,175,1,0,-0.6555041759694251,-0.5790560771951927
Y537S,holo,84,2,0,0.4807582144511539,-0.3259148358172917
Y537S,holo,71,4,0,-0.9667938299248041,-0.5125418010904197
Y537S,holo,247,1,0,0.22721123068180438,-0.3994629118579474
Y537S,holo,80,1,0,0.032461697129461994,-0.3388330338926122
Y537S,holo,112,2,0,-0.16596505606516357,-0.5631981071941838
Y537S,holo,186,1,0,-0.19348066487829887,-0.3691493597666883
Y537S,holo,191,3,0,-0.7071010664050333,0.05046637152567322
Y537S,holo,123,4,0,-0.11159567829574213,-0.21785347176049386
Y537S,holo,213,1,0,0.36661033414200367,-0.48379476364410867
Y537S,holo,75,0,0,-0.4972077293208162,-0.5973893062822412
Y537S,holo,110,0,0,-0.6643571637341922,-0.8486881483555092
Y537S,holo,59,0,0,0.2670483798605592,-0.4760815433476649
Y537S,holo,9,1,0,-0.0021875456829006453,-0.7569122961525894
Y537S,holo,204,4,0,-0.511837026320703,-0.7302401857396846
Y537S,holo,58,4,0,-0.11321976138400525,-1.0172716999283657
Y537S,holo,188,2,0,-0.9183499887779887,-0.6327737889784444
Y537S,holo,183,0,0,0.3109764126241989,-0.2894314437579995
Y537S,holo,247,2,0,-0.30236674841888733,-0.19140097785647708
Y537S,holo,8,1,0,-0.0716852242869607,-0.21455823645241295
Y537S,holo,105,3,0,-0.09779684080085875,-0.14472775167504973
Y537S,holo,239,3,0,-0.23751336959296532,-1.4043444189843541
Y537S,holo,161,4,0,-0.20253593658980804,-0.7251014772460495
Y537S,holo,39,1,0,-0.05373471124998179,-0.30402695942939556
Y537S,holo,199,3,0,0.2380457185089531,0.3361899469147271
Y537S,holo,162,0,0,0.10300044813377586,-0.5006995048692547
Y537S,holo,108,4,0,-0.26357225068605233,-0.7795701886575643
Y537S,holo,59,3,0,-0.2453718149748223,-0.04121396668684956
Y537S,holo,221,1,0,0.15268899633384828,0.07126047123582077
Y537S,holo,20,2,0,-0.24470402742090092,-0.18473525308794503
Y537S,holo,223,0,0,-0.8734947975059852,0.3483256749623707
Y537S,holo,134,2,0,0.46012444924705465,-0.3150311724056423
Y537S,holo,40,3,0,-1.279692902087388,-1.222155688450376
Y537S,holo,27,4,0,-0.517313007165747,-0.8798383520446798
Y537S,holo,105,4,0,-0.8454415765649681,-0.6087770291443667
Y537S,holo,185,3,0,-0.1675563377336042,0.18910841500665784
Y537S,holo,14,0,0,-0.2984469433423424,-0.8702960549948808
Y537S,holo,24,1,0,0.22751234767708672,-0.22201491547371058
Y537S,holo,21,4,0,0.470630992988075,-0.5789569697429767
Y537S,holo,145,1,0,-0.24346084820603447,-0.31139640284553927
Y537S,holo,176,0,0,-0.11457723525381266,-0.6959217453100648
Y537S,holo,211,1,0,0.2798049747061827,0.7056075425534472
Y537S,holo,58,2,0,-0.7058351096617256,-0.35735912378496326
Y537S,holo,178,0,0,-0.9660269438322445,-0.7509097186612759
Y537S,holo,41,3,0,-0.4830374837286659,-0.5833100100976785
Y537S,holo,149,2,0,-0.3979999484371431,-0.6351357170245879
Y537S,holo,217,0,0,-0.5464843753023733,0.26426060262184303
Y537S,holo,38,1,0,-0.4543203585570348,-0.5158505818162668
Y537S,holo,42,1,0,-0.05207589604437698,-0.6360021121035376
Y537S,holo,28,3,0,-0.14790840358618162,-0.41167341122672313
Y537S,holo,107,1,0,-0.3048829644279789,-0.5119006485727984
Y537S,holo,176,1,0,-0.5590354719100002,-0.4778721746131121
Y537S,holo,132,4,0,-0.16017553838667198,-0.4619271955056861
Y537S,holo,101,3,0,-0.5175086134107177,-0.7388401427323533
Y537S,holo,160,4,0,0.2660815031576789,-0.35194333471668
Y537S,holo,228,3,0,-0.48098553472347383,4.557383969771299
Y537S,holo,38,3,0,0.28747909522339865,-0.43080680502036334
Y537S,holo,17,4,0,-0.20730440468430386,-0.4984160116300025
Y537S,holo,131,4,0,-0.16620334697498754,-0.13669224940226715
Y537S,holo,14,4,0,-0.468280281171461,-0.5771359595624824
Y537S,holo,143,3,0,-1.1745813092607353,-0.5981351333517582
Y537S,holo,49,3,0,-0.6621760533652561,-0.7100532090199808
Y537S,holo,116,1,0,-0.7303830453571284,-0.22528379435257015
Y537S,holo,194,2,0,-0.6577998380972525,-0.7205935442096248
Y537S,holo,47,0,0,0.019123937404826322,-0.6482374610526714
Y537S,holo,71,0,0,-0.1995621009935215,-0.45943769470786416
Y537S,holo,3,2,0,0.0018441892199353065,-0.22728114117418857
Y537S,holo,215,3,0,-0.23960037344970783,-0.7535260012258966
Y537S,holo,99,1,0,-0.1957696006211342,-0.5910652539425127
Y537S,holo,67,0,0,-0.38591792313966666,-0.6153528780439478
Y537S,holo,133,4,0,-0.06123345411396668,-0.5786496132950762
Y537S,holo,248,3,0,-0.8960945450251242,5.086941368866235
Y537S,holo,122,4,0,-0.10440918707745268,0.06422419328641463
Y537S,holo,210,3,0,-0.4324251334830865,-0.5038029599110264
Y537S,holo,126,0,0,-0.7979439215979983,-0.26333862958438087
Y537S,holo,25,2,0,-0.20028574584093384,-0.8385706631733985
Y537S,holo,55,2,0,0.20637822675122883,-0.17487989242639707
Y537S,holo,187,4,0,-0.21604080834268974,-0.33536990056839006
Y537S,holo,137,0,0,-0.6201951320419902,-0.7415879742935061
Y537S,holo,151,4,0,-0.053642476916885805,2.944745744091951
Y537S,holo,76,1,0,-0.286581066158614,-0.6861519383918512
Y537S,holo,128,4,0,-0.25269444268870495,-0.44771536031718695
Y537S,holo,110,4,0,-0.4030056494037983,-0.7380318226039931
Y537S,holo,105,1,0,-0.4172896283494656,-0.5244301912444066
Y537S,holo,175,4,0,-1.424717757396085,-0.7743337189565946
Y537S,holo,74,4,0,-0.4433426832929047,-0.4634150352471732
Y537S,holo,124,1,0,0.15287023572621214,-0.4478886757293406
Y537S,holo,225,2,0,0.47995247364635457,-0.39786514084702274
Y537S,holo,149,1,0,-0.8030425450705645,-0.7901310364902068
Y537S,holo,38,2,0,-0.6005574182756751,-0.6858087533720759
Y537S,holo,116,3,0,-0.38592393816258785,-0.573708263059198
Y537S,holo,58,3,0,-0.2949664408056776,-0.3216602729598769
Y537S,holo,182,1,0,-0.4112966531326019,-0.8155215133093408
Y537S,holo,27,3,0,-0.010076153458357247,-0.5530065179962426
Y537S,holo,2,0,0,-0.6571200749067545,-0.9572895078921396
Y537S,holo,23,0,0,0.1453778119345006,-0.7913489019850722
Y537S,holo,43,0,0,-0.5358869278300616,0.19407299997713245
Y537S,holo,18,4,0,-0.670515300050614,0.16331328325426858
Y537S,holo,118,3,0,-0.504947023261762,-0.3712326367701481
Y537S,holo,98,1,0,-0.1558395129704276,-0.7729681356192979
Y537S,holo,43,2,0,-0.4253603837738513,-0.07647729491929382
Y537S,holo,51,3,0,-1.0583694658605889,-0.5959046531365938
Y537S,holo,137,1,0,-0.7571378215307903,-0.5546786959995877
Y537S,holo,120,3,0,-0.5465978284171117,-0.749821548614035
Y537S,holo,204,3,0,-0.569015865608153,-0.79807008342828
Y537S,holo,153,3,0,0.5899820416671542,-0.4817802763282843
Y537S,holo,61,4,0,0.23793589408012128,-0.13663525244438926
Y537S,holo,194,1,0,-0.16629810444384494,-0.6938642101497187
Y537S,holo,98,3,0,-0.45036733315537136,-0.30800547276343315
Y537S,holo,142,2,0,-0.394383414808961,-0.14140965668707167
Y537S,holo,226,0,0,-0.7026727162904354,-0.8353549246705938
Y537S,holo,16,3,0,0.058548892754611656,-0.433232610183711
Y537S,holo,73,3,0,-0.3059778618436126,-0.11394590207627424
Y537S,holo,197,2,0,-0.15728561357269133,-0.518329287290039
Y537S,holo,143,2,0,-0.023005602205208236,-0.7447495044202382
Y537S,holo,69,4,0,0.3547244303584408,-0.0610204388535103
Y537S,holo,201,0,0,-0.6752074901112165,-0.5670272222561938
Y537S,holo,112,4,0,-0.49855490637270794,-0.17343156867940843
Y537S,holo,142,0,0,-0.7987673276553291,-0.8051213536108203
Y537S,holo,250,4,0,-1.144877197733647,-0.7694646313497326
Y537S,holo,241,3,0,0.02407367773151677,-0.18941457287966298
Y537S,holo,226,1,0,0.3467044437284482,-0.02100329250993714
Y537S,holo,179,4,0,0.15044665997330262,-0.5611599200801715
Y537S,holo,237,4,0,-0.7986250131455441,4.597107388727197
Y537S,holo,104,1,0,-0.46961197870244376,-0.34966488492509556
Y537S,holo,43,4,0,0.062068174678615765,-0.23431727326751167
Y537S,holo,234,1,0,-0.07302617944077584,-0.713337275036535
Y537S,holo,198,1,0,0.07396056882581427,-0.20788231549051323
Y537S,holo,58,0,0,-0.6653642360553852,-0.3248215087938508
Y537S,holo,67,2,0,-0.5624306332273179,-0.5339361366637116
Y537S,holo,37,1,0,-0.0993761498558954,-0.3279161805573281
Y537S,holo,195,2,0,-0.18302256809096346,-0.8243050851574432
Y537S,holo,221,4,0,-1.2545812226354522,-1.0215958627439816
Y537S,holo,225,1,0,-0.29084601812805366,-0.08539182872213039
Y537S,holo,240,2,0,-0.46134235065678963,-0.9004267280187839
Y537S,holo,153,4,0,-0.5009107522907004,-1.3296711581766696
Y537S,holo,26,2,0,-1.0963509476004352,-1.0768402951099572
Y537S,holo,225,3,0,0.11612549891387604,0.4611623250204756
Y537S,holo,206,0,0,0.1961269083026945,-0.272199228744486
Y537S,holo,40,2,0,0.008482239723949599,-0.6894897330370334
Y537S,holo,86,2,0,0.24089833160929708,-0.3026859037407123
Y537S,holo,97,4,0,-0.056093302558626434,-0.8647158009683348
Y537S,holo,230,3,0,-0.33236553106085265,-0.7768922638517639
Y537S,holo,149,0,0,-0.6982617853734929,-0.15778878769511867
Y537S,holo,105,0,0,-0.551099365872403,0.1525294541210661
Y537S,holo,196,0,0,-0.5637044778549589,-0.8484623348442631
Y537S,holo,74,2,0,-0.6560516977130889,-0.40993509115026927
Y537S,holo,131,2,0,-0.7800075723507507,-0.6442413214914637
Y537S,holo,167,1,0,0.5496764106193336,-0.6935520301167116
Y537S,holo,223,1,0,-0.211662676620921,-0.31415215848152506
Y537S,holo,180,2,0,-0.5056511364878659,-0.4665654731017434
Y537S,holo,18,3,0,-0.08813938864567625,-0.4949731360982041
Y537S,holo,161,0,0,-0.20066783545214645,-0.13230557974304333
Y537S,holo,166,4,0,-0.6830601521225786,-0.31174599323484087
Y537S,holo,124,4,0,0.22129278356439588,-0.30556755072833186
Y537S,holo,218,4,0,-0.03913293235191371,-0.1567653889282791
Y537S,holo,209,0,0,-0.2505900320956428,-0.278609864852799
Y537S,holo,8,4,0,-0.636138274601828,-0.787928321730917
Y537S,holo,42,0,0,-0.4069823423176579,-0.6200843163346886
Y537S,holo,157,2,0,-0.10331564561614502,-0.76663124758604
Y537S,holo,3,4,0,0.07415601825832424,-0.5246069650844374
Y537S,holo,239,0,0,-0.13557055938939852,0.31036531509565757
Y537S,holo,160,1,0,-1.0359736787480929,-0.4887726063917259
Y537S,holo,104,0,0,-0.28375056016370914,-1.081511967114277
Y537S,holo,239,2,0,-1.1159501119324666,-0.8049687940168506
Y537S,holo,197,1,0,-0.23221864719319044,-0.7460358567813682
Y537S,holo,31,3,0,-0.6276649726803252,-0.5035340107008559
Y537S,holo,186,2,0,-0.6250864007250824,-1.340948806220599
Y537S,holo,59,4,0,0.08892982740151602,-0.5104494763607014
Y537S,holo,178,1,0,-0.03338748575099362,-0.9933645603073619
Y537S,holo,29,3,0,-0.688880669910693,-0.3764033186985903
Y537S,holo,239,1,0,-0.7742698378207467,-1.2883415204337163
Y537S,holo,170,4,0,-0.10001460836685419,-0.9060866883334968
Y537S,holo,111,3,0,-0.4085019457879901,-0.5237056004837752
Y537S,holo,84,3,0,-0.818322333046243,-1.2664533751431442
Y537S,holo,46,3,0,-0.48671896045569885,-0.17039915174965928
Y537S,holo,213,2,0,-0.7035589642680302,-0.1774749090197046
Y537S,holo,226,3,0,-0.651265261046377,-0.41038468533940725
Y537S,holo,3,1,0,-0.2750325796490482,-0.04427605823880757
Y537S,holo,145,4,0,-0.36023632639769804,-0.37748902220154573
Y537S,holo,116,2,0,0.08138072365656311,-0.6644689276731276
Y537S,holo,39,0,0,-0.26725205915886147,-0.19949886647201717
Y537S,holo,125,1,0,-0.6230375839872797,-0.8759454842260109
Y537S,holo,8,2,0,0.2549179375652876,-0.589360397416571
Y537S,holo,213,4,0,-0.46433826725640653,-0.2603735027276537
Y537S,holo,172,1,0,0.3942849606984841,4.595819458132016
Y537S,holo,196,1,0,-0.09040533155189963,-0.38943976650872614
Y537S,holo,34,2,0,-0.42868463468764884,4.750809617315666
Y537S,holo,39,3,0,0.2686487457354902,-0.7045908592388052
Y537S,holo,26,4,0,0.2807617303044159,-0.5366188388936454
Y537S,holo,89,2,0,-0.28932559165716143,-0.6509850685095423
Y537S,holo,218,2,0,-0.08027501726569666,-0.1619912716944134
Y537S,holo,56,0,0,-0.3969881191660567,-0.08665879614972918
Y537S,holo,211,3,0,-0.5824387176504862,-0.6257803253936168
Y537S,holo,89,3,0,-0.024667314894350114,-0.6923206087108931
Y537S,holo,94,4,0,-1.1186171453904747,-0.747480047109637
Y537S,holo,73,2,0,0.17252934880933615,-0.743767846462672
Y537S,holo,41,1,0,-0.44231139485861615,-0.37099608664584327
Y537S,holo,243,1,0,-0.3243798131738703,-0.44749386031938304
Y537S,holo,134,1,0,-0.21687122231047126,-0.00596520700771658
Y537S,holo,237,1,0,-0.4627664397880336,-0.6406510924783961
Y537S,holo,40,4,0,-0.4569893313781798,-0.37177687013578425
Y537S,holo,29,1,0,0.006866580878177894,-0.5565781203198064
Y537S,holo,110,2,0,-0.2155233082555184,-0.002171238865541849
Y537S,holo,205,3,0,-0.33068339989349554,0.5896783696296546
Y537S,holo,120,0,0,-0.9476274169105618,-0.6587902043335799
Y537S,holo,195,4,0,0.16557867088303188,-0.5696436616259071
Y537S,holo,101,4,0,0.06584305912108851,-0.4846654567947134
Y537S,holo,226,2,0,-1.09700614073763,-1.6621025409465968
Y537S,holo,146,0,0,-0.8174474852202793,0.11710712058558384
Y537S,holo,68,3,0,-0.6606271781876535,-0.9123781463737214
Y537S,holo,9,3,0,-0.396212652584113,-0.12944081577195876
Y537S,holo,176,2,0,-0.7991451237499247,-0.41664234129316385
Y537S,holo,217,3,0,-0.39735900224560067,-0.9246808564993024
Y537S,holo,192,4,0,-0.9734516091383624,-0.516839522558369
Y537S,holo,194,0,0,-0.5009595423718836,4.475854289332259
Y537S,holo,107,3,0,-0.411264966531298,-0.636343852671061
Y537S,holo,93,4,0,0.19177508860320405,0.003514743982953201
Y537S,holo,78,1,0,-0.6671511121152429,-0.9844034480746822
Y537S,holo,194,3,0,-0.6264647987393691,-0.7228897111788042
Y537S,holo,73,0,0,-1.2484847504714782,-0.8230883324749657
Y537S,holo,3,3,0,-0.17259105423939589,0.13051432835495685
Y537S,holo,246,2,0,0.5106536092603972,-0.19848583711841555
Y537S,holo,98,4,0,0.27898862883594183,-1.1939993552314485
Y537S,holo,172,4,0,-0.16495733516709182,-0.252982943901204
Y537S,holo,108,1,0,-0.7424746012072754,-0.9894124299632715
Y537S,holo,13,2,0,0.33189598690859184,-0.9168053756957052
Y537S,holo,230,0,0,-0.10735142740998019,-0.3598050305587916
Y537S,holo,247,4,0,-0.2667575262571642,-0.11907597587765902
Y537S,holo,195,3,0,-0.7731300719315689,-1.0073643808001524
Y537S,holo,170,0,0,-0.33063567954326245,-0.09719958557758705
Y537S,holo,170,3,0,-0.22706836496537702,-0.5133633956128049
Y537S,holo,41,0,0,0.2217375304106219,-0.4877308677258341
Y537S,holo,18,1,0,-0.15612445479347176,-0.3041979925903504
Y537S,holo,38,4,0,-0.6877119522247681,-0.5958394518240898
Y537S,holo,9,0,0,0.062377414370523014,-0.7261958492638889
Y537S,holo,123,1,0,-1.2892713157480595,0.10562306144293523
Y537S,holo,184,3,0,-0.6509369469225921,-0.11407480498847873
Y537S,holo,246,0,0,-0.45592065413247296,-0.4277371215897814
Y537S,holo,123,3,0,-0.4448672360578037,-0.615191659050061
Y537S,holo,114,3,0,0.26666252902038706,-0.2885926875891906
Y537S,holo,157,1,0,-0.4726185699149922,-0.838050136040335
Y537S,holo,146,1,0,0.010844762741927626,-0.2137018400685386
Y537S,holo,153,2,0,-0.49080001118953825,-0.22107003633558764
Y537S,holo,12,2,0,-0.7930558207889629,5.0017345457103985
Y537S,holo,235,3,0,-1.3399650740952358,-0.9110581893070882
Y537S,holo,169,1,0,-0.1848860022253265,-0.47254919709059384
Y537S,holo,61,0,0,0.07568341743854651,-0.1581726324512429
Y537S,holo,66,2,0,-0.5772996438811645,-0.3457062043466436
Y537S,holo,120,1,0,-0.05736040286616287,-0.48517842554358614
Y537S,holo,157,0,0,-0.3165792512137046,-1.0023537146913875
Y537S,holo,50,4,0,-0.7732423580368887,-0.6513328952930333
Y537S,holo,142,3,0,-0.9873702523296635,-0.4981919144203545
Y537S,holo,244,3,0,-0.32372271414757864,-0.062188720784243874
Y537S,holo,93,0,0,-0.3259523143403446,-0.44336511120180694
Y537S,holo,142,4,0,-0.16200912436140025,-0.46575343334721764
Y537S,holo,114,0,0,-0.11189155590967893,0.012673510529011153
Y537S,holo,243,0,0,-0.2300138661617729,4.96236122661331
Y537S,holo,95,2,0,0.39545030377887075,-0.6199326754825488
Y537S,holo,75,1,0,-0.46206298909780913,-1.44872923206182
Y537S,holo,237,0,0,-0.5406520432967532,-0.8461729631402022
Y537S,holo,89,4,0,0.8400697285500387,-0.657357049420296
Y537S,holo,247,0,0,-0.6792897710021423,-0.548553678455493
Y537S,holo,98,0,0,-0.09285076670375676,-0.5982701839898986
Y537S,holo,146,4,0,-0.3631165200078608,-0.581706797561048
Y537S,holo,142,1,0,-0.5487199297735831,-0.4677125390754122
Y537S,holo,134,0,0,0.025471905163377537,-0.8127394145990722
Y537S,holo,4,0,0,-1.4332464395264546,-0.5267453948656207
Y537S,holo,40,0,0,-0.5211325008252561,-0.5122995015625336
Y537S,holo,249,0,0,-0.5208986506524084,-0.5902307039676897
Y537S,holo,182,3,0,0.11028968064578482,-0.6896995328540071
Y537S,holo,166,0,0,-0.3156067552853074,-0.2606356547500903
Y537S,holo,8,3,0,-0.47482014726551736,-0.487194629492357
Y537S,holo,2,1,0,-0.658818662535606,-0.9113106951013366
Y537S,holo,21,3,0,-0.7455832296871086,-0.42251131308731626
Y537S,holo,157,3,0,-0.09697325548855061,-0.3081286010275604
Y537S,holo,110,1,0,-0.9217518901649461,-0.5899030542142285
Y537S,holo,61,1,0,-0.24918407696497627,-0.11899978110619983
Y537S,holo,114,2,0,-0.5504240932222565,-0.5670008563933276
Y537S,holo,196,4,0,-0.13670037557658143,-0.13571491415985487
Y537S,holo,211,2,0,0.066980744723528,-0.4281017535931896
Y537S,holo,40,1,0,0.49268122108265044,0.3736811097836347
Y537S,holo,227,3,0,-0.30106947054095595,-0.5055301917628419
Y537S,holo,186,0,0,-0.8954880208954841,-0.6720444646442434
Y537S,holo,69,3,0,-0.15127266025387376,-0.4430363159936635
Y537S,holo,19,1,0,-0.2456946900088144,-0.7021920946558867
Y537S,holo,94,2,0,-0.6479597939725605,-1.1000746576907574
Y537S,holo,93,2,0,-0.5340090728135606,-0.6123513622640353
Y537S,holo,180,4,0,-0.04961641291983673,-0.08764188362203378
Y537S,holo,25,0,0,0.007613709083521223,-0.3703801884186664
Y537S,holo,71,2,0,-0.960555182098896,-0.4604761744234613
Y537S,holo,240,1,0,-0.22918541571620094,-0.33623475957291826
Y537S,holo,112,3,0,-0.08093137632044561,-0.6817211659088186
Y537S,holo,210,1,0,-0.5589569945409877,-1.1698906272479743
Y537S,holo,128,2,0,-0.3048937512179058,-0.5079742357615524
Y537S,holo,216,3,0,-0.06005845340577129,-0.595740432957357
Y537S,holo,111,0,0,-0.5902041464825166,-0.6251721965082186
Y537S,holo,168,4,0,0.1667576492255617,-0.589019468084327
Y537S,holo,196,3,0,0.28672084390702335,-0.17155474371391158
Y537S,holo,60,3,0,-0.18791920260753553,-0.291142054596113
Y537S,holo,204,0,0,-0.13747151756705872,0.18551419594958646
Y537S,holo,210,4,0,-1.1259025736170163,-0.8559715434473203
Y537S,holo,166,1,0,-0.7157230636865742,-0.4439804741075762
Y537S,holo,65,0,0,-0.3231781086845118,-0.36019882203308345
Y537S,holo,135,1,0,0.5479963088541041,5.072037292379381
Y537S,holo,195,1,0,-0.0750340684909786,-0.9482268796061892
Y537S,holo,243,4,0,-0.8229451940173028,-0.2125017683553922
Y537S,holo,116,4,0,0.1393286223572101,-0.5811954895633664
Y537S,holo,101,0,0,-0.0038956184832686556,-0.11764515715866289
Y537S,holo,44,2,0,-0.9182970365532126,-0.4051585751520532
Y537S,holo,58,1,0,-0.5838922259921303,-0.10177967284261202
Y537S,holo,232,3,0,-0.05076282692860784,-0.6157099304933308
Y537S,holo,143,1,0,-0.35514072284768494,-0.5810816686096164
Y537S,holo,210,2,0,0.23446586152019763,0.1392264537099714
Y537S,holo,170,2,0,-0.5965387265001137,-0.002146550182144284
Y537S,apo,64,4,0,-0.7141128598190105,-0.8008935734197863
Y537S,apo,115,0,0,-0.9849180410048759,-0.5787758183539211
Y537S,apo,97,1,0,-0.386872486578883,-0.05434282301916077
Y537S,apo,5,0,0,-0.6735687574427964,-0.21694725124640096
Y537S,apo,158,2,0,0.11080721945273801,-0.0909214003952469
Y537S,apo,213,2,0,-0.7232285170704346,-0.09627192621179018
Y537S,apo,115,1,0,-0.12129143546481576,-0.7135431430692957
Y537S,apo,150,2,0,-0.7572772349082382,-0.6631027754895847
Y537S,apo,28,4,0,-0.3853476276582488,5.023877799687741
Y537S,apo,123,3,0,0.06651852305851783,-0.42284393748793137
Y537S,apo,199,3,0,-0.7178937571308848,-0.42903468273145123
Y537S,apo,16,2,0,-0.8909466052888448,-0.9609674729642482
Y537S,apo,45,2,0,-0.895005033300747,-0.8780553511038133
Y537S,apo,204,0,0,-0.6314995165176976,0.22219109670757484
Y537S,apo,48,0,0,-1.088835555609615,-0.25718414623245867
Y537S,apo,185,0,0,-0.8002110919748788,0.16565649962075726
Y537S,apo,42,3,0,-0.8492728230380466,-0.3504032276465973
Y537S,apo,150,1,0,-0.33963956388035055,0.10528840892715831
Y537S,apo,220,1,0,-0.4952907849019481,-0.24427514603644138
Y537S,apo,216,3,0,-0.012029916286203637,-0.3528429574084158
Y537S,apo,199,4,0,-0.23103122512828517,0.32039043853716764
Y537S,apo,150,4,0,-0.969461333902128,4.743199763730682
Y537S,apo,219,1,0,-0.7938973006618201,-0.4745315049874351
Y537S,apo,154,4,0,-1.0194000301160797,-0.1596421893383811
Y537S,apo,54,1,0,-0.6310630286475262,0.15779304613185827
Y537S,apo,163,0,0,-0.18137075116595586,0.16236778551877426
Y537S,apo,199,2,0,-0.5830213187721051,5.684618123846285
Y537S,apo,176,1,0,-0.8412252709522079,4.821032490080207
Y537S,apo,203,4,0,-0.45501690538640704,-0.3115755827559682
Y537S,apo,185,1,0,0.4130521382956687,0.2447939029561217
Y537S,apo,137,0,0,-0.2261195652357906,-0.30706798568451776
Y537S,apo,75,4,0,-0.2113495870839288,-0.45438535353352244
Y537S,apo,238,2,0,-0.41593730734205175,-0.6401791317229711
Y537S,apo,17,0,0,-1.1325319218208632,-0.7336596399201502
Y537S,apo,35,0,0,0.5290253539029166,-0.04063823736307083
Y537S,apo,196,0,0,0.05646168771928933,-0.14649434029031158
Y537S,apo,126,2,0,-0.3177812952098306,-0.5514294033261398
Y537S,apo,148,1,0,-1.0130813407162431,-0.1831923858424489
Y537S,apo,11,1,0,-0.3670391213459031,0.07606756207639727
Y537S,apo,199,1,0,-0.5949530233052133,-1.3190061389201326
Y537S,apo,104,2,0,0.07014963049721584,-0.07719793154263727
Y537S,apo,7,3,0,-0.17698623101984154,-0.2577073685391131
Y537S,apo,72,2,0,-0.07218975914109575,-0.759161272087459
Y537S,apo,6,0,0,-0.548070398397867,5.098690524344821
Y537S,apo,98,0,0,0.360609728071102,0.0022606508293343723
Y537S,apo,198,4,0,-0.7112743348988235,-0.12790418275864113
Y537S,apo,165,2,0,-0.7794582321146865,-0.3555271822624186
Y537S,apo,90,0,0,-1.1149727651208425,-0.36403118674469237
Y537S,apo,5,1,0,-0.8515974998776443,-0.5916555818578547
Y537S,apo,150,0,0,-0.5270579793171597,0.21968418598997036
Y537S,apo,97,4,0,-1.3697832476845355,-0.22621192866401707
Y537S,apo,216,4,0,-0.9997397230240782,-0.2573306832249228
Y537S,apo,188,2,0,-0.1477702845950423,-0.21808019935316675
Y537S,apo,186,3,0,-0.5579658157720281,-0.12241525914834697
Y537S,apo,100,0,0,-1.2495484714441703,-0.8462564600129734
Y537S,apo,250,2,0,0.28061819422884643,-0.716974987086704
Y537S,apo,50,0,0,-0.8342288299430746,-0.2868550291748942
Y537S,apo,44,1,0,-0.3981326182527193,0.08259716175456186
Y537S,apo,36,3,0,-0.5317724922191152,-0.3043290294322086
Y537S,apo,50,4,0,0.11698168787388559,0.4437804874223172
Y537S,apo,203,2,0,0.05525988324952958,0.687709615493497
Y537S,apo,236,0,0,-0.5577769536670195,-0.632081738123248
Y537S,apo,7,2,0,-0.8961141996491518,-0.409592728984481
Y537S,apo,239,3,0,0.5796002608146025,5.335649896802408
Y537S,apo,244,0,0,-0.07928380768853319,0.04819841874930573
Y537S,apo,163,1,0,-0.4853084196874474,-0.32908826934373514
Y537S,apo,90,1,0,-0.5853792538815774,-0.5581994946671692
Y537S,apo,168,4,0,-1.0170530902078552,5.518293485911595
Y537S,apo,20,4,0,0.18538156247933074,0.09480090525100524
Y537S,apo,150,3,0,0.06903298764210097,5.245141354420089
Y537S,apo,173,4,0,-0.41223706077944117,-0.13121795311864815
Y537S,apo,62,1,0,-0.9258011787918615,-0.9809231690606115
Y537S,apo,51,2,0,-0.6826046789502311,0.142013006469863
Y537S,apo,185,2,0,-0.55431889966364,0.49906430154416365
Y537S,apo,186,2,0,-1.1473591300360195,-0.5440448939740737
Y537S,apo,90,2,0,-0.3308703175348666,-0.04750305499458501
Y537S,apo,206,3,0,-0.703854152020437,-0.21570561253701845
Y537S,apo,185,3,0,-0.35652197885455916,-0.36676413202169705
Y537S,apo,145,1,0,-0.8564275433032335,-0.41239569697982675
Y537S,apo,20,0,0,-0.8117550423874527,4.814459461460305
Y537S,apo,138,0,0,0.14221281402030977,-0.05767997799417696
Y537S,apo,50,3,0,-1.0592254279817308,-0.33142227451565565
Y537S,apo,163,3,0,0.08885247148238197,-0.0016383611330381533
Y537S,apo,64,3,0,0.015501447746041374,-0.20230142613763985
Y537S,apo,216,0,0,-0.27581488644487506,-0.4949598344854868
Y537S,apo,72,0,0,-0.9186707128538617,-0.11502410364234245
Y537S,apo,213,1,0,-0.12346266967560197,-0.6344780499642392
Y537S,apo,237,0,0,-0.37973107205071693,-0.19575105605073265
Y537S,apo,120,4,0,-0.15203439095970614,4.7868833302585605
Y537S,apo,90,4,0,-0.368859462077235,-0.23998902150827386
Y537S,apo,219,3,0,-0.6889132046593522,-0.9705892677393386
Y537S,apo,5,2,0,-0.439727151086952,-0.823075763823409
Y537S,apo,28,0,0,-0.6172362554015931,-0.5335669606148895
Y537S,apo,36,0,0,-0.1262249974917939,0.24606243728609256
Y537S,apo,21,4,0,-0.43411485392348603,-0.015345311951181464
Y537S,apo,140,2,0,-1.3102270577864619,-0.6035672598818381
Y537S,apo,10,3,0,-0.21301682756265225,-0.22093490123770318
Y537S,apo,49,0,0,-0.45111334402819,-0.5524814653014418
Y537S,apo,24,1,0,-0.30982818066921397,-0.4010743379178605
Y537S,apo,239,2,0,-0.007468972413545587,-0.5255270713727933
Y537S,apo,51,3,0,-0.965351787294691,-0.5514952676678984
Y537S,apo,31,2,0,0.2286301068587868,-0.22732972752290645
Y537S,apo,182,3,0,-0.6933350312208818,-0.07363941574804263
Y537S,apo,50,1,0,-0.11274740095642141,-0.058603275980763495
Y537S,apo,51,1,0,-1.4076161089955237,-0.38628041604028424
Y537S,apo,119,0,0,-1.1558278854917503,-0.30242178817753673
Y537S,apo,45,0,0,-0.3629572370030252,-0.23921096771028594
Y537S,apo,35,3,0,-1.0241538163629162,-0.429409235550206
Y537S,apo,119,2,0,-0.8420468069341975,-0.1196226845487153
Y537S,apo,165,1,0,-0.4850338020097856,-0.4139929004653738
Y537S,apo,104,1,0,0.09692931832942589,-0.17467405941441938
Y537S,apo,75,1,0,-0.6420619496430199,-0.1890513218366993
Y537S,apo,80,2,0,-1.0217815543831843,-0.11572931902868455
Y537S,apo,20,3,0,-0.5508878710415168,0.07899023124825984
Y537S,apo,12,0,0,-0.5249570283386834,-0.15649073084673118
Y537S,apo,138,1,0,-0.5243532616574076,-0.7090518519045925
Y537S,apo,153,3,0,-0.6538722244667475,0.39741972909360196
Y537S,apo,189,4,0,-0.6794771892455023,-0.7149159616927035
Y537S,apo,11,3,0,-0.4125556911336959,-0.7473560141194009
Y537S,apo,216,1,0,0.07033666488912867,-0.9320769749203671
Y537S,apo,239,1,0,-0.6933977907208331,-0.6871298976763726
Y537S,apo,35,1,0,-0.24015171933601986,-0.7322726627983062
Y537S,apo,132,3,0,-0.27331968227464204,-0.3552278059296365
Y537S,apo,58,2,0,-0.6735395967723814,-0.31668791635597965
Y537S,apo,51,0,0,-0.40748778286433607,-0.5595528879569943
Y537S,apo,227,3,0,-0.9263044283415538,-0.5080193882859974
Y537S,apo,79,1,0,-1.2614772014268292,-0.35917994210127424
Y537S,apo,137,1,0,-1.290855755105055,-0.15695405358005773
Y537S,apo,81,1,0,0.03589422303734291,-0.13743357687394275
Y537S,apo,115,2,0,-1.3021532505851692,5.433464505561316
Y537S,apo,228,2,0,-1.15140939695911,-0.4908144223809173
Y537S,apo,176,0,0,0.04098435361289738,3.103168626501272
Y537S,apo,166,2,0,-0.7262194620992805,-0.046988768937354715
Y537S,apo,124,2,0,-1.7265524740837286,2.2314894545505197
Y537S,apo,45,4,0,-1.0185359509690641,-0.8615812448205856
Y537S,apo,241,0,0,-0.113242300473981,0.1067844670937848
Y537S,apo,96,3,0,-0.16194508759291046,-0.011566631189666861
Y537S,apo,128,4,0,-0.9926290418893495,-0.9412043349064101
Y537S,apo,38,4,0,-0.5977688264812878,-0.09271570670734383
Y537S,apo,31,1,0,-0.311832334315352,-0.6513865898826665
Y537S,apo,17,1,0,-1.2861427795228257,-0.12025696552757713
Y537S,apo,213,4,0,-0.3395914382954867,0.21882260980830268
Y537S,apo,233,2,0,-0.7866643005565171,-0.9149813623613074
Y537S,apo,17,3,0,-0.3204740228846464,-0.2626943212288847
Y537S,apo,115,3,0,-0.034933222708449216,5.209769833268588
Y537S,apo,165,3,0,0.16031389350001532,-0.025977286320811553
Y537S,apo,239,4,0,-1.4023189317077713,-0.4672632515060653
Y537S,apo,20,1,0,-0.3484181689589257,0.04691943925327503
Y537S,apo,81,4,0,0.14384501526024437,5.108448292386411
Y537S,apo,213,0,0,-0.6367823859236839,-0.06742755383296699
Y537S,apo,11,0,0,-0.43698744777385995,-0.43508696113500595
Y537S,apo,129,0,0,-0.635249098590882,-0.48854512970103975
Y537S,apo,193,0,0,0.31410681188877904,0.1694615761456667
Y537S,apo,96,1,0,-0.9548721503076955,-0.2357554984954027
Y537S,apo,64,2,0,-0.13125766653278467,-0.3331114360265613
Y537S,apo,183,0,0,-0.2756340215087732,-0.3881281614809645
Y537S,apo,191,3,0,-1.0240895911481127,-0.2977037445401409
Y537S,apo,39,4,0,-0.9795236067936042,-0.7224628695694825
Y537S,apo,63,3,0,-0.7525913219827177,-0.6291049241517012
Y537S,apo,127,4,0,-0.7964174345220327,-0.047327866581691455
Y537S,apo,172,3,0,-0.44422007043365597,0.0732376503762753
Y537S,apo,153,4,0,-0.7509220653083905,-0.4160808490294163
Y537S,apo,41,1,0,-0.7111053334579822,-0.16748560787763875
Y537S,apo,91,2,0,0.31460785834220084,-0.8541409298370312
Y537S,apo,236,1,0,-0.4139084274724579,-0.13359309733424002
Y537S,apo,118,3,0,-1.106841159561005,0.07295912977947266
Y537S,apo,196,4,0,-0.38755750714879295,-0.041095882606421184
Y537S,apo,68,1,0,-0.9235632827262342,0.20063230361306128
Y537S,apo,39,1,0,-1.0773445807216302,5.16413555727536
Y537S,apo,1,1,0,-0.15574198506895806,-0.9751145134332623
Y537S,apo,64,0,0,-0.3829828189652619,-0.42893630683463907
Y537S,apo,208,1,0,-1.144452378002174,-0.6891444233502854
Y537S,apo,199,0,0,-0.4414386587637924,-0.46415934386001556
Y537S,apo,35,2,0,-0.293225120553572,-0.22772290267179915
Y537S,apo,229,3,0,-0.7899414762887237,-0.10324446276837301
Y537S,apo,83,3,0,-0.3126182468632873,0.33853510141449056
Y537S,apo,35,4,0,-0.7159496304802744,0.05514038321466642
Y537S,apo,126,4,0,-1.1678662089399772,-0.41932214393863937
Y537S,apo,176,4,0,-0.6864892369337484,0.07465267202345242
Y537S,apo,75,2,0,-0.7078193046067665,0.003950114718990481
Y537S,apo,141,1,0,-0.7649490487878114,-0.2404028415900186
Y537S,apo,154,1,0,-0.6354306459569157,0.07381647145373826
Y537S,apo,238,4,0,-0.9534014886549984,-0.6419902656507793
Y537S,apo,196,1,0,-0.6324518774075719,-0.6091731549151626
Y537S,apo,126,3,0,-0.4725858163984295,-0.01811940940693565
Y537S,apo,159,1,0,-0.20567628483349545,-0.6499902711707335
Y537S,apo,132,2,0,-1.0950809308967593,-0.1331424694492503
Y537S,apo,126,1,0,-0.10003117466295645,-0.7818525632778334
Y537S,apo,193,2,0,-0.5231533076687384,-0.40063494662978016
Y537S,apo,132,1,0,0.027602838426997844,0.12986167332585088
Y537S,apo,46,4,0,-0.36328276064161286,-0.43664806392128525
Y537S,apo,123,1,0,-0.6623195780764014,-0.08642316891707567
Y537S,apo,138,3,0,-0.3657458596926702,-0.20966061992845791
Y537S,apo,52,4,0,-0.5835857941214191,-0.6209814624952661
Y537S,apo,164,3,0,-0.2187603283097756,-0.21370189393829947
Y537S,apo,157,1,0,-1.20644584378463,-0.5385232008993359
Y537S,apo,214,1,0,-0.9384525748238379,-0.2444881911768091
Y537S,apo,247,4,0,0.0659801546110564,-0.15301381899896416
Y537S,apo,139,0,0,0.028638138316486917,0.06700598212406005
Y537S,apo,111,0,0,-0.12775737562405076,0.023803927203227555
Y537S,apo,19,3,0,0.11575856628893906,-0.4305627711508809
Y537S,apo,97,3,0,-1.3882473207087669,-0.046906274679016174
Y537S,apo,58,1,0,-0.20360373070495674,-0.24871857301713413
Y537S,apo,72,3,0,-0.5698455055056303,-0.5719092662580882
Y537S,apo,34,0,0,0.27918259478145685,0.45016822269454193
Y537S,apo,10,0,0,-0.12150273617400975,0.19368105437055252
Y537S,apo,224,0,0,-0.6969145422662499,-0.1678911266920852
Y537S,apo,58,3,0,-0.23905312119750421,-0.21317828639022757
Y537S,apo,183,1,0,-1.0589933574037589,0.506559374954718
Y537S,apo,139,1,0,-0.8912195028841436,0.12932051047098683
Y537S,apo,162,3,0,-1.0092490063636403,-0.5844325344426482
Y537S,apo,62,3,0,-0.4376514295632035,-0.8012101138131127
Y537S,apo,220,0,0,-0.5626214673716159,-0.22946072269035953
Y537S,apo,86,1,0,-0.9385729791301302,-0.340445612768136
Y537S,apo,244,3,0,-0.7843743792371592,0.18595959162439205
Y537S,apo,176,2,0,-0.2744179233427876,-0.4286792474865055
Y537S,apo,154,2,0,-0.6677544529601557,-0.3495387772352171
Y537S,apo,248,3,0,-0.2791702675734275,-0.3479272711936258
Y537S,apo,15,4,0,-0.9882706667284905,4.715445284290569
Y537S,apo,8,0,0,-0.461684611393306,-0.44848539490138567
Y537S,apo,209,0,0,-0.6624917378264819,-0.7295581380265417
Y537S,apo,58,0,0,-0.8318219863965053,-0.4376667216680688
Y537S,apo,119,4,0,-0.9210320075503526,-0.8775408649471506
Y537S,apo,5,4,0,-1.5431760508514512,0.07690803862264398
Y537S,apo,234,2,0,-0.1274701319394131,5.204307260081626
Y537S,apo,173,3,0,-1.013678141250117,-0.02354405027773081
Y537S,apo,147,2,0,-0.86499426258837,-1.0452097088191512
Y537S,apo,100,2,0,-0.20006478616976883,5.345830701336286
Y537S,apo,181,2,0,-0.7858209948875252,-0.12098863160268954
Y537S,apo,11,2,0,-1.0144904805493924,-0.059095761312879684
Y537S,apo,52,1,0,-0.23971018653757228,-0.2551312625770235
Y537S,apo,63,2,0,-0.8114068779749304,-0.36251579869121314
Y537S,apo,165,4,0,-0.5310320609332894,-0.23979194264968354
Y537S,apo,145,0,0,-0.16973835230601567,-0.6853649905226976
Y537S,apo,221,0,0,-0.9528572946446182,-0.40337316749856067
Y537S,apo,231,3,0,0.05651111924826002,0.2717831313436671
Y537S,apo,133,4,0,-0.4792662226946777,0.2515369852222236
Y537S,apo,80,4,0,0.0026676600685638227,0.021511744795615056
Y537S,apo,7,1,0,-0.24198817406537462,-0.4299189943350087
Y537S,apo,87,3,0,-1.3615490556070062,-0.4289433807218135
Y537S,apo,81,0,0,-1.0720435406060054,-0.12917397582498247
Y537S,apo,51,4,0,-0.15979740036464865,-0.3897701240584551
Y537S,apo,38,0,0,-0.3061510508115827,-0.5641487385981083
Y537S,apo,209,2,0,-0.2400390526279164,-0.758168863492339
Y537S,apo,220,3,0,-0.41818500124519714,-0.010411195439850938
Y537S,apo,247,2,0,0.06351344441782529,0.4465056507909919
Y537S,apo,40,1,0,-0.8397713156578743,-0.3971564527883614
Y537S,apo,186,0,0,-0.39910291847098756,-0.1684431511742449
Y537S,apo,248,1,0,-1.4390693035943,-0.2968618850498015
Y537S,apo,49,3,0,-0.6465023247599825,-0.40223791514293367
Y537S,apo,250,3,0,0.017621701843154466,-0.009584475087385509
Y537S,apo,107,2,0,-1.474512295155823,0.2274051785040756
Y537S,apo,217,0,0,-0.3731015726084574,-0.06682484862525792
Y537S,apo,87,4,0,-1.0030516824525981,-0.5934000894238199
Y537S,apo,234,0,0,0.07693829171498258,-0.28905239372186464
Y537S,apo,135,3,0,-1.7930547178798961,-0.4829608829502691
Y537S,apo,250,0,0,-1.0421702622499744,-0.5794072364871602
Y537S,apo,152,2,0,-0.9935560340383339,-0.021173163982773986
Y537S,apo,122,3,0,-0.7709818340187106,-0.21580863648822463
Y537S,apo,11,4,0,-0.6535939050593877,-0.06409243003397426
Y537S,apo,20,2,0,-0.4887869479234032,-0.19237174780658048
Y537S,apo,6,2,0,-0.24925065197900495,-0.0358144812694887
Y537S,apo,156,2,0,-0.6695672545931961,-0.09922543500113915
Y537S,apo,124,3,0,-1.8595643416996237,-0.7119234603960364
Y537S,apo,148,4,0,-1.4257757473883048,-0.883557704623495
Y537S,apo,131,1,0,-1.3427795533015294,-0.2598573699018033
Y537S,apo,242,3,0,-0.4075705138335117,0.03212622041476589
Y537S,apo,107,1,0,-0.48099358024330713,5.705959449185973
Y537S,apo,235,4,0,-0.6907373349271428,-0.21062922942936801
Y537S,apo,133,2,0,-1.0043494780709834,-0.35819167050025835
Y537S,apo,228,0,0,-0.28294430942200144,-0.6171761446987158
Y537S,apo,154,3,0,-0.7130714140058206,-0.2915006556104085
Y537S,apo,232,0,0,-0.677225231753287,0.1410196015032446
Y537S,apo,193,1,0,0.31917930499537533,4.4561577653902225
Y537S,apo,158,1,0,-0.8640318011983646,-0.7562225124044837
Y537S,apo,206,0,0,-0.9019003828077616,-0.0051644937954556545
Y537S,apo,104,4,0,-0.46007489682511904,-0.13899818620606605
Y537S,apo,17,4,0,-1.321890983046214,-0.9860057805339454
Y537S,apo,203,3,0,-0.7203041484993792,-0.49441682573469825
Y537S,apo,167,4,0,-0.7380470788756036,5.058476372546195
Y537S,apo,179,2,0,0.07228544495169727,0.1276464277679808
Y537S,apo,4,2,0,-0.0012997442122480668,-0.14243328862221685
Y537S,apo,216,2,0,-0.3103752444590332,-0.07010728341435243
Y537S,apo,203,1,0,-1.12920174753689,-0.14021314879354152
Y537S,apo,36,1,0,-0.4409912727823761,-0.12397657936752145
Y537S,apo,207,2,0,-0.3171656978799255,0.31113219862294095
Y537S,apo,228,3,0,-0.7654479369917778,-0.7404305771592636
Y537S,apo,224,1,0,-0.4711865600175257,-0.3944740962194259
Y537S,apo,16,3,0,-1.4536884092780311,-0.6651704986186687
Y537S,apo,123,0,0,-1.2436661259369612,-1.176383883768828
Y537S,apo,231,4,0,-1.0052555069843487,5.042469987755337
Y537S,apo,66,4,0,-0.40910791959776643,-0.21220086776168162
Y537S,apo,120,0,0,-1.204129411374194,4.758364380100345
Y537S,apo,161,1,0,-0.6683760717200432,0.03199157774360787
Y537S,apo,127,2,0,-0.02066637675602701,-0.4494550430172314
Y537S,apo,28,3,0,-0.006052223935691911,-0.20715041677962057
Y537S,apo,76,2,0,-0.3244020912136636,-0.04052068569342252
Y537S,apo,219,4,0,-0.24010388219579715,-0.842280153589453
Y537S,apo,221,2,0,-1.0258016420370595,-0.6796923344662538
Y537S,apo,19,2,0,-0.5317035922375652,0.08945865403814228
Y537S,apo,100,4,0,-0.28286138747354816,0.10793655885159889
Y537S,apo,8,4,0,0.20949920280644005,0.16305611580073776
Y537S,apo,131,4,0,-2.2484358418787145,-0.9272855671418502
Y537S,apo,241,1,0,-0.874453749892856,-0.46014410429202973
Y537S,apo,63,0,0,0.3187815035727708,-0.43038317393075215
Y537S,apo,12,2,0,0.04283070771818524,0.22867856820763444
Y537S,apo,97,2,0,-0.8633374512308981,4.995758348970293
Y537S,apo,116,3,0,-0.9465276575892948,-0.2694259536598643
Y537S,apo,9,3,0,-0.9902754219456248,-0.15956483768420207
Y537S,apo,60,2,0,-0.8822915042814039,-0.13575772313695564
Y537S,apo,98,3,0,-0.031369168127725784,-0.6486272225082753
Y537S,apo,17,2,0,-0.6688542362156108,5.486302955755849
Y537S,apo,115,4,0,-0.5783890404531385,-0.4847305156373961
Y537S,apo,40,4,0,0.21121587279102977,-0.3471176651485113
Y537S,apo,250,1,0,-0.5240071272639113,-0.19128117553877858
Y537S,apo,27,4,0,-0.16334480536457688,-0.3161294018530377
Y537S,apo,247,3,0,0.06791022936568647,-0.6756746788885516
Y537S,apo,29,2,0,-1.2715037626722243,0.5392621728384511
Y537S,apo,16,0,0,0.32869440175139275,-0.2919793946132721
Y537S,apo,147,1,0,-0.7935393539165324,-0.9087263633145578
Y537S,apo,82,0,0,-1.0636500918315273,-0.5448483146502665
Y537S,apo,189,1,0,-0.4578154435267515,-1.1407548734361708
Y537S,apo,250,4,0,-0.2803571866319211,-0.3930239448477325
Y537S,apo,36,4,0,0.08497244288528873,-0.1900670203497805
Y537S,apo,196,2,0,-0.5115424991246696,-0.38576890733821456
Y537S,apo,96,4,0,-0.33754985054345754,-0.41708540162192703
Y537S,apo,152,1,0,-1.0312414914694372,5.179273368787322
Y537S,apo,171,1,0,-0.766934873246444,-0.9550031096662565
Y537S,apo,86,0,0,-1.1272229022058946,-0.9102666410628681
Y537S,apo,54,2,0,-0.11849607561765517,5.501767710505161
Y537S,apo,80,0,0,-0.3431983700570121,-0.1034043982348907
Y537S,apo,118,4,0,-0.497245100893924,-0.3671462884622011
Y537S,apo,13,1,0,-0.9310864651003385,-0.6804610475502298
Y537S,apo,121,4,0,-0.1776138862895943,-0.15774262862001642
Y537S,apo,203,0,0,-0.4777051187248306,4.852572340606437
Y537S,apo,183,4,0,0.3051688375633192,0.22282827928521906
Y537S,apo,73,3,0,-1.48227265699318,-0.3942695471808534
Y537S,apo,84,2,0,-1.1169161457776047,-0.5786848705558076
Y537S,apo,189,0,0,-0.6174499779675079,-0.12430973725744522
Y537S,apo,185,4,0,-1.225873611094756,-0.42206877144271543
Y537S,apo,234,4,0,-0.5345063742603723,4.927240158599895
Y537S,apo,105,0,0,-0.8271552434536638,-0.6363594993679165
Y537S,apo,67,0,0,-0.24316221473169386,-0.6004682162477513
Y537S,apo,182,1,0,-0.8320869256918234,0.006555466628424865
Y537S,apo,61,4,0,-1.0923375469504661,-0.5212238949710283
Y537S,apo,213,3,0,0.7068298776954393,0.10620851827425103
Y537S,apo,191,1,0,0.6092352402312217,-0.20859566385818948
Y537S,apo,224,4,0,-0.4462246065947375,-0.02871435776198705
Y537S,apo,2,3,0,-0.6901231887402142,0.25812642035508115
Y537S,apo,9,1,0,-0.11455548532342177,0.09940015477660856
Y537S,apo,127,3,0,-0.8277257920501847,-0.48899907891509586
Y537S,apo,4,1,0,-0.32378503032048783,4.467732666509383
Y537S,apo,163,4,0,-0.0396149405631729,5.370681271337311
Y537S,apo,224,3,0,-0.8082086948565544,-0.23291353784791233
Y537S,apo,145,3,0,-0.5230505837296259,-0.14006243719784367
Y537S,apo,153,0,0,-0.5629538735845542,4.783768399451116
Y537S,apo,178,3,0,-0.5826120349815742,-0.8212442303576807
Y537S,apo,132,0,0,-0.5927791374885355,0.08562430358733812
Y537S,apo,19,0,0,-0.39257800797515013,-0.1740931553170849
Y537S,apo,100,1,0,-0.8491790557417214,-0.377394592859448
Y537S,apo,161,4,0,-1.0538214245530027,5.065010344903732
Y537S,apo,156,1,0,-0.6825516022906316,-0.10440083398008634
Y537S,apo,42,0,0,-0.0597270334147191,-0.16775494022657061
Y537S,apo,28,1,0,-0.5523672374203495,4.9034643649240905
Y537S,apo,177,0,0,-0.3719665889962779,-0.4608022668602153
Y537S,apo,155,3,0,-0.8565217696133076,-0.5655053034104767
Y537S,apo,159,3,0,-0.940354803878357,-0.39879145951558487
Y537S,apo,223,4,0,-0.13876372067119924,-0.7741353359011384
Y537S,apo,242,1,0,-0.606286739196529,0.02663928700530154
Y537S,apo,129,4,0,-1.2521887050821865,-0.18467436192425232
Y537S,apo,98,2,0,-0.8719840621912545,-0.43284807003286957
Y537S,apo,120,1,0,-0.05842239028953697,-0.29098070369684237
Y537S,apo,221,3,0,-1.0545361704231657,-0.47145853036103264
Y537S,apo,122,4,0,-0.2683053258541578,-0.32642176423004915
Y537S,apo,207,1,0,-0.7216106777420427,-0.08582775576229004
Y537S,apo,13,2,0,-1.5900684997290673,-0.3791854060654798
Y537S,apo,246,1,0,-0.5752187089738138,-0.11875829601230624
Y537S,apo,96,0,0,-0.17244877916468934,0.2740180901386057
Y537S,apo,158,3,0,0.7569559893649058,-0.5839707133189564
Y537S,apo,244,2,0,-1.972266010381438,0.4777633607697152
Y537S,apo,212,1,0,-0.20118663695207623,-0.5487940955894619
Y537S,apo,72,4,0,-0.9873094512155526,0.16360682581679742
Y537S,apo,195,3,0,-0.7796899514424682,-0.21419065670294787
Y537S,apo,162,4,0,-0.22388621784218976,-0.30235918540057827
Y537S,apo,126,0,0,-0.5014855387390718,-0.041659063921948875
Y537S,apo,54,0,0,0.029070706026075834,1.6643169492960008
Y537S,apo,32,3,0,0.3043847142252279,0.8289247131504086
Y537S,apo,64,1,0,-0.9141718032756565,-0.3332112241789645
Y537S,apo,182,0,0,-1.2598666404374261,1.06292512120697
Y537S,apo,226,0,0,-0.8010209135351141,-0.43922375123652435
Y537S,apo,148,0,0,-0.8177333282772965,0.2219804589390894
Y537S,apo,182,4,0,0.09807196461515631,0.3249046576341375
Y537S,apo,102,0,0,-0.2962724961185207,5.171184213900493
Y537S,apo,44,2,0,-0.6266881512032118,-0.19115284983924863
Y537S,apo,69,2,0,-0.2853560794178132,4.5433345892564505
Y537S,apo,80,3,0,-0.4172049942229016,0.018946796904549038
Y537S,apo,121,2,0,-0.4463620907736206,-0.03559304905059556
Y537S,apo,139,4,0,-0.6981923445701351,0.2896593244770192
Y537S,apo,66,0,0,-0.6442359469224035,-0.3373865220696804
Y537S,apo,198,3,0,-0.14832283587306236,0.007292087012673911
Y537S,apo,40,2,0,-0.9665380202717756,-0.6648228445765546
Y537S,apo,83,4,0,-0.5149662802287118,-0.5025494317317363
Y537S,apo,104,3,0,-1.0422387766327779,-0.9309624333017141
Y537S,apo,121,0,0,-0.3367620705691344,-0.43329947657580786
Y537S,apo,192,2,0,-0.2508799229708917,5.56324935149405
Y537S,apo,163,2,0,-1.0576788082972814,4.9418459969834005
Y537S,apo,133,1,0,-0.2005895831623852,-0.28266597902850893
Y537S,apo,169,4,0,-0.1796410341093811,5.4024680566552865
Y537S,apo,132,4,0,-0.21424190047890193,-0.2910151010269511
Y537S,apo,184,1,0,-0.013709931768137723,0.016859018390790244
Y537S,apo,78,4,0,-0.5245287537800218,5.452872039788787
Y537S,apo,58,4,0,-0.3011535751047889,4.987705490316751
Y537S,apo,75,0,0,-0.7561918324170743,-0.4906471600090087
Y537S,apo,100,3,0,-0.5962041361103918,0.31785368525089275
Y537S,apo,192,4,0,-0.6406044275397963,-0.1721905916829833
Y537S,apo,187,2,0,0.3977378057698767,-0.42829938986242766
Y537S,apo,98,1,0,-0.4821431892402161,-0.652334130042139
Y537S,apo,141,4,0,-0.9461251718162936,-0.39896517969903345
Y537S,apo,166,1,0,-0.7058741094165206,-0.2030560514429401
Y537S,apo,18,2,0,-0.6159783671516481,0.20344118605982292
Y537S,apo,174,4,0,-0.8716065309216622,-0.3804996732656654
Y537S,apo,236,3,0,-0.16214593678858213,0.23295617580597625
Y537S,apo,84,4,0,-0.26674753904066545,0.1791025414581828
Y537S,apo,236,2,0,-1.0117285062219117,-0.5866551864105966
Y537S,apo,99,1,0,-0.4976900050695131,-0.6765722475649003
Y537S,apo,69,4,0,-0.8317979315858692,-0.1365901758988427
Y537S,apo,158,0,0,-0.1839069345953807,0.04725353887472914
Y537S,apo,48,3,0,-0.31336567347901434,-0.23079082279132423
Y537S,apo,173,0,0,-0.1292507109494184,-0.6302438223116276
Y537S,apo,246,2,0,-0.48521472918258,-0.722139630081388
Y537S,apo,74,2,0,-0.49582015000739976,-0.7403036348889231
Y537S,apo,87,1,0,0.5516737585054249,-0.6187548094630984
Y537S,apo,127,0,0,-0.40429173940621393,4.794310313957014
Y537S,apo,33,2,0,0.24323824685697049,-0.20870672292328207
Y537S,apo,221,4,0,-1.3985824124495128,-0.5416246170417363
Y537S,apo,177,2,0,0.09963474253014683,-0.03478832832395539
Y537S,apo,169,0,0,-0.028322371667430568,-0.16241848214736615
Y537S,apo,21,3,0,-0.9573298264706134,-0.4225636501727838
Y537S,apo,32,2,0,-0.48746166154489595,0.15508589728653768
Y537S,apo,179,4,0,-1.4177685539509102,-0.06248221229420236
Y537S,apo,214,3,0,-0.9514363808588228,-0.6808755417068273
Y537S,apo,106,1,0,0.39792788126453416,-0.49104310413334323
Y537S,apo,38,3,0,-1.6030475975690688,-1.2450870095695064
Y537S,apo,170,4,0,-0.6172249008293019,-0.3882963262061712
Y537S,apo,140,3,0,-0.8601192878180226,5.109851202153715
Y537S,apo,103,1,0,0.2812912535917883,-0.10563379462197266
Y537S,apo,156,3,0,-0.06702592182854886,-0.03991075127842681
Y537S,apo,19,1,0,-0.02861659447425633,3.7549927327925117
Y537S,apo,74,1,0,0.3109596006984169,0.2958949751802003
Y537S,apo,74,4,0,-0.40407436419344755,0.16943958370093135
Y537S,apo,15,1,0,-0.6614835514941573,-0.1228106416473045
Y537S,apo,180,0,0,-0.22990525374149792,-0.4303757264315898
Y537S,apo,198,2,0,0.3995649337538039,-0.08885368829575341
Y537S,apo,137,3,0,-0.32489696917947825,5.332002158205991
Y537S,apo,230,4,0,-0.3983886749084371,-0.5626059004887779
Y537S,apo,76,1,0,0.07629929321169907,5.10830380397333
Y537S,apo,13,0,0,0.9703758198994278,-0.5512491362990825
Y537S,apo,34,2,0,0.5014561696197666,0.5512807052005619
Y537S,apo,130,2,0,-0.034369984237395505,0.31735762597458056
Y537S,apo,99,4,0,-0.9570909084074948,-0.6776003506343835
Y537S,apo,159,4,0,-0.4137461987256732,-0.8314014204726142
Y537S,apo,14,0,0,-0.5501464462114243,-0.40436565975606475
Y537S,apo,207,0,0,-0.7236206091017344,0.3199044934906491
Y537S,apo,60,0,0,-0.1912771021703989,0.19338438222498833
Y537S,apo,205,2,0,0.06055389438805897,-0.34237235848428044
Y537S,apo,145,4,0,-0.02153641221215218,-0.41875591025216835
Y537S,apo,21,1,0,-0.2818297965810248,-0.5164511796840489
Y537S,apo,200,3,0,-2.0333310372440025,-0.5713902458338308
Y537S,apo,4,4,0,-0.5058538406728933,-0.4207105131926698
Y537S,apo,66,1,0,-0.12088734430256107,-0.09131598661954231
Y537S,apo,235,2,0,0.09879160639087338,-0.20778855650141478
Y537S,apo,198,0,0,0.15584281284133908,-0.5574081790946576
Y537S,apo,103,2,0,-0.07337191716482593,-0.35416342707572546
Y537S,apo,47,4,0,-0.23918035320236744,-0.1320847354982937
Y537S,apo,21,0,0,-0.4083190607589115,-0.22222707107546513
Y537S,apo,137,2,0,-0.3345134210202748,0.2653447615733065
Y537S,apo,10,4,0,0.6037763563453106,0.2933788358862065
Y537S,apo,16,4,0,-0.145064217528498,-0.11179552523729847
Y537S,apo,177,3,0,-0.06921287169284383,-0.36507239488195253
Y537S,apo,52,3,0,-0.7344349667994295,-0.11326320939171644
Y537S,apo,198,1,0,-1.610893743013532,-0.7724885115570191
Y537S,apo,57,0,0,-0.233322938032967,-0.37627047809880154
Y537S,apo,239,0,0,-0.05800397177641698,-0.2939549715431818
Y537S,apo,1,4,0,-0.6331207175543966,-0.24729916448478628
Y537S,apo,26,1,0,-0.060119668242476026,0.13396199245456838
Y537S,apo,206,1,0,-0.8245322179159935,-0.3828295519787695
Y537S,apo,245,0,0,0.6006446031440589,0.3661138842493447
Y537S,apo,55,0,0,0.3612504605951005,-0.11946648144395061
Y537S,apo,18,4,0,-1.1033502071434371,-0.033304882962653236
Y537S,apo,205,1,0,-0.3315428772527502,-0.8686200045785312
Y537S,apo,148,3,0,-0.9276850360740662,0.27734849980246046
Y537S,apo,231,0,0,-0.7039688219842374,-0.6600365165842677
Y537S,apo,4,3,0,-0.4446465522937635,-0.2789736266441687
Y537S,apo,227,0,0,-0.3151359764664099,-0.36766142721784584
Y537S,apo,177,4,0,-1.0975932533312942,-0.5484118409887475
Y537S,apo,44,0,0,-0.02385618924833088,-0.5882322323434989
Y537S,apo,50,2,0,-0.22053576707832484,0.2531957620887807
Y537S,apo,179,1,0,-0.17069513750075932,-0.28928610194704246
Y537S,apo,247,1,0,-0.6032217325161552,-0.45854456921947007
Y537S,apo,29,1,0,-0.12588129637061934,0.41971726480826477
Y537S,apo,60,4,0,-0.36907487146672374,0.5091639327498865
Y537S,apo,54,3,0,-0.44863175646412967,-0.6242020913098743
Y537S,apo,138,2,0,-0.15723816204381227,0.044222328709310046
Y537S,apo,220,4,0,-0.7311375773761705,0.514530205258961
Y537S,apo,180,1,0,-0.9480860605574827,-0.3642204317928539
Y537S,apo,217,4,0,0.01764507553121338,0.044764781534469666
Y537S,apo,83,1,0,-0.5319872358087196,-0.4959704853453712
Y537S,apo,99,2,0,-0.17551680505765727,0.27906938334994413
Y537S,apo,34,1,0,-0.9751315295521698,-0.48196683852330524
Y537S,apo,141,0,0,-0.7881123142193726,-0.47365345943215936
Y537S,apo,36,2,0,-0.368431062919934,-0.76978784324787
Y537S,apo,87,2,0,0.06584384989200599,-0.5408803935478463
Y537S,apo,161,3,0,-1.132106922765245,-0.5195479454662391
Y537S,apo,68,0,0,0.01902285771809301,-0.5396601973391383
Y537S,apo,133,0,0,-0.35435303414304564,0.15257758923971648
Y537S,apo,184,3,0,-0.4846784754191719,-0.13750672117534496
Y537S,apo,104,0,0,-0.5038542577592596,-0.5677441603324795
Y537S,apo,85,2,0,-0.28955349459051155,-0.41572983797961827
Y537S,apo,232,1,0,-0.5738170726544354,-0.5903370478597261
Y537S,apo,235,3,0,-0.5453187096906874,-0.4815321066651722
Y537S,apo,169,2,0,0.2913248779501906,-0.2145869729245818
Y537S,apo,173,2,0,-0.40371520015134027,-0.5504454341606487
Y537S,apo,225,0,0,-1.5324272375045933,-0.7929888463125064
Y537S,apo,49,1,0,-1.1742330447553382,4.591003861224673
Y537S,apo,140,4,0,-0.5298116744747756,-0.24075356958578975
Y537S,apo,98,4,0,-0.2313580156576608,5.776624373949911
Y537S,apo,95,4,0,0.07582648294077161,5.459328678370157
Y537S,apo,92,2,0,-0.27172719884870566,-0.3260898649780287
Y537S,apo,194,1,0,-0.9115470508568742,-0.393194445303311
Y537S,apo,4,0,0,-0.20632462415311362,-0.5969086331898033
Y537S,apo,186,4,0,-0.7824365995040149,-0.2193857248035126
Y537S,apo,52,2,0,0.11400257631834959,0.1372550173369287
Y537S,apo,57,2,0,0.3223522056107045,0.40666072181416313
Y537S,apo,84,3,0,-0.8092831537563003,5.273125838676485
Y537S,apo,52,0,0,-0.6081453528752182,5.232981631841984
Y537S,apo,186,1,0,-0.0562178718373255,0.0904231415240616
Y537S,apo,125,4,0,-1.3799409365257513,-0.37439165371605804
Y537S,apo,161,2,0,-1.019195308727203,-0.47139260558301366
Y537S,apo,223,0,0,-0.8243632140133845,5.197020143564899
Y537S,apo,166,3,0,-0.31533395883589227,-0.5472391169256193
Y537S,apo,74,0,0,-1.520515979328034,-0.3441957835907655
Y537S,apo,118,1,0,-0.919112761120477,-0.17746215214627775
Y537S,apo,103,0,0,-0.052533779861921585,-0.1302062212155657
Y537S,apo,206,2,0,-0.32382890236934725,3.7195337988873654
Y537S,apo,31,3,0,-0.2087799169473929,0.6468092175706828
Y537S,apo,134,1,0,-0.0874298680523178,-0.31614707614395643
Y537S,apo,152,4,0,-1.3302544975400192,-0.7440979682000496
Y537S,apo,134,3,0,0.1823764177429533,-0.3104747209469605
Y537S,apo,191,0,0,-0.959987034332671,-0.2542787687338742
Y537S,apo,3,3,0,-0.9466516823719925,-0.426981227290515
Y537S,apo,79,2,0,-0.6152780053755323,-0.6468440536623856
Y537S,apo,45,3,0,0.3248666350224587,-0.6840482457588185
Y537S,apo,77,2,0,-0.04205644300403916,-0.06346164384923159
Y537S,apo,48,2,0,-0.4128401106252573,0.0022160085750585336
Y537S,apo,13,4,0,-1.0517490150584679,-0.690354586754044
Y537S,apo,129,3,0,0.1318270416965889,-0.7568316361119972
Y537S,apo,40,0,0,-0.22125864245078178,-0.9406214223128122
Y537S,apo,232,4,0,-0.31471843993017246,-0.0735301207781056
Y537S,apo,174,0,0,-0.1834251540993294,-0.06899705525527627
Y537S,apo,105,4,0,-1.0176513727252645,-0.2526829664713903
Y537S,apo,69,3,0,-0.8028528265207674,-0.2641085979234221
Y537S,apo,206,4,0,-0.8811944162679454,-0.43170020061070774
Y537S,apo,232,3,0,0.2783788575966762,-0.45315247909485307
Y537S,apo,164,2,0,0.3917653983628278,-0.34582073813497943
Y537S,apo,194,4,0,-1.0766264285897547,-0.319217028288777
Y537S,apo,80,1,0,-0.6530464827583374,-0.10603025437853394
Y537S,apo,200,2,0,-0.030884957722239165,-0.23187065255219427
Y537S,apo,129,2,0,-0.17029233550675094,0.08083956651355417
Y537S,apo,109,0,0,0.11292145238542174,0.2840813502897884
Y537S,apo,218,4,0,-0.698261953995137,-0.16357910425748828
Y537S,apo,139,3,0,0.1670925700920058,-0.05810035276984291
Y537S,apo,49,4,0,-0.25268709708439163,0.4431980344418435
Y537S,apo,194,0,0,-1.0366397854476335,4.894207925549515
Y537S,apo,143,4,0,-0.23715569483741547,-0.1560015770835587
Y537S,apo,122,1,0,-1.510587713060818,-0.8784836437879437
Y537S,apo,210,1,0,-0.9057746902134384,5.020150272791696
Y537S,apo,5,3,0,-1.4441440950275515,-0.13110276471454357
Y537S,apo,83,2,0,-0.7098916559301337,0.21487264806465475
Y537S,apo,113,4,0,-0.8973489518328858,-1.3464657217320257
Y537S,apo,6,1,0,-0.855644947395444,5.018249325795805
Y537S,apo,14,1,0,-1.0108841413867802,4.735478938593194
Y537S,apo,162,0,0,-0.15282052424581494,-0.42706879897575806
Y537S,apo,210,2,0,-0.6036431400609591,-0.4629525218211791
Y537S,apo,180,3,0,-0.8737102194260241,-0.042224196051498665
Y537S,apo,46,3,0,-1.1341249992453124,-0.08160450510183319
Y537S,apo,19,4,0,-0.8106718617355736,4.859511101518985
Y537S,apo,238,0,0,-0.31071851114315197,0.07079364905550402
Y537S,apo,40,3,0,-0.9690785609016781,4.836641553207546
Y537S,apo,136,4,0,-0.4128727959615982,-0.1404368670410382
Y537S,apo,14,3,0,-0.6983357433430549,0.0344357510053064
Y537S,apo,88,1,0,-0.2933656636663714,-0.0015416884174096512
Y537S,apo,218,1,0,-0.9797556328496134,-0.31580528113798
Y537S,apo,111,2,0,-1.17605303837899,-0.2647003424275302
Y537S,apo,210,0,0,-0.8188792574549145,-0.689230521024841
Y537S,apo,242,4,1,28.93609116482852,-0.11516107761418615
Y537S,apo,91,0,0,-1.4836064943082887,-0.4931041594603818
Y537S,apo,178,4,0,-0.6274590531864842,-0.1791048728277268
Y537S,apo,122,2,0,0.3896278096424821,-0.17986825916077587
Y537S,apo,225,1,0,-0.2613315590655223,-0.34628278352681646
Y537S,apo,67,3,0,-1.1324317705336522,-0.32579609015053435
Y537S,apo,113,2,0,-0.23538846293389215,-0.7310125549017117
Y537S,apo,210,3,0,-1.0139047435771151,4.6359957054414975
Y537S,apo,174,1,0,-0.05934200706267471,-0.8362455098935759
Y537S,apo,118,2,0,-0.06928225896863442,0.19308608403075433
Y537S,apo,222,1,0,-1.6077452322949863,-0.4158759410909352
Y537S,apo,84,0,0,-0.6748420352832509,0.2346411081948748
Y537S,apo,136,1,0,-1.360876880673283,5.1821965979738405
Y537S,apo,119,1,0,-0.08306195605311566,-0.2976464032593953
Y537S,apo,92,0,0,0.06217263145198577,-0.18117019232972262
Y537S,apo,211,3,0,-0.05366983264514717,-0.2842703649283424
Y537S,apo,218,3,0,-0.1661774078549042,0.15358992209055491
Y537S,apo,230,1,0,-0.8891291637188315,0.2572988382989487
Y537S,apo,147,0,0,-0.43318696707102183,-0.04862582448256844
Y537S,apo,243,3,0,-1.1627316254662916,-0.4758823531816925
Y537S,apo,70,2,0,-0.48726832796897473,-0.7866699167031916
Y537S,apo,29,3,0,0.9854844053672274,0.5032149928855196
Y537S,apo,221,1,0,0.13627106384615303,0.20893278271374344
Y537S,apo,42,2,0,-0.20087364029271948,-0.20244240619380344
Y537S,apo,190,0,0,-0.18593839559910655,-0.4745031944859362
Y537S,apo,83,0,0,-0.3109820446507788,-0.41350419106468
Y537S,apo,135,2,0,-0.49498153591579197,-0.5857361336701447
Y537S,apo,22,4,0,-1.0191716774009942,-0.1318793110877872
Y537S,apo,155,2,0,-0.6933041788350846,-0.10879504057771815
Y537S,apo,214,2,0,-0.3564304155771009,-0.4097176239935491
Y537S,apo,204,3,0,-0.4879385258185782,5.190845416008012
Y537S,apo,145,2,0,-0.31392811921224223,-1.2001540741419865
Y537S,apo,131,2,0,-0.6351157460146621,-0.8098131754904232
Y537S,apo,165,0,0,-0.674011765435633,-0.4139576854062616
Y537S,apo,108,4,0,-0.00550277956954175,0.14319441409662859
Y537S,apo,238,1,0,-0.4220906895041003,4.9688891184092245
Y537S,apo,242,0,0,-0.36219558263738705,-0.03392391017894307
Y537S,apo,208,2,0,-1.2830556592201747,4.975618816197203
Y537S,apo,214,4,0,-0.4724218502011382,5.140438758841043
Y537S,apo,223,2,0,0.19755311008016177,-0.631651298137399
Y537S,apo,109,2,0,-0.5128984035698765,0.594161762238284
Y537S,apo,249,3,0,-0.9855626178002453,5.459952010355625
Y537S,apo,144,3,0,-1.2391487420304015,-0.19424385006757677
Y537S,apo,230,0,0,-0.1695263049520242,-0.7056620993491662
Y537S,apo,93,2,0,-0.49342944858623267,-0.02028034034333668
Y537S,apo,183,3,0,0.32767247412878464,-0.36118921024722117
Y537S,apo,241,3,0,-1.3865842292250592,-0.6071350245563664
Y537S,apo,180,4,0,-0.11514989177281944,0.30189530237376444
Y537S,apo,33,4,0,-1.8878143566125556,5.272455048118876
Y537S,apo,189,3,0,-0.6983987106535648,-0.6762848179932163
Y537S,apo,76,0,0,-0.6967247157520207,-0.01691966422888566
Y537S,apo,54,4,0,-0.7791496008801613,-0.13154506389468487
Y537S,apo,9,4,0,-0.5264915301131,-0.14831731991537275
Y537S,apo,235,1,0,-0.706588227290468,5.389576078743907
Y537S,apo,9,0,0,-0.8543938689575605,-0.23979690297370954
Y537S,apo,25,2,0,-0.04748271793100591,0.25240898612530926
Y537S,apo,16,1,0,-0.9361814193732959,-0.40812407757790387
Y537S,apo,94,1,0,-0.5943037761610087,0.05932508712563699
Y537S,apo,241,4,0,-0.06857646443379592,5.114453081034585
Y537S,apo,55,4,0,-1.1322319449071048,-0.6849499030959182
Y537S,apo,47,0,0,-0.6063061696989988,-0.18657021615197428
Y537S,apo,192,3,0,-0.4524544648625886,-0.31065521384293987
Y537S,apo,146,4,0,-0.37827865311760567,-0.8260887139990969
Y537S,apo,174,2,0,-0.8566293553029687,-0.4718717163729882
Y537S,apo,8,3,0,-0.4496512430842019,5.068365428352731
Y537S,apo,194,3,0,0.22265905516417805,-0.31655336431500763
Y537S,apo,59,0,0,-0.707965731297888,-0.46717951077511655
Y537S,apo,31,4,0,-0.25282900091477906,5.269797484660704
Y537S,apo,127,1,0,-1.2507899759462826,5.408965255420698
Y537S,apo,42,1,0,-0.7736715281930103,-0.4437694886659906
Y537S,apo,103,3,0,0.8359759239019245,-0.7568692602074413
Y537S,apo,68,4,0,-0.7363942815515383,-0.5174290001116161
Y537S,apo,109,1,0,-0.07769290809133315,0.1871711377110562
Y537S,apo,231,1,0,0.4729176947270006,-0.00909251445734812
Y537S,apo,152,0,0,0.17394878457102358,-0.008466051573427348
Y537S,apo,214,0,0,-0.517070266358401,0.20564206690588466
Y537S,apo,196,3,0,-1.404175451575885,-0.7594731290143222
Y537S,apo,169,1,0,-0.5132305285590733,-0.2277349928570579
Y537S,apo,191,2,0,-0.5469693217341463,-0.2594265159876048
Y537S,apo,234,3,0,-1.619853765374963,-0.38259946910994025
Y537S,apo,79,3,0,-1.0889099606261219,4.79867576995851
Y537S,apo,62,2,0,-0.9369741271014568,-0.05093925517273439
Y537S,apo,195,1,0,-0.3801186204764564,0.4275988783385879
Y537S,apo,166,0,0,-0.8310425989552647,5.538605709251459
Y537S,apo,153,2,0,-0.29505000649908225,0.0054294018695246965
Y537S,apo,232,2,0,-0.19141553463290467,-0.5259096781230894
Y537S,apo,227,2,0,0.014531432718897546,-1.0188872750588573
Y537S,apo,107,0,0,0.06265162830440252,-1.0261526457598948
Y537S,apo,248,2,0,-0.5479903637271382,-0.6735565943884567
Y537S,apo,122,0,0,-0.8639452221622352,5.632656734624411
Y537S,apo,164,4,0,-0.34177541326611194,-0.6341666234687696
Y537S,apo,200,4,0,-0.12444719616365303,-0.15477135812268925
Y537S,apo,85,0,0,0.04170891469166929,0.5703791572716512
Y537S,apo,63,4,0,-0.31003429773929736,-0.6185576921066662
Y537S,apo,243,0,0,-0.8882278146193522,-0.47168307847270013
Y537S,apo,240,2,0,-0.05641453207685523,-0.46378055388279155
Y537S,apo,27,2,0,-0.22382411942351954,-0.4136457862935072
Y537S,apo,226,1,0,-1.011500694332029,-0.49403639400199983
Y537S,apo,130,1,0,-0.6834662753819599,-0.12904116869468774
Y537S,apo,249,2,0,0.05567323254615737,-0.3868043701509187
Y537S,apo,66,2,0,-0.3996896609271298,0.28678122242012416
Y537S,apo,102,3,0,-0.8753828211320196,-0.47979707472350747
Y537S,apo,29,4,0,-1.2501237282970787,-0.22230377067762513
Y537S,apo,243,2,0,-0.7755710031354048,-0.13396719036107455
Y537S,apo,215,2,0,-1.0268780638525583,-0.6676052062793509
Y537S,apo,120,2,0,-0.0637584239802547,-0.30701410195605955
Y537S,apo,37,2,0,0.6653668857164085,0.6964543237580597
Y537S,apo,223,1,0,-0.6708398355029827,-0.10960622104608249
Y537S,apo,237,1,0,0.07114542313033631,-0.16736115132884188
Y537S,apo,97,0,0,0.4376465464682788,-0.5409791655264049
Y537S,apo,60,3,0,-0.36375938301253563,0.6206019893331066
Y537S,apo,170,2,0,-0.8543610030333231,-0.46195346561552586
Y537S,apo,146,1,0,-1.081879068127266,-0.6666294888231701
Y537S,apo,94,3,0,-1.0716719013851965,4.835794069700921
Y537S,apo,246,4,0,-1.0853114848380117,0.009619493054787142
Y537S,apo,78,3,0,0.3957989195526249,0.11196582140904994
Y537S,apo,91,1,0,0.007114444387048955,0.2969426318958998
Y537S,apo,76,4,0,-0.2912163763211185,5.166751889667867
Y537S,apo,156,0,0,-0.71230539387467,-1.0306927592353068
Y537S,apo,248,4,0,-0.809701166886098,-0.14709940973977378
Y537S,apo,44,3,0,-0.2802655568411256,0.24405092138052553
Y537S,apo,201,4,0,-0.4799631061630108,-0.5230143755943099
Y537S,apo,177,1,0,-0.3858393309774172,-0.04975979639494061
Y537S,apo,243,1,0,-0.9594036751564742,-0.41761889870794977
Y537S,apo,15,3,0,0.5645039849669286,-0.06862869745989553
Y537S,apo,173,1,0,-0.21488722239367877,-0.2854629343599714
Y537S,apo,182,2,0,-0.2708803357807023,5.795543933045303
Y537S,apo,87,0,0,0.16225069705494463,0.1768704263815277
Y537S,apo,230,2,0,-1.3018278271746695,-0.6849452420914155
Y537S,apo,112,2,0,-0.4505882060565467,5.3954819173419795
Y537S,apo,181,3,0,-0.697679377649977,-0.3733982561877146
Y537S,apo,92,3,0,-0.28929531185573776,-0.11219240377894146
Y537S,apo,123,4,0,-0.2823254722207868,-0.1844897492952691
Y537S,apo,212,0,0,-0.053744296893940634,-0.5775740880292224
Y537S,apo,170,3,0,-0.3236076366669151,-0.2405048838863991
Y537S,apo,111,1,0,-1.0494915988476063,-0.129112870799857
Y537S,apo,107,4,0,-1.0239227279538667,0.05427451940445093
Y537S,apo,62,4,0,0.26185555855949044,0.7070672245802347
Y537S,apo,220,2,0,-0.05792129845047787,-0.2518983382579625
Y537S,apo,170,0,0,-0.29716896656032676,-0.16950817999724893
Y537S,apo,238,3,0,-0.7089648210121386,-0.18846900450774737
Y537S,apo,151,2,0,-0.3881116145661153,-0.41201245277459364
Y537S,apo,208,3,0,-0.1425900027525823,0.7120954855539815
Y537S,apo,246,0,0,-0.7339704854090271,-0.48632986683583207
Y537S,apo,244,4,0,0.526063883938642,-0.42125870237446067
Y537S,apo,188,4,0,-0.35800437685751924,0.07364014273585118
Y537S,apo,8,1,0,-0.11184609353333458,-0.3471665926579753
Y537S,apo,53,3,0,-0.36106308758593686,0.5364262764416378
Y537S,apo,202,3,0,-0.9406258694057296,-0.7998932867861702
Y537S,apo,223,3,0,0.7793769103330476,-0.18890724270567594
Y537S,apo,211,2,0,-0.5573451028636183,-0.1397646891832495
Y537S,apo,227,1,0,-0.851085585436098,0.3683825550476772
Y537S,apo,148,2,0,-0.5265210505755767,-0.2590586222576341
Y537S,apo,141,2,0,0.35826623352757087,-0.8656326971850903
Y537S,apo,162,1,0,-1.5747343907576008,-0.8876622440578306
Y537S,apo,76,3,0,0.5826685130368074,-0.21314307227950707
Y537S,apo,161,0,0,-1.2864079438923632,-0.774871143367546
Y537S,apo,2,4,0,-0.9104796374195214,-0.05222310283437859
Y537S,apo,82,2,0,-1.3536431828959965,-0.27409487674424204
Y537S,apo,108,0,0,-0.5220961524962634,-0.09151967243367941
Y537S,apo,117,0,0,-1.5856459937031069,-0.44299894962426034
Y537S,apo,188,0,0,0.12267263697519733,0.03337913185249909
Y537S,apo,25,0,0,-1.0326419579553072,-0.23190147714555345
Y537S,apo,175,4,0,0.30534791241867737,-0.7189128422662717
Y537S,apo,46,0,0,-0.7685132006232166,0.3385323105136576
Y537S,apo,201,3,0,-0.5759277430781227,-0.6135656989299418
Y537S,apo,149,0,0,-0.3320005023923938,5.70786624697301
Y537S,apo,193,4,0,-0.47560224327390477,-0.45996514521071963
Y537S,apo,18,1,0,-0.6489183181865581,0.03450476119462836
Y537S,apo,92,4,0,-1.1885822162351387,5.074443691189257
Y537S,apo,73,1,0,-0.5527543655023496,-0.4879407581270526
Y537S,apo,33,1,0,-1.0200215348003017,-0.8809849072937619
Y537S,apo,156,4,0,-0.6563312149645,-0.32120923040488536
Y537S,apo,71,1,0,-1.1310392944059846,-0.29090002524436964
Y537S,apo,187,0,0,-0.1758011544666306,-0.48986793113817056
Y537S,apo,32,0,0,-0.8073533460205756,0.17462716928913977
Y537S,apo,99,3,0,-0.06813731863518885,-0.22361424290386872
Y537S,apo,207,3,0,-0.8453854263682236,-0.38517641862577984
Y537S,apo,217,2,0,0.36844308691576366,6.192560516727379
Y537S,apo,204,4,0,-0.389018029160718,-0.6034665591585046
Y537S,apo,30,2,0,-0.9055345786113261,-0.7446516030015136
Y537S,apo,134,2,0,-0.8998981064174948,-0.5611939497090471
Y537S,apo,154,0,0,-0.9071351310672678,-0.19441655671104666
Y537S,apo,225,3,0,-1.1114133840395681,-0.33299816700809926
Y537S,apo,91,3,0,-0.7325407831172346,-0.94963290244433
Y537S,apo,248,0,0,-1.4167086053390683,0.18978005329887013
Y537S,apo,96,2,0,0.05357654648094043,-0.06855269354134157
Y537S,apo,178,1,0,-0.4016581630369148,-0.5912073738280371
Y537S,apo,195,0,0,-1.030126533469334,-0.2974699544335392
Y537S,apo,108,2,0,-0.5381544928355083,-0.4817419083868047
Y537S,apo,136,3,0,-0.011789769437365052,-0.6247330410651016
Y537S,apo,48,1,0,0.4024237148768907,0.0422809365865575
Y537S,apo,243,4,0,-0.2678593345308259,-0.09052276051834428
Y537S,apo,2,2,0,-0.23656487174508425,0.026480351904344723
Y537S,apo,92,1,0,0.15232152476967906,-0.39314657605039793
Y537S,apo,149,1,0,-0.8542747989953339,-0.7379040869574358
Y537S,apo,29,0,0,-0.1211892501144383,-0.34249470050033365
Y537S,apo,167,2,0,-0.3654157471685919,-0.3081043015101264
Y537S,apo,200,0,0,-0.791092948474445,5.10872206284486
Y537S,apo,78,2,0,-0.8305035373572195,-0.31672266727805976
Y537S,apo,190,2,0,-0.7513595984590085,-0.40431902419196325
Y537S,apo,67,2,0,-0.705832272119195,-1.0629256983852862
Y537S,apo,172,1,0,-0.47869959862778894,-0.5566762210376941
Y537S,apo,135,4,0,-0.6245375086777784,-1.0863570063477832
Y537S,apo,69,0,0,-1.26078625378605,-0.4760887195074542
Y537S,apo,61,0,0,-1.3297680154762603,-0.6451867835366303
Y537S,apo,69,1,0,-0.6182100929504972,-0.7376499375545954
Y537S,apo,187,3,0,0.5275915351744455,0.1472054521553565
Y537S,apo,170,1,0,-0.9615090629940013,0.1374995693836877
Y537S,apo,34,4,0,-0.36435066543936295,-0.032704931273764844
Y537S,apo,168,0,0,-0.3855539340722003,-0.2262662836049054
Y537S,apo,67,1,0,-0.7255529404650207,-0.38041161988066163
Y537S,apo,49,2,0,0.27967671366447616,3.196425604544782
Y537S,apo,72,1,0,-0.9810567100470033,-0.8810332026391212
Y537S,apo,229,1,0,-0.31681484028547313,5.002741338197877
Y537S,apo,53,2,0,-0.413998592208538,-0.6406775169516873
Y537S,apo,184,4,0,-0.566572588556932,-0.3607714914548321
Y537S,apo,174,3,0,-0.2821677314638527,-0.14084596382037518
Y537S,apo,88,3,0,-0.387693428164413,-0.1461681593153344
Y537S,apo,242,2,0,0.6341455108060444,5.035715468788826
Y537S,apo,90,3,0,0.05381555559849488,5.519625546192715
Y537S,apo,241,2,0,-0.17459705835397346,-0.10746697225312278
Y537S,apo,189,2,0,-0.30779198944465214,-0.1518637515111422
Y537S,apo,106,4,0,0.0616205881237571,-0.2956763260889962
Y537S,apo,74,3,0,-0.37193404697625404,-0.05476113879030641
Y537S,apo,180,2,0,-0.10159060959759,0.3861974517226744
Y537S,apo,219,2,0,-1.4229345430030298,-0.26352970065851894
Y537S,apo,22,1,0,-1.0920033073545645,4.978247215304542
Y537S,apo,149,4,0,-1.5121261151236889,-0.315119287328098
Y537S,apo,181,1,0,-1.1662252507851356,0.06577220430593157
Y537S,apo,164,1,0,0.13900413440100368,0.40347462315802524
Y537S,apo,81,2,0,0.07569564414896943,-0.17423066780900234
Y537S,apo,183,2,0,0.220472824684962,-0.539660276184881
Y537S,apo,39,2,0,-0.47323479429137966,5.628903168381666
Y537S,apo,71,4,0,-0.4925746443374604,-0.15603307526383664
Y537S,apo,57,1,0,-0.18757152244235234,-0.4520494690484466
Y537S,apo,129,1,0,-0.2456514490596638,-0.8477036050932862
Y537S,apo,109,3,0,-0.6902353096454287,-0.24637176067247213
Y537S,apo,240,1,0,-0.9660429828963478,-0.6795446083265227
Y537S,apo,117,1,0,-0.1481063072963065,0.2586954719241138
Y537S,apo,42,4,0,0.035253279337214546,0.20836656796491485
Y537S,apo,32,1,0,-0.9691869789534462,-0.15044091469741022
Y537S,apo,226,4,0,-0.9395185204750139,-0.3775872636335723
Y537S,apo,217,3,0,-0.1399094028025714,5.850267236497835
Y537S,apo,236,4,0,-1.2016394859280561,-0.05426359371871301
Y537S,apo,202,1,0,-0.27138840536848663,-0.25365020048797055
Y537S,apo,169,3,0,-0.8107977912036196,0.05266909789136041
Y537S,apo,12,3,0,-0.4441817198947635,-0.09620818564716349
Y537S,apo,233,4,0,0.6854686429805947,5.671108869776869
Y537S,apo,46,1,0,-0.41728300435384164,0.05176955101202172
Y537S,apo,53,0,0,0.14929491060466415,0.17815273900321518
Y537S,apo,178,2,0,-0.8571457477271013,0.05082513402412662
Y537S,apo,12,1,0,-0.32896314644091745,-0.1557555668171434
Y537S,apo,15,2,0,-0.32757412136655867,-0.20907985195223242
Y537S,apo,234,1,0,-0.17273593761348346,-0.16947112154937322
Y537S,apo,68,3,0,-0.7788548203008429,-0.6879693895550709
Y537S,apo,73,0,0,-0.18861187927858228,-0.18833301808285693
Y537S,apo,194,2,0,-0.844158317910836,-0.4642678653102151
Y537S,apo,99,0,0,-0.131681705066392,-0.7374823770931392
Y537S,apo,222,4,0,0.28791734018398124,0.1989082243437518
Y537S,apo,179,3,0,0.6719342839051202,0.7131776329610533
Y537S,apo,179,0,0,-0.5937591023598268,-0.553784347632129
Y537S,apo,116,1,0,-0.3397575337197921,0.27043613010268536
Y537S,apo,112,0,0,-0.6401441655035339,5.514439100602472
Y537S,apo,79,4,0,-0.6217617545932238,0.09324449371273985
Y537S,apo,217,1,0,-0.5197295801897317,-0.1723608921473325
Y537S,apo,111,3,0,-0.49111019707431985,-0.4658878378587311
Y537S,apo,71,3,0,-0.006846668125047539,-0.650702463316846
Y537S,apo,219,0,0,-0.07303680913028679,-0.411003242653088
Y537S,apo,47,2,0,-0.23458869998597995,0.003145757825759062
Y537S,apo,75,3,0,-0.40178079501823927,-0.32757411375281975
Y537S,apo,34,3,0,-0.3364077816847272,-0.17096451464135634
Y537S,apo,157,3,0,-0.4530811077463601,-0.22488131095113992
Y537S,apo,158,4,0,-0.6029521220357085,-0.30764722898837776
Y537S,apo,27,3,0,-0.784493821610647,0.026765445704882696
Y537S,apo,207,4,0,-0.9927616336487625,-0.2488470908295535
Y537S,apo,57,3,0,-0.46217749703848726,-0.14558630753190865
Y537S,apo,200,1,0,-1.1358663818657804,-0.29059595008970385
Y537S,apo,184,0,0,-1.258067105104948,-0.26293968766847137
Y537S,apo,124,0,0,-0.5949861342598971,-0.40476002268287353
Y537S,apo,9,2,0,-0.43486194207124895,0.44976251590553495
Y537S,apo,94,2,0,-0.8078663561927725,-0.26204161797412867
Y537S,apo,28,2,0,0.15191039470158402,-0.5154717429921823
Y537S,apo,157,0,0,0.3617062928685996,5.875975119480325
Y537S,apo,101,1,0,-0.10849374113601383,-1.0539860613408591
Y537S,apo,233,3,0,-0.6963211820198069,-0.6657319560941897
Y537S,apo,33,3,0,-0.5921864841501303,5.255540463518054
Y537S,apo,168,1,0,-0.5800028660155515,0.5344859438199309
Y537S,apo,41,0,0,-0.6621563899210032,0.23049573414578522
Y537S,apo,197,1,0,-1.1931103181715768,0.12524547120140042
Y537S,apo,226,3,0,-0.12279445432680527,-0.1644931223957503
Y537S,apo,18,0,0,-0.7771864094486828,-0.008353652022089741
Y537S,apo,222,2,0,-0.5326572903080815,5.408587545778096
Y537S,apo,18,3,0,-0.39727495231356913,-0.4406290281931572
Y537S,apo,46,2,0,-0.5736235739167915,5.706862616060947
Y537S,apo,88,0,0,-0.2559311647481517,-0.4421265888050972
Y537S,apo,230,3,0,-0.2536672025662098,5.506364557139186
Y537S,apo,109,4,0,-0.859505921148221,0.09528193104142628
Y537S,apo,61,1,0,-0.633406847957956,-0.6123999026791414
Y537S,apo,57,4,0,0.19252863144921012,0.43766082565373293
Y537S,apo,212,4,0,-0.6247575861482366,5.383532753369231
Y537S,apo,202,0,0,0.6312071036004366,0.2568786218824214
Y537S,apo,61,3,0,-0.4751106892118461,-0.5564912593412292
Y537S,apo,143,3,0,-0.846192524609109,9.469831127190505e-05
Y537S,apo,102,4,0,0.3468320716062547,5.684420196076444
Y537S,apo,249,1,0,-0.24168614650296794,0.2738864762116856
Y537S,apo,70,4,0,-0.6555203532303294,-0.6439683269170406
Y537S,apo,27,0,0,-0.527557562971842,0.029273489412103525
Y537S,apo,110,3,0,-0.47164100126897723,-0.5119207262745377
Y537S,apo,205,3,0,-0.7583807247889053,-0.10505823582474873
Y537S,apo,38,2,0,0.14734562820141464,-0.23926258181375887
Y537S,apo,15,0,0,-0.7962015428235103,-0.4506790960324825
Y537S,apo,12,4,0,-0.8897531674669672,-0.9307160124777362
Y537S,apo,144,0,0,-0.5733922768706673,-0.14031672086212
Y537S,apo,124,1,0,-1.1824072178163336,-0.011789975121102214
Y537S,apo,151,4,0,-1.1702244004251205,-0.42788635274825604
Y537S,apo,1,0,0,-0.6209774345392931,0.07467759526090938
Y537S,apo,114,1,0,-0.5234497890739742,-0.020058726042811458
Y537S,apo,70,1,0,-1.2815499257910217,-0.477228713663174
Y537S,apo,105,2,0,0.7441361474544219,0.13815774977133657
Y537S,apo,237,2,0,-0.9772182008030028,-0.5386941407081894
Y537S,apo,204,2,0,-0.7209857233747881,5.1367669222649734
Y537S,apo,77,1,0,-0.5056995226228269,-0.47960264849766326
Y537S,apo,84,1,0,-0.11873105713730635,0.03181091946141062
Y537S,apo,89,0,0,-0.4582266218768975,-0.5441322032500986
Y537S,apo,226,2,0,-0.3520273034860284,-0.6414729819150946
Y537S,apo,33,0,0,-0.44098130422830917,0.6470189365203503
Y537S,apo,101,4,0,-0.8270552774849977,-0.5918590818252226
Y537S,apo,111,4,0,-0.06393634292674695,-0.047830966895011144
Y537S,apo,6,3,0,-0.0623677679684051,-0.18026762434425017
Y537S,apo,208,4,0,-0.27208835061390335,-0.2720589153814871
Y537S,apo,116,4,0,-0.5270704002166758,-0.811123557101534
Y537S,apo,37,3,0,0.3371657059171563,-0.5496958120649983
Y537S,apo,131,3,0,-0.4846671106487601,0.4044106887049793
Y537S,apo,233,1,0,-0.36372019742929496,5.451368205138972
Y537S,apo,85,1,0,-0.34575740546012784,-0.3860739136314569
Y537S,apo,61,2,0,-1.1495034711020071,0.04010653621759136
Y537S,apo,215,3,0,-0.3833396075477295,-0.5450819091288583
Y537S,apo,14,4,0,0.007145411107723639,-0.2217313688270063
Y537S,apo,117,2,0,-0.5718053227003442,0.09166781987014555
Y537S,apo,86,2,0,-0.07597669092225515,-0.3576614301461251
Y537S,apo,137,4,0,-0.3074032224908318,5.593169924818057
Y537S,apo,108,1,0,-0.8513128816086507,0.2381957045041017
Y537S,apo,140,0,0,-0.9547286246911558,-0.31794420320266653
Y537S,apo,71,0,0,-0.5575437661791661,5.089963271066924
Y537S,apo,118,0,0,0.1802974702409191,0.33587609831978843
Y537S,apo,43,0,0,-0.792229158737614,-0.4495747849735557
Y537S,apo,120,3,0,-0.5044467218800914,0.06739985683785489
Y537S,apo,184,2,0,0.2714350903920246,0.03031885842689906
Y537S,apo,22,2,0,-1.7171541193099809,5.054557467352139
Y537S,apo,225,4,0,-1.3547324945429289,-0.44675215464659485
Y537S,apo,188,1,0,-0.32134352443754927,-0.6397710046725011
Y537S,apo,237,4,0,-0.37063894869586433,-0.42455946599619654
Y537S,apo,21,2,0,-1.4590946687701938,-1.077938050443375
Y537S,apo,160,4,0,-0.6794528763391804,-0.40957810715084647
Y537S,apo,244,1,0,-0.6988995686963627,-0.1627241949099761
Y537S,apo,229,0,0,-0.6890497862355528,4.609546207644222
Y537S,apo,131,0,0,-0.40113310058467455,-0.9477240115779669
Y537S,apo,205,4,0,-0.6300821756426893,-0.880810956024047
Y537S,apo,229,4,0,-1.4181093967312663,-0.20010055318644976
Y537S,apo,79,0,0,-0.11430118491033997,-0.506622669862447
Y537S,apo,202,2,0,-0.23086472656803333,-0.22586919128823355
Y537S,apo,178,0,0,-0.38160264149690726,0.6793834315495334
Y537S,apo,73,4,0,0.38463770918634405,-0.2763041899511178
Y537S,apo,106,0,0,-0.2895217180518246,-0.31670388486171713
Y537S,apo,123,2,0,-1.3834562075278853,-0.5788053372338037
Y537S,apo,91,4,0,-0.6189374740225102,0.4395889395976607
Y537S,apo,181,4,0,-0.6911131284721388,-0.22630579786319824
Y537S,apo,231,2,0,-0.5909722144014247,-0.5872592136630806
Y537S,apo,103,4,0,-0.40573196051029436,-0.7341254138641005
Y537S,apo,121,3,0,-0.07121647215899626,0.27356849449175835
Y537S,apo,190,3,0,-0.5808816430510054,-0.10239798067294228
Y537S,apo,147,4,0,-0.6224477798553417,-0.14355792475021983
Y537S,apo,41,4,0,-0.07619430099424254,-0.4571140869258984
Y537S,apo,25,4,0,-0.8779550388892713,-0.4585513521421823
Y537S,apo,157,4,0,-0.14954586520970956,0.005700453924572025
Y537S,apo,125,3,0,0.3230815557644896,0.14437206311313067
Y537S,apo,112,3,0,-0.05800252345853453,5.438376995828528
Y537S,apo,249,4,0,-0.12698236510345026,-0.44023142279460253
Y537S,apo,26,2,0,0.0959772180594726,0.08862179673267735
Y537S,apo,45,1,0,-0.4400008369426674,-0.10502350681700022
Y537S,apo,119,3,0,-0.2724952296835672,0.17984396300776836
Y537S,apo,215,0,0,-0.22797528243203505,-0.2551150395854146
Y537S,apo,228,4,0,0.01838129184328888,5.339504416539808
Y537S,apo,237,3,0,-0.046949078116219414,-0.5181654322832391
Y537S,apo,172,0,0,-0.6265297517672339,-0.09799610540743724
Y537S,apo,1,3,0,-0.6100730223686838,0.22996622026334818
Y537S,apo,89,1,0,-0.17480187214637918,-0.2043979691510961
Y537S,apo,225,2,0,-0.16083449178730086,-0.47318038716267524
Y537S,apo,227,4,0,-0.1164110913005111,-0.2187825696602237
Y537S,apo,117,3,0,-0.8168522697632559,5.092334940956064
Y537S,apo,224,2,0,-0.5326397562379588,-0.3557458674417889
Y537S,apo,144,4,0,0.03202889500190958,-0.3211754377534944
Y537S,apo,195,2,0,-0.17320403189432487,-0.6056535076969646
Y537S,apo,211,1,0,-0.5724383651268237,-0.2103773416028173
Y537S,apo,62,0,0,-0.1666728510509673,0.10603998412180339
Y537S,apo,188,3,0,-0.47097665720765014,0.34322679151625496
Y537S,apo,139,2,0,-1.5810841768657922,-0.3804280380489057
Y537S,apo,24,4,0,-0.5670434207893003,0.2886852458395241
Y537S,apo,164,0,0,0.37671849523776535,0.43972065466964855
Y537S,apo,205,0,0,0.34901376591837635,-0.4714854921934139
Y537S,apo,149,2,0,0.1311504016296746,-0.69597373553903
Y537S,apo,143,2,0,-0.4972976925353095,0.23150040015726256
Y537S,apo,10,1,0,0.10705241917461271,0.5945719240515198
Y537S,apo,14,2,0,0.45476279809572506,4.84510996318845
Y537S,apo,151,1,0,-1.6031956118722148,4.61253127310424
Y537S,apo,106,3,0,-0.5826917371896381,-0.20906770746704578
Y537S,apo,112,4,0,0.07479803881019147,-0.5169809406312069
Y537S,apo,22,0,0,-0.16619455086225218,5.290396932734517
Y537S,apo,209,4,0,-0.6584355146267533,-0.48030395967671174
Y537S,apo,157,2,0,0.38786500047490247,-0.5192588750234676
Y537S,apo,30,0,0,0.30042483185121915,0.12098781193832113
Y537S,apo,47,1,0,0.04701927105519989,-0.049274017886873474
Y537S,apo,247,0,0,-1.600231565711036,-0.3288213650955761
Y537S,apo,93,0,0,0.17586883920544746,-0.20984789106815266
Y537S,apo,202,4,0,-0.0034934026093570445,-0.5233730908203881
Y537S,apo,25,1,0,0.06673158613523131,0.22605847863098819
Y537S,apo,246,3,0,-0.3472007591887697,5.348161276794391
Y537S,apo,159,2,0,-0.3630618336046159,-0.3987160197896085
Y537S,apo,167,3,0,0.2580253082671831,-0.8784627839912802
Y537S,apo,245,4,0,0.003256846739782307,-0.1355927403316751
Y537S,apo,55,1,0,-0.6412589135927135,0.03395894959631746
Y537S,apo,160,2,0,-0.6557956454727566,0.21485387031435083
Y537S,apo,60,1,0,0.267762166908021,-0.12792907871855194
Y537S,apo,106,2,0,-1.2092579953509714,-0.06162639514809416
Y537S,apo,130,4,0,-0.2419803933012096,0.013874309481016008
Y537S,apo,147,3,0,0.20510755983360957,-0.14979534800082664
Y537S,apo,38,1,0,-0.8832261773265501,-0.24746678062573108
Y537S,apo,218,2,0,0.2401122110595015,-0.22153319850095543
Y537S,apo,22,3,0,0.0720522116610853,-0.5216546677926726
Y537S,apo,113,3,0,-0.6788761990204341,-0.3211039380869713
Y537S,apo,93,4,0,-0.3844486817437971,5.081550890461901
Y537S,apo,6,4,0,0.37067848802663766,-0.49070542061386485
Y537S,apo,30,3,0,-0.5325996528323103,-0.6179930059622706
Y537S,apo,175,1,0,-0.5200475599261196,-0.4933784949366204
Y537S,apo,108,3,0,-1.1215667412040693,-0.7308188335327876
Y537S,apo,112,1,0,-0.21375585999747587,0.3097063821246485
Y537S,apo,59,4,0,0.34307778199638655,-0.09992866354269551
Y537S,apo,43,3,0,-1.0070884269767157,-0.3719710665532989
Y537S,apo,3,4,0,-0.15170604870745422,-0.4183857600575763
Y537S,apo,171,0,0,-0.6810103394533219,-0.6579737484181052
Y537S,apo,8,2,0,-0.770663180788953,-0.23492282979635185
Y537S,apo,155,0,0,0.8394970667927376,-0.5992516475619317
Y537S,apo,176,3,0,-0.6885160543551022,-0.7805116395999664
Y537S,apo,30,4,0,-0.5961105408483491,-0.5260020756519531
Y537S,apo,151,0,0,0.20102956840095587,0.19305141921112637
Y537S,apo,121,1,0,0.9636356609066266,0.5865039066848955
Y537S,apo,13,3,0,-0.39023685118163803,-0.38500757902158034
Y537S,apo,56,0,0,-1.2571867127199348,0.03354351547268691
Y537S,apo,3,0,0,-1.070078773589901,-0.6186345890642884
Y537S,apo,159,0,0,-0.8109110536588421,-0.09705868334470796
Y537S,apo,142,0,0,-0.15369782653827002,-0.057248320764512965
Y537S,apo,201,0,0,0.5258559426993723,-0.015332911824354983
Y537S,apo,167,0,0,-1.1100707754195416,-0.46361533798783106
Y537S,apo,187,1,0,-0.3924941388493686,0.25704867622797206
Y537S,apo,41,3,0,-0.31393097466868947,5.3029964892313135
Y537S,apo,201,2,0,-0.3800138228549808,0.09600952954462416
Y537S,apo,240,3,0,-0.04562313591840769,0.03765379649429191
Y537S,apo,125,2,0,-0.8082341550357477,-0.6165447143870711
Y537S,apo,110,0,0,-0.8186377893774834,-0.021744764195863846
Y537S,apo,192,0,0,-1.0730412820170157,-1.1191965775391746
Y537S,apo,136,2,0,-0.2407251793373869,-0.022746333476885944
Y537S,apo,212,2,0,0.027821076401924917,-0.2949519705109375
Y537S,apo,7,4,0,-0.3517893699747231,0.5070983343549965
Y537S,apo,136,0,0,-0.12601039328884653,4.9266226285055605
Y537S,apo,222,0,0,0.32755725054705476,5.187450844112011
Y537S,apo,128,3,0,0.431524520429927,-0.0828287739796649
Y537S,apo,107,3,0,-0.33830804217555893,0.14397439046079458
Y537S,apo,160,3,0,-1.334627157981128,-0.46101681263095573
Y537S,apo,85,4,0,-0.6807875480463041,4.82247059921924
Y537S,apo,149,3,0,-0.3429050721129157,-0.11285731480593379
Y537S,apo,2,0,0,0.294855925242191,0.17364329039036255
Y537S,apo,24,3,0,-0.6239454183807227,-0.19722514613807202
Y537S,apo,240,4,0,0.07369796645048336,0.1919837578021862
Y537S,apo,209,3,0,-1.193410654129769,-0.15245381222769547
Y537S,apo,222,3,0,-0.13476504662411146,0.3417567564428041
Y537S,apo,3,2,0,-0.3200870857090719,-0.05579095113941562
Y537S,apo,175,0,0,-0.07665130021297176,0.4151364013069883
Y537S,apo,128,1,0,0.5727934131835432,-0.18611807177382672
Y537S,apo,86,3,0,-0.6505474858424022,-0.44087877527639807
Y537S,apo,70,3,0,-0.25329845851770444,-0.43441373264837174
Y537S,apo,168,3,0,-0.7531192709526187,-0.5572920002374995
Y537S,apo,245,1,0,-0.49726400297345363,0.37511261233567833
Y537S,apo,7,0,0,-0.6306031144056267,-0.8268886411737756
Y537S,apo,66,3,0,0.0016868341663259336,4.473887564256724
Y537S,apo,211,4,0,-0.6504869774556475,-0.0020054246026371477
Y537S,apo,88,2,0,0.022493521100020283,-0.3658065034681244
Y537S,apo,113,1,0,-0.697337323238013,-0.45575773077620263
Y537S,apo,197,2,0,-0.18027289497567914,-0.2118792835474239
Y537S,apo,94,4,0,0.14112564909330805,-0.06376493185146984
Y537S,apo,172,2,0,0.8621585286669469,-0.053402004290477735
Y537S,apo,229,2,0,-0.8932739844107642,-0.6690846153836992
Y537S,apo,95,0,0,-0.6172897597389971,-0.007377051967417535
Y537S,apo,128,0,0,-0.6267359527534732,4.71783777705762
Y537S,apo,59,2,0,-0.9809884943042675,4.996653095748671
Y537S,apo,110,1,0,0.6042194597141648,0.4932837930859833
Y537S,apo,245,3,0,-0.3338459827072127,-0.5294719833251482
Y537S,apo,197,3,0,-0.09008187702694496,0.4706707456551847
Y537S,apo,211,0,0,-0.7342241654045945,4.972830542975772
Y537S,apo,235,0,0,-0.4550601127929577,-0.24276472071542457
Y537S,apo,101,3,0,-0.5082204626135096,-0.45079293047943647
Y537S,apo,197,0,0,-0.30889625497823003,-1.1412937206817806
Y537S,apo,47,3,0,-0.8509464455501782,-0.1549844002522367
Y537S,apo,30,1,0,-0.5969526247290979,-0.28336112202900254
Y537S,apo,48,4,0,-1.0280831233769077,0.11077955359721467
Y537S,apo,171,4,0,-0.009202112340220493,5.639506276917598
Y537S,apo,77,4,0,0.04247942352946905,-0.5741981777551775
Y537S,apo,82,3,0,-0.565353357363157,4.796997972272748
Y537S,apo,146,3,0,-0.5026248641887907,-0.5547109464849962
Y537S,apo,171,3,0,0.38645493782243967,-0.5138638184123996
Y537S,apo,124,4,0,0.14534968615281926,-0.1918301526203634
Y537S,apo,151,3,0,-0.4913972066234881,-0.48890717624660424
Y537S,apo,144,1,0,-0.5715948806656791,0.3878628242508388
Y537S,apo,56,1,0,-0.4240508506874081,-0.14454970601353026
Y537S,apo,152,3,0,0.0318788472271573,4.77445931280464
Y537S,apo,77,0,0,-0.38726017423973674,0.2147813176194896
Y537S,apo,43,2,0,-0.19968730950749936,-0.8825331982527701
Y537S,apo,95,2,0,-0.4206391636536916,-0.4919439981459508
Y537S,apo,27,1,0,-0.6633855246184864,-0.6467469200808595
Y537S,apo,89,2,0,0.4284903577755203,-0.28371908383886807
Y537S,apo,125,1,0,-0.5674773336025699,0.011981169998672922
Y537S,apo,146,2,0,0.870353172625727,0.31650179996623284
Y537S,apo,32,4,0,0.1614669195475328,-0.7405078955879931
Y537S,apo,39,0,0,-0.3782746254058565,-0.17660199871215163
Y537S,apo,63,1,0,-0.9887797195185587,-0.1981428503620948
Y537S,apo,70,0,0,0.5993217596211499,-0.35822826719215445
Y537S,apo,55,2,0,-1.1462909375857484,5.303961731684733
Y537S,apo,133,3,0,-0.5827423379984156,-0.19467505565603527
Y537S,apo,201,1,0,0.10304131500783684,4.862716584341395
Y537S,apo,210,4,0,-1.2547005143660732,0.40342494700375053
Y537S,apo,89,3,0,-0.2908775427781421,-0.1298048707481514
Y537S,apo,56,3,0,-1.0118468050593945,-0.4295394583408672
Y537S,apo,192,1,0,-1.4216174852725951,-0.3758450689152208
Y537S,apo,94,0,0,0.3156512059091853,0.165439046702994
Y537S,apo,208,0,0,-0.15603536957279807,-0.8049624374205365
Y537S,apo,95,1,0,0.1873016242547896,0.32465729701283463
Y537S,apo,140,1,0,-0.7873653477208445,0.7816955001401278
Y537S,apo,1,2,0,0.6571961034285132,-0.4281195871404626
Y537S,apo,191,4,0,0.11231552841689327,0.19119511220522467
Y537S,apo,160,1,0,-0.2290042185347559,4.835051738923989
Y537S,apo,245,2,0,-0.8306501324843114,5.205521446671039
Y537S,apo,37,4,0,-0.7748177743678926,-0.1286557633455941
Y537S,apo,142,2,0,-0.8280486609613936,0.004057276833100494
Y537S,apo,215,4,0,-0.23865387343321437,-0.4749177609637337
Y537S,apo,59,3,0,-0.9309883772654662,-0.5702873455433294
Y537S,apo,172,4,0,0.32098069850781413,-0.3570795959379256
Y537S,apo,116,2,0,-0.22080858772023607,-0.18161678245123597
Y537S,apo,181,0,0,-0.08881553052104908,-0.35946048955183574
Y537S,apo,102,2,0,-1.7895667427920874,4.53908109330987
Y537S,apo,43,1,0,-1.223160828722701,-0.2771171437970172
Y537S,apo,168,2,0,0.5700479564130299,-0.34714633597419153
Y537S,apo,128,2,0,-0.48584579828588165,-0.15813287450732758
Y537S,apo,187,4,0,-1.206045739848409,5.2080622148964615
Y537S,apo,190,1,0,-0.5203627798811652,-0.5469976770640527
Y537S,apo,204,1,0,-1.2468865084054646,-0.3204408130288275
Y537S,apo,25,3,0,0.10924362709049659,0.13916211510276394
Y537S,apo,56,2,0,-0.27311345827394456,-0.45900314310315254
Y537S,apo,23,3,0,0.12078364590123541,-0.400602691175064
Y537S,apo,141,3,0,-0.9258476059251347,-0.34246745409465756
Y537S,apo,167,1,0,-0.21807435909693906,-0.12452981332677583
Y537S,apo,114,4,0,-0.30659843525770625,5.846199231717986
Y537S,apo,31,0,0,0.04197824311243987,5.309984321918375
Y537S,apo,155,4,0,-0.37587934339208784,-0.014800847394357644
Y537S,apo,212,3,0,-0.011881970724639195,-0.4166187243248881
Y537S,apo,125,0,0,-0.7930342330007637,-0.5711030772322461
Y537S,apo,233,0,0,-0.329982162715294,-0.3325632359909722
Y537S,apo,218,0,0,-0.26237403284017713,-0.7796099721390942
Y537S,apo,130,0,0,0.5292546924262422,0.5539969997533034
Y537S,apo,78,1,0,-0.6840218604462504,-0.4422803117488663
Y537S,apo,171,2,0,0.3366729067410018,-0.35113026313372203
Y537S,apo,142,4,0,-0.737793236416472,-0.04249613484406686
Y537S,apo,197,4,0,-0.6503151009303447,5.4796915550852
Y537S,apo,23,2,0,0.46291223512532137,0.5236447181349024
Y537S,apo,56,4,0,-0.5790204621223994,5.067315197037989
Y537S,apo,155,1,0,0.3955099931595919,5.037598766668112
Y537S,apo,71,2,0,-0.4266385364342929,0.34463342383487916
Y537S,apo,114,0,0,-0.36834087462109255,-0.44257028747269156
Y537S,apo,37,0,0,-0.6365054299934411,-0.3824141927472381
Y537S,apo,249,0,0,-0.9193719007097393,-0.23389593275762927
Y537S,apo,228,1,0,-0.18519965384755868,-0.07815239376985117
Y537S,apo,2,1,0,0.19931200327603826,0.0351867577208417
Y537S,apo,55,3,0,-0.389690134413783,0.17891281385096106
Y537S,apo,88,4,0,-0.22915277900213468,-0.28053608617871484
Y537S,apo,67,4,0,-0.9882324118524876,5.364902894416998
Y537S,apo,102,1,0,-0.37788811388909754,-0.0033568123534001714
Y537S,apo,44,4,0,-0.21227585809101593,-0.31614545507167297
Y537S,apo,143,0,0,-0.1991394019606687,-0.2329808408240153
Y537S,apo,3,1,0,-0.07155189696977834,-0.47702982401580396
Y537S,apo,175,2,0,-0.45948141541564363,0.17420767706476503
Y537S,apo,175,3,0,-1.1221043946110236,-0.16328188303909347
Y537S,apo,65,3,0,-0.8723756237426743,0.14020279203579014
Y537S,apo,160,0,0,0.28733105308086687,0.5552924504119799
Y537S,apo,23,1,0,-0.5737928875573425,-0.45106812762472914
Y537S,apo,68,2,0,-0.7940836977563104,-0.5168820692988672
Y537S,apo,116,0,0,-0.6671359830063718,0.7403752739289612
Y537S,apo,134,0,0,-1.1484661703091152,-0.26870896680674944
Y537S,apo,101,2,0,-0.6989586427463983,0.13413331329682376
Y537S,apo,78,0,0,-0.785160299622153,-0.7382912567148382
Y537S,apo,134,4,0,-0.3881371808186731,-0.06174207881510239
Y537S,apo,65,2,0,-0.4590344170510047,-0.03709072263224824
Y537S,apo,59,1,0,-0.0762332519534662,-0.2539538042508348
Y537S,apo,143,1,0,-0.8186902626736363,0.4257059891160488
Y537S,apo,89,4,0,-1.5195167300319818,5.666951764032586
Y537S,apo,135,0,0,0.08050203879151975,-0.16890044914835975
Y537S,apo,77,3,0,0.09252082025474222,-0.2864473608279923
Y537S,apo,41,2,0,-0.10153774071018704,4.852892301696391
Y537S,apo,209,1,0,-0.1749555797799849,-0.44142551377639744
Y537S,apo,26,3,0,-0.7784112215861985,0.12724246243225093
Y537S,apo,146,0,0,-0.3403060178891954,-0.5858670829271463
Y537S,apo,86,4,0,-0.2015614950835174,0.024098135549492455
Y537S,apo,114,3,0,-0.337471574440205,-0.26204339156793865
Y537S,apo,65,1,0,-0.5995763374217291,-0.7476328279982478
Y537S,apo,95,3,0,-0.08195276550527349,0.139487371265994
Y537S,apo,114,2,0,0.5399467185343375,0.4041935278894513
Y537S,apo,101,0,0,-0.07078914733193462,0.03899010141909172
Y537S,apo,73,2,0,0.10711476097564342,-0.5401338686723002
Y537S,apo,26,4,0,-0.03692714374892106,0.24254632250249902
Y537S,apo,93,3,0,-0.27837642746123725,0.2128680856942204
Y537S,apo,82,1,0,-0.42353541797729877,-0.5233155014732024
Y537S,apo,24,2,0,-0.8766427085282102,0.16134981185600608
Y537S,apo,82,4,0,0.7711318778699887,-0.4476210953992698
Y537S,apo,43,4,0,-1.0876333684676942,-0.4557882974244834
Y537S,apo,26,0,0,-0.2675146838730267,-0.0071918831109314815
Y537S,apo,240,0,0,0.1648344531730861,0.1605051460963008
Y537S,apo,24,0,0,-0.5259165092243188,-0.26675446226346905
Y537S,apo,130,3,0,-0.025631782250959786,0.22890034027051243
Y537S,apo,53,4,0,0.127526106366415,0.3730962704981347
Y537S,apo,142,1,0,0.05914245353128049,-0.573062562929389
Y537S,apo,113,0,0,-1.0955463698512269,-0.7990626066582112
Y537S,apo,110,2,0,-0.24434893340225977,-0.3576922524098303
Y537S,apo,65,0,0,-0.6652923047791682,5.149906141649596
Y537S,apo,23,4,0,-0.024755366573312673,4.895641848878256
Y537S,apo,93,1,0,-0.3783147562049595,-0.5717350369398337
Y537S,apo,135,1,0,-0.8230369571717379,0.26277622861898825
Y537S,apo,65,4,0,0.2689965048913864,-0.04554173217397553
Y537S,apo,23,0,0,-0.4345879901164612,0.05596364947518287
Y537S,apo,85,3,0,-0.607623072623877,-0.787650390746068
Y537S,apo,110,4,0,-0.04278644682795534,0.09058032455853557
Y537S,apo,142,3,0,-0.5996866899617485,0.06737832923973912
Y537S,apo,190,4,0,-0.06548554739591646,4.402588460454145
Y537S,apo,153,1,1,56.682703321264114,-0.5405624977808828
Y537S,apo,81,3,1,56.91843201830609,-0.47877976065560063
Y537S,apo,117,4,1,57.97438379907983,0.21553080844449338
Y537S,apo,37,1,1,58.978434164293134,-0.6651272678930951
Y537S,apo,105,3,1,57.11285264510861,0.07250006006693854
Y537S,apo,105,1,1,60.177090011143314,-0.2018212229092309
Y537S,apo,10,2,1,58.99554061409827,0.36030837484581213
Y537S,apo,162,2,1,57.51568388686234,0.3787629547968321
Y537S,apo,144,2,1,56.91721326825052,-0.690069013825254
Y537S,apo,39,3,1,56.9381190587308,-0.12088920771131939
Y537S,apo,138,4,1,57.627896004508806,-0.5594742386923953
Y537S,apo,215,1,1,58.86263683480089,0.0798903062831689
Y537S,apo,195,4,1,57.22211818898754,0.5488749281327319
Y537S,apo,193,3,1,54.96333946070281,0.8740628513637382
Y537S,apo,166,4,1,59.765009960930385,0.9845629257859473
Y537S,apo,53,1,1,53.219958181464285,0.4318280592470136
