variant,state,seed,sample,cluster,PC1,PC2
WT,holo,84,0,0,29.22447162977707,6.26215065204703
WT,holo,84,1,0,29.37664303191781,6.248134152825223
WT,holo,84,3,0,29.185053708960055,6.245471417293807
WT,holo,84,2,0,29.681012074313927,6.705762582436709
WT,holo,84,4,0,29.551247657104668,6.185391847401458
WT,holo,189,2,1,-31.516761480837893,0.3368769761061188
WT,holo,172,0,0,28.895676451370235,-9.961681282822347
WT,holo,108,2,0,30.14544732819094,6.0038459164053215
WT,holo,136,1,0,29.59426247687631,5.809985218443124
WT,holo,125,4,1,-30.707163557606975,0.43284189085309777
WT,holo,128,3,1,-30.653098364088848,0.2474198786658235
WT,holo,125,3,1,-30.37513746925562,0.05930202817294372
WT,holo,3,0,0,30.266125112233993,5.817841746445012
WT,holo,54,0,0,29.074958071486734,4.7976084354818695
WT,holo,77,2,1,-31.120612861176074,-0.08169677813135934
WT,holo,125,0,1,-30.609329696497895,0.26932956429506305
WT,holo,230,2,1,-30.26804739940904,0.19844338066587852
WT,holo,172,4,0,29.792556184186267,6.2213289643333844
WT,holo,97,3,0,29.73131398937153,5.5027227709445015
WT,holo,91,3,0,30.038802837793185,5.779641321206942
WT,holo,178,2,1,-30.418286442443552,-0.14948870456453278
WT,holo,72,2,1,-31.043642675425975,-0.04859422544577541
WT,holo,223,4,1,-31.033706084751472,0.207781776677038
WT,holo,11,3,1,-30.467622201373338,0.28550488919393757
WT,holo,19,4,1,-30.32396159579855,0.05119775409313121
WT,holo,193,1,1,-30.3857039699121,0.48755252542161287
WT,holo,18,2,1,-31.018830794458488,0.2646800765882702
WT,holo,189,4,1,-30.48376032271429,0.34209018193417506
WT,holo,148,4,1,-30.408677762048054,0.1629092403361696
WT,holo,121,3,1,-31.117238385249507,-0.18565592394859465
WT,holo,146,3,1,-30.18826225158395,0.18450879957364918
WT,holo,199,2,0,30.22350639336514,5.203827394761966
WT,holo,241,0,1,-30.530535517617256,0.07152175505660097
WT,holo,182,0,1,-30.545264801848212,0.024104077354351716
WT,holo,31,0,1,-30.46784091726527,0.17053186087409244
WT,holo,92,1,1,-30.723493425115638,0.7524861641389933
WT,holo,193,2,1,-29.77622207496402,0.33414673638326065
WT,holo,217,4,1,-30.975222726155494,0.2542809556942345
WT,holo,209,2,1,-30.585501938667747,-0.022146115011103973
WT,holo,182,4,1,-30.450723505712745,-0.06701427336418675
WT,holo,100,3,1,-30.96929662044967,-0.10703421712386785
WT,holo,128,0,1,-30.150092389030483,-0.16948557839560863
WT,holo,153,0,0,29.033070779090536,4.812666821539668
WT,holo,226,3,1,-31.607404294681505,-0.26577639047753365
WT,holo,223,2,1,-30.531992556175304,-0.2747922415815154
WT,holo,209,4,1,-31.14001754759937,0.12315391034701406
WT,holo,6,0,0,28.887439703066264,1.6865516982939965
WT,holo,10,0,1,-30.23211824470671,0.10539743239591814
WT,holo,35,4,0,29.881468988559718,6.033402616673939
WT,holo,136,0,0,29.47751329266177,5.007014142725051
WT,holo,99,2,0,29.192516685558076,5.246525554121202
WT,holo,37,0,0,29.543002054337293,5.9030636722112355
WT,holo,48,4,1,-30.58139966394957,0.0024747193779361965
WT,holo,138,0,1,-30.28776320092913,0.053807284781065334
WT,holo,140,0,0,29.383534828095705,5.192627504359706
WT,holo,230,4,1,-30.065777995985524,-0.4137744409196742
WT,holo,51,4,1,-31.12805501799916,0.6108333604708207
WT,holo,234,0,1,-30.610123469695132,0.3559526441230787
WT,holo,128,4,1,-30.54645605129746,0.003255105442349304
WT,holo,92,3,1,-30.696129970347894,-0.07973150723065459
WT,holo,72,0,1,-30.325530636890697,0.26225512050483246
WT,holo,197,3,1,-30.046569834626965,0.2411394963788993
WT,holo,4,1,1,-30.410857914865723,0.2550151117518169
WT,holo,5,4,1,-29.994246325470684,0.06262223577421366
WT,holo,180,0,1,-30.74547583937663,0.12913147899622146
WT,holo,138,1,1,-30.64202156270072,0.29674710045173924
WT,holo,12,0,0,28.67334770746382,5.591142185773542
WT,holo,154,1,1,-30.30332286750548,0.03254833613228669
WT,holo,178,0,1,-30.831271947603426,0.48875522503247026
WT,holo,144,4,1,-30.41440274115489,0.016172013369121885
WT,holo,123,0,1,-30.207516726736642,0.2677054371305374
WT,holo,136,3,0,30.300738731243968,5.108084196616613
WT,holo,72,3,1,-30.863198275154623,0.23634912403827713
WT,holo,242,3,1,-29.988413908111056,0.1479399000511208
WT,holo,227,2,0,29.73259082924568,5.048324756521531
WT,holo,60,1,1,-30.65647692575377,-0.005854171211794323
WT,holo,199,4,0,28.723829322257856,5.241616864574656
WT,holo,92,4,1,-30.612705758367802,0.1653929090938604
WT,holo,54,3,0,28.61415628746846,5.590890210408578
WT,holo,189,3,1,-30.128316208021143,-0.153279804766278
WT,holo,19,2,1,-30.060506021519835,0.5230606600461982
WT,holo,125,2,1,-30.088348713266235,0.43115988753284995
WT,holo,146,0,1,-31.10964188314178,0.36935668525664056
WT,holo,91,4,0,30.238358176236687,5.570374582935184
WT,holo,187,3,1,-30.324065436062682,0.10484169241412644
WT,holo,223,1,1,-30.249264176565674,0.22451132568197352
WT,holo,230,1,1,-30.047813388375626,0.07522362677212868
WT,holo,72,4,1,-29.74564831099472,0.05452775277271371
WT,holo,223,3,1,-30.44612982880171,-0.07030263060325836
WT,holo,241,1,1,-30.67665624841788,-0.2878296166138128
WT,holo,233,4,1,-31.572892651167265,0.0783940618516894
WT,holo,121,4,1,-31.152291374096016,0.07020212959414351
WT,holo,92,0,1,-30.771478893498223,0.09024692412446456
WT,holo,101,2,1,-30.20810356559511,0.18513220531026775
WT,holo,168,2,0,30.656098956944305,5.246669966016405
WT,holo,19,0,1,-30.309662099239617,0.10363245479276628
WT,holo,100,1,1,-31.323572515684887,0.45070032927026915
WT,holo,105,4,0,28.69670206241524,5.3054750729158116
WT,holo,57,3,1,-30.810470672422927,0.06965781278324101
WT,holo,11,2,1,-31.00537887102164,-0.0012743581052063746
WT,holo,60,2,1,-30.617440635821023,0.16978978154852342
WT,holo,72,1,1,-30.299692246680188,0.24150184211394787
WT,holo,90,3,1,-29.70378181501429,-0.06595892935393977
WT,holo,57,2,1,-30.607112488332945,0.20424482267588928
WT,holo,94,3,0,29.629449270633344,4.650308700721574
WT,holo,146,2,1,-30.116724366421394,0.14825251909999082
WT,holo,128,1,1,-30.502673518582093,0.6306424159714012
WT,holo,201,2,1,-30.39447627267998,0.038155863487588704
WT,holo,31,4,1,-30.586774873982847,0.1683475892947186
WT,holo,193,3,1,-30.654802276065215,0.031028526663021694
WT,holo,11,0,1,-30.41556917227611,0.6214429178675616
WT,holo,117,3,0,28.218401326986424,4.825516264848222
WT,holo,36,2,1,-31.198275834333906,0.17526805758471653
WT,holo,233,3,1,-30.4384688921308,-0.0514791415982927
WT,holo,4,4,1,-30.581211319650734,0.24661533104784183
WT,holo,216,4,1,-30.016227103834634,-0.24763052324028934
WT,holo,129,0,1,-30.604686086743364,-0.16771004896914832
WT,holo,100,2,1,-31.053205877600746,0.1474725084358326
WT,holo,100,0,1,-30.083485605341167,-0.19138707013421907
WT,holo,54,1,0,29.681671908723885,4.6717299431874295
WT,holo,114,4,0,28.583948563775365,5.648710541251553
WT,holo,10,3,1,-30.2871574547481,0.160641633971359
WT,holo,4,3,1,-30.702511584745594,0.10373136509041814
WT,holo,117,1,0,27.86643744186354,4.21342527126653
WT,holo,117,4,0,28.51048915201794,4.538118207309566
WT,holo,36,3,1,-30.932459268782097,0.2202430219905267
WT,holo,178,3,1,-29.630134424514317,-0.06468331507478808
WT,holo,106,4,0,29.639814041669368,5.217719261772835
WT,holo,241,2,1,-31.183098995212994,0.28905106971413375
WT,holo,62,4,0,29.107068968216268,5.166165637625607
WT,holo,11,1,1,-30.994039052160964,0.0348912221740747
WT,holo,29,0,1,-30.558436075220904,0.17702647570329333
WT,holo,80,0,1,-31.186560164108734,0.33894383310367715
WT,holo,201,1,1,-30.415778474300573,0.4551451765046579
WT,holo,227,1,0,28.558314593505955,4.989199911368068
WT,holo,92,2,1,-30.417330775459597,0.07190612093918958
WT,holo,48,1,1,-30.82666830937101,0.11347920496395147
WT,holo,187,4,1,-30.589438236573827,0.05648016468293093
WT,holo,42,2,1,-31.045655231358133,0.3494996086035158
WT,holo,208,2,1,-31.30044690713249,0.6975827185020833
WT,holo,105,2,0,28.899261772352517,5.187167459116289
WT,holo,69,0,1,-31.057153570699192,0.3460022964748646
WT,holo,223,0,1,-31.275413289219017,0.15575223165231478
WT,holo,250,3,0,29.601479892543693,5.646436369001542
WT,holo,226,0,1,-30.826001351779915,0.34964732019597733
WT,holo,138,3,1,-30.678443899049505,-0.07514042139136734
WT,holo,242,2,1,-30.77220924214215,0.2350936720520238
WT,holo,5,1,1,-30.688108661441177,-0.07886528951927119
WT,holo,19,3,1,-30.867779355702226,0.42368251245266464
WT,holo,18,0,1,-30.256717613932267,0.142584225978176
WT,holo,234,4,1,-30.484624973167723,0.04845721433807171
WT,holo,45,3,0,29.704997046288526,5.909182263094465
WT,holo,57,4,1,-30.158823676357862,0.18957664628624826
WT,holo,216,3,1,-30.363193610195438,-0.4906489260801834
WT,holo,12,1,0,28.90649623536376,5.662623656320001
WT,holo,74,0,0,28.06822944164402,4.390578797118195
WT,holo,210,0,1,-30.597168300846555,0.17994691167495347
WT,holo,204,2,1,-30.83524485686729,0.7937901740834192
WT,holo,18,1,1,-30.327581842517354,0.06394183173244272
WT,holo,127,0,0,28.851815449812136,5.723110039342945
WT,holo,201,4,1,-30.38658264555623,0.5035081022139352
WT,holo,145,3,1,-29.725904559074245,0.15649996405252153
WT,holo,36,4,1,-30.513709443162476,-0.23003527098288146
WT,holo,77,0,1,-30.91502117005455,-0.055180023736213
WT,holo,62,0,0,28.745941369450165,5.68418579653877
WT,holo,79,2,0,29.41351117130911,5.382388504436804
WT,holo,108,0,0,29.430577849911828,5.5042663871816835
WT,holo,16,1,1,-30.38084591538844,0.37778635812838957
WT,holo,91,2,0,29.392400371723667,5.968135997468121
WT,holo,230,0,1,-30.412877008647147,0.12786493415477906
WT,holo,77,3,1,-30.633168474932788,-0.08525105196951444
WT,holo,31,2,1,-31.247114251124472,0.273640609098301
WT,holo,75,3,0,28.516677223784114,5.156603722940659
WT,holo,211,4,1,-30.776096179185288,0.2519896017828245
WT,holo,45,1,0,28.873346641090947,6.0192904945986285
WT,holo,99,4,0,29.700845362808778,5.432233511338339
WT,holo,129,1,1,-29.711904929152865,-0.21744989295604
WT,holo,214,3,1,-30.509353897241333,0.24115552397812223
WT,holo,89,1,1,-30.90377847103597,0.27414313283095737
WT,holo,80,2,1,-29.775866518269115,-0.10210685884909765
WT,holo,86,4,1,-31.405407533382515,0.0666328291719438
WT,holo,222,3,1,-30.06064461682318,0.42050915417350154
WT,holo,133,3,1,-29.694099102440084,-0.029663436077655092
WT,holo,9,0,0,29.312763713548122,5.253778783507659
WT,holo,154,4,1,-30.901688927952755,0.287603626884831
WT,holo,133,1,1,-30.357374472831104,0.15511049241465713
WT,holo,60,4,1,-30.513652515307403,0.2857290417505567
WT,holo,89,3,1,-30.344360122337513,0.07250834276883467
WT,holo,75,1,0,29.244218241540665,5.4871735081524875
WT,holo,226,2,1,-30.859657125956097,0.33109251130856876
WT,holo,180,2,1,-30.455005411104956,0.4945532036904652
WT,holo,133,0,1,-30.716329399240443,0.4890465206605441
WT,holo,204,1,1,-30.163087914307663,0.45388840959920174
WT,holo,116,0,1,-29.781413153668908,0.01517877978506732
WT,holo,48,3,1,-29.894244244654658,-0.33536480266504753
WT,holo,189,1,1,-29.372899194371453,-0.10189911564422971
WT,holo,36,0,1,-30.198837556014624,-0.16285206590496415
WT,holo,89,0,1,-30.83139777654104,0.21912007923399557
WT,holo,125,1,1,-30.73348595285875,0.32906583123389765
WT,holo,129,4,1,-30.455146348673203,0.13126676806962223
WT,holo,148,0,1,-29.62938271944161,0.19530838299893816
WT,holo,97,1,0,29.271585185949988,4.946614286827366
WT,holo,97,4,0,29.72783257713867,5.951320980501887
WT,holo,4,2,1,-30.72007436492769,-0.11762978461513285
WT,holo,235,1,0,28.699809896487395,6.084415065264171
WT,holo,201,0,1,-30.639970513888976,0.30894078559823157
WT,holo,188,4,1,-29.775786333935454,0.1927907842391079
WT,holo,133,2,1,-30.61293903040208,-0.11321585881020724
WT,holo,111,1,1,-30.073225175988092,0.15848919287111585
WT,holo,62,2,0,29.177485372732207,5.601597383929331
WT,holo,147,0,1,-31.477843941394823,0.4332953290987689
WT,holo,114,0,0,29.484881994301546,5.357479068003954
WT,holo,35,0,0,30.34105175276335,5.40443275072408
WT,holo,172,3,0,28.895840682901394,5.347831191903783
WT,holo,174,4,1,-30.81701574640223,-0.28627034305752375
WT,holo,141,3,1,-30.28628084149701,0.33951380388683106
WT,holo,234,2,1,-30.584202769506184,0.12736448244262277
WT,holo,155,2,1,-30.911124035042675,-0.3853836571678073
WT,holo,114,1,0,29.172433723829002,4.742862108445976
WT,holo,178,4,1,-30.084372727101368,0.08038929059465261
WT,holo,147,2,1,-30.82782700248255,0.555447161730207
WT,holo,180,3,1,-29.957151300520174,0.14576278844328527
WT,holo,99,0,0,29.451154247149177,5.4087698739711385
WT,holo,187,0,1,-29.5163826607433,-0.0925298364066407
WT,holo,148,2,1,-29.90665991357482,0.015038013754008261
WT,holo,111,4,1,-30.160087615394666,-0.17785664584415883
WT,holo,180,1,1,-30.52163947664834,-0.0525508690558425
WT,holo,93,0,0,29.890529220568865,5.285851373455078
WT,holo,210,3,1,-30.69200897445896,0.07750777399912323
WT,holo,22,2,1,-29.83983173894234,-0.04562858544532844
WT,holo,236,2,0,29.470338551863975,5.087760183222013
WT,holo,232,2,1,-29.996470962896623,0.21755502410212557
WT,holo,4,0,1,-31.911666652142696,0.21471246659464782
WT,holo,153,1,0,28.21446638045822,5.594747147911612
WT,holo,138,2,1,-30.901137255301876,0.19482816037470485
WT,holo,89,4,1,-29.029249768176197,0.03492116500790132
WT,holo,154,2,1,-29.95453760842791,0.052592096033684754
WT,holo,73,4,1,-30.642170241366188,0.48755502528414496
WT,holo,126,2,1,-30.540225959579665,0.6085316831265715
WT,holo,101,1,1,-30.298216683269033,-0.43317591279154755
WT,holo,230,3,1,-30.595772169113403,0.14522489222776613
WT,holo,222,2,1,-30.02377906232197,-0.2130021272733984
WT,holo,109,0,1,-31.02137327590856,0.35299165095202056
WT,holo,215,0,1,-30.76042930677205,0.42803370168078203
WT,holo,77,1,1,-30.752165211993827,0.2756485931084427
WT,holo,80,1,1,-30.01797322513309,0.1766314541039975
WT,holo,146,4,1,-30.202234675237335,0.37928314491148996
WT,holo,5,3,1,-30.046029049003636,0.13164324240219116
WT,holo,1,0,0,29.265153417563766,5.8246199208561364
WT,holo,109,2,1,-29.66462752350452,0.3347085086321755
WT,holo,140,4,0,29.88885070058909,5.846244613607588
WT,holo,193,0,1,-29.611405667999964,-0.00829923349889583
WT,holo,227,3,0,29.347317466023057,6.271903419174084
WT,holo,171,2,1,-29.442477976184527,-0.01948021494476393
WT,holo,145,2,1,-29.936242194829255,0.5048078781549279
WT,holo,48,0,1,-29.93392491724608,0.006266378482671087
WT,holo,204,3,1,-30.558653581565558,-0.1456446118835828
WT,holo,143,2,0,29.09146974118515,5.042329712921401
WT,holo,27,3,0,30.63300603784485,4.7936436428415625
WT,holo,178,1,1,-29.969827868672258,-0.3184651509928358
WT,holo,16,4,1,-30.488998852287548,0.2516975945298867
WT,holo,104,0,1,-30.484294420740888,-0.1353971081940415
WT,holo,106,2,0,29.47236344381305,5.350499005975898
WT,holo,182,2,1,-30.84152321818653,0.15232579745648422
WT,holo,242,0,1,-29.353545728562242,-0.10163575958548421
WT,holo,80,3,1,-30.211435500103722,0.14699472229727206
WT,holo,85,3,0,28.536585708651543,5.813582809465551
WT,holo,90,2,1,-30.069769796543575,0.17896454430272257
WT,holo,201,3,1,-30.74663646495269,0.6861602256242776
WT,holo,188,1,1,-29.96483774073586,0.058468667786840456
WT,holo,109,3,1,-30.95013058965928,0.30725131604514644
WT,holo,232,0,1,-30.435783980845187,-0.11124475185072669
WT,holo,222,4,1,-29.77727497532235,-0.0948414005013305
WT,holo,1,1,0,28.956364704960293,5.527508620870197
WT,holo,153,3,0,29.329873982960052,4.561511719334657
WT,holo,137,3,0,27.68428789802634,4.653138362188486
WT,holo,1,2,0,29.58258741780135,4.976306406942658
WT,holo,144,0,1,-29.84742237752832,0.8761101002344489
WT,holo,93,1,0,29.42051329251929,5.031405903005535
WT,holo,27,1,0,30.090041568996668,5.777076819855235
WT,holo,141,0,1,-30.495178793241195,0.17947588147959692
WT,holo,141,2,1,-30.237047228476357,0.4345996696326253
WT,holo,216,0,1,-30.541025281620847,0.533208430666285
WT,holo,226,4,1,-30.106791283109644,0.17190818806897568
WT,holo,90,0,1,-30.94746434525765,0.08527417213807809
WT,holo,250,2,0,28.878002113683323,5.5456319967119505
WT,holo,123,2,1,-30.42832227520377,0.32425784298744986
WT,holo,224,4,1,-30.853289138772567,0.4710698294319542
WT,holo,58,2,0,28.258733765558105,5.074339120839994
WT,holo,140,2,0,28.85728337768505,5.272308354506674
WT,holo,31,3,1,-31.023209150672816,-0.2150281468003783
WT,holo,86,1,1,-29.52076265771558,0.14574606527395417
WT,holo,94,0,0,29.767981075488294,5.095104823368256
WT,holo,45,4,0,29.85394620823746,5.727457530124667
WT,holo,102,2,1,-30.11466758827553,0.01266077215010597
WT,holo,143,3,0,28.533367878042924,5.180643644001631
WT,holo,182,1,1,-30.519843390824867,0.09641361254713132
WT,holo,132,0,1,-30.87820249670417,0.908318953623727
WT,holo,220,3,0,28.76656607501029,5.561723911425144
WT,holo,217,1,1,-30.22608735619188,0.43491181288292324
WT,holo,12,3,0,30.790191121608373,4.549589099227372
WT,holo,42,3,1,-30.428131539346122,0.2452234335163297
WT,holo,250,0,0,29.19312860974044,4.96803446439969
WT,holo,233,2,1,-30.88591626009744,0.14084325577371004
WT,holo,217,0,1,-30.892551179955927,0.16849831048418906
WT,holo,233,0,1,-31.344498426098838,0.05863298349770929
WT,holo,119,3,1,-30.42005325280843,0.37842649380704785
WT,holo,171,4,1,-30.806187796240707,-0.022321001871176804
WT,holo,182,3,1,-30.167240960895704,-0.3102637665466972
WT,holo,142,2,1,-30.348767196707513,0.12609598474802652
WT,holo,102,3,1,-30.507283783238073,0.24597829627636258
WT,holo,197,2,1,-30.119045098797272,0.29592694624165006
WT,holo,174,3,1,-30.65187767108216,0.2738417654894363
WT,holo,82,1,1,-30.930366612518313,0.20024064654212026
WT,holo,44,0,0,29.384260359902797,5.29395659629564
WT,holo,82,3,1,-30.59554800815573,-0.13602651136557853
WT,holo,123,3,1,-30.682318175448106,0.0205796411976209
WT,holo,145,0,1,-29.80737469656436,0.3248142428109091
WT,holo,174,2,1,-31.23067085209306,-0.32051374097858343
WT,holo,237,4,1,-30.00620703271978,0.12076417258942485
WT,holo,154,0,1,-30.739468002433618,0.22042836802067
WT,holo,166,4,1,-30.711667810352836,0.1575236683650303
WT,holo,109,1,1,-30.794348785101366,0.24236256218767238
WT,holo,105,3,0,29.226232764926095,4.96656255704541
WT,holo,80,4,1,-30.39095754062385,0.31909204999936236
WT,holo,69,4,1,-29.803210931039082,0.23222689121602258
WT,holo,48,2,1,-30.50384563756907,0.4041123991541582
WT,holo,90,4,1,-30.610931439626583,0.14269792318074082
WT,holo,211,0,1,-30.496403632927176,0.11080126059216155
WT,holo,70,4,1,-31.133868519231562,-0.0198561513971498
WT,holo,224,0,1,-29.9258694903319,0.14615145484069103
WT,holo,218,4,0,29.84198066940631,5.256290129148731
WT,holo,218,3,0,29.744979199957754,5.620159038101228
WT,holo,44,1,0,29.082883388469696,5.157132950851011
WT,holo,16,2,1,-30.586274488232227,0.0799608879636935
WT,holo,29,2,1,-30.523742877998327,-0.159302421346041
WT,holo,10,4,1,-30.125638867703792,0.14043390429811353
WT,holo,155,0,1,-30.284405550503287,-0.13385188713792928
WT,holo,222,0,1,-29.19803281945065,0.49165782869965824
WT,holo,39,4,0,29.349144648478074,5.303809292392653
WT,holo,147,3,1,-31.029587840018497,0.6602479866090079
WT,holo,39,0,0,28.66311991577487,4.985740696593091
WT,holo,54,2,0,27.8738935306055,3.897801535126071
WT,holo,224,1,1,-30.020518774406668,0.8586742426055523
WT,holo,27,0,0,31.280483126737423,5.2167210493615634
WT,holo,155,4,1,-31.261477548099762,0.449908680836991
WT,holo,119,1,1,-30.08362578776577,-0.060643662473623294
WT,holo,209,0,1,-30.614922854668492,0.05156756977251575
WT,holo,31,1,1,-30.377268068000923,0.1823482985432534
WT,holo,86,3,1,-31.118572128797144,0.0814075620368726
WT,holo,135,1,0,30.51810090852733,5.355458482794457
WT,holo,188,0,1,-30.395632063917745,0.1108821678257641
WT,holo,217,2,1,-30.018903611884543,-0.24330244913825538
WT,holo,58,3,0,28.942925291922933,5.318083162122829
WT,holo,144,1,1,-29.903039112073934,0.3450255226512411
WT,holo,199,0,0,27.61269438379803,4.679246251389966
WT,holo,241,3,1,-29.977223227983707,-0.1644054821565959
WT,holo,60,0,1,-30.73248315434794,0.33267156247322305
WT,holo,10,2,1,-30.775074305761542,-0.09348361034369645
WT,holo,35,3,0,27.92868151892104,5.0475440301238415
WT,holo,200,0,0,29.56334966934773,5.482539407489451
WT,holo,154,3,1,-30.49124714015432,0.4301209916996598
WT,holo,57,1,1,-30.572095030982346,-0.14456178917824047
WT,holo,100,4,1,-30.222183893146244,0.0511447535586953
WT,holo,189,0,1,-30.854565299787517,0.12330559885521097
WT,holo,129,2,1,-30.490181224081336,-0.12867430897384224
WT,holo,136,4,0,28.726483494731227,5.366728963892523
WT,holo,165,1,0,30.714428612017798,5.443787358713429
WT,holo,147,4,1,-29.288369476703984,0.5225792779628975
WT,holo,10,1,1,-30.107776460093874,0.2958832595711698
WT,holo,161,3,1,-29.66706071964642,0.3747598314916871
WT,holo,61,3,0,28.820107993345133,5.675124178006321
WT,holo,242,4,1,-30.115980178759774,0.2411414326953576
WT,holo,242,1,1,-29.88557526042112,0.12051044460649507
WT,holo,140,3,0,29.081656257780608,5.401092150573952
WT,holo,97,2,0,29.334982839006457,5.155517151036122
WT,holo,24,4,1,-30.671609651798576,0.44140925367501893
WT,holo,204,4,1,-30.380461868588213,0.08336584902531285
WT,holo,128,2,1,-30.14023444253408,0.2340109603838343
WT,holo,244,4,1,-30.305215991386685,0.02085510285745329
WT,holo,87,2,1,-30.859385487111112,0.29262280032589416
WT,holo,47,1,1,-30.823510861856164,0.16085157711005849
WT,holo,245,0,0,29.879049459475127,4.77131704133345
WT,holo,79,0,0,28.258531315982296,5.75874252566312
WT,holo,175,0,0,29.88623138110391,4.7367617461663905
WT,holo,101,4,1,-29.99320181951375,-0.05849119777317924
WT,holo,228,1,1,-30.39051769928801,0.12228084083391622
WT,holo,235,0,1,-31.421178689036232,-0.09146089029143667
WT,holo,215,1,1,-30.57731329625805,0.46317174083736035
WT,holo,146,1,1,-30.011508586089832,0.6354918085661794
WT,holo,119,4,1,-29.548764842371355,-0.0029402731082583955
WT,holo,168,0,0,29.53670167260468,5.045470559591482
WT,holo,109,4,1,-30.324629010650266,0.20907487187965756
WT,holo,155,3,1,-29.07254318781458,-0.10096783107552199
WT,holo,232,4,1,-30.982388762283488,0.17288304791632214
WT,holo,202,4,1,-30.792558297030766,0.6470854188849131
WT,holo,177,3,1,-29.96687122971546,-0.20842892315310735
WT,holo,124,2,1,-30.45448801394842,0.7711669033117516
WT,holo,61,2,0,28.946022976442492,4.88765600254678
WT,holo,129,3,1,-30.83759041869687,0.13702848111996246
WT,holo,152,2,1,-30.557290691071927,-0.038872771677283424
WT,holo,228,0,1,-30.64920308256835,0.5588143684394282
WT,holo,46,0,1,-30.367720881857892,0.041043025803659816
WT,holo,69,2,1,-30.418280817702396,-0.014719101685187752
WT,holo,43,3,0,28.451408744909955,5.443701864747023
WT,holo,28,0,1,-29.979071311994865,0.056260777104881754
WT,holo,234,1,1,-30.022306542588623,0.3041470951320875
WT,holo,222,1,1,-30.62390617078874,0.07960904451488204
WT,holo,215,4,1,-30.232460601112933,0.29568270813798847
WT,holo,208,4,1,-30.016484820902065,0.7999153663922911
WT,holo,239,4,1,-30.951097827816064,0.39120151726942254
WT,holo,142,4,1,-30.231069194736627,0.025024028098066253
WT,holo,98,2,0,28.44212427408172,4.5939858087756456
WT,holo,102,4,1,-30.41749525100314,0.12302980970053312
WT,holo,101,0,1,-30.084337801505644,0.30286582157550157
WT,holo,102,1,1,-30.339143064320368,0.09588363702003022
WT,holo,126,3,1,-29.78013567233145,0.12314516874183568
WT,holo,104,1,1,-30.66114790455063,0.10336112859568658
WT,holo,168,3,0,28.79235249210737,5.049331723144363
WT,holo,142,3,1,-30.290282921905426,0.36311160850033986
WT,holo,208,1,1,-30.12934023550413,-0.4019838477952007
WT,holo,158,3,1,-30.489130300766227,0.17005868476746855
WT,holo,232,3,1,-30.56497440328632,-0.1657635953993477
WT,holo,3,1,0,28.79840051587911,4.547615567452542
WT,holo,175,2,0,30.57072481671983,5.608682023202228
WT,holo,127,2,0,27.282409519109308,-7.899149308909394
WT,holo,82,2,1,-30.318619232128604,0.39646109133872187
WT,holo,161,4,1,-30.560936251603145,-0.2078371572558666
WT,holo,74,3,0,27.42706197673398,-8.168599192832545
WT,holo,175,4,0,27.433500795340592,5.226105927381155
WT,holo,63,0,1,-30.122497225971465,-0.2954412633051433
WT,holo,107,4,1,-30.365695532439926,0.6068449162591847
WT,holo,119,0,1,-30.200017259516915,0.09582343760827428
WT,holo,244,1,1,-31.949534431605436,1.198490412971502
WT,holo,207,3,1,-30.601088018558396,0.3399530801005355
WT,holo,237,2,1,-30.649925287210486,0.4253482546781129
WT,holo,142,0,1,-30.615101066038044,0.09324906419689682
WT,holo,46,1,1,-30.47839024433462,0.2988674215814271
WT,holo,42,4,1,-29.889267885362084,0.3155293319658412
WT,holo,166,3,1,-30.250029272468943,0.35606623108608915
WT,holo,228,4,1,-30.2961568957131,-0.04609368293888849
WT,holo,67,4,0,27.644804939134687,4.350050693153179
WT,holo,229,2,1,-30.77106652665742,0.2921601117131303
WT,holo,89,2,1,-30.305878585901645,0.33191014631023563
WT,holo,67,3,0,28.688658976432322,5.61251715468196
WT,holo,94,4,0,28.589667601262008,4.570151980716119
WT,holo,214,2,1,-30.305314889511735,0.06386315251607044
WT,holo,136,2,0,26.186875871554008,-6.625508083510361
WT,holo,123,4,1,-29.903775986516493,0.13385749762883137
WT,holo,171,0,1,-30.59899616760437,0.36234809442164106
WT,holo,98,0,0,27.55610791633191,-6.668648642937875
WT,holo,29,3,1,-30.709232141103186,0.37159083438759666
WT,holo,168,1,0,29.571547612316948,4.631708713293001
WT,holo,215,2,1,-30.760952543557586,0.5003970685073469
WT,holo,121,1,1,-29.541067025941132,0.3664301026749044
WT,holo,73,3,1,-29.89523794869997,0.6553858528778918
WT,holo,159,1,0,29.286475684130366,4.70985849910058
WT,holo,46,2,1,-29.661060847088386,-0.05335252701308946
WT,holo,116,3,1,-30.048688336029734,0.7151154241365631
WT,holo,41,2,0,29.55128001234681,5.764419360895669
WT,holo,207,1,1,-30.256263178877234,0.48840611737036
WT,holo,177,2,1,-30.285496949382058,0.5167058371725162
WT,holo,214,0,1,-29.70534476014829,0.3808457893806221
WT,holo,74,2,0,26.332372889649648,-8.216048201220445
WT,holo,64,1,1,-31.05207599014758,0.34852860647655604
WT,holo,106,1,0,27.245240077505727,-8.101521471000417
WT,holo,159,4,0,29.39388634153299,4.5835081797847685
WT,holo,188,3,1,-30.4113544714523,0.19043440245194176
WT,holo,18,4,1,-30.839934018701236,0.4555463584931374
WT,holo,105,1,0,29.405183416818815,5.112900548097262
WT,holo,171,1,1,-29.931430829109548,0.6138698913919001
WT,holo,47,2,1,-30.058545619740357,0.05834862757978243
WT,holo,113,1,1,-30.236251409857132,-0.15873541181409934
WT,holo,229,4,1,-30.69725949018024,0.4129363377747026
WT,holo,58,1,0,29.178694499857826,5.148775504409656
WT,holo,143,4,0,28.59401267376218,5.376501776769157
WT,holo,3,4,0,28.099642149552096,4.822317905692639
WT,holo,44,4,0,27.8640429674022,4.562579937938729
WT,holo,132,3,1,-29.444926752398118,0.043875475157911126
WT,holo,213,3,1,-30.608247816297126,0.16896954250438512
WT,holo,207,2,1,-30.59368825624178,0.026850817843367736
WT,holo,145,4,1,-30.375155894991593,-0.006251834415671453
WT,holo,28,2,1,-29.470090637717057,0.46632680710884244
WT,holo,9,3,0,29.674667454928652,5.404164909092206
WT,holo,224,2,1,-30.219676652819615,0.13294438305207734
WT,holo,198,3,1,-30.50948315907224,0.38894325916533745
WT,holo,17,0,1,-30.752227111914742,0.5129025755778329
WT,holo,51,3,1,-30.993728038947598,0.2134625877887899
WT,holo,96,3,1,-30.8407256825057,0.7645533824772173
WT,holo,218,2,0,29.035829611863605,5.2688971661969575
WT,holo,82,4,1,-30.022195480922804,0.8044925755976564
WT,holo,239,1,1,-30.408367659326004,0.39687092314147066
WT,holo,207,0,1,-28.996221307434467,-0.3132633742734541
WT,holo,85,0,0,29.763155592133316,5.8428146890901935
WT,holo,62,3,0,26.856128213344206,-8.274192877883927
WT,holo,22,4,1,-29.177594231926484,-0.032569794081339865
WT,holo,104,2,1,-30.45761628382965,0.10206056507409755
WT,holo,87,4,1,-29.998569835380316,0.1943629755297991
WT,holo,144,2,1,-30.14434194303445,-0.09135338267905979
WT,holo,210,4,1,-31.349168652822513,0.3504705605101677
WT,holo,44,3,0,30.131240224059184,5.957373434143875
WT,holo,161,0,1,-30.34289710121936,-0.0871109704748747
WT,holo,202,3,1,-29.582070649915813,0.38180333860016447
WT,holo,169,0,1,-30.33785679928318,0.19383382960204898
WT,holo,127,3,0,25.88119759275851,-7.233979250674544
WT,holo,137,1,0,29.746742192066478,5.3584572912999775
WT,holo,214,1,1,-30.33896589239762,0.09784350334996361
WT,holo,218,0,0,29.61796209133628,5.695944035969429
WT,holo,22,1,1,-30.055189481550627,0.3393229065934946
WT,holo,236,1,1,-30.60034800548248,0.1731954899027386
WT,holo,37,3,0,25.785896585150965,-9.164694080612563
WT,holo,113,2,1,-30.537734568167696,0.240206726518025
WT,holo,73,2,1,-29.977694681770085,-0.24896274281304187
WT,holo,199,1,1,-30.84506961183272,0.44225924661868277
WT,holo,227,4,1,-30.484626447769926,-0.32322240394789503
WT,holo,158,4,1,-30.670252531267778,-0.0002604003685320322
WT,holo,149,2,1,-30.393685889435737,0.01754699621245237
WT,holo,6,3,0,27.12091032391696,-9.145643395059253
WT,holo,119,2,1,-29.644965787334247,-0.17464151215665424
WT,holo,111,3,1,-30.24244328406897,0.3775335864444074
WT,holo,147,1,1,-30.78107625046847,0.9222380595122388
WT,holo,169,3,1,-30.22889185617415,0.20755191233513415
WT,holo,98,1,0,29.380175197528615,5.318019004943761
WT,holo,16,0,1,-29.8775442866926,0.2952746760306866
WT,holo,18,3,1,-30.098243542968746,0.2669277900983289
WT,holo,93,4,0,30.0918515651979,5.1957282275856755
WT,holo,54,4,0,26.35400043788715,-8.402328655706022
WT,holo,225,2,1,-31.35001738446936,0.13522370881239
WT,holo,229,1,1,-30.39654480664261,-0.1640475622690616
WT,holo,22,3,1,-30.013354972090116,0.1117301822849015
WT,holo,117,2,0,27.497029066633743,-9.634756148331704
WT,holo,174,1,1,-29.33464636988159,0.09831282610252146
WT,holo,211,2,1,-29.996537582368653,-0.17622702677061142
WT,holo,239,0,1,-30.566893324769598,0.17083988393294192
WT,holo,67,0,0,29.74471411507234,5.225865617153286
WT,holo,116,2,1,-30.324699360587992,0.44344822795912364
WT,holo,65,0,1,-30.91600766918057,-0.3204782746122632
WT,holo,73,1,1,-30.231623744883414,0.288671495672709
WT,holo,6,1,0,27.593204188666775,-7.685320634502908
WT,holo,82,0,1,-30.286954665922188,0.16174207973986654
WT,holo,168,4,0,29.481768084351756,4.53578708055467
WT,holo,51,0,1,-30.42353174243065,0.2717846652176945
WT,holo,156,2,1,-29.664416493441358,-0.33695413871376445
WT,holo,9,4,1,-31.506440051680457,1.000299230902769
WT,holo,132,2,1,-30.667353108257164,0.7246451494585244
WT,holo,187,2,1,-30.33126422326042,0.6784497014022435
WT,holo,198,2,1,-30.55500007683979,0.34682065390619954
WT,holo,107,3,1,-30.361975835448256,0.038492601779793745
WT,holo,74,4,0,26.690408944592136,-9.061771748950427
WT,holo,216,2,1,-29.595816933050493,-0.051884997105709374
WT,holo,93,3,0,26.59832738135738,-8.596700361414293
WT,holo,228,2,1,-29.821245898216084,-0.04461512756997621
WT,holo,169,4,1,-31.099954481195276,-0.12839149529990834
WT,holo,166,1,1,-30.86587806047562,-0.07256195643871166
WT,holo,121,0,1,-30.62751005432057,0.021217856787664857
WT,holo,23,4,1,-31.12072692693885,2.7230540628398785
WT,holo,224,3,1,-29.57823404799925,0.6999368042489706
WT,holo,124,1,1,-30.103315827720785,-0.008555652652148638
WT,holo,76,4,1,-30.920282292638028,-0.08755625539477307
WT,holo,126,0,1,-30.807610507389604,0.2071618614536348
WT,holo,174,0,1,-30.71035416889544,-0.030428706338540223
WT,holo,17,1,1,-29.41796652907362,0.08576844023569663
WT,holo,74,1,0,26.497945769628288,-7.618470587473624
WT,holo,151,3,0,28.660510005671327,5.257147358292656
WT,holo,102,0,1,-30.289350133064158,0.28500582532824126
WT,holo,64,4,1,-30.309328430495256,0.3529523927525062
WT,holo,229,0,1,-30.288534984986704,0.2620382046632628
WT,holo,75,4,0,26.938741372932398,-7.256825317187605
WT,holo,166,0,1,-30.61952013436354,-0.11184269808591552
WT,holo,249,1,0,27.280129833761322,-9.129474579333277
WT,holo,40,3,1,-31.110045738097178,2.715174896069527
WT,holo,45,0,0,27.744297769069433,-9.186172914259181
WT,holo,64,2,1,-30.83755342061327,0.35200063393264003
WT,holo,107,1,1,-30.271320168805808,-0.376609826786229
WT,holo,81,1,1,-30.365840199246968,0.013108896614987486
WT,holo,149,0,1,-31.021768379807753,0.046435728994957515
WT,holo,249,2,0,27.10991305414285,-8.929204041339752
WT,holo,38,3,0,25.684156154350674,-8.1235843485169
WT,holo,108,4,0,26.407468968634873,-7.544846121181578
WT,holo,113,4,1,-30.152686297645353,0.4484209163252544
WT,holo,108,1,1,-30.725879082980384,0.03076992148885438
WT,holo,249,4,0,27.34567987719946,-8.642954213931823
WT,holo,47,4,1,-30.356371374891097,0.3667993681905841
WT,holo,41,4,0,26.94533161378932,-7.342751749217982
WT,holo,151,4,0,32.02220259628608,6.225248993027208
WT,holo,200,4,0,28.970817338538907,5.717505484676252
WT,holo,207,4,1,-30.828717205069683,0.2635235072155737
WT,holo,60,3,1,-30.33218325258712,-0.15924596166471616
WT,holo,96,4,1,-31.128720663142964,-0.3188067506820005
WT,holo,101,3,1,-30.653082379866003,0.5683166189796438
WT,holo,132,4,1,-30.008457702818163,0.5903900102871233
WT,holo,245,3,0,30.135727447761084,4.963300846586332
WT,holo,244,0,1,-30.947459082142526,0.16546726741689355
WT,holo,104,3,1,-29.534771984187323,-0.1160732157565576
WT,holo,29,4,1,-29.88456954186114,1.0574634063695996
WT,holo,177,4,1,-30.13704918213353,0.11852098858423687
WT,holo,65,1,1,-31.144552819817168,-0.2058056093702305
WT,holo,184,2,1,-30.188816921918754,0.029236179832707876
WT,holo,87,1,1,-31.116495649920843,0.38949150498858387
WT,holo,152,3,1,-31.401038209250622,-0.07933113464437014
WT,holo,213,0,1,-30.443450940175047,0.07928317894936043
WT,holo,167,2,0,30.92739658285545,5.720614235400959
WT,holo,42,1,1,-30.074251164340247,0.7158255040588415
WT,holo,116,1,1,-31.02709891269664,0.21021036558067152
WT,holo,229,3,1,-30.120303279878506,0.1802698543363661
WT,holo,8,0,1,-30.477987498404275,-0.043801659006462046
WT,holo,107,0,1,-30.483623467643213,0.07349732111839558
WT,holo,117,0,0,27.289111096341486,-9.014471472965653
WT,holo,42,0,1,-30.47611410473624,0.134498008732173
WT,holo,202,1,1,-30.245451786392827,0.5158162830530344
WT,holo,231,4,1,-30.06348508388886,1.1829900254547
WT,holo,244,2,1,-31.14174367430925,0.817900535076987
WT,holo,211,1,1,-29.767545151315986,0.1382714842037629
WT,holo,208,3,1,-28.933040747453305,1.1839192806857923
WT,holo,99,1,0,27.25818747237132,-8.003003820351886
WT,holo,29,1,1,-30.115022294739795,-0.27673480150350116
WT,holo,87,0,1,-30.43003342063419,-0.15016932923695947
WT,holo,58,4,1,-30.001273704405662,0.21254159200883294
WT,holo,143,0,0,27.26800577014575,-8.042146634479991
WT,holo,120,4,0,29.3516663206953,5.2425144011081635
WT,holo,209,3,1,-29.98176975435227,0.2784316423645308
WT,holo,237,3,1,-30.636615510804695,0.5857898678957127
WT,holo,200,2,0,30.53780883055829,5.311078354381497
WT,holo,183,1,1,-29.879575506706082,-0.07629777238632585
WT,holo,167,4,0,29.502079341463627,6.1122967631406695
WT,holo,183,4,1,-29.9779367232817,0.9895541116347246
WT,holo,58,0,0,26.105941509260475,-7.95817765197873
WT,holo,181,4,0,28.614736391803874,5.419007466662261
WT,holo,46,4,1,-29.728849454493357,0.2466757380862319
WT,holo,118,1,0,27.02596801721714,-8.713939968278119
WT,holo,47,3,1,-30.345672087989747,0.21830793613349186
WT,holo,53,3,0,27.612686887467476,4.681216438880046
WT,holo,237,1,1,-30.225778911491204,0.5716022627078914
WT,holo,79,3,0,25.39393473102082,-8.17169528653394
WT,holo,137,2,1,-30.57037611926895,0.28419136339174855
WT,holo,99,3,0,26.318828309846864,-7.965378856947609
WT,holo,87,3,1,-30.496236503402706,0.3499910529444108
WT,holo,149,1,1,-30.66900718257698,0.8801791908160581
WT,holo,7,2,0,28.62478466387688,4.966351349024702
WT,holo,179,2,1,-30.745781320079203,0.742923565967267
WT,holo,235,4,1,-31.00098949289663,0.0967578421434041
WT,holo,111,0,1,-30.621312581362247,0.48298044845412136
WT,holo,2,2,1,-30.109692190299196,2.550356730007671
WT,holo,45,2,0,26.743610207928654,-8.28663697486595
WT,holo,90,1,1,-29.779567123935664,0.5512100384541512
WT,holo,158,2,1,-29.816756703382914,0.08295629845037666
WT,holo,137,0,0,26.68300834470908,-8.448178630034704
WT,holo,219,4,0,28.730605818068668,5.275872467714759
WT,holo,145,1,1,-30.188342639482343,0.14527146050020434
WT,holo,172,2,0,23.906389059303393,-8.797930866050244
WT,holo,248,2,0,29.697024500396864,5.380291397717407
WT,holo,232,1,1,-30.259163155589114,0.41508258872272563
WT,holo,197,1,1,-29.701454090824058,0.7748405240475904
WT,holo,152,4,1,-30.271961694504995,0.5926073409118473
WT,holo,249,3,0,25.88101713327555,-8.302759650340029
WT,holo,75,0,0,27.457995943093522,-6.653176468733292
WT,holo,37,2,0,27.7576525799538,-8.261986002983903
WT,holo,184,3,1,-29.913141228684466,0.695119049404525
WT,holo,196,3,0,29.573047445961308,5.782563522081205
WT,holo,169,1,1,-30.259932461819993,0.14348395882056764
WT,holo,135,0,1,-30.896965061026513,0.051962057375646964
WT,holo,96,2,1,-29.775067534394523,0.9240582712726777
WT,holo,97,0,0,25.962736138718995,-8.329163852096023
WT,holo,32,1,0,28.231643566397082,4.844385681840041
WT,holo,24,0,1,-30.130004599123446,0.5411364448488101
WT,holo,43,4,0,28.916595897234785,5.32288472427506
WT,holo,62,1,0,25.984988033247333,-8.389349596076762
WT,holo,126,1,1,-30.547149514574862,0.400539065390241
WT,holo,86,2,1,-29.241521332266153,0.19244027032953426
WT,holo,141,1,1,-28.95691777091978,-0.1940945198761881
WT,holo,236,3,0,25.625745063996987,-7.1041163615924106
WT,holo,164,1,1,-29.989716076015924,1.3165232736679755
WT,holo,239,3,1,-29.91951366610919,0.6595629067531164
WT,holo,227,0,1,-28.375420578824226,2.568402934450006
WT,holo,83,4,0,24.665363433386318,-8.847879848333768
WT,holo,41,3,0,29.718812896249005,4.608660166787537
WT,holo,153,2,0,26.401889447018704,-9.468785679349118
WT,holo,6,4,0,27.20480047297913,-8.992580143265293
WT,holo,173,0,1,-29.98141783251515,0.4551879339403797
WT,holo,37,4,0,26.389132880924492,-8.907243210539733
WT,holo,205,1,1,-30.073589554835973,0.37888744295848653
WT,holo,51,1,1,-30.72663607362587,-0.00954515898365571
WT,holo,249,0,0,27.34928187985369,-8.822278282862307
WT,holo,220,0,0,27.367916858058422,-9.23984432785064
WT,holo,193,4,1,-1.976283406495007,-5.368165493402408
WT,holo,12,4,0,26.207837594862056,-8.235467707421336
WT,holo,179,0,1,-29.86272728218004,0.34977266685956465
WT,holo,76,3,1,-29.85526087852791,1.1265380358645345
WT,holo,103,1,1,-30.5285517272647,-0.06916387542137414
WT,holo,43,1,0,30.183343819562623,4.9547952588773185
WT,holo,76,0,1,-29.797994203383887,0.7761644344978578
WT,holo,24,2,1,-29.26899664036315,0.3694133090285803
WT,holo,116,4,1,-29.4845735893907,0.3235739884546476
WT,holo,73,0,1,-31.38584762425494,0.6770349261900819
WT,holo,248,1,0,29.901587963933906,6.033530165700448
WT,holo,228,3,1,-29.835058516227207,0.382292781823935
WT,holo,30,1,1,-31.31653470063642,1.3685929837505384
WT,holo,127,4,0,25.233605078824823,-10.827005962485195
WT,holo,56,2,0,25.97271699447211,-8.222604540238429
WT,holo,245,2,0,28.50448050241198,5.553579625121859
WT,holo,76,2,1,-29.579866415850493,0.8009228726697373
WT,holo,248,4,0,26.59843469618349,5.004556031028525
WT,holo,199,3,0,27.24867384138183,-8.928662421147692
WT,holo,96,0,1,-30.147728657810042,0.5539893862648739
WT,holo,47,0,1,-29.919618624978042,0.08316340733245653
WT,holo,64,3,1,-29.929196447795043,0.5618585023895264
WT,holo,250,4,0,25.947363796806556,-8.191122874709635
WT,holo,195,0,1,-3.9251279063219116,-4.357913117087207
WT,holo,6,2,0,26.8416740035823,-8.809568597583507
WT,holo,37,1,0,29.045165289099316,5.172738721721615
WT,holo,39,2,0,26.493702416851406,-9.205423642550649
WT,holo,110,0,1,-31.20465729046184,0.30461723096703963
WT,holo,123,1,1,-31.672858322854623,0.5732682548787835
WT,holo,198,1,1,-29.909869346895533,0.5975423483526399
WT,holo,213,2,1,-30.838132068651994,0.47164880996821523
WT,holo,12,2,0,26.14310278739977,-9.176310390977996
WT,holo,180,4,1,-29.84255344737322,0.28791193520667235
WT,holo,140,1,0,26.609596005567596,-8.709816346159364
WT,holo,250,1,0,26.986082912153947,-9.326341916038167
WT,holo,179,1,1,-29.805083782950277,0.4940329053749366
WT,holo,202,0,1,-31.184727859061102,1.286193560007014
WT,holo,23,3,1,-30.372907593205152,-0.3514673864657496
WT,holo,63,4,1,-30.69676600262101,0.5182644705278676
WT,holo,91,0,0,23.903044257106586,-8.325639389502456
WT,holo,191,0,1,-31.018943156406774,-0.005656189819653434
WT,holo,34,0,1,-30.51488906776502,1.1028276213482116
WT,holo,213,4,1,-30.723162092521143,0.07875435171274603
WT,holo,106,3,0,26.74407851760661,-9.764673830625476
WT,holo,185,4,1,-28.582715643587946,2.3023720506900602
WT,holo,17,3,1,-29.99299167568024,0.03458076383839881
WT,holo,184,0,1,-29.919016399263963,0.32108420060495035
WT,holo,93,2,0,27.135318927750603,-8.200493143621784
WT,holo,197,0,1,-30.088958603604492,0.227148366309315
WT,holo,110,3,1,-30.318850574960678,1.4794098499060127
WT,holo,110,4,1,-30.915075727100692,0.056506293098600224
WT,holo,248,0,0,28.90439592540605,5.052190067264352
WT,holo,141,4,1,-14.895202084181573,-3.5457824024404943
WT,holo,91,1,0,27.34787746791261,-8.389305160177614
WT,holo,225,4,1,-30.638803313148756,0.2802495752237846
WT,holo,28,1,1,-30.302805814691133,0.5319214311117477
WT,holo,205,4,1,-28.712108935199563,2.1750977689300512
WT,holo,71,2,1,-30.97299320925824,0.7724563326689378
WT,holo,79,1,0,27.174112002784923,-8.634427274193854
WT,holo,20,3,1,-30.296641336698016,0.7743452319863522
WT,holo,8,3,1,-30.27279208420245,0.7009246658720869
WT,holo,63,3,1,-29.476747703695352,1.3306580748202137
WT,holo,81,3,1,-30.016192187957216,1.2366904299344057
WT,holo,245,4,0,27.42557242154588,-8.13746930140045
WT,holo,17,2,1,-30.310690673640217,0.12954397576667276
WT,holo,32,2,0,29.438230260181257,6.001908300302926
WT,holo,85,1,1,-29.493499601541146,0.3114349158103309
WT,holo,118,2,0,27.142958106880073,-8.333338583638017
WT,holo,172,1,0,28.09383287248552,-8.941975315494695
WT,holo,122,1,0,29.68994789232447,4.821701268847157
WT,holo,108,3,0,27.06590427035448,-9.798421528669003
WT,holo,135,2,0,26.985673567118297,-8.70463081903376
WT,holo,76,1,1,-30.208655052800133,0.49661283310197035
WT,holo,173,2,1,-30.245843080933227,0.20651940844737027
WT,holo,186,1,0,29.21015314190575,4.77743370895686
WT,holo,105,0,0,23.82014318144182,-10.802099695473707
WT,holo,197,4,1,-12.007735934624868,-4.377176590775392
WT,holo,16,3,1,-30.005815204437347,0.29114446499661994
WT,holo,115,3,1,-31.00827362781234,-0.17440927024228614
WT,holo,17,4,1,-29.97442637759253,0.2437335115144208
WT,holo,159,2,0,27.15162322278134,-8.117483641495255
WT,holo,110,1,1,-31.45370912953457,1.3033405857511866
WT,holo,88,1,0,29.954375361678203,5.896475941514431
WT,holo,35,2,0,27.928086450229756,-7.351157157909036
WT,holo,170,3,0,26.898358215851744,-7.188855681753438
WT,holo,153,4,0,24.269790165197392,-9.541588172806009
WT,holo,157,4,0,28.304337296023277,5.258458066887645
WT,holo,20,0,1,-30.251592443288622,-0.12849957514031018
WT,holo,164,4,1,-29.28480351224116,-0.11359687321984069
WT,holo,35,1,0,27.03614737503878,-9.62484382582737
WT,holo,151,2,0,29.526246129918235,5.824343177940079
WT,holo,112,1,0,29.478091837865094,6.253786337483515
WT,holo,44,2,0,28.110582431133906,4.848092129825151
WT,holo,41,1,0,27.980943265474693,5.299015107234425
WT,holo,190,2,0,24.478414047157486,-9.07366034602748
WT,holo,231,1,1,-28.905611247983302,0.4471861862625488
WT,holo,83,3,0,26.567540884233395,-7.753906939803095
WT,holo,220,4,0,26.895415343814108,-9.903283258212262
WT,holo,225,3,1,-30.759420459235393,-0.37498352248547917
WT,holo,215,3,1,-10.593314556045183,-4.686308131585513
WT,holo,56,1,1,-28.646133216501184,2.39961726627989
WT,holo,85,2,0,24.11739674338851,-8.376039856344875
WT,holo,127,1,0,27.583393347869603,-7.867307700967025
WT,holo,240,4,1,-30.22334345089521,1.1588782257522539
WT,holo,21,4,0,30.801902188187327,4.659461788967047
WT,holo,225,1,1,-30.270590227751224,0.16431416289582046
WT,holo,50,0,1,-29.489291103906297,0.72919708912967
WT,holo,203,1,1,-29.989384748858576,0.8768511463343671
WT,holo,96,1,1,-30.199996929487902,0.8486710289855424
WT,holo,13,2,1,-29.990464503367647,-0.529985022106068
WT,holo,165,2,0,28.04629847185079,4.749551303898489
WT,holo,81,2,1,-30.401858400056398,0.8604576200107203
WT,holo,98,4,0,26.1598862181404,-7.080338573010415
WT,holo,175,3,0,26.132898006329384,-7.520814755297216
WT,holo,246,1,1,-11.60704769779727,-2.8246495043151043
WT,holo,55,0,0,26.29651119722287,-8.429924738296222
WT,holo,150,4,0,30.30764596958592,4.762369526897118
WT,holo,137,4,0,27.091108478617315,-9.531327226136987
WT,holo,131,1,0,26.16641637790582,-9.136037018656666
WT,holo,139,4,1,-30.54571332319995,0.6616336338703093
WT,holo,143,1,0,28.17392243979461,5.382547918480707
WT,holo,246,3,1,-31.37694437060533,0.8730095272027327
WT,holo,156,3,0,26.92815697721244,-8.117475766306676
WT,holo,46,3,1,-30.28642912954964,0.168675831654582
WT,holo,211,3,1,-30.53710516593881,0.45871603565531416
WT,holo,41,0,0,27.194894790351,-8.394071336424908
WT,holo,7,3,0,26.45394423584935,-8.15111384088818
WT,holo,40,4,1,-29.685426642635843,1.353284972727252
WT,holo,183,0,1,-29.606797793774298,0.6030153751169038
WT,holo,139,0,1,-30.15397488053228,0.5814708031772611
WT,holo,135,3,0,27.513169212731555,-8.674647803184364
WT,holo,15,0,1,-30.53182881776113,0.7568774694004219
WT,holo,185,2,1,-30.601393676720207,2.7777863147016006
WT,holo,165,4,0,26.835401256475492,-5.619650127880611
WT,holo,181,1,0,29.093880597591465,5.158833338500429
WT,holo,165,3,0,27.686955129188945,5.124374262611507
WT,holo,30,3,0,26.541918878534375,-8.034218719697236
WT,holo,9,1,0,26.788671138582686,-9.597182928165793
WT,holo,114,3,1,-29.19139311284335,0.5299190670524894
WT,holo,50,2,1,-29.581019047308683,2.6226504396487016
WT,holo,183,3,1,-29.38755789187807,-0.04611198603259936
WT,holo,21,1,0,29.192599759947512,5.588335442999842
WT,holo,63,2,1,-29.721892267463033,1.1364419158172936
WT,holo,59,4,0,29.989407485042193,5.192781262900699
WT,holo,15,2,0,26.125342120236468,-7.88194924785298
WT,holo,235,3,0,25.94018696156469,-6.378517753863626
WT,holo,49,2,0,24.247289757706355,-7.785736310690396
WT,holo,56,4,1,-30.33395879053134,0.2302746043170174
WT,holo,177,1,1,-31.19766259578428,0.3473709570008552
WT,holo,248,3,0,28.514530295132317,5.876313863329877
WT,holo,196,0,0,26.183596831462623,-7.532576791587623
WT,holo,220,1,0,26.25533217083256,-10.157469932111553
WT,holo,157,3,0,29.19670777995549,5.041660449577343
WT,holo,38,2,0,25.739806791316298,-9.07987729937441
WT,holo,200,3,1,-29.79025938874444,0.34037030256532574
WT,holo,106,0,0,26.69863629402714,-8.67056915631246
WT,holo,148,1,1,-11.976672092177878,-3.0295351433331277
WT,holo,27,4,0,23.147393267727068,-8.465236275332884
WT,holo,112,4,0,30.08297720441756,5.3370485862526
WT,holo,244,3,1,-30.044645638926404,0.4807963692452901
WT,holo,238,1,1,-30.4768539270055,1.1963776170932974
WT,holo,68,2,0,29.96855188051741,4.876848023951798
WT,holo,157,1,0,25.957024313917827,-8.769979620306174
WT,holo,71,1,1,-29.72179367626829,0.2070426316260381
WT,holo,9,2,0,27.247680832533916,-6.834363836169096
WT,holo,38,4,0,24.486948610398755,-8.868000018136641
WT,holo,81,4,1,-31.232016639841,0.8629615842500087
WT,holo,247,1,0,25.27067401714163,-8.520108980070496
WT,holo,23,0,0,27.133750374412756,-7.6102491361017215
WT,holo,179,3,1,-30.69046728358657,0.5463898337434472
WT,holo,67,1,0,25.675810021963358,-7.378131515996621
WT,holo,120,3,0,24.96662998876296,-9.0958476926318
WT,holo,194,2,1,-30.208770884547924,1.0465691818383505
WT,holo,38,0,0,25.13067189373227,-9.310249688900491
WT,holo,38,1,1,-30.103632452478706,0.4313223324667561
WT,holo,51,2,1,-7.170837309883879,-4.24337048295088
WT,holo,15,3,1,-30.407709230983084,0.5935649449104474
WT,holo,218,1,0,24.763419811688976,-8.344831610153854
WT,holo,167,3,0,28.79009926789047,5.762285003855926
WT,holo,103,2,1,-31.32876741282911,0.2789619532316223
WT,holo,131,0,0,24.786951890519774,-9.265738185144002
WT,holo,14,2,1,-6.7906008477262105,-3.918911052721768
WT,holo,139,1,1,-30.391463780197185,0.7496049304283616
WT,holo,219,0,0,26.49923538493121,-8.336290122277013
WT,holo,13,3,1,-31.22145316156963,1.3873557174960354
WT,holo,81,0,1,-30.269659100716265,1.4727888204610906
WT,holo,200,1,1,-30.325815300307717,0.25895164157607553
WT,holo,186,0,0,28.96126081863963,5.179961583380219
WT,holo,236,4,0,25.89079275157006,-9.129824557591533
WT,holo,118,4,0,27.561447637529923,-7.72238753456913
WT,holo,220,2,0,25.120740621437008,-9.782646926562066
WT,holo,170,2,1,-30.680397834011526,-0.030069929466371548
WT,holo,186,3,0,26.912070221037382,-9.109900327907596
WT,holo,237,0,1,-30.602040872757584,0.09800141865567014
WT,holo,3,2,0,23.60165837002033,-8.411660021855177
WT,holo,181,0,0,29.34948816244669,5.460690759613897
WT,holo,14,3,1,-30.046445095619852,0.7512573752383531
WT,holo,103,3,1,-29.4904656555383,0.03741153807507658
WT,holo,159,0,1,-28.451115387311404,1.1710810723699083
WT,holo,120,2,1,-30.20757304721927,0.021916091570957974
WT,holo,181,2,0,28.100266264359462,4.483198063694157
WT,holo,157,0,0,28.508279801414744,4.60944700467137
WT,holo,241,4,0,25.208087332039867,-8.583499833143833
WT,holo,177,0,1,-30.371823615693565,0.7395499881887417
WT,holo,165,0,0,26.60443833929814,-8.232003954780893
WT,holo,25,4,0,27.17675739580322,-9.743169986944643
WT,holo,14,0,1,-6.826843216792128,-4.081710192374956
WT,holo,191,2,1,-30.773610397246344,0.2780608479381357
WT,holo,26,0,0,29.49370106662117,5.07635091563353
WT,holo,55,4,1,-30.45262932936196,0.17746363693739653
WT,holo,238,3,0,25.82535841946151,-8.802928686780277
WT,holo,43,0,0,26.789800200746,-6.47177711638394
WT,holo,212,0,1,-30.743388018615832,0.9580434640352351
WT,holo,78,0,1,-29.840343873862246,0.48174686032574243
WT,holo,195,1,1,-29.14254095053792,0.9640175247990825
WT,holo,53,2,0,26.16877250723884,-8.246678291779169
WT,holo,122,2,0,30.631024733650392,6.028543324689114
WT,holo,83,1,0,26.338108256033863,-9.232586512986906
WT,holo,176,3,0,25.236891936329627,-8.318827520961214
WT,holo,156,1,0,25.56925070267424,-6.718624300739478
WT,holo,103,4,0,25.210926033836003,-7.342786181038377
WT,holo,192,0,0,25.736985290550237,-8.503561848897817
WT,holo,26,1,0,28.916518861534755,4.947991746169784
WT,holo,231,2,0,29.287035965190086,4.378419151565222
WT,holo,221,0,0,27.334580366525103,-8.636631311835856
WT,holo,61,4,1,-29.529082066025694,0.48670988623064204
WT,holo,112,2,0,26.530194331911375,-6.523242609897011
WT,holo,120,1,0,25.72084898100408,-10.428992420980578
WT,holo,56,3,0,27.598079433258263,-9.23073231705115
WT,holo,24,3,1,-29.994296585272778,0.32317843798010415
WT,holo,221,3,0,27.152539592810328,-9.443832277542278
WT,holo,176,1,0,26.039281113979868,-8.726787493501028
WT,holo,83,0,0,24.362891589898737,-8.594152250449746
WT,holo,157,2,0,26.202117740124535,-8.019874711960824
WT,holo,14,4,1,-30.445135725502574,0.5442134072515685
WT,holo,7,4,0,26.47445861359978,-7.7991858877007445
WT,holo,114,2,0,25.203798817804525,-9.097759609326438
WT,holo,77,4,0,24.06356108908996,-7.577221721227545
WT,holo,236,0,1,-3.116810991872498,-5.0620418028803655
WT,holo,159,3,0,26.487241593232085,-9.167361273356889
WT,holo,221,2,0,26.828846714665914,-9.11239612455664
WT,holo,118,3,0,27.14357210829195,-7.627384305026126
WT,holo,194,1,0,27.04419319239487,-8.497835117352423
WT,holo,122,3,0,29.406674254963505,5.591000582451624
WT,holo,203,2,1,-30.37711069342046,0.5399426005756638
WT,holo,94,1,0,25.397233360285853,-10.38442241051633
WT,holo,39,1,0,25.382623987439857,-8.949904621255527
WT,holo,56,0,1,-30.081709127352557,0.7321880144932607
WT,holo,203,0,1,-11.664606165680137,-3.211302997667424
WT,holo,151,0,0,27.579517804197096,4.706103150838704
WT,holo,173,1,1,-30.444249629715014,0.8904966896704352
WT,holo,173,3,0,25.869318229395276,-9.160728684757274
WT,holo,33,1,0,25.118603249539703,-8.406262744554326
WT,holo,25,1,0,25.49718637705466,-8.822641699912573
WT,holo,55,2,1,-28.96039509074919,1.1309641081711703
WT,holo,7,0,1,-31.309240400942997,0.7074031934211646
WT,holo,85,4,0,24.297666106955646,-9.131299118575079
WT,holo,33,2,0,25.294530257451257,-9.153277655276938
WT,holo,162,1,0,26.521836624440937,-7.95059011588809
WT,holo,21,3,0,29.450075751701917,5.943663119637158
WT,holo,23,1,0,26.560665270134265,-8.045924407470004
WT,holo,170,4,0,26.32721549470483,-7.5890413177067515
WT,holo,150,3,0,26.34780071912094,-8.713169925704506
WT,holo,66,4,0,24.861869694236844,-7.589641647787133
WT,holo,49,4,1,-30.111780995691895,0.5345811428120157
WT,holo,185,1,0,28.200255697548357,5.341421652277834
WT,holo,219,2,0,27.07961053496429,-8.849182075887157
WT,holo,88,4,0,26.625992690907353,-8.743946176780426
WT,holo,231,3,1,-29.903154868047828,0.41295509917397055
WT,holo,39,3,0,25.087440097836605,-11.048402548588946
WT,holo,25,3,0,26.055777988512546,-9.011925323176484
WT,holo,30,0,0,27.11785069140619,-8.01221715631381
WT,holo,59,3,0,26.487438678727344,-7.909055456888709
WT,holo,167,1,0,27.031535191283282,-8.599383172740595
WT,holo,59,2,0,26.247783932732034,-7.859062688042684
WT,holo,231,0,0,26.87702061619892,-4.994890362673644
WT,holo,83,2,0,26.15587956501369,-9.045893073806859
WT,holo,185,0,0,26.29533420793672,-7.724962372585459
WT,holo,30,2,0,26.179859422760558,-8.275854645502285
WT,holo,112,0,0,26.231627521335625,-8.672590274240996
WT,holo,66,3,0,24.37796067552786,-8.572789954143673
WT,holo,20,4,1,-30.039070699980975,-0.03520520057240617
WT,holo,131,2,0,26.048948845443377,-8.971618395775558
WT,holo,176,0,0,25.324333573399528,-6.94186879063524
WT,holo,30,4,0,26.294544223589043,-7.021905622858
WT,holo,186,4,0,25.938976760571265,-8.780118200480622
WT,holo,243,1,0,30.425717184539664,6.1189805873034615
WT,holo,33,3,1,-29.4512856938094,0.8696079883886796
WT,holo,155,1,0,26.950246742954604,-7.882891728493242
WT,holo,7,1,0,26.933488484966503,-8.197427210006197
WT,holo,187,1,0,24.93296403433044,-8.84473192132031
WT,holo,221,1,0,29.24599111020231,5.626987321963046
WT,holo,170,0,0,25.783513746139747,-7.4755749566573755
WT,holo,175,1,0,25.63765053996859,-6.014441993634627
WT,holo,115,4,0,26.135643988664597,-8.219705120534051
WT,holo,196,2,0,25.847576972474982,-7.640079034146602
WT,holo,2,1,0,25.47987623932279,-7.756376938107714
WT,holo,120,0,1,-31.386092747274972,1.2977212128737747
WT,holo,131,3,0,26.891425682528833,-8.832176409106815
WT,holo,238,2,1,-30.55664418919796,0.8577484218324969
WT,holo,8,2,1,-29.418495369851883,-0.0725643388047672
WT,holo,173,4,0,25.481187268863096,-8.334718888890215
WT,holo,94,2,0,26.895849154183296,-8.468974337931535
WT,holo,53,1,0,23.452391895477675,-8.460867484282439
WT,holo,181,3,0,27.72836813275545,5.001920477264072
WT,holo,212,4,1,-30.004567224977777,1.4184798830148608
WT,holo,192,2,1,-28.954519027257245,0.7584135101153677
WT,holo,52,2,0,24.835447984645782,-7.809026487863569
WT,holo,196,1,0,26.724697344840436,-6.857839090440848
WT,holo,150,2,0,29.21577275276877,5.214484453150675
WT,holo,247,4,0,26.56696009308321,-9.186784310419661
WT,holo,151,1,0,26.76183601387052,-8.072912658810203
WT,holo,245,1,1,-29.473038413226824,1.0107467334321782
WT,holo,163,1,1,-7.038026319888239,-4.257488148992586
WT,holo,5,0,0,23.689291046071347,-9.456437589895806
WT,holo,78,4,0,25.1741834120715,-6.663052460106613
WT,holo,2,3,0,25.331267835563338,-6.310038154237965
WT,holo,75,2,1,-11.11954685606515,-4.130176607813283
WT,holo,203,4,0,24.352520541114217,-9.196069721316732
WT,holo,53,4,0,27.060981257814987,-8.103158547952539
WT,holo,50,3,0,26.98403976312005,-7.70456622050682
WT,holo,52,3,0,24.84357600503074,-7.950265019478195
WT,holo,66,1,0,25.256948648753223,-8.737412428449119
WT,holo,15,1,0,26.05102987017449,-6.842323533790896
WT,holo,71,3,0,28.280699344007843,5.347978321500463
WT,holo,55,1,1,-29.9529568973849,0.379613847601199
WT,holo,238,4,0,26.976983785557337,-6.609350740074966
WT,holo,27,2,0,24.53039861887008,-10.436852385975001
WT,holo,1,4,0,26.4587172556911,-9.27338706712132
WT,holo,210,1,0,22.85859788924577,-8.846159457496974
WT,holo,219,3,0,26.175051961817275,-7.919436509956142
WT,holo,25,2,0,25.62884613287754,-8.783303494981752
WT,holo,247,3,0,25.313576985797695,-7.593632331979435
WT,holo,192,3,0,24.59796649998799,-9.426762940512823
WT,holo,162,4,1,-30.595362130910914,0.6097523904745046
WT,holo,26,4,0,31.165373773956773,6.247164604248265
WT,holo,95,0,0,26.64216072354678,-7.525576827577552
WT,holo,163,4,0,24.991509342068085,-9.25304150217417
WT,holo,57,0,0,24.714469548497163,-8.988110953177284
WT,holo,23,2,0,26.172109028487313,-7.497067581466823
WT,holo,156,0,0,25.583977422721304,-8.226949923039825
WT,holo,156,4,0,26.30926794950831,-9.268001750524661
WT,holo,33,4,0,26.120019756743147,-8.999858410214621
WT,holo,79,4,1,-30.41994628893776,0.7977427759995379
WT,holo,149,3,0,29.8973498632011,4.689725209727083
WT,holo,206,4,0,26.163581910100362,-8.565293473708053
WT,holo,112,3,0,28.381021943304006,5.150016251590969
WT,holo,216,1,0,23.167531433206193,-8.357640522229183
WT,holo,247,2,0,25.46989233534464,-8.493182142984992
WT,holo,88,2,0,25.533699112981054,-8.633025825794014
WT,holo,3,3,0,24.739696736726373,-8.628744834448831
WT,holo,49,1,1,-18.881356729992593,-2.814604063224529
WT,holo,8,1,0,25.37335964961592,-8.253701271240594
WT,holo,240,1,1,-30.070058759094486,0.6515937379153911
WT,holo,176,4,0,25.904696376731806,-8.378026705834245
WT,holo,150,0,0,27.20478179409612,-7.230105903701592
WT,holo,203,3,1,-31.067056463719645,0.10568928995370186
WT,holo,13,4,0,26.91198576543178,-7.919184654582324
WT,holo,190,1,1,-4.414263097979898,-4.195138920069994
WT,holo,158,1,0,24.636167237025177,-7.475584948753706
WT,holo,103,0,1,-28.661238957259258,0.2471763598064527
WT,holo,188,2,0,23.483856021284097,-8.528996623630611
WT,holo,55,3,0,25.745217957007313,-9.253387435088186
WT,holo,163,2,0,25.62472971653176,-7.636833562540822
WT,holo,95,3,0,25.85006860885194,-7.597479878077408
WT,holo,196,4,0,25.777250060814637,-8.138320777501399
WT,holo,162,0,0,26.54812117545586,-9.078026635318132
WT,holo,40,2,0,25.96018256529868,-8.157018429897583
WT,holo,135,4,0,24.362159584981384,-8.933149332817585
WT,holo,240,0,0,27.314049343491675,-8.56990351830136
WT,holo,186,2,0,25.699665474951814,-8.819830749533395
WT,holo,115,0,0,24.80454273904178,-7.149305257489232
WT,holo,8,4,0,25.483978736138923,-7.493250010200391
WT,holo,167,0,0,25.1096098259476,-7.2099402211576304
WT,holo,2,4,0,26.14719096967407,-6.416792125442612
WT,holo,13,1,1,-9.425092163013876,-3.747601081782001
WT,holo,176,2,0,25.0273674311414,-7.321681523574213
WT,holo,190,4,0,26.025370754040125,-8.412203541608775
WT,holo,13,0,0,25.85536039429384,-8.549161046304377
WT,holo,192,1,0,25.946912658937165,-6.953883315522411
WT,holo,21,0,0,26.9047498467652,-6.453889989017682
WT,holo,24,1,0,16.83524597352217,-9.809053915721947
WT,holo,53,0,0,26.951141330801576,-8.602179674200649
WT,holo,115,1,0,26.806154448485472,-7.1955344785526165
WT,holo,206,3,1,-29.206091605179815,0.11325632597015556
WT,holo,133,4,0,25.151668352588757,-9.033114365191203
WT,holo,219,1,0,30.6134686675627,4.302439091025899
WT,holo,59,1,0,24.937769861166345,-9.098198642509281
WT,holo,192,4,1,-31.111356581711547,0.36000665949083555
WT,holo,190,0,0,25.86982446819988,-9.136144477335655
WT,holo,32,0,0,27.323587258096396,-7.569182973511509
WT,holo,78,2,0,25.688924472524647,-7.1787008267281465
WT,holo,247,0,1,-30.3872588586105,1.0175059239022843
WT,holo,78,1,0,26.29698339306279,-7.718341819902896
WT,holo,194,0,0,26.72575737242886,-6.523019147919264
WT,holo,170,1,0,25.069073409492844,-8.183051148937587
WT,holo,184,4,0,27.011072716431684,-7.612366242906006
WT,holo,68,3,1,-4.565103902109527,-3.8768438604612427
WT,holo,52,4,0,30.512921032441668,4.600139199407913
WT,holo,246,0,0,29.51528096398833,5.065081870696023
WT,holo,20,1,1,-30.44568880822087,0.567513915157356
WT,holo,191,1,0,23.89296122119582,-8.11877020427
WT,holo,70,3,0,27.211706734885055,-7.337086250354716
WT,holo,190,3,0,24.552691837069943,-7.645408048889472
WT,holo,212,2,0,26.965113198351347,-9.58607651912277
WT,holo,205,0,0,26.854959492606767,-8.075795670375491
WT,holo,59,0,1,-17.244700147495518,-3.1443238022374302
WT,holo,22,0,0,24.925030416529324,-8.25538635836432
WT,holo,130,2,0,25.672953105142838,-7.2466184622661345
WT,holo,11,4,0,25.94802062282831,-7.823763087403563
WT,holo,107,2,0,24.319205630072204,-8.64808616981604
WT,holo,171,3,0,23.316503151437686,-8.906478505421667
WT,holo,88,0,0,28.27285063836905,-6.572643676546932
WT,holo,88,3,0,24.769158415807937,-8.283546158100656
WT,holo,212,1,0,25.086506779615732,-7.886163006162391
WT,holo,134,3,0,26.32076628198898,-8.340707330126726
WT,holo,126,4,0,25.573042218977648,-7.84732757983118
WT,holo,118,0,0,24.170863101507067,-8.674610854896429
WT,holo,194,3,0,25.332826585587966,-7.899306352368555
WT,holo,61,0,0,26.872375461336077,-9.383536425120859
WT,holo,1,3,0,25.7477104714025,-8.273136939155954
WT,holo,65,3,0,24.28153154942399,-7.9646981249651105
WT,holo,68,0,0,25.439200362555127,-8.115398158875706
WT,holo,214,4,0,25.229585059336756,-7.095587063673442
WT,holo,66,2,1,-30.6197686594499,0.2575339598027284
WT,holo,134,4,0,26.720362248788902,-3.6516662273081124
WT,holo,32,4,0,26.883375283512706,-6.2631292321553005
WT,holo,130,3,0,25.43266608966627,-7.267094510164959
WT,holo,115,2,0,27.619489945365956,-9.6345774971347
WT,holo,169,2,0,25.88590762898538,-7.966487290790937
WT,holo,36,1,0,25.730543627900218,-8.031387299937371
WT,holo,202,2,0,27.02413295018195,-8.462226769399862
WT,holo,68,1,0,26.023955557603756,-8.397965464551241
WT,holo,20,2,1,-11.1351053526922,-3.8196799964311623
WT,holo,198,4,0,24.894643827647357,-8.614590633216196
WT,holo,243,0,1,-13.069116056419848,-3.4021383951492723
WT,holo,21,2,0,26.437647506946817,-7.07721156392337
WT,holo,134,1,0,29.76608633122015,5.4009854494208795
WT,holo,194,4,0,25.561248234940948,-8.665268931286086
WT,holo,15,4,0,24.71754927781059,-8.60997383822319
WT,holo,113,0,0,24.965943022531263,-8.337346466605545
WT,holo,49,0,1,-28.87993911886177,0.29413084600894734
WT,holo,50,4,1,-3.3036364215916976,-3.4139744818867612
WT,holo,111,2,0,24.800035198295774,-8.129512991392737
WT,holo,206,0,0,25.878684496849942,-8.202663368394873
WT,holo,25,0,0,26.34709495152275,-9.753731797428458
WT,holo,185,3,0,26.011649484568792,-8.088492383420508
WT,holo,209,1,0,24.977723307706967,-8.031480101064602
WT,holo,78,3,0,25.930437864695307,-8.894415416097438
WT,holo,132,1,0,24.6738230472494,-8.656955231207618
WT,holo,69,1,0,25.846873044881917,-7.597295798621623
WT,holo,205,2,0,25.267118355794935,-8.159438423578273
WT,holo,206,1,0,26.279903846486775,-7.781395211766956
WT,holo,122,4,0,30.44228779020405,5.709387045890466
WT,holo,162,2,0,26.17170739532689,-8.016991523834797
WT,holo,131,4,0,23.47287390274417,-7.663643599200142
WT,holo,213,1,0,25.611316429563487,-8.269414900376852
WT,holo,163,3,0,23.88542901810652,-7.443617030099389
WT,holo,238,0,0,25.824375717830378,-7.6342538977354195
WT,holo,33,0,0,25.643047583163863,-8.003791654037386
WT,holo,122,0,0,26.555317741400685,-8.586660099333457
WT,holo,68,4,0,26.276174685195855,-8.022840572136019
WT,holo,179,4,0,8.293724824952754,-7.8484283325306095
WT,holo,95,2,0,29.740338585190216,5.380262877874156
WT,holo,26,3,0,26.51029150833361,-7.6539670986933075
WT,holo,28,4,0,26.82593185743349,-9.457149895765298
WT,holo,52,1,1,-29.929823043844394,0.4610819510322912
WT,holo,163,0,0,25.28896747367868,-8.57810050032046
WT,holo,98,3,0,24.59838985153874,-9.902389747298123
WT,holo,43,2,1,-31.384435609645926,1.1121260918489853
WT,holo,235,2,1,-19.633122583507394,-1.5868995900842648
WT,holo,148,3,0,24.046312757535986,-8.192333072221281
WT,holo,234,3,0,24.091265984951036,-8.515747008909045
WT,holo,95,1,0,25.273779784606575,-8.309711673558283
WT,holo,34,4,0,26.867441951565766,-9.211965903221774
WT,holo,66,0,1,-10.472130195412177,-3.270486528808931
WT,holo,221,4,0,25.108932768236016,-10.600963603321297
WT,holo,65,2,0,26.35856521393798,-7.654418747270839
WT,holo,139,2,0,24.93884959473921,-8.005712780655834
WT,holo,86,0,0,24.63491848881118,-8.752411751679531
WT,holo,161,2,0,23.497856572834237,-6.703485219508863
WT,holo,134,0,0,26.26783420428788,-7.761587015569333
WT,holo,71,4,0,26.812146780192734,-6.814863455757802
WT,holo,2,0,0,25.3498589006267,-6.71798406334554
WT,holo,195,2,0,25.995460823492493,-9.083597474566815
WT,holo,64,0,0,25.03022354439912,-8.520552892012176
WT,holo,162,3,1,-30.723578236399224,2.6054441644609625
WT,holo,130,4,0,24.69084855152211,-8.692773658379103
WT,holo,70,0,0,27.179550126737738,-8.070279632244478
WT,holo,67,2,1,-20.813845204680234,-2.349873074824991
WT,holo,61,1,0,24.362984478928567,-8.585434719433344
WT,holo,130,1,1,-12.789124869188683,-2.344354035022583
WT,holo,161,1,0,24.076130712470345,-7.737803394090527
WT,holo,206,2,0,25.9676391190104,-8.464264300727024
WT,holo,49,3,1,-30.54158578864336,0.6238000694710379
WT,holo,50,1,0,26.762650978214225,-7.436358144058147
WT,holo,52,0,0,26.119382186307234,-8.711372544834298
WT,holo,5,2,0,26.09964519464836,-8.765507213914333
WT,holo,71,0,0,26.90027348672392,-7.930321875095537
WT,holo,198,0,0,24.165228997201524,-8.292691832624207
WT,holo,26,2,1,-30.498993300329943,1.4531997327476844
WT,holo,19,1,0,18.47421399742484,-4.5490852503417045
WT,holo,243,4,0,29.08699852492238,5.456297697011273
WT,holo,32,3,0,25.111420440221394,-9.45729350437798
WT,holo,246,2,0,27.280027597562324,-6.916829212232983
WT,holo,217,3,0,25.308452597307266,-6.8222954409982535
WT,holo,184,1,0,25.628896567562037,-7.5192584946043795
WT,holo,113,3,0,27.119000095478484,-5.767664954888694
WT,holo,95,4,0,26.552046830403782,-6.923386250600018
WT,holo,246,4,0,28.834652212237458,5.227675761129724
WT,holo,149,4,0,25.319288707296963,-9.304068919885239
WT,holo,243,2,0,26.35781417030624,-7.6568234149213055
WT,holo,152,1,0,26.45751673577412,-7.636820217996004
WT,holo,212,3,0,26.195927997701205,-7.945445149014489
WT,holo,191,4,0,25.68158592845026,-7.662361037216769
WT,holo,191,3,0,24.61953749993509,-7.5247614257034385
WT,holo,14,1,0,23.926888728593397,-8.115477312267501
WT,holo,225,0,0,25.665905348071306,-7.282087417009286
WT,holo,150,1,0,25.86247781137247,-7.757749559078228
WT,holo,142,1,0,25.12912540934856,-7.225893401820365
WT,holo,160,2,0,26.447990361606244,-8.941768908248036
WT,holo,240,2,0,26.159573482549447,-7.091928234641792
WT,holo,121,2,0,25.88659535573602,-7.621948145132244
WT,holo,40,1,0,26.18185209061606,-8.60359930929252
WT,holo,158,0,0,25.882325592494524,-7.540779506763201
WT,holo,226,1,0,25.317669679247828,-7.4505257265726925
WT,holo,204,0,0,25.271495642291313,-9.368630804386918
WT,holo,138,4,0,24.897811532028285,-9.01729685223249
WT,holo,210,2,0,26.569345909143394,-7.669922395882189
WT,holo,195,4,0,26.64396183825687,-8.028618660228211
WT,holo,134,2,0,30.38075104244396,5.466992542525016
WT,holo,205,3,0,26.092643074049022,-8.025797833161995
WT,holo,144,3,0,24.39054569658485,-8.367006163313029
WT,holo,28,3,0,26.824613854554585,-8.155676562469154
WT,holo,160,0,0,24.702137464771667,-8.417390941760445
WT,holo,40,0,0,25.261914598808886,-8.400305757062988
WT,holo,70,2,0,24.36818478075304,-7.882735274382583
WT,holo,34,3,0,25.539530001874397,-7.525794921099468
WT,holo,152,0,0,25.575243193955913,-8.7697767835785
WT,holo,243,3,1,-4.360566952999406,-4.314844311754271
WT,holo,139,3,0,26.861684936009567,-7.150840679586558
WT,holo,195,3,0,26.21878012814625,-7.426249945201441
WT,holo,164,0,0,26.158682913295962,-7.8291050767765356
WT,holo,70,1,0,27.045958945733233,-8.410323886767983
WT,holo,34,2,0,25.845299361276616,-8.663257545029616
WT,holo,65,4,0,25.140509942065094,-8.114070622700538
WT,holo,34,1,0,25.00553204407568,-7.955549646768205
WT,holo,164,2,0,25.806084693611993,-8.433117557258754
WT,holo,124,3,0,26.719323495909336,-7.8069183576025125
WT,holo,104,4,0,23.825828289671563,-7.986883588264362
WT,holo,130,0,1,-29.278699976639995,0.8653468898169763
WT,holo,160,3,0,26.77220832450159,-7.436803217546995
WT,holo,240,3,0,26.304968172848888,-7.710838611762476
WT,holo,69,3,0,25.189084471348977,-8.727864459440418
WT,holo,233,1,0,24.3195186835721,-8.199933432757284
WT,holo,239,2,0,23.578490289616283,-9.046992976424242
WT,holo,124,0,0,23.77888146120428,-8.716718615601003
WT,holo,208,0,0,23.639199274402557,-5.17942813418604
WT,holo,183,2,0,25.36675645534119,-8.231279947557482
WT,holo,160,4,0,25.98397107560291,-7.702791652431571
WT,holo,160,1,0,24.950795339325268,-7.968124827269278
WT,holo,164,3,0,25.023840027137595,-8.778993132266528
WT,holo,124,4,0,26.361598894646548,-7.775871614193349
WT,holo,166,2,0,24.937496260388826,-7.95923045954175
WT,holo,63,1,0,26.168223589903093,-8.440358434165596
WT,holo,110,2,0,25.631875831451012,-7.426510689606687
WT,apo,128,4,1,-32.51986767902384,-0.1325118037570192
WT,apo,147,3,1,-31.483905624013225,-0.37209049941256467
WT,apo,97,1,1,-31.986598899110632,-0.5180296706399972
WT,apo,147,1,1,-32.52977643083531,0.42672382429889666
WT,apo,236,0,1,-31.78836791177235,0.08373996577476106
WT,apo,59,3,1,-32.394093501980684,-0.04396410793218308
WT,apo,229,3,1,-31.6409477284436,0.7685571515542762
WT,apo,31,1,1,-31.815105149592895,-0.05899895528699517
WT,apo,123,3,1,-31.449458723589455,0.08160257909052859
WT,apo,236,3,1,-31.802670905670784,-0.2460983461411459
WT,apo,17,1,1,-33.25585001584423,0.306335157294221
WT,apo,59,0,1,-31.60389899783614,-0.008444915935818642
WT,apo,201,3,1,-32.024302642795774,0.4056865420362712
WT,apo,105,1,0,30.662344805364754,6.390860557694747
WT,apo,144,4,1,-31.37513400271928,-0.44848195900809174
WT,apo,125,4,1,-33.060981062577355,0.13572572412764572
WT,apo,241,2,1,-31.292161835661886,0.022577250328112086
WT,apo,203,2,1,-30.530398349217837,-0.5268167951608973
WT,apo,54,1,1,-31.768785309358954,0.02283383507847958
WT,apo,122,3,1,-32.34902430182877,-0.06849775243758671
WT,apo,85,2,1,-32.34279556587178,-0.26896271045092135
WT,apo,74,2,1,-31.734748986660065,0.549533868592647
WT,apo,74,4,1,-31.49061924548883,0.12291202005061308
WT,apo,232,1,1,-31.990018966874686,0.30317822862247823
WT,apo,183,4,1,-31.046062300480443,0.1819422265239865
WT,apo,86,2,1,-31.594119533160395,-0.32213883020745016
WT,apo,27,4,1,-31.317621349774086,0.2579639383785093
WT,apo,75,1,1,-32.14672921696679,0.20372819840560652
WT,apo,128,3,1,-31.24552611424049,-0.27377864096600746
WT,apo,148,1,1,-32.66550636980654,0.2709083455462036
WT,apo,247,2,1,-31.612474084151124,0.0646418665502253
WT,apo,246,2,1,-31.749190656027892,-0.03294833502404515
WT,apo,118,3,1,-32.45501195647991,-0.2540002288195353
WT,apo,227,3,1,-32.01333501709172,-0.09188261314887569
WT,apo,205,1,1,-31.893289736314816,-0.06474332324963683
WT,apo,97,4,1,-32.684320289272755,0.8751117944827769
WT,apo,227,0,1,-32.06992473930426,-0.07222229534985303
WT,apo,38,4,1,-32.1547203612831,0.9489944973742794
WT,apo,139,0,1,-31.541585106378236,0.3852163461471534
WT,apo,196,4,1,-31.64342368464461,0.16523335022959884
WT,apo,24,1,0,30.262030771573563,6.01655004834792
WT,apo,154,4,1,-32.38983302225702,-0.2505613484924041
WT,apo,100,0,1,-32.6343193650584,0.4864850482630345
WT,apo,17,3,1,-31.329845772307134,0.0866266403877134
WT,apo,147,0,1,-31.93488846823133,0.022624034732636744
WT,apo,115,1,1,-31.413615056658372,-0.1045853913294934
WT,apo,21,0,1,-31.32266503755458,-0.22416233706790223
WT,apo,242,4,1,-31.616577822895145,0.35118721730716373
WT,apo,239,3,1,-30.876869470896885,-0.9378243320724451
WT,apo,182,0,1,-32.16332778972923,-0.01791139904330663
WT,apo,40,1,1,-32.032025627617394,0.29150810604328115
WT,apo,192,3,1,-31.714893269830988,0.16483230332323728
WT,apo,198,1,1,-32.93042499267466,0.6471821906189206
WT,apo,125,2,1,-32.02659212900089,0.025257040556525112
WT,apo,198,2,1,-30.844907300803545,-0.3818354689675445
WT,apo,105,4,0,28.950160630195754,6.238369621631186
WT,apo,26,2,1,-30.988125963883164,0.5637954281322735
WT,apo,21,1,1,-31.440618194699994,-0.34944365728269844
WT,apo,14,0,1,-31.421466126782683,-0.13351042977519256
WT,apo,19,3,1,-31.73844034803843,-0.00339293489669501
WT,apo,246,1,1,-32.2390458787523,0.028308595920215396
WT,apo,60,2,1,-32.08493950350476,0.6745676493761223
WT,apo,52,4,1,-31.810476101574707,0.4454714672305613
WT,apo,90,0,1,-32.30488605488468,0.06641617896310237
WT,apo,66,1,1,-31.73722150635937,-0.4869850478094122
WT,apo,205,2,1,-31.46978104897771,-0.1467245895554612
WT,apo,18,2,1,-31.76132277773024,0.06537698549453097
WT,apo,75,0,1,-32.08970225836017,0.18297217578494696
WT,apo,246,0,1,-31.99723989037073,0.2472633410601972
WT,apo,246,4,1,-32.40450742442992,0.33006396643379077
WT,apo,131,1,1,-33.01147775152222,0.25853273022110557
WT,apo,66,0,1,-31.972546875568717,0.2518582260406248
WT,apo,192,2,1,-31.413389207552278,0.041549788993776815
WT,apo,95,3,1,-31.44307526045781,0.5170866992968186
WT,apo,31,4,1,-31.4153155591033,-0.13178132490477168
WT,apo,60,0,1,-31.851880277205332,0.49706170715496256
WT,apo,238,3,1,-31.930777221963904,-0.21324709258341557
WT,apo,25,1,1,-31.934501424913613,-0.20820048358697107
WT,apo,161,3,1,-32.14634555946608,0.16565210523339147
WT,apo,117,2,1,-31.249886929275625,0.08754946665371222
WT,apo,25,2,1,-31.621177295529016,-0.3664164185566321
WT,apo,97,2,1,-32.062728728107444,0.28893625665217826
WT,apo,59,2,1,-32.17382175938934,-0.10406041372583985
WT,apo,126,4,1,-32.86963967172899,0.2944330450261745
WT,apo,26,3,1,-32.497156950626916,-0.17496630505692679
WT,apo,217,0,0,29.993278810577763,5.779865864190761
WT,apo,66,2,1,-32.040257644592096,0.7032673068638076
WT,apo,99,1,1,-31.889085174460668,0.6619379442118927
WT,apo,1,1,1,-30.997035980581636,0.632815009969633
WT,apo,182,1,1,-31.875413523520663,0.7393962998942598
WT,apo,75,3,1,-31.778575200321995,0.6167033729082263
WT,apo,247,4,1,-31.57282322217954,-0.023528618674816926
WT,apo,54,3,1,-31.476419952545168,0.4032858690798591
WT,apo,51,1,1,-32.7302255275058,0.04126699620805141
WT,apo,117,0,1,-33.01063538810356,0.5061466283677802
WT,apo,175,1,1,-31.89929077070893,1.1508351186073682
WT,apo,11,2,1,-32.3312387652307,0.1440609903149408
WT,apo,80,2,1,-32.36091170742124,0.14395921325852612
WT,apo,241,3,1,-32.47912535821705,0.22802863182992894
WT,apo,234,2,1,-31.334482161041727,0.12830247693880636
WT,apo,205,3,1,-32.31347228570355,0.2031834386063096
WT,apo,44,0,1,-31.166967651511364,-0.2857033389228505
WT,apo,189,4,1,-32.30179177918274,0.5164331904902539
WT,apo,94,3,1,-32.387859632032225,0.24203642402576975
WT,apo,134,3,1,-31.244840756257425,-0.3044374758813291
WT,apo,67,1,1,-32.54226706878059,0.14916423487941444
WT,apo,146,1,1,-32.329130088129205,0.04645236366764749
WT,apo,223,0,0,29.80569291597415,5.743103975710323
WT,apo,122,1,1,-33.12365014597881,0.32517394617887874
WT,apo,243,3,1,-32.74781762592646,-0.22614150955750745
WT,apo,86,3,1,-32.245709716035435,0.0522623042994681
WT,apo,24,4,0,29.987226682656654,6.295182149379578
WT,apo,139,1,1,-32.146968490218114,-0.07060319857534836
WT,apo,72,0,1,-32.355918984460686,0.48777532627362064
WT,apo,202,3,1,-31.820143625716153,-0.09227110226962054
WT,apo,148,0,1,-32.3020983843541,0.429296147227781
WT,apo,131,4,1,-33.22784510391523,0.9623710897007101
WT,apo,228,3,1,-32.3934226264384,-0.3937148989340926
WT,apo,82,1,1,-31.345985885999177,0.6559748225550806
WT,apo,77,4,1,-31.606365748112072,0.4628034404604051
WT,apo,74,1,1,-30.685821575475522,-0.06927554791246848
WT,apo,173,3,1,-32.661645355505,0.18802491687512202
WT,apo,105,3,0,29.682263818917505,5.792046081654977
WT,apo,59,1,1,-31.46944023042147,0.21300646717979532
WT,apo,183,1,1,-31.78322309306784,-0.1300687112870591
WT,apo,223,4,0,30.314655365224326,6.604273691982275
WT,apo,118,1,1,-32.085159198229746,0.46903067583382096
WT,apo,127,3,1,-32.0651352000714,0.8770861721188012
WT,apo,40,2,1,-31.82144874315082,0.0927286765676314
WT,apo,85,1,1,-31.754707408288045,0.2812459853700844
WT,apo,196,3,1,-32.715093294921644,0.7667978774830715
WT,apo,226,4,1,-32.62033335263676,0.2797270987820184
WT,apo,235,0,1,-31.87362296753241,0.5893275275242971
WT,apo,23,2,1,-31.07533081840416,-0.14054819764025694
WT,apo,98,3,1,-31.12384001781635,-0.11353721499183678
WT,apo,213,1,1,-31.393789436243217,0.6088982824111184
WT,apo,100,2,1,-31.834458843147665,-0.518735292135176
WT,apo,221,1,1,-31.577610671034126,-0.3665228436365311
WT,apo,183,3,1,-30.922143626340027,0.0407795302443148
WT,apo,118,2,1,-31.450342302670375,-0.19394855754399742
WT,apo,198,4,1,-31.980386046669494,-0.07418467267488893
WT,apo,122,4,1,-31.811100128073893,-0.11227434384586132
WT,apo,188,4,1,-31.79716365257344,-0.09070455309826286
WT,apo,236,2,1,-32.370871648621716,0.1796937658094251
WT,apo,79,3,1,-32.58273352463489,0.2679052116135594
WT,apo,77,1,1,-31.726053802289503,0.8136375488944196
WT,apo,161,4,1,-32.310420462753726,0.4124925297135178
WT,apo,12,2,1,-31.07691947774894,0.4544703503255789
WT,apo,51,0,1,-31.097124610635355,0.6314364051567125
WT,apo,77,2,1,-31.438622350406433,-0.5505978406632224
WT,apo,243,0,1,-31.658130161199324,0.6347797107398065
WT,apo,62,3,1,-31.629995982207202,-0.20841574896258663
WT,apo,202,0,1,-30.54076511032845,-0.2088511619011726
WT,apo,113,2,1,-31.67913124878546,-0.15345295136194892
WT,apo,158,1,1,-31.687046361195005,1.087037473431252
WT,apo,202,1,1,-31.07388148046109,0.037403679043301
WT,apo,164,2,1,-31.122597462968933,-0.18505888541756832
WT,apo,81,4,1,-31.296815909137415,-0.1812876273468973
WT,apo,81,1,1,-31.402362405142476,-0.4070167886042242
WT,apo,121,4,1,-31.504581282086562,-0.05098202077082448
WT,apo,87,4,1,-32.90168870321993,0.40929335290167757
WT,apo,35,3,1,-32.062955290355724,0.5046050753343749
WT,apo,24,3,0,30.88804358623473,6.270021150942998
WT,apo,124,1,1,-32.32580076088096,0.03454647456604931
WT,apo,70,4,1,-31.55229788097592,0.15691822099068276
WT,apo,196,1,1,-31.53903343404904,0.45127399090242193
WT,apo,95,1,1,-31.34274123171477,0.4665123248292886
WT,apo,51,4,1,-30.853412717980245,-0.17990616762016032
WT,apo,125,3,1,-30.35350005493629,-0.31530899755937014
WT,apo,54,2,1,-31.24764920854259,-0.21974898538611853
WT,apo,110,3,1,-31.906237273112833,0.2597851173563015
WT,apo,220,0,1,-31.99923516149299,-0.34770269175144364
WT,apo,221,3,1,-32.061114166039445,1.0773407309658083
WT,apo,105,2,0,30.63958605147249,5.735745800216595
WT,apo,94,2,1,-32.86234450119716,0.5378985014668061
WT,apo,130,1,1,-32.21615031196055,-0.12399211817457001
WT,apo,134,2,1,-32.06841585235126,0.17261155921649163
WT,apo,144,0,1,-31.956736451120708,0.4064787309130722
WT,apo,1,3,1,-31.922599565775368,-0.1870490485268803
WT,apo,2,3,1,-32.48062210239814,0.38890278634917763
WT,apo,69,2,1,-31.18134281052571,0.6607821683103907
WT,apo,220,4,1,-31.760907466455457,0.8069581425725687
WT,apo,71,2,1,-32.005086185092885,0.43891029009421345
WT,apo,243,1,1,-32.36639619855755,0.4317068711973846
WT,apo,235,2,1,-30.889207078664363,-0.15168350305297196
WT,apo,127,0,1,-31.649371297194136,0.7127782991175522
WT,apo,208,2,1,-32.338602895601596,0.16006910977720423
WT,apo,156,2,1,-32.68238675214312,0.2865016136040808
WT,apo,158,3,1,-30.80090312736518,-0.12142331661451067
WT,apo,90,2,1,-32.08753689358088,-0.2005872621602549
WT,apo,205,0,1,-30.512144994961233,-0.30581788292478507
WT,apo,209,0,1,-32.211065127678296,0.7959634369724782
WT,apo,239,2,1,-31.452798257023503,0.12610316954108214
WT,apo,110,1,1,-30.556933690457278,-0.6787322748031102
WT,apo,172,3,1,-31.893221955598538,0.5912180726350229
WT,apo,35,1,1,-31.49174482553226,0.06372599027876902
WT,apo,195,1,1,-32.038877625108874,0.12142082893591066
WT,apo,148,3,1,-32.402114424369216,0.6080051834588218
WT,apo,126,1,1,-31.225817598748378,0.4170693806758834
WT,apo,88,3,1,-31.566895519753782,0.3514435598005434
WT,apo,63,2,1,-31.832941787901483,0.4963565336658462
WT,apo,182,2,1,-31.62419674673373,0.26941472798817756
WT,apo,89,0,1,-31.550884904394664,0.5329756418835885
WT,apo,159,3,1,-32.10122884343177,0.022413780151815388
WT,apo,214,4,1,-31.238607148296758,-0.17984178105519533
WT,apo,55,4,0,30.234985842795254,6.361219906744289
WT,apo,101,1,1,-31.580597150590165,0.06353502454223303
WT,apo,195,0,1,-32.44557633894956,0.46104321764727274
WT,apo,102,3,1,-31.692839499401426,1.1278805602228346
WT,apo,14,4,1,-31.36601394386095,0.5996117258742686
WT,apo,125,0,1,-31.461107986320226,0.03112313445436854
WT,apo,115,4,1,-31.541635329438613,0.42403931261878114
WT,apo,97,3,1,-32.14483704634368,0.4465076514514692
WT,apo,194,1,1,-32.18803363911387,0.18708478290712804
WT,apo,236,4,1,-32.55017195628622,0.21983307231307947
WT,apo,98,0,1,-31.31743233443924,-0.5085736358013264
WT,apo,191,2,1,-31.980273532959473,0.1162252991252899
WT,apo,134,1,1,-30.982418307582094,0.08824207726300415
WT,apo,205,4,1,-32.0709724257747,0.44878626939618727
WT,apo,219,1,1,-32.254629698427436,0.14178772171258913
WT,apo,88,0,1,-31.362541473388248,0.803722962586285
WT,apo,226,3,1,-30.89754008091934,0.04251854825917434
WT,apo,227,4,1,-31.11576282741894,0.3726687141084213
WT,apo,44,2,1,-31.499284705519493,-0.10991794753881123
WT,apo,126,3,1,-31.40401248107907,0.11016248173626764
WT,apo,38,1,1,-32.51460542114697,0.6976923635459968
WT,apo,250,4,1,-32.04969367541946,-0.09594861560889711
WT,apo,9,3,1,-32.092170309017106,0.16453513198109704
WT,apo,1,2,1,-30.073297639742584,0.8920157558613937
WT,apo,171,4,1,-31.77853793042726,0.013102233926538531
WT,apo,206,2,1,-31.992200286158155,-0.08014162255178547
WT,apo,144,3,1,-30.93605942589567,-0.21402433088825035
WT,apo,20,3,1,-32.56650567058202,0.5924100779302677
WT,apo,232,3,1,-31.076372725347177,0.02318276001944497
WT,apo,223,3,0,31.341834806264217,5.97631798903344
WT,apo,172,1,1,-31.849529320984328,0.6729959415011493
WT,apo,243,2,1,-32.11352282375899,0.10683543221977487
WT,apo,90,1,1,-31.748497413727833,0.12523604903522312
WT,apo,50,0,1,-31.808776393263663,0.27747991374379666
WT,apo,242,2,1,-30.83249494531517,-0.5286171480503086
WT,apo,239,0,1,-31.189438572865285,0.4897553405244679
WT,apo,123,4,1,-32.16725612256101,-0.2713937979977743
WT,apo,161,2,1,-32.17884917320555,-0.022410331554524987
WT,apo,95,0,1,-31.403810098337917,0.28516064800007257
WT,apo,80,3,1,-31.92341820543205,0.33769246974392786
WT,apo,105,0,0,29.467399390413277,5.9704453459538165
WT,apo,198,0,1,-30.446561015500627,0.148834165148088
WT,apo,194,2,1,-32.285492969462645,0.6054890617664554
WT,apo,69,3,1,-31.435308145435258,0.4203453204800027
WT,apo,47,3,1,-31.867920212895505,0.6560915604543496
WT,apo,202,2,1,-31.069543408292958,0.27596408913176873
WT,apo,68,3,1,-32.05057398946303,-0.12029784764683171
WT,apo,154,0,1,-32.472106946993065,-0.03346350475604254
WT,apo,106,1,1,-31.263684383040502,-0.487478417904164
WT,apo,10,4,1,-31.151027638521835,0.4391557554069223
WT,apo,166,2,0,29.612794393236427,6.18087554219894
WT,apo,131,0,1,-31.586783790966532,-0.09421532955450118
WT,apo,199,3,1,-31.964487457361784,-0.003341323721151923
WT,apo,88,1,1,-32.00616997292594,0.7551731778011117
WT,apo,115,3,1,-31.465190984816722,-0.0011934377860853829
WT,apo,164,3,1,-30.954419333125305,0.5107760536898027
WT,apo,139,2,1,-32.44909102382636,0.3279818459837358
WT,apo,165,1,1,-31.7902645133426,0.4420607965014085
WT,apo,189,2,1,-31.909281250824918,0.6777914310445396
WT,apo,194,4,1,-32.51344497751732,0.8165697477909362
WT,apo,240,2,1,-30.96496877925787,0.45519609189999244
WT,apo,69,0,1,-32.26977337660746,0.8425891415419002
WT,apo,206,0,1,-32.18543200665715,0.04524380099255154
WT,apo,29,3,1,-30.199220551058872,-0.12198603716300482
WT,apo,214,2,1,-31.490717094929995,0.05645801947721196
WT,apo,57,4,1,-31.466159993825862,-0.08301938645659135
WT,apo,108,0,1,-31.645398266340738,-0.3037817996572798
WT,apo,216,2,1,-31.606993165889442,-0.008889460353046275
WT,apo,144,1,1,-32.26475557818908,-0.17379924424665916
WT,apo,25,4,1,-32.45505424931415,0.3804947632140099
WT,apo,70,0,1,-30.693977513981075,0.05688789320614518
WT,apo,56,2,1,-31.6579361831025,-0.07381065182523372
WT,apo,117,3,1,-31.786292318400637,0.938356952404753
WT,apo,46,4,1,-31.022072215884208,0.2571341352772052
WT,apo,127,4,1,-32.23949914462882,0.518781244811855
WT,apo,244,4,1,-31.08976703657688,-0.2916004419771667
WT,apo,98,1,1,-31.62318828931632,0.1727850461664886
WT,apo,106,2,1,-32.45933032100993,0.1897102440036207
WT,apo,154,2,1,-31.841264847476094,-0.1341041064063475
WT,apo,131,3,1,-31.611868362978615,0.26207456964831977
WT,apo,55,1,0,29.271109240922158,6.2810208840745645
WT,apo,175,4,1,-30.99903015581647,0.0707316936271738
WT,apo,62,2,1,-32.23452537481621,-0.04364130434714042
WT,apo,19,4,1,-31.76187277502282,0.18410902583506328
WT,apo,238,0,1,-31.320481321899877,0.3774420616227303
WT,apo,222,0,1,-30.934006477025328,-0.07568701525098476
WT,apo,67,2,1,-31.686146273766262,0.2120128715534335
WT,apo,48,2,1,-31.816264179473784,0.39471376941754244
WT,apo,118,4,1,-30.754286299963287,0.3052597799036718
WT,apo,240,3,1,-30.88758795782352,0.4877252166728496
WT,apo,16,3,1,-32.777666350719244,0.4960305277887258
WT,apo,8,1,1,-31.62053282220602,-0.28032513455385555
WT,apo,146,3,1,-31.755838141798357,0.3526305985391076
WT,apo,223,1,0,30.342113524777517,5.872119373471069
WT,apo,219,3,1,-31.216750683490417,0.2990049826488743
WT,apo,140,0,1,-32.27893974094895,0.5254073526691982
WT,apo,20,4,1,-30.589871584258283,0.5852778464095465
WT,apo,116,3,1,-32.10891625605352,0.8407518242633074
WT,apo,185,2,1,-31.698437071824394,0.5464121677041547
WT,apo,124,4,1,-31.243201698953076,-0.33010113575770816
WT,apo,32,2,1,-31.552967517776395,-0.02149107385638871
WT,apo,98,4,1,-31.134573841777613,0.6205209440703072
WT,apo,212,4,1,-32.67421654238215,0.1754730322539757
WT,apo,99,0,1,-31.408548619046947,0.02300942535663353
WT,apo,112,2,1,-32.56864017538085,0.6646897765600741
WT,apo,71,0,1,-31.83481343474101,0.6909281552295639
WT,apo,46,3,1,-32.50505299850593,0.14856821728604075
WT,apo,19,1,1,-31.285945429365544,-0.046722866468954294
WT,apo,208,4,1,-31.29331407580724,0.5531440893984865
WT,apo,142,1,1,-30.834232344465477,-0.7405968946810546
WT,apo,201,1,1,-30.780317739828412,0.3955037587272159
WT,apo,89,1,1,-30.83034654789943,0.8128062943724501
WT,apo,34,1,1,-32.34124291863645,0.26098468042099654
WT,apo,165,3,1,-30.788253380122725,0.2323799765758281
WT,apo,99,2,1,-31.582342367002028,0.7031267085081083
WT,apo,7,1,0,30.10314200334207,5.746935962353838
WT,apo,171,0,1,-31.149910818429497,0.012581137625709005
WT,apo,223,2,0,29.51475357968306,5.723976437883085
WT,apo,48,3,1,-30.844135824328635,0.6163272468681384
WT,apo,110,0,1,-31.70692833031793,0.4243203105461859
WT,apo,176,4,1,-32.391038796040334,0.4631412566035209
WT,apo,102,1,1,-31.194870021729983,0.5627734553196291
WT,apo,12,1,1,-31.607241618819636,0.11260289341593221
WT,apo,2,0,1,-31.344407069968074,0.29244524207646094
WT,apo,50,4,1,-31.252721864994264,0.056015187214889295
WT,apo,114,4,1,-31.779630122219224,0.17387807918934328
WT,apo,39,1,1,-32.37369969964243,-0.06125212061500207
WT,apo,100,3,1,-31.964824660445096,-0.35072598747278505
WT,apo,173,1,1,-31.798770947429063,-0.1296583157099107
WT,apo,110,2,1,-32.23419216704832,-0.3552650625754765
WT,apo,212,2,1,-31.796564610412393,-0.2899587303769806
WT,apo,193,4,1,-31.58679524588071,0.566904715204835
WT,apo,165,2,1,-31.722624098069453,0.5377708158055654
WT,apo,20,1,1,-31.915745051336913,-0.24166858165273197
WT,apo,228,4,1,-30.932404328945346,-0.16742278631387109
WT,apo,123,2,1,-32.37734811140528,0.2545064941285631
WT,apo,39,4,1,-32.29144415654616,-0.03272345530791654
WT,apo,240,4,1,-31.320755545928073,0.3935104801166176
WT,apo,29,0,1,-31.703344379721457,-0.1877598967047689
WT,apo,199,1,1,-31.56715772668186,0.4019060553680589
WT,apo,57,1,1,-31.574508442917626,0.32724762359860193
WT,apo,222,2,1,-31.217674997744563,-0.34612710623060394
WT,apo,56,1,1,-31.8112062113571,0.45676773758445677
WT,apo,22,1,1,-31.839789455031784,0.7325782825071201
WT,apo,235,1,1,-31.75285100167803,0.0587619033424005
WT,apo,177,4,1,-32.794060074660266,-0.033030843993557824
WT,apo,56,4,1,-31.961872474876976,0.19501188441687844
WT,apo,61,3,1,-31.639311837202868,0.3171179859457567
WT,apo,193,0,1,-30.609854936697893,-0.2215598361552651
WT,apo,23,3,1,-31.111837327099515,-0.08462460522594029
WT,apo,169,0,1,-31.183129344441284,1.1375752349266008
WT,apo,143,3,1,-31.736719750858462,0.16307514316056881
WT,apo,49,2,1,-30.75320272922202,-0.03847151410075611
WT,apo,61,4,1,-32.14589625036457,-0.06571250277093554
WT,apo,65,0,1,-32.3960444153488,0.6676530893192876
WT,apo,6,2,1,-30.996070323476154,0.23074639980676181
WT,apo,57,2,1,-31.129650600408162,-0.1079439762820229
WT,apo,172,4,1,-31.22530414077655,0.7292158916404148
WT,apo,185,1,1,-30.434244632452224,0.05966848588882101
WT,apo,55,0,0,31.065480964629742,6.277863173383931
WT,apo,73,3,1,-31.72253523817985,0.44216762664536446
WT,apo,233,4,1,-30.61210434424881,-0.6854248504018514
WT,apo,32,1,1,-32.16564582967197,0.9670113048071869
WT,apo,91,1,1,-30.908463268634225,0.14231957580124543
WT,apo,23,1,1,-31.912981814035,0.6010433845898433
WT,apo,181,1,1,-32.10125521799751,0.1392483905881008
WT,apo,9,4,1,-31.756478846458336,0.4407411816302158
WT,apo,32,0,1,-32.00297348042876,0.5739455418204997
WT,apo,226,0,1,-31.21701524138635,0.752705863104282
WT,apo,48,0,1,-1.6332085481505132,2.780310530306842
WT,apo,164,4,1,-31.5861544781213,-0.023976659510665854
WT,apo,178,4,1,-31.608147212149923,0.4523634885614598
WT,apo,190,0,1,-31.72495375696802,0.26870349104903823
WT,apo,139,3,1,-32.659677085190296,0.023874470563711725
WT,apo,189,1,1,-32.519264154238286,0.021806898572947375
WT,apo,12,4,1,-32.403484449440725,0.15703425510868385
WT,apo,146,2,1,-29.594836240173258,-0.14890395596096084
WT,apo,118,0,1,-31.088359554132694,-0.22803938454180894
WT,apo,8,2,1,-32.358952121911884,0.5478711251331774
WT,apo,78,4,1,-31.373893939529715,0.16731102220497007
WT,apo,101,3,1,-32.07166831963839,0.21222177724094138
WT,apo,232,0,1,-31.221647962334224,0.7313131324587303
WT,apo,162,4,1,-31.38265925377116,-0.280523648345266
WT,apo,219,4,1,-32.242144069015374,0.6307693346137171
WT,apo,121,2,1,-31.36137343568364,0.16937674044997664
WT,apo,169,1,1,-31.580514170974112,0.8883820607491586
WT,apo,140,1,1,-32.009756266910486,0.44085429075246196
WT,apo,224,0,1,-31.355062709410117,0.6749108074844443
WT,apo,229,1,1,-31.268967853203506,0.07868768295085005
WT,apo,165,4,1,-31.176319100035673,0.06819112804752336
WT,apo,195,2,1,-31.20764823510283,0.57825039935625
WT,apo,94,1,1,-32.112454876501566,0.9718098045326826
WT,apo,164,1,1,-31.037064940844225,0.5833504271673675
WT,apo,158,0,1,-31.677025903364637,0.21843936189698354
WT,apo,154,1,1,-32.22803494806889,-0.2804489803609087
WT,apo,199,0,1,-32.236810707536335,0.559292632858245
WT,apo,204,0,1,-31.408614427899437,-0.08253149500780665
WT,apo,121,3,1,-31.300852973478367,0.035992866307019256
WT,apo,24,0,0,30.437756666041665,5.795738161036155
WT,apo,63,3,1,-31.584968462909842,0.6359010558368041
WT,apo,79,0,1,-30.893306297102473,0.9703849338601529
WT,apo,215,0,1,-31.865990870861648,-0.002315423264214189
WT,apo,230,4,1,-31.007244826080026,0.5077434013705187
WT,apo,71,1,1,-32.48598767466964,0.22900349637617978
WT,apo,176,1,1,-32.67374562679299,0.46180341344678766
WT,apo,41,4,1,-30.20582618420142,0.6015880186909044
WT,apo,163,0,1,-31.26948699041204,-0.24803038770296126
WT,apo,34,0,1,-31.287906122092107,-0.14614132706658012
WT,apo,29,1,1,-30.957507720370025,0.49891967949642435
WT,apo,7,2,0,29.272716842014503,6.028161894378247
WT,apo,35,4,1,-31.790334349039085,0.44838427622479315
WT,apo,171,2,1,-30.831399935681745,-0.3063263755509311
WT,apo,215,3,1,-30.995013512388105,0.42511279514319966
WT,apo,229,2,1,-32.28061042329529,-0.014442634610738025
WT,apo,58,0,1,-31.366969927274237,0.019126892022477193
WT,apo,32,4,1,-31.02072004838493,-0.4618886051229083
WT,apo,212,3,1,-31.239512474934397,0.2401862669813184
WT,apo,22,2,1,-34.04402286548786,0.34259971414391543
WT,apo,47,4,1,-30.790557965587688,0.3363553804653989
WT,apo,62,0,1,-31.66137017047199,-0.118390744014512
WT,apo,200,4,1,-30.64799778708145,-0.03152206345374253
WT,apo,240,0,1,-30.54968603855791,0.3501564836462947
WT,apo,178,1,1,-30.874978104782247,0.3736683845184885
WT,apo,116,1,1,-31.410372933399998,0.4876942776189708
WT,apo,200,2,1,-31.145183273210527,1.094784087998761
WT,apo,177,0,1,-31.43064324162683,0.13744927529042172
WT,apo,58,4,1,-31.140463789474182,-0.09345826064087959
WT,apo,112,0,1,-31.829486361491966,-0.3437162349692571
WT,apo,73,4,1,-31.14126459984164,-0.07964301173547739
WT,apo,4,2,1,-30.859953483429173,-0.06626643557574141
WT,apo,20,0,1,-32.022087195361564,0.7058526165244388
WT,apo,245,3,1,-32.04151214688822,0.5572755622781429
WT,apo,143,2,1,-31.84873742049563,0.08737595376486951
WT,apo,20,2,1,-31.67687083467921,0.7345663726062881
WT,apo,217,2,0,31.196443055047382,6.332745922929252
WT,apo,53,0,0,30.54240525704715,6.49361125926298
WT,apo,48,4,1,-32.1576141397949,0.7567113593122485
WT,apo,248,2,1,-31.109586608474903,0.22321089944468042
WT,apo,68,1,1,-31.635497251501132,0.20107881195875876
WT,apo,46,2,1,-31.915465572124116,0.7014826467679924
WT,apo,29,4,1,-32.74626015908042,0.47440860220729064
WT,apo,100,1,1,-31.976217350543656,0.9954670245469899
WT,apo,177,2,1,-30.983185606792848,0.2692023045904435
WT,apo,218,4,1,-31.722229671564687,-0.09053447407352877
WT,apo,89,3,1,-30.895907265382764,0.41030947898790515
WT,apo,138,0,1,-30.84791820646007,-0.24215076038686334
WT,apo,217,4,0,30.354440580323953,5.742525096066956
WT,apo,166,1,0,29.06358934723552,6.145167206652172
WT,apo,58,1,1,-31.225867066924337,-0.23324684521404748
WT,apo,93,2,1,-31.514774048471867,0.10368650825554937
WT,apo,189,0,1,-32.323321934410785,0.10178852739869626
WT,apo,200,0,1,-31.72745521890446,0.21373746779889302
WT,apo,64,3,1,-30.604081509605983,0.005688652034343988
WT,apo,176,0,1,-31.134558408479535,0.20080631282878159
WT,apo,185,4,1,-32.46339491319672,0.5427800620829544
WT,apo,143,1,1,-32.546948070334665,0.7305845492850409
WT,apo,55,2,0,29.691154313888575,6.596690244726009
WT,apo,200,1,1,-32.722191679230306,0.8589297400129254
WT,apo,137,3,1,-31.036516075334916,0.3786491546401436
WT,apo,63,1,1,-32.235213275952624,0.9882265587115739
WT,apo,120,4,1,-31.10238802361626,0.3276053227260647
WT,apo,41,0,1,-31.31970218212344,0.9013407210886228
WT,apo,230,0,1,-30.54047236636937,0.44876515094654934
WT,apo,18,0,1,-31.76348684616201,0.1784446064214933
WT,apo,162,0,1,-31.12698627970633,0.07568432075721176
WT,apo,134,4,1,-31.68345316864508,0.06056314518437489
WT,apo,90,3,1,-31.13047423463247,-0.3642302361963985
WT,apo,181,3,1,-32.04889672861049,0.4047796548045355
WT,apo,181,0,1,-32.13661518582639,0.5286699860246884
WT,apo,120,3,1,-32.43677263194315,0.12208431404889808
WT,apo,47,2,1,-31.222998422133408,0.06638743677238779
WT,apo,22,0,1,-31.1137344096109,0.129824351819245
WT,apo,64,0,1,-31.532266817443723,-0.4421410518536959
WT,apo,94,4,1,-30.97113623042584,0.3247343088012826
WT,apo,78,3,1,-30.89852718670373,-0.07704323034163707
WT,apo,91,4,1,-32.0426814235503,1.4888604707966593
WT,apo,39,2,1,-31.43849068393502,-0.1687407738636324
WT,apo,5,4,1,-30.556325145955064,0.25290001258042594
WT,apo,249,4,1,-32.78278553637595,0.34914312108211476
WT,apo,41,2,1,-30.924110424556083,0.34767182536212715
WT,apo,68,2,1,-32.30018051880238,1.0499645741081096
WT,apo,63,4,1,-31.50572016472757,1.2670361277482272
WT,apo,92,1,0,30.629063075041444,5.671459314046999
WT,apo,160,4,0,29.39844636399897,5.906287933888866
WT,apo,249,1,1,-30.990216181717358,0.36860910743025244
WT,apo,34,3,1,-31.89649461811354,0.35262572119665236
WT,apo,178,0,1,-30.815603266646686,0.1623699140937802
WT,apo,248,0,1,-31.82031306557402,0.5412186199396558
WT,apo,209,1,1,-31.998071031127708,0.10710841488194944
WT,apo,91,0,1,-32.200455296687046,0.980485641768901
WT,apo,78,2,1,-31.925992561215256,0.2207304518644122
WT,apo,174,0,1,-32.108930769236025,-0.1299650166481996
WT,apo,162,3,1,-31.92733978975965,0.20190036161270797
WT,apo,211,2,0,29.445083464509338,5.909788594027248
WT,apo,229,4,1,-32.50858425853609,0.032814047489523546
WT,apo,120,1,1,-31.379989046413037,0.6182995622431164
WT,apo,7,3,0,30.390867902148372,6.688222803644308
WT,apo,166,0,0,30.31100806975192,6.317607151817434
WT,apo,174,1,1,-31.170059869425614,0.47405355777713254
WT,apo,218,1,1,-32.638545884130004,0.5289021710300403
WT,apo,104,0,1,-31.0968951256079,0.22831947058456592
WT,apo,101,0,1,-31.245302416714434,0.3166670207316997
WT,apo,230,3,1,-30.31947504361935,0.993087154443927
WT,apo,138,1,1,-31.424848023319054,0.39434712767918256
WT,apo,210,1,1,-33.29224079142872,0.3007493445037426
WT,apo,137,1,1,-31.663869527729545,0.6330807352769057
WT,apo,189,3,1,-32.1114525004876,0.25799979812197193
WT,apo,224,3,1,-31.53736946125537,0.390495369678554
WT,apo,249,3,1,-32.37656731882043,0.08463863630257862
WT,apo,245,2,1,-33.260299559355595,0.055452781651951
WT,apo,137,4,1,-31.25215803706613,0.3870261120991998
WT,apo,166,3,0,30.73038271174903,6.503233284566438
WT,apo,209,3,1,-33.03563265413912,0.7389584586373701
WT,apo,159,2,1,-31.439314631230594,0.4018428610621214
WT,apo,217,3,0,30.75005341375656,5.985625295160094
WT,apo,53,3,0,30.221632204826903,6.62628147519662
WT,apo,143,0,1,-30.83883216876158,0.34176683303960687
WT,apo,230,1,1,-31.174817236471817,0.399955218428083
WT,apo,46,0,1,-31.299722467935315,0.7127829981746245
WT,apo,133,1,0,30.97766526971529,6.436140220961413
WT,apo,28,4,0,29.393415552994043,6.065937811529032
WT,apo,191,0,1,-1.5341037736370922,2.7246577243823964
WT,apo,156,4,1,-31.455932279713664,1.122624003133744
WT,apo,133,3,0,28.904274910436968,5.744578084592661
WT,apo,174,3,1,-31.200113123763437,0.19253687773965567
WT,apo,163,3,1,-30.175665084561786,0.6064156900445781
WT,apo,179,1,1,-32.02503031940455,-0.10961687530553377
WT,apo,168,4,1,-31.538979728135047,0.29577300061568224
WT,apo,163,1,1,-31.11519612713709,1.421495449977563
WT,apo,28,3,0,30.16548165696379,5.885618037128076
WT,apo,24,2,0,29.597362899537416,6.099726251230148
WT,apo,93,3,1,-31.821201819390094,-0.011958299860971522
WT,apo,210,0,1,-32.05044305781193,0.6752831516590732
WT,apo,133,0,0,30.315851778558084,6.193267578519979
WT,apo,28,2,0,30.64053964896678,6.898069445401546
WT,apo,92,3,0,30.27476323260234,5.829015740950425
WT,apo,249,0,1,-32.378734911678656,0.06244991415995571
WT,apo,210,3,1,-32.522559470677294,0.24959521035730603
WT,apo,73,2,1,-30.571991602073204,0.26290925851909464
WT,apo,163,2,1,-31.245168190285767,0.9556740340724161
WT,apo,176,3,1,-32.222260707061764,1.8813623677825504
WT,apo,92,2,0,29.318807613949986,5.859015926757394
WT,apo,120,2,1,-31.274642768800916,-0.14881794464496068
WT,apo,22,3,1,-30.662334145693166,0.9743499089821128
WT,apo,78,1,1,-32.09064751159748,0.41611443606952747
WT,apo,53,2,0,29.778119873621975,5.922205852601884
WT,apo,76,0,1,-31.390896400381543,0.012410364352625436
WT,apo,7,0,0,29.680275035365796,5.783726747895209
WT,apo,179,0,1,-32.145138439584045,0.19718701971792996
WT,apo,204,2,1,-32.55805613947392,-0.06862296217173025
WT,apo,132,1,1,-30.486251256779504,0.1781004878366872
WT,apo,111,0,1,-30.26610259726106,0.0886614450010299
WT,apo,211,0,0,29.94838529624367,5.885987006669424
WT,apo,211,3,0,30.19531048042002,5.815588021148983
WT,apo,6,3,1,-29.82621635679423,2.4705219044718874
WT,apo,78,0,1,-31.97275922959603,0.5101820357597973
WT,apo,3,3,0,30.067510832656694,6.086520635326508
WT,apo,92,0,0,30.822094645376296,5.8194068356443225
WT,apo,167,4,1,-32.179446827749516,-0.06816265384415487
WT,apo,92,4,0,30.70219123785715,6.986825254781671
WT,apo,190,3,1,-31.305343441964673,0.21830754067000413
WT,apo,109,0,0,31.431784036407976,6.6399889536976175
WT,apo,55,3,0,30.662892885152957,6.5408391159968176
WT,apo,28,1,0,29.98043311789999,5.898294870747403
WT,apo,119,2,0,30.119880244756942,6.4539333310217195
WT,apo,218,2,1,-30.8574586976205,0.5414934402075957
WT,apo,204,4,1,-31.496389297749026,0.405113812168743
WT,apo,53,1,0,29.01607487239859,6.7039621025792755
WT,apo,7,4,0,30.368541917575612,6.35413774046987
WT,apo,37,2,0,31.87123636350357,6.454233656844796
WT,apo,133,2,0,29.4688654128268,5.974907585291966
WT,apo,160,1,0,31.20597884775006,6.01611464595209
WT,apo,33,3,1,-31.809220946641943,-0.2617872580501839
WT,apo,210,4,1,-33.18736823467681,0.2533492034895559
WT,apo,135,4,1,-31.67747543606093,0.3102673248550829
WT,apo,179,4,1,-32.940259552231566,0.030572316102826846
WT,apo,237,0,0,28.793836074624494,5.15827531148485
WT,apo,45,0,1,-32.186804795367465,0.2812246563871952
WT,apo,180,0,0,31.44200175382997,6.929770977594757
WT,apo,160,2,0,29.368681744318522,5.974605392470064
WT,apo,155,1,1,-30.315377455167017,0.16092525220373943
WT,apo,211,4,0,29.453716231486723,6.075709327261389
WT,apo,133,4,0,29.878821480864204,5.938036678070194
WT,apo,132,3,1,-31.164376203680618,0.2917482785836114
WT,apo,129,0,0,29.170055813016063,5.278430030627806
WT,apo,109,3,0,29.793543454610827,6.554061842405893
WT,apo,186,2,1,-32.81105162085636,0.002670468910039858
WT,apo,218,0,1,-31.6777808402473,0.435202374432464
WT,apo,218,3,1,-31.024918675596904,-0.0022331323185156293
WT,apo,217,1,0,29.409039023422423,5.548254936171059
WT,apo,28,0,0,30.814202902835106,6.4858904006778
WT,apo,119,0,0,30.148944775204896,6.740258774501321
WT,apo,53,4,0,29.67389562227693,5.775023187472726
WT,apo,112,1,1,-1.8094336507093516,2.706826124249268
WT,apo,3,1,0,30.45408139009882,5.672795238095755
WT,apo,160,3,0,29.391635261254223,5.931775728339378
WT,apo,141,4,0,30.264414007999534,6.333693617913266
WT,apo,179,3,1,-29.968730508516096,0.4162624103146584
WT,apo,3,2,0,30.46753017380223,6.301618875825493
WT,apo,160,0,0,31.323662078743368,5.906665295914934
WT,apo,31,2,0,29.18562917125739,5.383414654556908
WT,apo,76,1,0,30.148137052191203,6.114100438055807
WT,apo,149,2,0,31.37244895049288,6.725862689655944
WT,apo,33,2,1,-30.311040797626788,1.0994906635192763
WT,apo,40,3,0,28.667740423647345,5.788288656041175
WT,apo,237,2,0,29.489674376736744,6.219304508974606
WT,apo,151,4,1,-32.91376604013534,-0.23556295282627815
WT,apo,187,0,0,28.471845597397333,-2.0712641269450742
WT,apo,187,2,0,30.18589842916748,5.810010654460108
WT,apo,170,2,1,-31.908668642386502,0.37389001353557205
WT,apo,72,4,0,25.16645317364228,-9.015973770782615
WT,apo,109,4,0,30.33403888281319,6.081426355212038
WT,apo,241,1,0,26.693891867478314,-7.0567777424550755
WT,apo,33,1,1,-32.01726187504738,0.8604799845443196
WT,apo,38,2,0,27.695259711667745,-9.288983997148343
WT,apo,153,3,0,29.640591097832612,5.388284894368098
WT,apo,109,2,0,30.520657403220724,6.691299331699295
WT,apo,76,4,1,-31.400495769013848,0.23019425170962649
WT,apo,74,0,0,24.535991631901055,-7.571816320444391
WT,apo,119,4,0,29.81817538264866,6.531650340866751
WT,apo,96,3,0,28.4895539150601,5.035272883832697
WT,apo,37,1,0,29.910889524264277,5.157333721357688
WT,apo,119,1,0,30.67334375162416,6.4565578908504655
WT,apo,196,0,0,28.88426589596854,5.456787500286648
WT,apo,170,3,0,29.44495700044456,5.762557280298449
WT,apo,17,2,0,27.021304235922543,-6.487914291154169
WT,apo,52,0,0,26.7794211311747,-7.920362049236807
WT,apo,40,4,0,31.479151099663454,6.633486723368797
WT,apo,161,1,0,27.477904368207135,-4.884260296972798
WT,apo,153,1,0,29.67172744018491,6.127325750348625
WT,apo,103,0,0,29.414307903116025,5.746038670192913
WT,apo,136,3,0,28.51299641758591,5.108428380580694
WT,apo,145,1,0,29.17708178390194,5.481472428629388
WT,apo,173,4,0,26.24180794287082,-8.979134838433211
WT,apo,107,2,1,-32.61344117580151,0.3893762613645677
WT,apo,194,0,0,24.909637087554728,-7.907834337835425
WT,apo,103,2,0,30.850627065593997,6.200482369326679
WT,apo,231,3,0,29.596297647549704,6.1502893006844594
WT,apo,17,0,0,30.184978460632976,6.127534381766324
WT,apo,86,1,0,28.51045508757926,6.359872187468852
WT,apo,241,4,0,27.99345249134457,-6.312105415345918
WT,apo,123,1,0,28.168508797848247,5.410846320478271
WT,apo,101,4,0,27.691714993337413,5.310215200890394
WT,apo,150,4,0,25.122899553361464,-8.006406107496808
WT,apo,27,3,0,26.245718750299687,-8.197171076989584
WT,apo,237,4,0,29.73296293430016,6.1665180751098205
WT,apo,21,4,0,29.38850730873152,5.628081454971156
WT,apo,76,2,0,30.341137358485426,5.67793800455696
WT,apo,59,4,0,27.86550953482252,-7.776364185100562
WT,apo,43,0,1,-31.921256717139695,-0.042802841766217625
WT,apo,166,4,0,30.756161371748647,6.403147911055321
WT,apo,96,1,0,29.301360848904565,5.496484252746953
WT,apo,168,1,1,-32.155155672094935,-0.17473191039893265
WT,apo,15,3,0,27.86732267295173,-7.880671226484949
WT,apo,141,0,1,-31.899345013633145,0.06874354253392312
WT,apo,241,0,0,30.13658275338267,5.784527586965197
WT,apo,75,4,0,28.629110889202153,5.447466714831247
WT,apo,38,3,0,25.042027914553955,-8.975288671589887
WT,apo,38,0,0,27.361444135311828,-7.27069552184679
WT,apo,113,4,0,25.175305614379994,-5.094711005658276
WT,apo,31,3,0,30.093253966099454,5.524274525333535
WT,apo,44,1,0,27.96999063031525,-8.513982203323629
WT,apo,109,1,1,-31.464323342115367,-0.3454066761123826
WT,apo,86,0,0,28.818911698389726,5.709236302853601
WT,apo,140,2,0,28.359074839338078,5.617049889537164
WT,apo,192,4,0,27.43966428554573,-5.67576571821877
WT,apo,119,3,0,30.232577969585435,6.941524033546795
WT,apo,196,2,0,28.061718414126403,4.939510536051536
WT,apo,14,2,0,30.347200625090835,5.761335477314592
WT,apo,188,2,0,28.501416018395872,4.940988376614577
WT,apo,62,1,0,24.779239764127936,-9.406810243194045
WT,apo,231,0,0,29.969479424656257,5.805144466288354
WT,apo,168,2,0,27.504851822404376,-5.346590134856463
WT,apo,21,3,0,26.969257407969465,5.028206997875824
WT,apo,150,3,0,29.752529636172426,5.574687539393924
WT,apo,41,1,0,25.60039252950321,-7.324658591044084
WT,apo,124,2,0,26.577834367941563,6.264978376995973
WT,apo,72,3,0,28.359860709080692,6.471589493523911
WT,apo,180,3,0,29.333882301314915,6.317724272165261
WT,apo,147,2,0,26.868138373840395,-6.432357732194383
WT,apo,87,1,0,30.1622282017902,5.243354777463839
WT,apo,170,0,0,30.05678213398899,6.296764610663047
WT,apo,194,3,0,30.339555061645484,5.951262536944093
WT,apo,221,2,0,28.553975591064415,-1.7532540903342166
WT,apo,145,0,0,29.585463907585407,5.5218109210639135
WT,apo,124,3,0,27.578478986077812,6.054419899686689
WT,apo,250,2,0,31.508548694444713,6.06260526148294
WT,apo,206,3,0,26.24587165147217,-8.867220831581037
WT,apo,115,0,0,29.204030400524786,6.399839249133944
WT,apo,187,1,0,29.12144354419361,5.259544441844199
WT,apo,104,3,0,25.18267806423202,-6.532183979329609
WT,apo,216,3,0,29.94132403050871,6.635843808534126
WT,apo,158,2,0,27.66862678026277,-7.7579003489933385
WT,apo,65,2,0,27.524139070990515,-4.602841946450006
WT,apo,82,0,0,27.47066526546081,-1.7640503808609722
WT,apo,12,0,0,28.775536854911564,5.004622926387242
WT,apo,129,2,0,29.840375600465322,5.817411586658448
WT,apo,96,4,0,28.94086844296065,5.951360527432431
WT,apo,84,2,0,28.582393150366244,6.612523621117628
WT,apo,191,3,0,28.085335935346038,6.03758055030012
WT,apo,187,3,0,30.27715174145115,5.9432565084914835
WT,apo,108,2,0,29.685037012680496,6.010088793352679
WT,apo,96,0,0,26.41427791579352,-8.069687321102329
WT,apo,8,4,0,30.819694213185656,5.8530775806915365
WT,apo,14,1,0,29.582592600125025,5.9646690343301465
WT,apo,178,3,0,26.166139887609972,-4.073275719626416
WT,apo,122,0,0,26.619361733922474,-6.733972059729581
WT,apo,3,4,0,29.809328149707696,5.737186136980085
WT,apo,102,0,0,26.62658460388873,-8.033462452032147
WT,apo,49,0,0,26.681263466234498,-8.304133443110956
WT,apo,67,0,0,29.928716922400483,5.799774759059751
WT,apo,52,1,0,30.062202694717683,5.847379010755308
WT,apo,145,3,0,29.493765517312468,5.559831733382204
WT,apo,123,0,0,26.672959022971355,-6.121446193291838
WT,apo,231,4,0,30.099801765714247,6.398986443230051
WT,apo,84,4,0,30.481844471162802,6.781940068728016
WT,apo,144,2,0,29.276064150397886,5.886518463409537
WT,apo,95,4,0,29.926103339698315,5.580181183504493
WT,apo,82,4,0,30.487960184798837,5.174180878490905
WT,apo,85,0,0,30.567200222569625,5.647385828906671
WT,apo,1,4,0,29.27124547291153,5.478499234135576
WT,apo,54,0,0,29.63688934854146,5.24895536259125
WT,apo,26,1,0,28.620039057509985,5.8324047258036025
WT,apo,103,1,0,30.22597510546879,5.421686258242772
WT,apo,37,4,0,28.995371948263042,5.892177734667975
WT,apo,230,2,0,23.42192081336512,-8.18621960270135
WT,apo,170,1,0,29.562780634550705,5.7164282583648145
WT,apo,216,0,0,27.69249700380334,-6.763428204186376
WT,apo,36,0,0,30.717838259122033,5.922891256685048
WT,apo,69,4,0,28.760096337748976,5.811766442508276
WT,apo,44,4,0,28.130849842732644,-6.158133027417726
WT,apo,114,1,0,26.986916221132603,-10.631496726504785
WT,apo,66,3,0,30.300746767835122,5.784828684245518
WT,apo,167,2,0,30.483016838001944,6.264623295219245
WT,apo,107,0,0,30.22526489701393,5.601955961438584
WT,apo,201,4,0,27.295901131215203,-8.251235406821344
WT,apo,11,1,0,26.380402084708948,-8.141342254476534
WT,apo,74,3,0,25.884518828855946,-7.823618563485539
WT,apo,42,3,0,30.27876638115241,6.524035327289241
WT,apo,203,1,0,26.885007503467165,5.647516358795041
WT,apo,244,2,0,25.924568063175073,-4.979257164007706
WT,apo,129,3,0,30.51256954669249,5.178719037691074
WT,apo,136,4,0,29.85181106321933,6.002136498136974
WT,apo,140,3,0,27.554480821732753,-4.320567898900713
WT,apo,208,1,0,27.926165338248396,6.285231700503186
WT,apo,66,4,0,30.684064417996865,6.512129404361115
WT,apo,122,2,0,30.33953307671929,5.464689155711685
WT,apo,82,3,0,30.583266149679872,5.519807466726451
WT,apo,220,1,0,28.497311526887913,5.7603918092064035
WT,apo,145,4,0,29.965560206102452,6.120676698130293
WT,apo,127,2,0,27.25537327167183,-9.054088754538334
WT,apo,173,0,0,27.969888449321743,-7.431212341012738
WT,apo,201,2,0,25.496845154869845,-7.336099440326166
WT,apo,234,4,0,28.977482165542426,6.088913055428495
WT,apo,157,4,0,29.647675466483932,5.806080836426766
WT,apo,80,0,0,29.740466588334186,5.7609340490680445
WT,apo,188,0,0,26.11543205578063,-7.4685193689618075
WT,apo,242,1,0,27.649998877757426,-5.402734160404108
WT,apo,220,3,0,28.84805782626644,5.872459599775382
WT,apo,43,2,0,29.649561352529616,5.6243986327077735
WT,apo,152,1,0,25.897294219696306,-7.115161092606691
WT,apo,142,2,0,24.68264200087681,-6.835954393742476
WT,apo,60,1,0,27.052524099324913,-8.304805648940246
WT,apo,76,3,0,30.216041316617634,5.520890073027388
WT,apo,140,4,0,29.3982568427392,5.934177889315578
WT,apo,81,3,0,28.492866268083233,5.679683372476781
WT,apo,182,4,0,29.33650748554423,5.576708715363424
WT,apo,135,3,0,27.75122515639383,5.804867760100933
WT,apo,65,3,0,28.510415724026828,5.601576524378906
WT,apo,31,0,0,29.349869753013834,5.889903448266054
WT,apo,18,4,0,27.30138080672421,5.428720481498917
WT,apo,117,4,0,29.06204549262287,5.707838737302115
WT,apo,70,1,0,29.73299532858553,6.340954495024839
WT,apo,203,4,0,28.283680116863366,6.30006458302417
WT,apo,21,2,0,28.743265519089306,6.307521304903716
WT,apo,145,2,0,28.87142376393605,5.820546533644727
WT,apo,240,1,0,30.76075577873236,2.6322244589269914
WT,apo,136,1,0,28.971225651999248,6.686463490019133
WT,apo,11,0,0,29.359766449817982,5.8757170432911074
WT,apo,236,1,0,28.458647674638556,5.588754381394516
WT,apo,41,3,0,26.73028359571633,-7.18693889539707
WT,apo,152,4,0,25.777835926247576,-7.418395650400427
WT,apo,113,3,0,25.84290405206127,-8.331712858774274
WT,apo,128,0,0,27.154774468272706,-7.337321013152817
WT,apo,150,0,0,30.396982269469547,5.81600120014739
WT,apo,237,1,0,29.19776126662991,5.42549494307924
WT,apo,97,0,0,30.22472773062063,5.4651094733618315
WT,apo,103,3,0,29.590447736494625,5.373165130653192
WT,apo,79,2,0,27.36231915684168,-7.438715087726791
WT,apo,72,1,0,27.543472331912454,5.205580296690584
WT,apo,242,3,0,28.912263978428257,5.388287771988164
WT,apo,5,1,0,29.578808277465825,5.816970369371063
WT,apo,213,4,0,25.954490590171787,-8.094649568753354
WT,apo,159,4,0,30.128222345907304,6.199636727396257
WT,apo,103,4,0,30.878843240024068,7.227265777906808
WT,apo,137,0,0,24.970156588046947,-2.2037913167034873
WT,apo,4,0,0,24.96839422737112,-6.592881035704494
WT,apo,73,1,0,26.229429135738854,-7.575110415161454
WT,apo,150,2,0,28.31250908763134,5.771766320319635
WT,apo,192,1,0,29.054882323279628,5.837388093505805
WT,apo,135,2,0,30.21345383570484,6.205619367304404
WT,apo,213,3,0,28.95708479813763,-6.885687583432812
WT,apo,35,0,0,30.0105112029825,5.459500391953952
WT,apo,248,4,0,25.87773633597304,-9.006536636229832
WT,apo,146,4,0,28.684831060396775,5.31134370310188
WT,apo,71,3,0,26.6648798700695,-7.675561412893792
WT,apo,197,4,0,29.211830224978854,5.365785308318557
WT,apo,26,0,0,28.85213308218441,5.324315486917552
WT,apo,10,3,0,28.33213925368966,5.911319538689
WT,apo,201,0,0,29.838490412374128,5.336608608104573
WT,apo,142,0,0,29.07106523137041,5.502407074705342
WT,apo,108,4,0,29.152966603419102,-2.3730996350839035
WT,apo,84,3,0,29.23255064353414,5.9829051427834585
WT,apo,15,0,0,26.401485507118565,-9.261340640597503
WT,apo,73,0,0,25.715865153233693,-6.1932683545077225
WT,apo,89,2,0,29.37662834083632,6.217191997148976
WT,apo,142,3,0,26.579783551036414,-6.245354794533121
WT,apo,185,0,0,29.54517964040069,6.052591229409199
WT,apo,127,1,0,29.04903195930089,5.808828136078716
WT,apo,43,3,0,29.45273661048131,5.665684970697807
WT,apo,212,0,0,30.06956231823699,5.6331441291118445
WT,apo,238,1,0,24.907473648257422,-6.4610175241490495
WT,apo,208,3,0,29.65760313786535,5.694117580623509
WT,apo,44,3,0,29.580388773502207,5.5489294208557
WT,apo,96,2,0,28.96724810386786,5.345917519084775
WT,apo,198,3,0,29.567577010179647,6.403340570542596
WT,apo,250,3,0,30.653900384726313,5.726952811182457
WT,apo,180,1,0,29.836549521277277,6.332329766240118
WT,apo,4,3,0,26.888439945281092,-6.662736744276081
WT,apo,157,1,0,29.21984629233488,6.263837775634702
WT,apo,121,0,0,25.71859839331917,-9.052891566546641
WT,apo,113,1,0,25.04663640141986,-8.807518849929671
WT,apo,170,4,0,29.315408307186402,6.032004779471652
WT,apo,156,3,0,27.778062043806173,-7.947282078315581
WT,apo,213,2,0,28.542194024309836,6.096435161972618
WT,apo,216,4,0,26.441003765133402,-6.200831902815317
WT,apo,85,4,0,28.300420498365327,5.252618977381207
WT,apo,14,3,0,28.95437950881238,5.409816534513769
WT,apo,130,2,0,28.025019591070944,-6.56744613134439
WT,apo,153,2,0,29.323976196582876,5.745299655460798
WT,apo,67,3,0,30.190511449020022,5.887100782360342
WT,apo,203,0,0,29.11247466223267,-1.5072521176970426
WT,apo,150,1,0,28.807981554636783,5.252118835201667
WT,apo,182,3,0,29.062903926720793,5.969615253536265
WT,apo,143,4,0,29.941280423402617,5.873433157579889
WT,apo,221,0,0,28.194877951022363,6.725614406491012
WT,apo,108,1,0,27.580399389485933,5.4567197409538295
WT,apo,91,2,0,31.048979723014,5.776193982020484
WT,apo,104,2,0,30.702576280969865,5.968442028528653
WT,apo,247,1,0,28.80050934338732,5.64644669260289
WT,apo,4,1,0,25.660567282335833,-7.865300327503192
WT,apo,232,4,0,29.304203989353496,5.275148993201711
WT,apo,25,0,0,29.58755629766337,6.287926379015701
WT,apo,199,2,0,26.5282001079388,-7.535157181998414
WT,apo,129,1,0,30.80509765989619,5.649002793547304
WT,apo,187,4,0,27.488415929706875,5.589578453042879
WT,apo,188,1,0,29.548142696804845,5.5678130043824865
WT,apo,54,4,0,28.013842767440465,5.309457207296958
WT,apo,157,2,0,29.943453605687083,5.735420686757038
WT,apo,128,1,0,30.830154690122143,5.008441328065722
WT,apo,181,2,0,26.78586214765265,-5.100925449571662
WT,apo,68,0,0,28.622264513180852,-7.540390508282975
WT,apo,152,2,0,28.659233874081295,5.8112180665354565
WT,apo,27,1,0,28.618882556845932,5.958711092048585
WT,apo,65,1,0,29.68755456411904,5.467985261930718
WT,apo,42,0,0,30.443910844499158,6.681868596491427
WT,apo,245,0,0,27.366807512364147,-8.698040341220441
WT,apo,27,2,0,28.788094826859066,5.522882704433371
WT,apo,231,1,0,30.754887702748164,6.163093090969323
WT,apo,227,2,0,30.75349383433084,5.625465757327419
WT,apo,238,2,0,28.657849983727274,5.443003519229567
WT,apo,16,2,0,28.801827903431473,5.590615295853272
WT,apo,72,2,0,30.15876337131364,5.692550763212758
WT,apo,222,4,0,29.108616902466153,-4.585304054011367
WT,apo,5,0,0,29.60896188633494,5.724400241723966
WT,apo,6,4,0,30.47608849664742,5.861196225337359
WT,apo,67,4,0,30.940074076213563,6.137916506691319
WT,apo,159,1,0,29.313307839285812,5.317957382590951
WT,apo,10,0,0,29.103450853535293,5.87465154006961
WT,apo,153,4,1,-30.37797700158741,0.787950154486623
WT,apo,111,3,0,31.621150570690602,6.500610121226469
WT,apo,124,0,0,29.988641143325054,5.819699801126397
WT,apo,80,4,0,29.900984722529998,5.929888419443774
WT,apo,220,2,0,29.361040596361633,5.643236150373646
WT,apo,239,4,0,29.118161907098383,5.924427238579593
WT,apo,79,4,0,26.795932193611094,-7.6406622138894775
WT,apo,192,0,0,29.180079246617808,5.602389320775664
WT,apo,227,1,0,29.376122389859304,-1.29683080397119
WT,apo,88,2,0,28.764831972044348,5.172267125386469
WT,apo,52,3,0,30.4893426165751,6.363153571841476
WT,apo,244,3,0,29.72441476548505,5.897317892633726
WT,apo,139,4,0,28.359948511761587,5.784852829801224
WT,apo,216,1,0,29.725639882658456,4.87636137522648
WT,apo,5,2,0,27.230018312508804,-1.2368573987344291
WT,apo,228,0,0,30.384179019682023,6.378876350329421
WT,apo,132,2,0,29.85648058181458,5.912861776669974
WT,apo,167,0,0,28.644622667181096,5.218929238949013
WT,apo,199,4,0,26.79298628816052,-6.219322316553459
WT,apo,70,3,0,31.71734483342685,6.4904214617887845
WT,apo,234,3,0,28.795819177055833,6.516928664222377
WT,apo,157,0,0,30.117796141129816,5.704191497274234
WT,apo,239,1,0,28.881340581028866,5.796759505164754
WT,apo,248,3,0,27.678322411794397,-4.878782345740348
WT,apo,79,1,0,27.937372789799056,-6.313681076525583
WT,apo,60,3,0,29.97410196901815,5.671328529134957
WT,apo,149,0,0,29.81373122354003,5.334489873987948
WT,apo,167,3,1,-30.376405087443644,-0.17766882969543474
WT,apo,215,1,0,27.262754530387497,-7.781369529885744
WT,apo,163,4,0,26.527939559580133,-5.765098818189337
WT,apo,250,1,0,30.03830107412641,5.6293863069260475
WT,apo,180,2,0,30.504460526436446,6.264654408328344
WT,apo,168,3,1,-31.33547427679798,0.7087658612235188
WT,apo,164,0,0,28.163821275247003,-7.7163304199851765
WT,apo,87,0,0,30.483109340110076,5.570541506487185
WT,apo,77,0,0,29.73397860280214,5.857851268533665
WT,apo,188,3,0,30.59124729104012,6.16138143856643
WT,apo,231,2,0,29.15642548345035,5.83080589055394
WT,apo,43,1,0,29.58567566357074,6.756099533873083
WT,apo,25,3,0,30.886809885529118,5.82650305940297
WT,apo,149,3,0,29.18306988523463,5.734361906056613
WT,apo,84,0,0,29.826429322861628,6.629607830125927
WT,apo,237,3,0,29.050944059554183,-0.8539323621285106
WT,apo,22,4,0,29.70043767447285,6.303598302818912
WT,apo,26,4,0,31.2673438224341,6.7991947410725295
WT,apo,36,3,0,30.238955798906872,6.050789134491929
WT,apo,202,4,0,27.775415851868814,-6.699649990676882
WT,apo,193,1,0,29.935168259172485,5.487800669412408
WT,apo,141,2,0,27.421270687125144,-6.724637358895755
WT,apo,114,3,0,29.726945667825404,5.981699236135913
WT,apo,244,1,0,29.18042505587475,5.173985897560758
WT,apo,148,2,0,26.544746873143254,-7.129851860452206
WT,apo,229,0,0,29.469100965401992,5.190548522631246
WT,apo,147,4,0,28.5807820247948,6.436056773974531
WT,apo,197,1,0,29.777932863704052,5.969568556521917
WT,apo,228,2,0,28.539458054980813,5.665247294854865
WT,apo,191,1,0,31.16624899763748,5.708687234339081
WT,apo,6,0,0,29.33070485237016,5.514895028985471
WT,apo,238,4,0,27.58056582411453,5.752241984526762
WT,apo,115,2,0,26.654369193977757,4.463228404267188
WT,apo,61,1,0,25.943095066034857,-8.526450181990995
WT,apo,16,0,0,30.771445535816,5.869549496534773
WT,apo,36,2,0,30.09876115423306,5.970240386048474
WT,apo,247,3,0,29.915831992612624,5.696894160835935
WT,apo,225,0,0,29.480243904789063,6.027756845492426
WT,apo,90,4,0,29.59475473967349,6.21031774743836
WT,apo,63,0,0,30.67763613881236,5.379161526261644
WT,apo,165,0,0,27.173999747466993,-6.8377588566119485
WT,apo,172,0,0,29.094919202332562,6.042138785519473
WT,apo,11,4,0,30.03440667562346,5.624238807883742
WT,apo,222,1,0,27.668210757052336,5.527514935330171
WT,apo,18,1,0,28.754170538733774,6.062729023957829
WT,apo,101,2,0,27.929761482997577,5.228265819923475
WT,apo,15,2,1,-31.245683235473095,0.3185008425450704
WT,apo,151,0,0,29.25544149388449,5.680461307501446
WT,apo,184,4,1,-31.514959290979203,0.03437553378743985
WT,apo,128,2,0,27.988881013996505,-1.6843377032611784
WT,apo,50,2,0,27.760092941307718,-7.299456183681421
WT,apo,235,4,0,29.1725513517555,5.639099380992054
WT,apo,141,3,0,30.602973435748453,6.236248299096015
WT,apo,15,1,0,26.329988468672383,-8.568842536686404
WT,apo,153,0,0,29.307800218605365,5.166595476782486
WT,apo,58,2,0,29.013441216891266,5.763526090970036
WT,apo,146,0,0,26.05354155602508,-8.174394871650584
WT,apo,171,1,0,29.13985691380924,5.451729729788639
WT,apo,180,4,1,-31.271011052990453,-0.13990721284991992
WT,apo,203,3,0,29.70526552332268,5.517624556699317
WT,apo,130,4,0,27.47484943519764,-6.113039878502114
WT,apo,82,2,0,29.981000906013378,6.115598617655063
WT,apo,161,0,0,28.948972031807514,6.5389099982732475
WT,apo,173,2,0,29.118332958420098,5.302605103968162
WT,apo,1,0,0,30.09235761892647,5.629549250607553
WT,apo,148,4,0,28.186938292776546,5.456672932646189
WT,apo,57,0,0,28.00947303026753,-5.24833627038776
WT,apo,114,2,0,28.38457359260208,5.165774991225337
WT,apo,42,1,0,30.480226506257694,6.434884978458538
WT,apo,152,0,0,30.19612181726835,5.718422442825567
WT,apo,83,0,0,28.85646894256101,5.66994291600653
WT,apo,40,0,0,29.19955522551919,5.641809780134476
WT,apo,8,3,0,31.698548431914475,6.342611465485522
WT,apo,157,3,0,30.253052336390866,6.349308727365745
WT,apo,108,3,0,28.54393430361624,5.634283848845438
WT,apo,195,3,0,29.376211572121463,5.375926311961887
WT,apo,214,1,0,27.853574695164866,5.42751746744899
WT,apo,5,3,0,27.27441163943898,-6.000113846572333
WT,apo,151,3,0,30.545296550555136,6.574471659504223
WT,apo,112,4,0,27.29099164851951,-6.756405355250585
WT,apo,64,4,0,27.84316386832168,6.464267645383739
WT,apo,226,2,0,28.78906422524952,5.829115016492743
WT,apo,50,1,0,26.037012494286657,-8.695543351565945
WT,apo,87,2,0,29.678918396575668,5.755018028526166
WT,apo,10,1,0,30.55581084585532,5.779053388712569
WT,apo,175,2,0,28.778200202932922,4.757839713896299
WT,apo,100,4,0,28.94622584145658,5.58761875785131
WT,apo,45,4,0,29.155448179752625,5.751218597410833
WT,apo,8,0,0,28.46333739379625,-0.013460798942396934
WT,apo,209,2,0,29.41842432816,-0.5546955376521367
WT,apo,29,2,0,26.29539770594546,-5.916989862581282
WT,apo,37,0,1,-31.154584186335022,-0.4272424703841793
WT,apo,56,0,0,28.96971284852667,6.168347296305939
WT,apo,250,0,0,28.081494292811968,5.440473109196603
WT,apo,244,0,0,30.76193562312092,5.989830265136078
WT,apo,184,1,0,30.154791831544628,6.025314006525633
WT,apo,197,0,1,-10.24865833771765,-3.2163401234394655
WT,apo,129,4,0,29.374727543748435,6.31133027425404
WT,apo,141,1,0,26.41789091185207,-6.0199206018526965
WT,apo,183,2,0,27.36270520170227,-7.105897255807115
WT,apo,126,0,0,29.322383001583475,5.768883412447671
WT,apo,126,2,0,30.560085569787233,5.71549019643485
WT,apo,104,4,0,29.68618559317177,5.840315783788544
WT,apo,35,2,0,28.767708660764,5.821920637870061
WT,apo,200,3,0,28.311628279786248,6.264220364472521
WT,apo,62,4,0,28.52537812839229,-6.44661890570859
WT,apo,51,3,0,26.858681519307964,-6.98427238927021
WT,apo,45,3,1,-10.50035931164862,-4.2482346211449595
WT,apo,131,2,0,29.632383549477012,5.761784196458478
WT,apo,27,0,0,30.165234574231732,5.8453800300559315
WT,apo,69,1,0,30.663127616628827,6.256684450223283
WT,apo,50,3,0,26.4959778136448,-5.849269144386483
WT,apo,60,4,0,27.812036542234708,-8.435496069576793
WT,apo,176,2,0,28.129091059968218,-8.001997273297889
WT,apo,242,0,0,29.298778249412678,6.0012346981992835
WT,apo,191,4,0,30.540122267233585,4.887524309610253
WT,apo,226,1,0,27.2334776723481,-7.199860554437478
WT,apo,98,2,0,29.406113207580972,5.774299544411093
WT,apo,169,2,0,30.654671251990308,5.829940767366672
WT,apo,71,4,0,29.643419062318202,5.50301483768996
WT,apo,197,3,0,29.247420057950734,6.285733623396169
WT,apo,195,4,0,29.122105292348508,6.199821081769553
WT,apo,75,2,0,29.49483972809982,5.992807439706581
WT,apo,70,2,0,28.048103088970436,0.16349156916703578
WT,apo,56,3,0,29.071938024850965,5.812404944229371
WT,apo,47,1,0,30.22584704022819,5.582266997257886
WT,apo,15,4,0,27.488803069264094,-1.1003338650364398
WT,apo,3,0,0,29.796145368920634,5.77691156297595
WT,apo,142,4,0,27.78696546012641,5.12050995960292
WT,apo,224,4,0,26.57870250332884,-7.141543685939055
WT,apo,234,0,0,32.21395965909322,6.504202997216595
WT,apo,12,3,0,27.040117643959107,-5.813278945927543
WT,apo,65,4,0,30.99592672443974,6.315357139047968
WT,apo,210,2,0,28.38740992827242,6.219971111168881
WT,apo,81,2,0,30.944394124932018,5.6078180310103605
WT,apo,84,1,0,30.33451983040422,6.241885829416539
WT,apo,243,4,0,29.95695792924836,6.206587312321918
WT,apo,49,1,0,28.964976516349267,5.759493491625118
WT,apo,215,2,0,27.82575573002252,-5.081242324275891
WT,apo,155,0,0,26.869853913809663,-6.376926857170282
WT,apo,106,3,0,29.687135612407772,5.7825589330025124
WT,apo,149,1,1,-31.344894293059976,0.47250858780629557
WT,apo,83,1,0,29.981278566889088,5.649438010546742
WT,apo,155,3,0,26.019612419115745,-2.4611895628341003
WT,apo,114,0,0,28.482400765092663,5.414635052704202
WT,apo,117,1,0,29.430076984218175,5.661593153109838
WT,apo,37,3,0,29.49402916658498,5.99740753281694
WT,apo,6,1,0,26.434188862465092,-6.026610367695845
WT,apo,175,0,0,28.480973047244078,-6.2013118040210315
WT,apo,32,3,0,31.144229332212873,6.341064253283694
WT,apo,185,3,0,27.098126868702423,-7.147109307805771
WT,apo,52,2,0,29.64573518479402,6.574305710098493
WT,apo,9,0,0,26.14979818916811,-7.826406557059357
WT,apo,83,3,0,30.855670486195933,7.0511743899919
WT,apo,184,3,0,29.071767261390022,6.2823856739795865
WT,apo,149,4,0,26.843435909682825,-7.871266373469126
WT,apo,99,4,0,26.836564212246657,-7.321945994824823
WT,apo,68,4,0,30.23604892064698,6.7466231279348285
WT,apo,116,4,0,25.258700628279357,-6.987230381617088
WT,apo,171,3,0,31.21306593142748,6.262731716226856
WT,apo,246,3,0,28.971158284267702,6.122421688252697
WT,apo,107,3,0,30.24739908344995,6.478185207464215
WT,apo,247,0,0,28.48613207861426,5.74064240734609
WT,apo,193,2,0,28.69413404148912,5.299233337278853
WT,apo,95,2,0,29.053279692727784,6.057100932822273
WT,apo,36,1,0,29.849552605481506,6.416597394134577
WT,apo,172,2,0,32.05686512516331,7.322031299445122
WT,apo,9,1,0,29.13013492319942,5.3054539343371445
WT,apo,107,1,0,30.757355015900558,6.476215214402838
WT,apo,213,0,0,27.974612889716695,-5.1182330846848885
WT,apo,138,2,0,27.900792787040103,-7.29980798260479
WT,apo,42,4,0,30.83102826181363,6.50948044022865
WT,apo,184,0,1,-32.69599674459295,0.32760079652035756
WT,apo,86,4,0,29.5723232103674,5.797696475675615
WT,apo,221,4,0,27.791734961492025,5.591075936279296
WT,apo,211,1,1,-32.60502393647718,0.4204609323870585
WT,apo,16,4,0,30.133502686552816,6.553802011738448
WT,apo,85,3,0,30.31548383071089,5.717151037984305
WT,apo,34,2,0,30.668990968867945,6.249115214923606
WT,apo,64,2,0,27.8112048410036,-6.078559310127623
WT,apo,130,0,0,29.56038763354519,6.199135010383085
WT,apo,83,4,0,26.11313705501368,-8.063954702001638
WT,apo,249,2,0,28.001033209605808,-7.825893734667488
WT,apo,206,4,0,28.138455262419455,5.722043930661929
WT,apo,89,4,0,29.939168133013126,7.029099839450776
WT,apo,112,3,0,27.650696607021075,-8.362597799126846
WT,apo,174,4,0,28.855473211762828,5.662952781188558
WT,apo,23,4,0,27.72213259146484,-8.02713681558096
WT,apo,2,4,0,29.537168065016715,5.861603025983971
WT,apo,107,4,0,29.70990429014104,6.254426294904434
WT,apo,206,1,0,29.72675408339761,5.8307957032308195
WT,apo,134,0,0,25.721779077430824,-7.218264515988388
WT,apo,162,2,0,27.765899113730825,-4.955108407128606
WT,apo,215,4,0,27.506518814569304,-8.84725325320106
WT,apo,17,4,0,26.910674587077793,-4.514523626384246
WT,apo,208,0,0,29.93047191510429,5.81170968380216
WT,apo,2,1,0,30.500073682457767,5.847181385145738
WT,apo,190,2,0,25.719853659019293,-7.774598828454273
WT,apo,10,2,0,30.527764043191198,5.6350980858374236
WT,apo,42,2,0,30.0011594521401,6.122976802239453
WT,apo,19,0,0,29.017917218620866,5.667281178453223
WT,apo,156,0,0,27.08217189783474,-7.084892389051824
WT,apo,120,0,0,26.830702880549268,-7.139064754507977
WT,apo,151,2,0,29.87805767707198,5.36344972575818
WT,apo,106,4,0,29.336162303926784,5.575875272724808
WT,apo,155,2,0,24.97125176507096,-2.7076914461701236
WT,apo,156,1,0,26.837482962709473,-6.032105478879245
WT,apo,77,3,0,30.731851275069374,6.242970150328119
WT,apo,219,0,0,27.466561915124316,5.695276703665765
WT,apo,169,4,0,27.256159986422205,-2.393830453119108
WT,apo,183,0,0,29.87534637874552,5.954936101384924
WT,apo,138,4,0,27.174730226558765,-6.795567866559338
WT,apo,43,4,0,29.630644208562643,6.206017175932246
WT,apo,214,0,0,26.227824970900215,-6.461034861679877
WT,apo,102,4,0,29.334901775396716,5.890116730811684
WT,apo,87,3,0,29.34977515051112,5.743859256965923
WT,apo,158,4,0,30.661617570732176,6.77726792449409
WT,apo,169,3,0,30.48930767586789,6.99867704628744
WT,apo,80,1,0,28.980924342566738,5.574488825849091
WT,apo,233,2,0,28.957288869604852,6.412279530539077
WT,apo,13,0,0,27.73945054381231,-8.930080711530174
WT,apo,121,1,0,30.683368400989664,6.145921487253396
WT,apo,91,3,0,30.02602399327921,5.742285094591416
WT,apo,136,0,0,29.9896881959982,5.7335584495096334
WT,apo,233,1,0,29.416915424484657,5.113733456455446
WT,apo,11,3,0,29.71112971720089,5.630122031141315
WT,apo,214,3,0,26.89823021096069,-7.794139518228505
WT,apo,168,0,1,-30.178468499943744,0.15886697442479658
WT,apo,16,1,0,30.18047494232873,6.256423038592651
WT,apo,233,3,0,28.03396181322708,6.721521311388447
WT,apo,51,2,0,29.351019620800898,5.729177111483121
WT,apo,193,3,0,28.138574564937244,5.7711573956766635
WT,apo,94,0,0,30.527761772509464,5.6706338151956
WT,apo,106,0,0,28.841966753893416,4.9863807489169005
WT,apo,49,4,0,27.862560429985933,-7.642825491798071
WT,apo,111,2,0,29.451602500594973,6.351876770950831
WT,apo,152,3,0,29.083907263405223,6.273365824783088
WT,apo,219,2,0,26.863488066050834,3.647901478586814
WT,apo,45,2,0,30.85420143560401,6.569690738863134
WT,apo,137,2,0,27.035244658144123,-5.932713173190642
WT,apo,130,3,0,26.125485462001848,-5.762943982649809
WT,apo,174,2,0,27.53831193038802,-8.030600667088919
WT,apo,248,1,0,24.945287397601177,-1.438642481649346
WT,apo,245,4,0,29.004734164049736,5.088737913364014
WT,apo,93,4,0,27.62152324927507,-7.479051767583911
WT,apo,175,3,0,28.066361010169615,5.706114320835702
WT,apo,83,2,0,29.40458569619544,5.810276675845916
WT,apo,181,4,0,28.74197658827842,6.373332152713978
WT,apo,23,0,0,30.338004962616182,5.904701203137989
WT,apo,104,1,0,27.85077297113307,-1.4389027017073985
WT,apo,102,2,0,30.189218026537944,6.019559400206251
WT,apo,132,4,0,23.508189516170802,-8.180491093890282
WT,apo,125,1,0,30.48370495093461,6.219664203699455
WT,apo,4,4,0,30.085623703746577,5.724476441105569
WT,apo,49,3,0,30.09530045779411,5.5582105089884415
WT,apo,2,2,0,30.055941079095973,5.821491001963292
WT,apo,138,3,0,30.17970523574047,6.457126455416454
WT,apo,224,1,0,28.63329364311639,-2.029162633707294
WT,apo,81,0,0,30.003057350731993,7.085640696422573
WT,apo,110,4,0,30.775706183220862,5.735484026666086
WT,apo,178,2,0,26.163984765662676,-2.7097159785045406
WT,apo,47,0,0,28.59041528147769,4.754037314489956
WT,apo,151,1,0,29.9153519618676,6.36124846973037
WT,apo,58,3,0,26.619575942998466,-7.890081767201046
WT,apo,197,2,0,29.619313162435674,5.775994130111236
WT,apo,225,1,0,30.341043807074826,6.145215373581916
WT,apo,232,2,0,30.071599682274808,6.2361488460830685
WT,apo,135,0,0,30.858240587863477,5.653593558816407
WT,apo,136,2,1,-31.130387949853613,0.2328591658344621
WT,apo,177,3,0,30.074195780371895,6.267361069608025
WT,apo,207,1,0,29.699174480219497,5.966183737952633
WT,apo,224,2,0,25.347222341835675,-6.562496552085214
WT,apo,222,3,0,30.18468566663941,5.391705866452337
WT,apo,48,1,0,28.197722750238924,-7.675132919802486
WT,apo,111,1,0,30.387840227989358,6.272545105909554
WT,apo,235,3,0,27.579883282537168,-8.444869950291007
WT,apo,34,4,0,29.022117225612504,5.347613667148472
WT,apo,225,4,0,29.115019592418747,6.532319855108767
WT,apo,99,3,0,29.05738772773168,6.0968304207563975
WT,apo,9,2,0,29.909421560992925,5.5033636226178935
WT,apo,245,1,0,31.152497688003493,6.115511609063386
WT,apo,111,4,0,30.286973184543527,5.571591546133586
WT,apo,57,3,0,30.796147460058222,6.353069923862414
WT,apo,233,0,0,29.75490674193054,6.02115838894467
WT,apo,36,4,0,31.471428081172377,6.960617003126714
WT,apo,177,1,0,29.40394040040775,6.259103604610861
WT,apo,18,3,0,31.187656706217354,5.5585515942618535
WT,apo,116,0,0,30.49134407651043,6.599079943561524
WT,apo,159,0,0,29.80564425512138,5.932491824821401
WT,apo,113,0,0,27.488292512842577,5.648561841012519
WT,apo,225,2,0,30.916164332512736,6.220694367059565
WT,apo,225,3,0,28.549622808492813,6.389239054257057
WT,apo,154,3,0,27.652221935027356,-5.533742017146565
WT,apo,88,4,0,28.68855995670191,4.956232814363908
WT,apo,207,2,0,26.340047481394848,-7.276440844234813
WT,apo,190,1,0,29.06378215128491,5.401019926980055
WT,apo,30,4,0,30.079393735203425,6.027574352265109
WT,apo,184,2,0,29.707212435860512,5.736727902159462
WT,apo,204,1,0,26.387798125196056,-8.911896742596689
WT,apo,212,1,0,29.16201055109761,0.8770119963830894
WT,apo,155,4,0,27.601223157973223,-0.32476825395299613
WT,apo,39,0,0,26.858696857631017,-4.35372145042291
WT,apo,116,2,0,29.0409434369614,5.7921569202063665
WT,apo,132,0,0,30.13232113559917,5.7351046744655925
WT,apo,46,1,0,29.490935294225167,5.783062099832481
WT,apo,13,2,0,28.403312389828486,5.922942736512667
WT,apo,30,1,0,27.546731679130218,-2.8634783656939504
WT,apo,39,3,0,27.447491026184522,5.691098755151984
WT,apo,162,1,0,29.86320464978992,6.2667534561733405
WT,apo,179,2,0,28.51058723546049,5.432639522927602
WT,apo,19,2,0,28.706910645774926,5.605360751225657
WT,apo,61,0,0,28.49279093571286,6.22864849820435
WT,apo,234,1,0,30.012023602256647,5.657901275296997
WT,apo,30,3,0,30.715235743951695,6.177306707852381
WT,apo,228,1,0,29.33399213288608,6.477707241300383
WT,apo,61,2,0,29.563050546237037,5.768848492142887
WT,apo,13,1,0,28.913626799228922,5.606410832424999
WT,apo,93,0,0,29.120788785872918,5.982752762048051
WT,apo,167,1,1,-15.843731138592204,-3.5190554672389
WT,apo,135,1,0,28.6987852733116,6.290089443989228
WT,apo,209,4,0,29.67704219374761,6.069889837375339
WT,apo,45,1,0,29.71621031412745,5.739088841959582
WT,apo,207,4,0,28.57450078534623,5.440831803720208
WT,apo,207,0,0,25.983965448385973,-7.018277287557957
WT,apo,30,2,0,30.627842171366282,5.751990238950825
WT,apo,64,1,0,28.10628555060181,5.963388175538395
WT,apo,186,3,0,29.9193926230231,6.333453426192623
WT,apo,13,4,0,26.282755222769694,-7.20565617482098
WT,apo,93,1,0,29.06273966848444,5.383293373277649
WT,apo,207,3,0,27.073549862880753,-5.144414501076568
WT,apo,204,3,0,30.570845780143415,1.9491169799745052
WT,apo,186,0,0,30.265015325693952,5.76375893634939
WT,apo,190,4,0,30.249725551743268,6.478409878100983
WT,apo,186,1,0,29.847054754418835,6.099512627671281
WT,apo,13,3,0,27.61664233423859,-5.590984174663049
WT,apo,186,4,0,27.213500436197734,-9.458527207209379
WT,apo,33,0,0,29.84949784506017,5.666667217651632
WT,apo,30,0,0,31.007750686605917,6.464040342969849
WT,apo,33,4,0,28.71627504617568,5.787421596218952
