variant,state,seed,sample,cluster,PC1,PC2
H524L,holo,149,4,0,12.346697682928715,2.8471147417891274
H524L,holo,230,2,0,11.577693696381584,1.1039569578397561
H524L,holo,224,1,0,12.76206129387534,0.918332938207115
H524L,holo,63,3,0,12.41915031732189,1.4280917596227596
H524L,holo,201,2,0,11.944234585476753,0.0054974475967952685
H524L,holo,55,0,0,10.951236447075193,0.7228144144886244
H524L,holo,75,0,0,10.453836791025264,-0.5184006219726456
H524L,holo,8,4,0,12.446659306742594,-0.3539216605719844
H524L,holo,138,3,0,10.536238249279961,0.45170428386963124
H524L,holo,160,0,1,-7.324625744523736,3.9921335168007204
H524L,holo,168,2,0,12.60251384354692,1.5515072318139005
H524L,holo,82,4,0,11.824770054690156,1.217124319585011
H524L,holo,174,2,0,11.856792500276445,1.2553104359622864
H524L,holo,122,1,0,11.2573204748429,0.2507884151202404
H524L,holo,112,1,0,11.374230929022666,0.44934680719130426
H524L,holo,189,1,0,11.257579205490481,1.687701213864969
H524L,holo,103,4,0,11.573721512586605,0.6085491104260967
H524L,holo,80,0,0,11.810964080451527,-0.22451926120490384
H524L,holo,223,1,0,11.505313829716247,0.795399768906961
H524L,holo,191,3,0,11.93063391429026,0.4386636385315512
H524L,holo,149,3,0,11.735252170946335,2.0664994766468965
H524L,holo,172,4,0,12.777131459560763,1.2480283767362579
H524L,holo,168,3,0,11.309548649571674,0.04845528015363243
H524L,holo,49,0,0,11.259076764303163,1.7504726929915222
H524L,holo,122,2,0,11.84427281661316,1.7755120185450153
H524L,holo,250,0,0,11.609096279168934,0.28126493862686175
H524L,holo,36,4,0,11.059923780562642,0.47548898321177546
H524L,holo,167,4,0,11.550527046681495,0.4442021595676806
H524L,holo,136,1,0,11.734823644213822,0.6195430634338663
H524L,holo,178,2,0,11.30727475197493,0.49963380166127536
H524L,holo,62,0,0,11.095553838148629,-0.13480606943969065
H524L,holo,151,3,0,10.645166758934675,0.0163639969401288
H524L,holo,171,0,0,11.053945429595935,0.3055577174654758
H524L,holo,99,2,0,11.011818738444902,0.7101378290281275
H524L,holo,140,3,0,11.284883780065314,0.1612764879861288
H524L,holo,105,4,0,10.900462947005582,-0.5731327019094294
H524L,holo,48,4,0,10.516322496998253,-0.30566297449395563
H524L,holo,39,4,0,11.47717156440504,0.8285979401752002
H524L,holo,115,4,0,11.717762304033723,0.6924849213896778
H524L,holo,76,4,0,11.985439474767288,0.4687772615337451
H524L,holo,144,4,0,11.431551658918368,0.09209048178080081
H524L,holo,227,4,0,10.47943986989872,0.3767127270304229
H524L,holo,119,4,0,11.226770979374045,1.1987976706617616
H524L,holo,175,0,0,10.666426343945849,0.6494189070569547
H524L,holo,191,0,0,10.861147512671565,-0.536243177452917
H524L,holo,63,0,0,11.919041016542094,1.0320257938865183
H524L,holo,211,2,0,10.943278647269208,1.0382908882917974
H524L,holo,82,0,0,10.66980385234546,0.9868547591690486
H524L,holo,140,2,0,11.207229766290771,0.02535641582652204
H524L,holo,82,3,0,9.608169147700478,-0.37614160627545346
H524L,holo,198,0,0,11.058563380270812,-0.0018292241226447459
H524L,holo,95,2,0,10.85039742581596,0.45478720571651365
H524L,holo,171,4,0,10.852467446455156,-0.3785527483386204
H524L,holo,98,2,0,9.91902453520537,-0.5601760882113496
H524L,holo,45,1,0,10.712476714583897,1.3386999462112783
H524L,holo,120,4,0,11.972278869485505,0.7437129877868358
H524L,holo,23,2,0,11.39202660947968,1.4214539099520351
H524L,holo,13,3,0,12.0568966604414,0.6373534698565066
H524L,holo,245,0,1,-3.7936198417213802,2.951942054177593
H524L,holo,149,2,0,11.351708214089813,1.0101445394111863
H524L,holo,68,2,1,-5.254364489263946,3.5265002482009464
H524L,holo,212,2,0,12.466697402839118,1.2945907337686577
H524L,holo,175,4,0,10.191807468456945,-1.4181478760712167
H524L,holo,250,2,0,10.976264764045684,0.3887482908591693
H524L,holo,113,1,0,11.347898679238213,1.2142568579618427
H524L,holo,89,2,0,12.322309941362658,1.244766798260244
H524L,holo,148,3,1,-3.7561863537576627,2.375062047150834
H524L,holo,51,0,0,11.086570643328319,0.4822430653126446
H524L,holo,231,3,0,10.657817464809506,0.14705025410297878
H524L,holo,117,3,0,11.028673907620616,0.07187979617971507
H524L,holo,44,2,0,10.77499434655736,-0.47791328135264166
H524L,holo,38,3,1,-3.8228954724145154,3.3641096317052472
H524L,holo,223,4,1,-4.514467051852286,2.2779023681985535
H524L,holo,188,4,0,11.876385020403792,2.1874246953763645
H524L,holo,177,0,0,11.382844917246363,-0.015550370919044099
H524L,holo,131,0,0,10.688785399021496,-0.40993499616573104
H524L,holo,189,0,0,11.509066825855616,0.26462320386440297
H524L,holo,124,3,0,11.467475180806018,0.49365678951770064
H524L,holo,201,3,0,10.614322916298137,0.4915465531702239
H524L,holo,27,3,0,11.56049818626693,1.033757258329672
H524L,holo,105,3,0,11.04736519353622,0.4336750331142838
H524L,holo,124,2,0,10.956596527894845,-0.34153574757365845
H524L,holo,36,2,0,11.763162830326241,0.24543680351337116
H524L,holo,239,2,0,10.78890588314864,-0.4258967769350619
H524L,holo,113,4,0,11.12029298885006,0.755418127187582
H524L,holo,4,3,0,10.0279798160925,-0.7445155799888425
H524L,holo,206,0,0,10.278681204713488,0.9584780146385299
H524L,holo,67,0,0,11.238743017863012,1.0884780476058324
H524L,holo,84,1,0,11.195804480623128,0.028949731560317105
H524L,holo,124,1,0,11.542934938856323,0.23771525132822546
H524L,holo,169,2,0,10.65327227065082,0.7527942612005631
H524L,holo,107,3,0,7.7976328105726,-1.2097375726810498
H524L,holo,89,4,0,7.071122982658866,1.2926078967858956
H524L,holo,105,1,0,11.375387874228629,0.7222184710636554
H524L,holo,121,2,0,10.950470530128808,-0.01718289337266299
H524L,holo,248,4,0,9.201073462687496,-2.3070223114363273
H524L,holo,159,1,0,10.737866758197754,0.1670599455267876
H524L,holo,26,4,0,12.28937212504713,2.2053510190661427
H524L,holo,76,1,0,10.60912922436977,0.28740829561255055
H524L,holo,52,2,1,-4.737419785849237,2.49375477432703
H524L,holo,91,2,0,11.709750850976741,0.24738014401040687
H524L,holo,52,4,0,9.985581544864019,0.5433814433893644
H524L,holo,166,3,1,-4.9829898173064855,2.5164709952685627
H524L,holo,155,2,1,-6.521760133773256,3.049932941679529
H524L,holo,26,0,0,11.061181997586157,0.7308501426894907
H524L,holo,64,1,1,-5.543240552627889,2.7887431666442666
H524L,holo,3,0,0,11.599381979189339,1.9114626175829272
H524L,holo,81,0,0,11.18797477537983,1.0847205474770192
H524L,holo,164,1,0,11.441602416820466,0.6747802436681383
H524L,holo,188,3,0,11.816498953246494,0.6098582649665047
H524L,holo,12,1,0,11.295589081776829,0.14502433988174346
H524L,holo,154,0,0,10.638222343695414,0.29756127346097117
H524L,holo,96,1,1,-5.2915239201776,3.589295282854934
H524L,holo,29,2,0,10.85857659267018,-0.343492772953212
H524L,holo,131,3,0,11.335785421983552,-0.04415950567148741
H524L,holo,21,3,0,11.189890940253429,0.5373646476768101
H524L,holo,150,4,1,-5.7404652823590645,3.1157093033246497
H524L,holo,199,2,1,-7.314716765101508,2.4207717203676964
H524L,holo,172,0,1,-4.125132226503247,3.0839344543004614
H524L,holo,21,1,1,-3.7290011602861064,3.1378788598331226
H524L,holo,205,1,1,-3.264075705471935,2.0035673249311543
H524L,holo,1,3,1,-4.381756937237089,3.44818227548744
H524L,holo,89,3,0,11.250019226379807,0.9144125336567015
H524L,holo,66,0,0,10.9592870098586,-0.4959662323939398
H524L,holo,233,4,1,-5.296074620519512,2.7912209194499127
H524L,holo,19,3,0,3.9767474058606957,-0.03842467933111493
H524L,holo,69,2,0,11.352213982069507,0.2110289656202866
H524L,holo,143,2,0,10.974926398295631,0.2817049480898106
H524L,holo,147,4,1,-6.9202816288832025,2.208276060671693
H524L,holo,76,3,1,-4.724680269207347,2.822890345176077
H524L,holo,172,1,0,11.674218145605284,1.5495905230657456
H524L,holo,211,3,1,-5.154780188156042,2.6749033491341834
H524L,holo,66,3,0,11.183386065641958,-0.3154823556775739
H524L,holo,145,3,1,-5.466588650693197,3.0817557575524432
H524L,holo,37,0,1,-4.275088327963331,3.166442080730903
H524L,holo,120,2,1,-5.182532138632169,3.3933235770736303
H524L,holo,55,2,1,-5.227350447630631,3.0657419768926673
H524L,holo,178,4,1,-4.6177092486487865,2.8599211400286464
H524L,holo,161,0,1,-5.044226957941074,3.046084533837174
H524L,holo,124,4,0,10.838996550109904,0.9070396482427725
H524L,holo,106,2,0,11.312102147709941,0.7965809397546479
H524L,holo,180,3,1,-5.785316837564071,3.636916182436366
H524L,holo,126,2,1,-10.538614913918938,-0.28279104918686926
H524L,holo,212,1,0,10.927119838900422,-0.2318563588768825
H524L,holo,37,2,1,-4.056752207151725,3.5625620252208705
H524L,holo,43,4,0,11.790759498180428,0.30898187616125483
H524L,holo,90,0,1,-6.198695758729663,2.497004921837373
H524L,holo,214,0,1,-4.5754003867083455,3.5396112141295504
H524L,holo,41,1,0,11.293879848596017,0.20368623810604447
H524L,holo,59,0,1,-6.562070496761919,3.6687905693326286
H524L,holo,119,3,1,-6.437141028356606,1.8055737097755156
H524L,holo,126,3,1,-6.217535055443427,1.7033616559754705
H524L,holo,39,0,0,11.416323225880035,0.41735885146231055
H524L,holo,193,2,1,-6.26528282300119,2.2092888201863445
H524L,holo,5,3,0,10.754560521574998,0.4730511152570216
H524L,holo,234,1,1,-6.246213499266823,3.202238699439235
H524L,holo,198,4,1,-9.646973892274335,0.6070359799052767
H524L,holo,66,1,0,10.739445760195494,-0.15094347779127304
H524L,holo,212,3,0,10.454028189009929,1.0391044485425738
H524L,holo,225,1,1,-5.2934215600447025,3.634848582292534
H524L,holo,187,1,1,-8.431352019508157,2.37492655643274
H524L,holo,242,1,0,11.522508078263444,1.161514030928089
H524L,holo,145,4,1,-6.681458173275818,2.6087444185000237
H524L,holo,52,3,1,-4.664405462166123,0.775481895042887
H524L,holo,11,0,1,-8.052471595101341,1.225577756468013
H524L,holo,27,0,0,10.365797512083562,0.5653183798813188
H524L,holo,44,0,1,-6.276511287495545,1.3693136959596188
H524L,holo,31,0,1,-8.960891764488178,-1.7347822104770927
H524L,holo,121,3,1,-6.435025177571099,0.7956332196816476
H524L,holo,63,4,1,-5.7391088361313045,3.409096375202438
H524L,holo,203,1,1,-4.4172006898392056,3.22533770593175
H524L,holo,40,2,1,-4.934818689902627,2.781514289091092
H524L,holo,124,0,1,-5.473702825570619,1.8333811891696143
H524L,holo,11,4,1,-3.9659586886763734,2.1287238725005864
H524L,holo,198,3,1,-9.240311599501652,-1.1020466192137661
H524L,holo,17,2,0,11.807396167685354,-0.197665624498228
H524L,holo,138,0,1,-7.715568718122952,1.5398001738948892
H524L,holo,64,3,1,-5.273588463671199,1.7898480888054848
H524L,holo,31,1,1,-6.251754436599146,1.066655741132024
H524L,holo,154,3,1,-4.7508458641848605,0.8827987946689717
H524L,holo,111,4,1,-5.621937211380068,1.4725348605554842
H524L,holo,147,2,1,-6.046556017804221,0.7151107897686018
H524L,holo,119,1,1,-6.716644438052352,1.1326158381253748
H524L,holo,31,2,1,-5.845870121824575,0.9382331124802903
H524L,holo,198,1,1,-6.91471870143938,1.3244122534677558
H524L,holo,222,0,1,-7.784574667182792,2.5251393998544103
H524L,holo,64,4,1,-5.636231287977477,2.0258971815885474
H524L,holo,103,1,1,-4.633942084019541,1.41336057163754
H524L,holo,93,0,1,-4.070866048160209,2.9608373035870414
H524L,holo,23,4,1,-4.683344490631754,1.247768634090903
H524L,holo,227,3,1,-5.349289869192301,2.69658549836268
H524L,holo,236,3,1,-5.226848222587606,0.7124517675357822
H524L,holo,62,1,1,-5.036776032257098,0.941253157264569
H524L,holo,133,1,1,-6.057641790565729,1.5627435190227885
H524L,holo,66,2,0,11.82228829935741,0.7485805290558432
H524L,holo,222,4,1,-6.1805664319644045,1.0385915823211747
H524L,holo,148,4,1,-5.166898162887694,1.272539252075802
H524L,holo,117,4,1,-5.916773701660031,1.3798034418499299
H524L,holo,231,4,1,-5.532798374009168,0.9063579792760095
H524L,holo,193,4,1,-10.213003360754481,0.11491012395894984
H524L,holo,67,3,0,11.131262337312672,0.23205780372880724
H524L,holo,17,4,0,11.0951072906746,-0.5504116318597596
H524L,holo,155,3,1,-8.913442155625745,1.2917961095861585
H524L,holo,16,0,1,-5.820784359041294,2.2354126956396527
H524L,holo,245,4,1,-5.765733437095587,1.6662001906469044
H524L,holo,171,2,1,-8.945311863771355,0.1579503725596254
H524L,holo,142,0,0,9.999135428250332,0.0893088237921944
H524L,holo,154,1,1,-4.29670773119145,1.3265960172702336
H524L,holo,57,0,1,-7.101172066805713,1.9751975690219155
H524L,holo,44,4,1,-5.878587680226687,0.41001857006934017
H524L,holo,147,3,1,-4.371690158817724,0.9812769087618705
H524L,holo,221,0,1,-10.01505839111218,0.43428552246656693
H524L,holo,203,4,1,-10.606266213571157,-0.23695470141386465
H524L,holo,231,0,1,-3.355730833182701,1.5434313103832125
H524L,holo,82,2,1,-4.965908446321556,2.12957367931169
H524L,holo,125,4,1,-4.767363073109127,1.757048159993417
H524L,holo,51,1,1,-5.977642363266124,1.7494850960814716
H524L,holo,22,0,1,-5.8522426718132365,1.5183167943906852
H524L,holo,119,0,1,-6.517132680680927,1.8945720325421433
H524L,holo,222,3,1,-5.956448342235156,1.4242854599593215
H524L,holo,98,4,1,-5.798118459957109,0.8833170954880671
H524L,holo,119,2,1,-10.093532903108418,0.4539687951721447
H524L,holo,211,4,1,-9.426178026017897,-0.29876463255369856
H524L,holo,223,3,1,-7.483930312073333,1.301989681737254
H524L,holo,34,0,0,11.404744951204684,0.3142874538273617
H524L,holo,51,3,1,-4.670335496256715,0.8422831774380057
H524L,holo,182,2,1,-6.610740500907426,2.1341602244662425
H524L,holo,48,1,1,-5.4356337922499876,0.2603840436511433
H524L,holo,193,0,1,-5.207302170098686,2.1816420633078195
H524L,holo,130,1,1,-7.39600703621506,1.6074928862426674
H524L,holo,49,4,1,-4.77624462120308,0.9905980254827398
H524L,holo,22,2,1,-5.445978379777102,2.2548893142080004
H524L,holo,143,4,0,10.958590861247426,-0.02715725332647878
H524L,holo,157,4,1,-10.180865296043681,-0.00707741132490014
H524L,holo,133,3,1,-5.570038736189826,1.7111118410415997
H524L,holo,199,4,1,-6.1615576409886685,0.8273968570516814
H524L,holo,9,0,1,-8.98044240522492,1.3575838978603656
H524L,holo,187,0,1,-6.152480946126055,2.0424445128155213
H524L,holo,133,4,1,-7.481025469140768,1.747516495555061
H524L,holo,226,2,1,-6.254464575058755,0.7023453766480259
H524L,holo,118,1,1,-5.9581681489055605,1.0664412449743566
H524L,holo,187,3,1,-10.133068719286836,0.6283201676336745
H524L,holo,147,0,1,-5.50155927617406,0.7130722088211598
H524L,holo,86,3,1,-6.2416492343014625,2.708315799136926
H524L,holo,50,3,1,-3.9462353586230563,2.510339060790301
H524L,holo,197,3,1,-5.638881354807815,1.6685243754185137
H524L,holo,92,1,1,-3.1161361533385445,1.1767963110886654
H524L,holo,30,4,1,-5.457941750382993,3.1548796279874693
H524L,holo,31,3,1,-6.347123338907078,0.614626498535884
H524L,holo,111,1,1,-6.653467820109295,1.3653308951673324
H524L,holo,98,1,1,-6.357132492769743,1.4240278519992842
H524L,holo,221,3,1,-6.506816445113465,1.7240986896675707
H524L,holo,197,2,1,-6.555621184453347,1.4650659050504657
H524L,holo,133,0,1,-6.427832895725388,1.3125196711868057
H524L,holo,214,2,0,10.805686970775191,0.45379787453747156
H524L,holo,62,3,1,-4.774780741760736,1.361749431083652
H524L,holo,38,1,1,-6.9604872407957465,1.5005137832841058
H524L,holo,100,1,1,-4.738117803371548,1.0386306585764231
H524L,holo,82,1,1,-4.400976081649048,1.157824590106614
H524L,holo,226,4,1,-8.814634467117429,-1.0630637415598727
H524L,holo,120,1,1,-8.647354529263062,1.3236073152035175
H524L,holo,51,4,1,-3.5021105005484685,0.3928258988518962
H524L,holo,103,3,1,-9.100574084416309,-0.4662733486245685
H524L,holo,221,4,1,-10.232684875975767,0.206485839442081
H524L,holo,154,2,1,-8.338936683690505,-1.5157852016585451
H524L,holo,224,3,1,-4.627732739814483,2.036709642775193
H524L,holo,11,1,1,-7.025600489509543,1.7642008440732155
H524L,holo,44,1,1,-5.125912735776424,1.2389014837733896
H524L,holo,117,2,1,-10.079567475644836,1.0567447639163134
H524L,holo,98,0,1,-3.6073400721809783,2.054265928472347
H524L,holo,5,0,1,-6.695894029525398,0.9713707211996336
H524L,holo,221,2,1,-6.8381067288160935,1.2140069642404399
H524L,holo,137,4,1,-8.099100520155016,1.9683188265534994
H524L,holo,129,1,1,-8.34541449153041,-0.39903497820677103
H524L,holo,237,4,1,-5.839823081099837,1.3843496155414243
H524L,holo,240,3,0,11.7770922428253,0.9734272747425337
H524L,holo,211,0,1,-4.72847506202212,1.47542863007979
H524L,holo,238,3,1,-6.939942934063662,1.0165375466910689
H524L,holo,153,0,1,-6.1416467653974,1.224394794099922
H524L,holo,77,1,1,-4.104302898739277,0.6278196731029482
H524L,holo,230,1,1,-2.6962737731162676,1.1759685201280234
H524L,holo,173,4,1,-10.330220561651512,0.016241143108160827
H524L,holo,77,4,1,-4.618366269572739,0.7881985435812595
H524L,holo,48,0,1,-6.047698012115578,1.5781593235055738
H524L,holo,104,2,1,-5.940662265596892,0.8878657210117638
H524L,holo,219,1,1,-7.101220105125801,2.28454678715147
H524L,holo,45,3,1,-7.7058461780503045,1.5353619105017628
H524L,holo,157,1,1,-6.5454970278611455,0.977601341776591
H524L,holo,154,4,1,-9.086220956748523,-1.2594518017866392
H524L,holo,74,3,1,-6.097545009172208,1.864434719912623
H524L,holo,41,4,1,-3.7150417875259336,1.0843023486899028
H524L,holo,163,0,1,-5.7853353936773395,0.7989027212099842
H524L,holo,195,0,1,-6.478549791906559,1.8196258587730796
H524L,holo,24,1,1,-7.6986494484934695,2.064515801511348
H524L,holo,17,1,0,11.720265813533619,1.8172341919697885
H524L,holo,219,0,1,-5.625941228500331,1.4318791213258066
H524L,holo,234,0,1,-10.212775888942247,0.4690688212380394
H524L,holo,137,0,1,-9.953886689765188,0.3247908836222422
H524L,holo,11,2,1,-5.419069369224172,1.0396698971822644
H524L,holo,26,3,1,-4.237903075960386,1.257352250644061
H524L,holo,62,4,1,-5.944834480946621,0.44089169849296184
H524L,holo,189,4,1,-5.749479566242506,0.5599209632089384
H524L,holo,103,0,1,-5.117099055910245,1.845939153255216
H524L,holo,92,3,1,-4.796875319484297,0.5614224957565028
H524L,holo,84,0,1,-6.134817899101364,1.5087079893441029
H524L,holo,93,3,1,-6.21625263956728,1.0565451626370645
H524L,holo,249,1,1,-4.509968846262954,1.128860268250989
H524L,holo,120,3,1,-5.96758225647724,0.9105046607945866
H524L,holo,58,4,1,-6.768955085099883,1.8638324245813038
H524L,holo,233,2,1,-6.244696067481854,0.34608495080277635
H524L,holo,3,3,1,-4.27189664888429,3.503968930667895
H524L,holo,4,4,1,-5.564764924251378,0.6187106176394082
H524L,holo,56,1,1,-5.049050092723277,1.0289190136308832
H524L,holo,197,0,1,-4.980492278609308,2.0108110898673317
H524L,holo,209,2,1,-6.256251713590871,1.0958219564187743
H524L,holo,30,3,1,-5.415271033234866,1.5385994083800227
H524L,holo,62,2,1,-10.492751997513718,-0.3530007827534547
H524L,holo,22,3,1,-6.677948324193757,1.2172669524564412
H524L,holo,166,0,1,-6.568769775297309,2.7638928837116055
H524L,holo,230,4,1,-4.9308007856642355,0.9495907135732153
H524L,holo,222,2,1,-6.262437169432751,1.5544407417067134
H524L,holo,26,1,1,-5.338485893351429,1.4816735536722803
H524L,holo,54,1,1,-5.794338190202605,1.5700940257342495
H524L,holo,145,2,1,-7.054164929230513,1.1530609303198247
H524L,holo,29,0,1,-7.378098273595199,0.9476700344091569
H524L,holo,125,3,1,-5.675401959300409,1.6747725023152498
H524L,holo,215,4,1,-10.546822817135133,0.4654556645870116
H524L,holo,249,4,1,-3.965970509783503,1.0287629028756982
H524L,holo,131,1,1,-4.824923217422448,1.0171076629166436
H524L,holo,209,3,1,-6.5761669272938335,1.4925577341182361
H524L,holo,250,3,1,-10.03039436836417,0.8109228865811957
H524L,holo,57,4,1,-9.82976252104821,0.40181855371440633
H524L,holo,236,4,1,-10.611371780473654,-0.08770114093502457
H524L,holo,33,0,1,-7.142390045153636,0.9798346322451863
H524L,holo,141,2,1,-5.992378879600594,1.4268544233630251
H524L,holo,227,1,1,-7.144763443893385,0.29371480689776774
H524L,holo,216,4,1,-6.672284008946171,1.8577377320405901
H524L,holo,237,1,1,-6.8794520591636505,1.0888556599689991
H524L,holo,2,3,1,-3.912845004703936,0.7783364373931363
H524L,holo,181,4,1,-5.443304643597823,0.6437853264779676
H524L,holo,223,2,1,-3.708896007204352,1.0353265860882033
H524L,holo,163,3,1,-4.398091592574193,0.2280361364371828
H524L,holo,128,2,1,-1.8560104393250576,0.940380332867008
H524L,holo,215,2,1,-6.417204521469824,0.45170349787511554
H524L,holo,9,2,1,-4.271446674487944,2.206994937061566
H524L,holo,28,0,1,-7.365664256847786,2.052093055759684
H524L,holo,15,3,1,-6.340642537993411,0.37503607153540486
H524L,holo,199,1,1,-9.938333577628441,-1.0137138035925375
H524L,holo,11,3,1,-9.528389642322281,-0.3004447538729096
H524L,holo,18,2,1,-5.418838461192873,-0.25780538615082094
H524L,holo,99,3,1,-4.8618115025147155,0.7740238477092021
H524L,holo,126,4,1,-5.684364546181541,1.6735253629948943
H524L,holo,12,3,1,-6.870739639635758,1.9792095180563933
H524L,holo,132,3,1,-6.221058096217938,1.4094437836322697
H524L,holo,84,4,1,-5.748511777577608,2.00211407013191
H524L,holo,72,0,1,-5.106466104269398,1.95064533950152
H524L,holo,68,1,1,-5.371127907989525,1.8375214851161417
H524L,holo,198,2,1,-8.799031864715126,-1.150632432581972
H524L,holo,194,0,1,-4.976392543769098,1.2415917488325903
H524L,holo,21,4,1,-10.615737878478026,0.5730595357966877
H524L,holo,132,0,1,-9.651288194597008,-0.2258034058888967
H524L,holo,108,1,1,-6.237067502936323,1.0717802594405583
H524L,holo,115,2,1,-6.907928541291003,2.660559478417767
H524L,holo,167,2,1,-5.001630967968982,1.7589172594224465
H524L,holo,153,4,1,-10.08022554770945,-0.2872825759410489
H524L,holo,243,2,1,-7.319949147404611,1.48169253371357
H524L,holo,136,0,1,-5.50683846490368,1.3330222041108755
H524L,holo,224,0,1,-5.862858497176326,1.843966431081256
H524L,holo,42,2,1,-6.065667930923848,0.847015491280942
H524L,holo,115,0,1,-9.516478844253694,-0.783579498091072
H524L,holo,19,4,1,-8.355918995021938,0.7702444101271197
H524L,holo,88,1,1,-5.087235139897889,1.2668308281800478
H524L,holo,88,2,1,-7.496613754320197,0.8603284819992183
H524L,holo,209,0,1,-3.287272762168815,1.324593692593922
H524L,holo,54,0,1,-6.130427316986559,0.9675181654498317
H524L,holo,108,4,1,-9.522138961610171,-0.26226600213892937
H524L,holo,130,3,1,-6.142798240813871,0.5178316602520852
H524L,holo,144,3,1,-4.317442248054778,0.5899969145699657
H524L,holo,150,3,1,-6.700741030578662,1.0186884594544239
H524L,holo,185,2,1,-4.902866524508472,1.2351589041712856
H524L,holo,1,2,1,-9.630566078390153,0.2282210961703015
H524L,holo,213,0,1,-6.769742269314911,1.5075040762982894
H524L,holo,152,3,1,-7.824966022944118,1.2215101605763579
H524L,holo,219,2,1,-7.293516231052546,2.1443928746565746
H524L,holo,132,1,1,-10.622462211922468,-0.3988000985488327
H524L,holo,241,1,1,-7.169491564093111,1.5906987275380402
H524L,holo,7,3,1,-5.681437298993423,0.6953947473585771
H524L,holo,25,4,1,-8.125605801895734,2.1809465278519724
H524L,holo,149,1,1,-0.10920241269770159,-0.1654146308460156
H524L,holo,200,0,1,-6.436265714561017,1.5472103945210733
H524L,holo,92,4,1,-4.989004719570097,1.3458391816669177
H524L,holo,39,3,1,-9.146863563443016,-0.2898973403686256
H524L,holo,208,2,1,-4.994611121076112,1.6510745824454318
H524L,holo,39,2,1,-4.957776654634223,0.5494633510345892
H524L,holo,67,4,1,-6.557493277929797,0.541720594305616
H524L,holo,213,3,1,-6.364071612997762,0.9581767118340991
H524L,holo,144,0,1,-4.437077344322642,0.5252633896956809
H524L,holo,142,4,1,-5.508232703291764,0.8325930702264372
H524L,holo,109,2,1,-6.010633423454131,2.34175037341258
H524L,holo,143,0,1,-4.097151657502291,1.387642625423112
H524L,holo,216,2,1,-6.270106456219118,2.358631250845505
H524L,holo,176,4,1,-4.307774182463149,0.7674929723551571
H524L,holo,10,0,1,-5.8964170527953605,1.658595395794876
H524L,holo,136,3,1,-6.066602708860781,1.8387824273496562
H524L,holo,60,4,1,-4.920347965744522,0.6146651501052673
H524L,holo,137,3,1,-8.151523076783924,0.5416015161181775
H524L,holo,117,1,1,-9.865005991959265,-1.15596036629033
H524L,holo,55,1,1,-7.120970575731224,1.7303238894491386
H524L,holo,32,4,1,-3.3057213955346043,1.7824674331874633
H524L,holo,100,3,1,-4.886308412299467,0.09760115531352653
H524L,holo,22,1,1,-6.584307072217442,1.458024017119257
H524L,holo,33,4,1,-6.796049510577532,1.8678224536861308
H524L,holo,39,1,1,-5.130649757678995,1.5337915913903686
H524L,holo,48,3,1,-4.462205517634054,1.43108206147717
H524L,holo,111,0,1,-5.923582814686309,1.2544805913834693
H524L,holo,15,2,1,-5.281204690231078,1.1631036895730773
H524L,holo,130,2,1,-8.426078054154559,-1.4636191135702035
H524L,holo,171,3,1,-5.9655115173740185,0.9235225215573024
H524L,holo,180,0,1,-4.926897792833689,0.14656714045815988
H524L,holo,64,0,1,-6.674154136686457,1.2532326083578056
H524L,holo,134,3,1,-7.062212327384433,1.638550816140949
H524L,holo,246,1,1,-9.839046060623186,-0.4486570067029305
H524L,holo,186,3,1,-6.260366109052889,1.6995205621915943
H524L,holo,193,1,1,-9.376352890650868,-0.8275075183842375
H524L,holo,153,2,1,-6.826250565887751,1.0954889782159825
H524L,holo,203,3,1,-10.032700525917186,0.11932706483982258
H524L,holo,200,3,1,-5.8449834633732145,1.7933923418193842
H524L,holo,68,4,1,-4.654162907645784,1.396266538572533
H524L,holo,232,2,1,-4.484720173482781,2.0376547320291962
H524L,holo,223,0,1,-5.307809281073585,0.9636868466754152
H524L,holo,143,3,1,-4.8890448608684025,0.49873783630306434
H524L,holo,225,0,1,-5.036840281994969,1.8541058536765576
H524L,holo,23,3,1,-5.419520827415557,1.3974433058543525
H524L,holo,170,0,1,-4.733839189215718,0.7857517709907427
H524L,holo,92,2,1,-5.5264034067008865,1.021659030709884
H524L,holo,195,2,1,-6.475308530134562,1.5784132787632217
H524L,holo,231,1,1,-3.1619730330411038,1.2371092503247212
H524L,holo,138,1,1,-4.759500587828928,1.3751490458086266
H524L,holo,87,0,1,-6.622892350676032,1.632441125214072
H524L,holo,60,2,1,-4.783432606794737,0.47643398652463986
H524L,holo,243,1,1,-9.589283551202588,0.324023719129201
H524L,holo,117,0,1,-6.8819065421506025,1.542522185646888
H524L,holo,23,1,1,-9.440745337215535,-0.019953690656365097
H524L,holo,71,3,1,-5.922641015895014,0.7917722705901298
H524L,holo,33,3,1,-6.750708234650617,1.9014892422281235
H524L,holo,226,0,1,-7.364341322895559,0.803491934913211
H524L,holo,183,1,1,-5.691512290818785,1.8169328456802418
H524L,holo,118,2,1,-10.249396201929251,0.5633759117017263
H524L,holo,191,2,1,-2.2932378245525165,0.09816768006804466
H524L,holo,36,0,1,-5.517573163906189,1.0738652994002393
H524L,holo,219,4,1,-6.671765065927502,0.36502165419869925
H524L,holo,6,0,1,-5.099912454919881,1.1592503163025185
H524L,holo,244,1,1,-11.101521101818516,-0.2994775941233172
H524L,holo,125,2,1,-6.584917958449321,2.2396361893661663
H524L,holo,205,4,1,-5.019457503488329,1.4233845279009643
H524L,holo,64,2,1,-6.023212001321532,1.558574153721736
H524L,holo,227,0,1,-6.4172256493733,1.1379514796118855
H524L,holo,90,4,1,-6.445897992052156,0.9711136315832363
H524L,holo,169,3,1,-4.204539676864986,1.0583649968299085
H524L,holo,163,1,1,-6.036336751070582,0.9353782732744804
H524L,holo,75,4,1,-8.193919431331516,-0.9920362045930204
H524L,holo,52,1,1,-10.264044246062191,-0.03365545732596331
H524L,holo,166,1,1,-7.482188278838361,0.8564305079638643
H524L,holo,217,2,1,-6.335340987427408,1.7353112015977246
H524L,holo,54,4,1,-9.794450754405567,-0.6984887551376602
H524L,holo,72,1,1,-5.419204898513662,1.6554898162367095
H524L,holo,218,3,1,-5.4832138847631775,1.952549333309122
H524L,holo,54,3,1,-5.648059296533798,0.2630349668597489
H524L,holo,38,2,1,-6.781813709620341,1.291751048458437
H524L,holo,170,4,1,-9.873801362391252,0.2281543564339188
H524L,holo,190,2,1,-10.133908212186643,-0.4719048701024917
H524L,holo,239,4,1,-7.810862272344309,0.39699876943114987
H524L,holo,245,1,1,-5.275239206289196,1.0482602440969941
H524L,holo,129,3,1,-5.4577128229416445,1.0967484808338952
H524L,holo,130,4,1,-10.371641158251961,-1.1915725546975153
H524L,holo,23,0,1,-5.405649276023745,1.7982169450939978
H524L,holo,113,0,1,-4.327787045378365,0.02137077494916184
H524L,holo,6,4,1,-6.612426971755795,1.4180152761187657
H524L,holo,51,2,1,-5.918127072611515,0.8638554684934263
H524L,holo,18,0,1,-5.94331901176534,1.291303867826585
H524L,holo,187,4,1,-8.529594649236781,-1.0906157860279677
H524L,holo,189,3,1,-3.334089991847943,0.17782832566116724
H524L,holo,204,4,1,-6.79818644966452,1.1945135214937466
H524L,holo,52,0,1,-9.048801542633964,-1.1787020678995503
H524L,holo,176,3,1,-5.263590443267727,0.6930122893249404
H524L,holo,12,0,1,-5.138602130846333,0.7096944956555546
H524L,holo,61,2,1,-7.6673761244668945,2.310104642486138
H524L,holo,191,1,1,-3.8849640994061687,-0.354194004392383
H524L,holo,92,0,1,-3.9190823418357787,0.5174457465153637
H524L,holo,217,0,1,-4.096424456845554,0.7763691168032807
H524L,holo,217,4,1,-9.402071688117172,-1.0611488653399022
H524L,holo,157,2,1,-6.4972164653241045,1.4053194801097817
H524L,holo,102,2,1,-5.672847027204952,0.9644626384352222
H524L,holo,112,0,1,-7.123329008803545,1.9117841511285434
H524L,holo,90,3,1,-6.3970881298878375,2.242367375111101
H524L,holo,38,4,1,-6.270361413897426,0.7804549464060386
H524L,holo,31,4,1,-8.275100691759572,-1.8110366220532654
H524L,holo,74,2,1,-6.277963126933528,0.7887350175303709
H524L,holo,83,4,1,-6.681390682100503,0.137453562138532
H524L,holo,1,4,1,-6.939236105803076,1.6513420936692427
H524L,holo,128,3,1,-5.702972763276744,0.8905369013745741
H524L,holo,40,3,1,-6.296577570353033,0.19397616739480839
H524L,holo,161,3,1,-6.705873080346219,2.203410428021428
H524L,holo,130,0,1,-6.9580796886752125,1.7131097923645342
H524L,holo,7,4,1,-5.015164175344459,0.7109023458730519
H524L,holo,42,1,1,-5.985935411333646,0.8846036815362623
H524L,holo,218,2,1,-6.731243507063823,1.587190227623097
H524L,holo,115,3,1,-10.474230733178356,0.09240859217406694
H524L,holo,81,1,1,-6.653146273598846,1.0024942424336842
H524L,holo,221,1,1,-7.473278345176396,1.7152434286394538
H524L,holo,67,2,1,-5.355798278454245,1.6093692781630011
H524L,holo,197,1,1,-9.362701024778676,-1.016263120591688
H524L,holo,242,3,1,-5.549704603313412,2.124847777271114
H524L,holo,60,1,1,-3.181945920237645,0.843088419356647
H524L,holo,6,1,1,-3.4073245207357417,1.451135858737004
H524L,holo,72,3,1,-6.4939172828496865,1.2611523975130723
H524L,holo,200,1,1,-5.171466335814529,1.1614949670712775
H524L,holo,155,1,1,-4.727427556953682,2.505841379574676
H524L,holo,203,2,1,-6.630502126796337,1.1608248433144723
H524L,holo,197,4,1,-9.711610845552556,-0.6790526040364
H524L,holo,122,3,1,-9.615540494833144,0.13939481321622793
H524L,holo,104,0,1,-5.082903450577099,0.8115059332345993
H524L,holo,167,3,1,-5.58786868715271,0.7870325220859229
H524L,holo,22,4,1,-5.72458983992594,2.285703143234926
H524L,holo,98,3,1,-10.06718830041213,-0.09639131465617368
H524L,holo,162,1,1,-4.966185249020764,1.522962652838146
H524L,holo,76,0,1,-5.356860075116945,1.4961758749703478
H524L,holo,216,1,1,-5.456564078016267,0.9349422100672768
H524L,holo,158,1,1,-3.33203141111127,0.34713657707580126
H524L,holo,227,2,1,-5.024180898245461,0.9007173293933306
H524L,holo,201,0,1,-4.008191360821918,1.017464279991259
H524L,holo,226,1,1,-5.1034556434901255,2.0558610644004034
H524L,holo,244,4,1,-7.008345382546498,1.9217789165359846
H524L,holo,10,2,1,-10.460407372891716,-1.1808724370420691
H524L,holo,77,2,1,-5.435605963160384,0.7434113105049533
H524L,holo,215,0,1,-10.115382393430178,0.13266157203138107
H524L,holo,108,2,1,-3.436727051757696,1.9014914457304002
H524L,holo,141,3,1,-9.889990209571422,0.1384399548821449
H524L,holo,144,1,1,-6.197269344772096,1.4527468353837207
H524L,holo,100,4,1,-5.653960076527916,1.605675488273036
H524L,holo,91,4,1,-5.526119375711005,1.3567856731001626
H524L,holo,81,4,1,-5.517492985998263,0.6369405035917879
H524L,holo,209,1,1,-6.0541744520813126,1.3360717802910784
H524L,holo,28,1,1,-6.612690663498299,1.741328426687275
H524L,holo,148,1,1,-9.485060999839074,0.19094025723042307
H524L,holo,24,3,1,-4.525884204952128,1.2926834471653592
H524L,holo,186,1,1,-3.8233193945652495,0.4304439612463682
H524L,holo,248,1,1,-6.084656975895381,2.1033664281188607
H524L,holo,88,4,1,-9.4310277775316,-0.5899586193887956
H524L,holo,7,0,1,-7.500768710687748,1.3607468402547482
H524L,holo,94,3,1,-9.228017309909486,-0.8655404291782531
H524L,holo,172,2,1,-4.942760484530698,0.764103030493672
H524L,holo,233,1,1,-5.82563818280574,0.7945136923915612
H524L,holo,61,3,1,-4.774619962743188,0.4627754630956957
H524L,holo,228,4,1,-6.623276190042308,1.1081679278101575
H524L,holo,229,1,1,-6.851660073642858,1.9129912661829849
H524L,holo,104,3,1,-6.199741418293058,1.3969377150690718
H524L,holo,145,1,1,-10.616567058931068,-0.1452296543160969
H524L,holo,19,0,1,-6.537160056064078,1.4138033494471074
H524L,holo,87,2,1,-6.849595955630921,0.5892815256096355
H524L,holo,203,0,1,-6.350795446660516,1.412257037883407
H524L,holo,238,1,1,-5.499041574687958,0.36006688101210216
H524L,holo,235,0,1,-5.756878058746754,0.924993333556003
H524L,holo,237,2,1,-6.487356644234534,1.4043387230263704
H524L,holo,157,0,1,-5.206167884818701,1.149501936147459
H524L,holo,215,1,1,-10.664262919364816,0.22271899561866348
H524L,holo,237,3,1,-9.280029236980408,-0.02646706866299553
H524L,holo,136,2,1,-4.164928051665743,0.6444130084554303
H524L,holo,120,0,1,-8.613687028703538,-1.7341501362322305
H524L,holo,241,0,1,-5.956097391467015,1.5143235743389738
H524L,holo,102,3,1,-4.774673139829307,1.10007080867679
H524L,holo,153,3,1,-7.876836056884976,2.0093403561644436
H524L,holo,112,2,1,-7.349888020670445,1.5266282104163906
H524L,holo,67,1,1,-3.2332346354705344,0.398416355812941
H524L,holo,70,3,1,-5.384706559276893,1.7735911358839758
H524L,holo,42,3,1,-6.08253940324024,1.4467637732456637
H524L,holo,138,2,1,-6.678001714593474,0.8563888196584912
H524L,holo,137,2,1,-7.262045952554054,1.6854960504949617
H524L,holo,88,0,1,-8.423862404766894,-0.789327522289085
H524L,holo,150,0,1,-5.867275301779241,1.8507754519338135
H524L,holo,107,4,1,-8.38073507120302,-1.8212280552494349
H524L,holo,95,1,1,-6.270606639424919,0.5161414191534988
H524L,holo,177,2,1,-7.002270356776126,2.3914488381950747
H524L,holo,163,4,1,-5.833982017337124,1.236228834354904
H524L,holo,167,1,1,-6.680603629662794,2.207226967114579
H524L,holo,16,4,1,-4.325934137382408,1.3412596139738753
H524L,holo,229,0,1,-5.449090131078272,1.1595002034712394
H524L,holo,181,0,1,-4.413079033198336,0.41752837042299973
H524L,holo,43,3,1,-6.706850712785865,0.3420391237475684
H524L,holo,236,1,1,-8.233913554433084,-2.442011717223906
H524L,holo,212,0,1,-10.322077164708997,-0.14605571221463265
H524L,holo,73,2,1,-6.321143764402482,1.4383555317962902
H524L,holo,54,2,1,-8.463036769648017,1.1329289566901508
H524L,holo,163,2,1,-3.526321616330854,1.2528124149423405
H524L,holo,194,1,1,-7.496755864642612,1.901805661971423
H524L,holo,127,4,1,-10.001265011109812,0.39953177470064816
H524L,holo,239,0,1,-5.328127372577502,0.9414056667082633
H524L,holo,239,1,1,-5.391639035885195,1.0543949693722539
H524L,holo,128,4,1,-6.73573039155329,0.6083436179238504
H524L,holo,185,4,1,-5.601755699909912,1.3925067625386305
H524L,holo,189,2,1,-4.970647926918851,0.24654700679404584
H524L,holo,74,1,1,-4.898663649428087,0.9382865402980656
H524L,holo,4,1,1,-5.240945925744189,1.4069698612092623
H524L,holo,201,1,1,-6.249245867605296,0.7681813035143819
H524L,holo,178,0,1,-9.665887965667324,-0.9537327380664209
H524L,holo,75,2,1,-7.414390614956634,2.307295302796092
H524L,holo,77,0,1,-9.430523263353134,-1.6475206554608377
H524L,holo,186,4,1,-5.532088781883463,0.8071380841203251
H524L,holo,48,2,1,-3.988107642363545,0.7481575119323196
H524L,holo,234,2,1,-7.24037191166515,2.0898327513574486
H524L,holo,224,2,1,-10.12052089188041,0.3252982690427473
H524L,holo,13,1,1,-6.302952448067874,1.1241787348607346
H524L,holo,36,3,1,-8.932779878552399,0.22585538051404797
H524L,holo,40,4,1,-6.157606050143585,1.8401489696994133
H524L,holo,165,1,1,-9.776503435533492,0.9326466500471469
H524L,holo,188,0,1,-8.084717132575246,-1.8401248922194213
H524L,holo,133,2,1,-9.149015484766455,-2.101920793465183
H524L,holo,136,4,1,-5.427477434763041,0.6655120959397749
H524L,holo,59,3,1,-5.284781175973244,1.6204487026917036
H524L,holo,10,3,1,-5.9475826228655535,1.3288662911111828
H524L,holo,230,0,1,-4.40031065905313,0.684546125111666
H524L,holo,127,2,1,-5.5030639391661325,1.7600020697454966
H524L,holo,243,4,1,-7.616271959291506,1.5549988463766198
H524L,holo,173,0,1,-8.516825788141734,-1.3822547703988164
H524L,holo,72,4,1,-5.505620346689582,1.805603820590136
H524L,holo,95,0,1,-9.991945976182382,-0.0528103891841738
H524L,holo,157,3,1,-9.655999131331242,-0.3340820185484148
H524L,holo,171,1,1,-3.685621507320686,0.8941493173111468
H524L,holo,81,2,1,-3.6643399398546137,0.9979625163402375
H524L,holo,152,2,1,-6.796231329389688,1.5518135963187802
H524L,holo,56,4,1,-6.65354088199722,1.3046776097329627
H524L,holo,218,1,1,-6.112218584875585,-0.3364240145357513
H524L,holo,33,2,1,-6.957002227338084,0.9807791414518192
H524L,holo,41,2,1,-8.967925236164561,-1.0089204526953068
H524L,holo,182,3,1,-5.982224086161207,2.577265206826297
H524L,holo,16,3,1,-9.854732626959258,0.08206408332131332
H524L,holo,30,0,1,-4.4280665174042255,2.2136609122001403
H524L,holo,193,3,1,-10.51302087717685,0.06593442884926048
H524L,holo,107,1,1,-10.70591732282735,-0.17510083822189415
H524L,holo,6,3,1,-6.063097790451771,1.4927893797946012
H524L,holo,50,0,1,-4.874864108142397,0.9273920563374674
H524L,holo,121,4,1,-5.419005749089756,0.6146825095287198
H524L,holo,38,0,1,-6.807468064620213,0.9306972663092807
H524L,holo,158,3,1,-9.713168960147048,0.09919030494572212
H524L,holo,213,1,1,-9.544526714620226,0.33618918455054825
H524L,holo,139,0,1,-5.837151880406729,0.9332101707207983
H524L,holo,168,0,1,-3.9658020519712665,0.46970802815147294
H524L,holo,45,0,1,-7.847806981824302,2.5373133736324007
H524L,holo,45,2,1,-8.919206249857293,-0.8705475068435788
H524L,holo,214,3,1,-9.348051807563383,-0.49500068043910517
H524L,holo,91,3,1,-4.931362426161179,1.4131960360011675
H524L,holo,26,2,1,-4.221582956107557,0.21977727313428375
H524L,holo,195,1,1,-4.245115163374013,1.0763543488771035
H524L,holo,216,0,1,-6.648547864345819,0.5694177023564606
H524L,holo,28,4,1,-6.899850960877579,1.7183087410051598
H524L,holo,5,2,1,-5.72205664993491,1.5093535649032077
H524L,holo,139,3,1,-4.468010415498796,1.6357795626333598
H524L,holo,20,0,1,-9.841730308526312,0.4453498365314488
H524L,holo,16,2,1,-5.856893445222553,0.8853277419948711
H524L,holo,118,4,1,-4.623532830067354,1.7827144393076821
H524L,holo,108,0,1,-6.113329228172116,1.4215182106402438
H524L,holo,199,0,1,-10.674249224543928,-1.1190045356493385
H524L,holo,228,0,1,-5.330764692847296,1.180591933118663
H524L,holo,41,3,1,-5.429846916574519,1.115525758456826
H524L,holo,243,3,1,-10.550080842918444,0.4520298020063933
H524L,holo,195,4,1,-5.864314251220858,1.6769195313077887
H524L,holo,24,2,1,-6.431249644170869,1.322071879300978
H524L,holo,202,4,1,-5.5774315741500295,1.083772787406346
H524L,holo,228,2,1,-6.079767231734575,2.1333971172324055
H524L,holo,166,4,1,-9.981884593325937,-0.633858172814115
H524L,holo,80,1,1,-5.080012420550613,1.1447799872236715
H524L,holo,245,3,1,-4.474790275592724,1.0371591025385243
H524L,holo,13,2,1,-7.861658440574811,0.8825044676808886
H524L,holo,217,1,1,-5.476325062488211,1.4115610829123568
H524L,holo,184,2,1,-9.802660834902266,0.24835008787874813
H524L,holo,77,3,1,-5.356864701230673,1.0049879684069936
H524L,holo,15,1,1,-4.779337079211569,0.9039318365499582
H524L,holo,169,0,1,-4.961140211379043,1.7048869051868678
H524L,holo,61,4,1,-10.274300223610798,0.49615523423894103
H524L,holo,168,1,1,-3.7944917865704326,0.5510810335356382
H524L,holo,123,2,1,-6.550643587653624,1.302975587955828
H524L,holo,210,4,1,-4.868604548795556,2.1973250844382477
H524L,holo,2,2,1,-5.4277243602731815,0.8721673715488691
H524L,holo,25,1,1,-7.47079116044819,1.3906592164203175
H524L,holo,217,3,1,-8.730836409273905,-1.1341183397410362
H524L,holo,114,3,1,-6.583165092762993,1.626955342492181
H524L,holo,173,2,1,-5.463467927415731,1.5162126284947988
H524L,holo,1,0,1,-5.476742614377503,0.9197438683028594
H524L,holo,152,4,1,-5.428180446357288,1.638258694714608
H524L,holo,106,1,1,-5.346437887339608,1.319234086618323
H524L,holo,204,3,1,-6.123948619426603,0.6455561576988771
H524L,holo,249,2,1,-4.111592210985496,0.7484948367576294
H524L,holo,42,0,1,-6.146370251600388,1.7022952390135657
H524L,holo,128,0,1,-3.11711794915481,0.8776864805383724
H524L,holo,110,0,1,-7.083176894451533,0.5350737504904401
H524L,holo,145,0,1,-4.650453232774311,1.7882900513980218
H524L,holo,129,0,1,-4.487802952931496,1.1266987947632288
H524L,holo,222,1,1,-10.583680863263059,0.18116663958882384
H524L,holo,14,0,1,-4.889211733576509,2.7505728269900658
H524L,holo,237,0,1,-6.131641909725712,0.8577693793038321
H524L,holo,172,3,1,-4.61297649205876,0.9237603059447537
H524L,holo,25,2,1,-6.817445459509798,1.4441295247683286
H524L,holo,106,3,1,-5.95539446690503,0.9485810971297468
H524L,holo,174,4,1,-6.251805557263747,1.6985111700616926
H524L,holo,177,4,1,-9.868789926618796,-0.10683618836856112
H524L,holo,9,1,1,-9.795601057640134,1.3364121189705571
H524L,holo,5,1,1,-3.2075406320320177,0.8263666709441821
H524L,holo,164,2,1,-6.149087570431433,1.3094485570989605
H524L,holo,78,0,1,-10.124608816544985,0.22622871363135744
H524L,holo,56,0,1,-4.931435966344225,1.3052106347560226
H524L,holo,242,0,1,-4.480256912539133,2.146890235331753
H524L,holo,226,3,1,-4.507770611843224,0.5907143140034492
H524L,holo,125,1,1,-5.507805912347703,0.8057854269433449
H524L,holo,37,3,1,-5.548517205710617,0.28696140009618887
H524L,holo,28,3,1,-5.460256503570594,1.7151415118049869
H524L,holo,230,3,1,-4.179718782376725,1.5446029787585616
H524L,holo,112,3,1,-10.815950449120528,0.24875240620750105
H524L,holo,220,4,1,-7.522045397010906,1.3758978947109313
H524L,holo,57,1,1,-7.345307424268086,1.43187871304292
H524L,holo,95,3,1,-4.772923073360367,1.1824823535269502
H524L,holo,55,4,1,-6.480097376237961,1.1450944640390333
H524L,holo,24,0,1,-6.955537174782631,0.8219743495440213
H524L,holo,34,4,1,-10.359343591812191,0.8794710877885876
H524L,holo,15,4,1,-6.371523481474934,1.0815230815557157
H524L,holo,34,3,1,-4.41072417070534,0.8202613612157137
H524L,holo,19,2,1,-6.327598418329572,2.1096395316737073
H524L,holo,134,0,1,-7.189736826506795,1.3800182611676206
H524L,holo,1,1,1,-5.815310955177971,1.082156012067415
H524L,holo,156,2,1,-5.028549933686726,1.3623688600680737
H524L,holo,141,1,1,-7.264267497479153,3.252365843131628
H524L,holo,108,3,1,-8.750689695129612,1.818883757449143
H524L,holo,115,1,1,-5.11619133763509,1.3568085442980333
H524L,holo,109,4,1,-5.969765937923352,0.7974137950503746
H524L,holo,40,1,1,-7.003046003301556,2.199223547364099
H524L,holo,37,4,1,-7.625988010644324,-0.25356415640965224
H524L,holo,165,2,1,-6.099885853929642,0.6592748381752216
H524L,holo,170,1,1,-6.084535693545824,0.15356436756822234
H524L,holo,83,0,1,-5.003883810281149,-0.3297687629519146
H524L,holo,199,3,1,-7.0122482664989185,1.6787222029199
H524L,holo,35,1,1,-7.191634379248395,1.60466325471198
H524L,holo,181,1,1,-5.040713218559144,0.5639764570306625
H524L,holo,88,3,1,-5.497555654084696,0.16944216726071204
H524L,holo,4,2,1,-8.602632570154494,-1.8420913911970587
H524L,holo,225,4,1,-7.143507057175814,0.824525964665412
H524L,holo,196,0,1,-5.241902917161838,0.8245051578406049
H524L,holo,174,1,1,-5.150594569143784,2.3289143587528116
H524L,holo,162,2,1,-5.486971823844701,1.6908931244008016
H524L,holo,99,4,1,-5.6088026619947335,1.6496807453136597
H524L,holo,47,0,1,-6.590973918898246,2.109871726504366
H524L,holo,250,1,1,-6.219415046885157,1.3921873098095006
H524L,holo,243,0,1,-8.715042684687841,-1.4185956250437783
H524L,holo,68,0,1,-8.55659816870001,-1.5063717016430473
H524L,holo,58,2,1,-5.364402587022997,0.14757679278963565
H524L,holo,185,0,1,-5.834912820731155,1.2987736371641745
H524L,holo,141,0,1,-5.482118582559185,1.0965211761207172
H524L,holo,187,2,1,-5.781698080592349,1.327638100185979
H524L,holo,152,0,1,-7.025768059206758,0.5659876092965135
H524L,holo,204,1,1,-4.824507418325364,0.9193226423819283
H524L,holo,205,2,1,-5.8004996568435345,0.6392142518950692
H524L,holo,228,3,1,-10.238319087016503,-0.26199510805962234
H524L,holo,249,3,1,-4.979994859964236,-0.38979135926115305
H524L,holo,49,1,1,-8.74443887056578,-1.464336699193126
H524L,holo,139,2,1,-6.197820618960453,0.7308168045483256
H524L,holo,25,3,1,-9.70986037430744,-0.005505101646249955
H524L,holo,57,2,1,-6.385437403092968,0.4711025757077181
H524L,holo,194,2,1,-5.648075689171453,1.077139945748712
H524L,holo,47,3,1,-5.943890607831001,0.44583601815810425
H524L,holo,178,3,1,-9.393943290507146,1.0207116815129638
H524L,holo,114,1,1,-7.7568444394776535,1.593464734343712
H524L,holo,229,3,1,-5.250025405029717,0.2558805503034023
H524L,holo,58,0,1,-5.5255458219659275,0.9080712421857413
H524L,holo,242,4,1,-5.65801100012256,1.3176382512501021
H524L,holo,20,4,1,-6.166566081395196,1.3964596043999506
H524L,holo,239,3,1,-8.726983766164764,-1.1506732672223876
H524L,holo,232,4,1,-6.22588205057119,0.5147122288209545
H524L,holo,236,2,1,-9.971221984784538,-0.40320342482459637
H524L,holo,103,2,1,-8.215400614781508,-2.381023915427093
H524L,holo,220,2,1,-9.455969473880376,-0.4738010305467526
H524L,holo,234,3,1,-5.752997004156551,1.1245926139757785
H524L,holo,8,0,1,-5.1851211440475,0.8448445922730059
H524L,holo,233,0,1,-6.041798489295527,0.5379403721058225
H524L,holo,149,0,1,-3.9684220768991096,-0.047580340765506435
H524L,holo,123,4,1,-6.375027762691278,2.3823729125108457
H524L,holo,160,2,1,-7.949580181092301,0.8297408368185444
H524L,holo,90,2,1,-9.233856982309398,-0.6142909144785165
H524L,holo,30,1,1,-5.258718591960726,-0.007922244254515931
H524L,holo,46,2,1,-8.885834308551903,0.8888715070917499
H524L,holo,12,2,1,-6.123072934162703,0.745767579659713
H524L,holo,126,0,1,-6.08646841166124,0.48243233237947436
H524L,holo,240,4,1,-9.523543717760123,-0.17436102816766663
H524L,holo,192,0,1,-5.234944874640004,1.0218865708462346
H524L,holo,188,2,1,-4.262331895600941,0.08178512456812825
H524L,holo,35,2,1,-3.441940532328225,2.030034596448573
H524L,holo,201,4,1,-6.0961162207970325,-0.13191692779027164
H524L,holo,159,4,1,-4.615003591562008,1.043379419971103
H524L,holo,114,0,1,-5.500459077892863,1.733937106212494
H524L,holo,60,0,1,-4.599438813303411,1.041113891495641
H524L,holo,188,1,1,-2.176216609567657,1.045616884733846
H524L,holo,13,4,1,-5.682542490247052,1.6694856657938573
H524L,holo,207,0,1,-7.168896168146411,2.1712963377502774
H524L,holo,129,2,1,-5.190427994460915,1.0151707873116322
H524L,holo,218,0,1,-10.2415499114659,1.1859351256878625
H524L,holo,27,1,1,-5.071197600259662,1.912794498613323
H524L,holo,213,4,1,-5.1820437114435265,0.6042552291962551
H524L,holo,220,3,1,-4.192430970722448,0.15304378288564635
H524L,holo,89,1,1,-5.477198043632143,0.29430795413834687
H524L,holo,140,0,1,-5.743240703098017,-0.5520595810206572
H524L,holo,57,3,1,-10.36217792947631,-0.2178018002318396
H524L,holo,246,0,1,-6.945471250652357,1.6515135165281407
H524L,holo,70,1,1,-6.425663859832799,1.6982311296329442
H524L,holo,236,0,1,-9.047703555277515,-1.2624668049026724
H524L,holo,176,0,1,-4.219619171923334,0.5776842995581148
H524L,holo,128,1,1,-9.571520296662463,-0.6469234287171162
H524L,holo,5,4,1,-4.313673068144112,2.1604602820831644
H524L,holo,238,0,1,-5.662534389177743,0.9151923589733144
H524L,holo,155,0,1,-5.985250845413422,1.0263237816051287
H524L,holo,153,1,1,-5.551389129612932,0.20389459450824177
H524L,holo,248,2,1,-7.187788046041863,1.776854149818334
H524L,holo,7,1,1,-8.396268384858235,-0.838431893938818
H524L,holo,114,4,1,-5.8618555564211015,1.4406318554133861
H524L,holo,85,2,1,-9.287852199992962,-0.3610403565664626
H524L,holo,33,1,1,-5.451729767938822,0.66147772212436
H524L,holo,110,4,1,-10.10462648643865,0.17937200037601997
H524L,holo,205,0,1,-8.540304469056554,-0.7938395604609383
H524L,holo,4,0,1,-5.1465057639054415,-0.07178785735128201
H524L,holo,29,4,1,-4.585021757446711,1.1750261846127614
H524L,holo,87,1,1,-5.563038617836913,0.710847563522961
H524L,holo,228,1,1,-7.504684308453708,-1.8731341316173626
H524L,holo,45,4,1,-3.7363306388896618,1.0885827426774028
H524L,holo,180,1,1,-6.368311315144094,1.0671746698625952
H524L,holo,9,4,1,-6.043087970571285,1.1123397862925515
H524L,holo,175,1,1,-5.663561660807211,0.7257525734569725
H524L,holo,73,1,1,-6.829413782212086,1.1755701491041322
H524L,holo,177,3,1,-6.451442704269294,1.092407278299845
H524L,holo,162,0,1,-9.807257739365685,0.06476211359837691
H524L,holo,102,0,1,-3.497167234016043,0.8174526840092398
H524L,holo,140,4,1,-3.124099227449136,1.3931052458343203
H524L,holo,109,0,1,-8.564899010847377,-2.140714164499556
H524L,holo,210,2,1,-4.8377468820558995,2.149665277775199
H524L,holo,27,4,1,-3.4740020459776986,0.5237086040203991
H524L,holo,96,4,1,-6.0214151803472795,0.5904145960914633
H524L,holo,132,4,1,-6.217424347000719,1.6528080342610991
H524L,holo,70,0,1,-5.3970827415826825,1.767899807378157
H524L,holo,79,1,1,-5.006613544469978,2.6771155944995826
H524L,holo,161,2,1,-5.9938988713346255,0.32728077950822865
H524L,holo,151,4,1,-9.684171134802945,0.8453121105114008
H524L,holo,165,0,1,-9.033256949266772,-0.9780457792038533
H524L,holo,110,3,1,-9.449719451885702,-0.3162503292983274
H524L,holo,211,1,1,-5.974391726332836,1.5119360890407023
H524L,holo,146,2,1,-4.245006909343253,1.7722720002861507
H524L,holo,129,4,1,-5.992385818065454,1.8628073103994893
H524L,holo,126,1,1,-10.52210893308013,-0.7611840148595093
H524L,holo,195,3,1,-4.574326587494955,1.0296032354766709
H524L,holo,146,3,1,-10.485838370519097,-0.09061992404961927
H524L,holo,59,4,1,-7.600247226470273,0.6765022554047988
H524L,holo,100,0,1,-5.885687076047688,1.7293627022237814
H524L,holo,241,4,1,-8.70611963963389,-0.8704374615113437
H524L,holo,104,4,1,-6.0087960675269265,1.2045836193733948
H524L,holo,63,2,1,-9.239302996554848,-0.3442227382430616
H524L,holo,246,4,1,-6.287537180824756,1.448437921153868
H524L,holo,69,1,1,-2.7141443037053463,1.6153636835000498
H524L,holo,231,2,1,-9.690445899641787,-0.9044084019011791
H524L,holo,169,4,1,-5.128641743296718,0.12927458286274884
H524L,holo,34,1,1,-9.96759152570155,-0.5306967856640341
H524L,holo,159,2,1,-5.446125111483923,1.631788886599665
H524L,holo,232,3,1,-5.40870391555163,1.5079604339113217
H524L,holo,244,3,1,-4.9743185462253905,1.5910022339766527
H524L,holo,58,3,1,-6.665171137575133,1.3374296987476413
H524L,holo,224,4,1,-9.690203028549888,-0.9478934465756481
H524L,holo,242,2,1,-10.596996508035389,-0.31444718117687387
H524L,holo,194,4,1,-6.296977686843313,1.275187005821948
H524L,holo,225,3,1,-5.117331686340179,1.0312192361992203
H524L,holo,134,1,1,-5.458923265231739,1.9228322775707198
H524L,holo,97,3,1,-3.417665127377333,0.6577544072895734
H524L,holo,47,1,1,-5.450107361313865,-0.003791721848571683
H524L,holo,207,1,1,-4.865823586821534,0.49597378629263744
H524L,holo,219,3,1,-8.924199958108748,0.3046929444727624
H524L,holo,63,1,1,-4.787551600079247,1.4614941339894898
H524L,holo,86,2,1,-6.109463012550826,2.0819924207684863
H524L,holo,173,3,1,-9.396271854710651,-1.5334529703557678
H524L,holo,24,4,1,-9.297431669375129,0.28185956311057225
H524L,holo,114,2,1,-9.649779134976924,0.24232714369755115
H524L,holo,111,3,1,-5.647460544664952,1.433653585624029
H524L,holo,241,3,1,-5.866415778953048,2.2338933619181063
H524L,holo,182,0,1,-3.761444775491565,0.5829574899239702
H524L,holo,218,4,1,-5.512587668235721,1.5978218969640778
H524L,holo,105,0,1,-4.964743522480127,-0.10789307156365169
H524L,holo,178,1,1,-8.848525223632056,-0.8080394784193032
H524L,holo,36,1,1,-3.904484524083845,0.8140960165765847
H524L,holo,105,2,1,-10.298468365294617,-0.4728704344880157
H524L,holo,142,1,1,-3.2269084646998927,0.8818585302068271
H524L,holo,10,1,1,-7.590695444155674,1.5722476099015665
H524L,holo,21,0,1,-6.1730769401487,1.4889335774448824
H524L,holo,208,1,1,-10.879525933017593,0.657547752912734
H524L,holo,166,2,1,-10.44484486412399,0.34919385273101966
H524L,holo,71,0,1,-5.247023267191949,2.237866859790259
H524L,holo,35,0,1,-4.875074593014009,1.2380265332639482
H524L,holo,150,2,1,-9.806680406631262,-0.5164526683853552
H524L,holo,73,3,1,-7.152221692328052,1.0554101929286759
H524L,holo,94,4,1,-5.736062496200653,-0.004199028104650893
H524L,holo,191,4,1,-1.6419445030792126,1.045977582466719
H524L,holo,37,1,1,-10.737488078570962,0.06837642878613792
H524L,holo,155,4,1,-5.113745732091896,0.26027175972267
H524L,holo,200,2,1,-9.944097660374137,0.7755015866146806
H524L,holo,179,3,1,-9.75049502473821,-0.5681976573427363
H524L,holo,147,1,1,-8.093719649989222,-2.672635436415405
H524L,holo,247,1,1,-5.180546461002006,1.1333515721991887
H524L,holo,78,2,1,-4.838763555204732,1.8033743111554514
H524L,holo,20,3,1,-4.349451871606288,1.1469581473432129
H524L,holo,118,3,1,-5.019010518680368,1.0601522701568626
H524L,holo,94,1,1,-10.663251875982464,0.4598914648522481
H524L,holo,175,3,1,-4.79878606714928,0.6615199062033099
H524L,holo,17,3,1,-3.67757855874029,1.2397593218370133
H524L,holo,158,2,1,-6.102940751791014,1.6891583524305673
H524L,holo,56,2,1,-5.528398231840118,0.2789281548782441
H524L,holo,32,1,1,-5.7543034688348484,0.6177833947159428
H524L,holo,59,1,1,-6.550661201195659,0.5472569602780624
H524L,holo,135,0,1,-3.6716458941664847,0.446998605891892
H524L,holo,168,4,1,-5.069011258083016,1.1545913227769091
H524L,holo,69,0,1,-3.8737808199455657,0.4053341612411998
H524L,holo,116,0,1,-5.325040193466435,2.658175857935987
H524L,holo,44,3,1,-5.7741365900192,1.698191298438374
H524L,holo,107,0,1,-10.092149825048484,-0.32157372601803047
H524L,holo,158,0,1,-6.339476788014405,1.415736613000405
H524L,holo,158,4,1,-5.651071829966472,0.9601667649417607
H524L,holo,96,0,1,-4.646081610657955,2.520701084187408
H524L,holo,246,3,1,-6.848508452141132,0.7811526075641382
H524L,holo,41,0,1,-9.117146976812531,-0.38259683031635916
H524L,holo,91,1,1,-5.834204255975816,1.5843185201265726
H524L,holo,85,3,1,-5.736257509577783,0.255859031677673
H524L,holo,104,1,1,-6.762378702444931,1.1634339778343303
H524L,holo,210,0,1,-7.510679476856261,1.3242421142739005
H524L,holo,93,1,1,-10.691941942570164,0.19840240996040848
H524L,holo,93,2,1,-5.489029397853098,1.5205599810217905
H524L,holo,207,4,1,-7.166120913705402,0.8722995373835687
H524L,holo,214,4,1,-8.210450150990816,-1.0228471169771751
H524L,holo,220,1,1,-7.720888061796547,0.940446548967941
H524L,holo,186,2,1,-5.203662559283163,0.7345147916461201
H524L,holo,96,2,1,-7.439409520763949,-1.4133324666656222
H524L,holo,97,1,1,-4.597924487766456,0.6337570582375633
H524L,holo,194,3,1,-7.121122065588924,0.6526836485445955
H524L,holo,18,1,1,-5.643919505643552,1.4689700111769923
H524L,holo,113,3,1,-8.237201431062129,-1.4462314560347664
H524L,holo,184,3,1,-6.601694709211618,1.7439252623567398
H524L,holo,102,4,1,-2.7326907334392736,1.3576930659622803
H524L,holo,169,1,1,-4.539596794133743,0.5873128418403297
H524L,holo,162,4,1,-9.377960001396264,-1.4899625630648359
H524L,holo,186,0,1,-5.324293130360989,0.46366189341725317
H524L,holo,161,1,1,-8.23781852429136,-1.3390994396626184
H524L,holo,3,1,1,-3.8578891307711736,0.38982814712336733
H524L,holo,100,2,1,-4.5103021262555245,0.6370150622184241
H524L,holo,206,1,1,-5.3796261058166905,1.6782524252892443
H524L,holo,28,2,1,-8.361965074570335,-1.2272835717498793
H524L,holo,2,0,1,-5.967531818671311,0.9524212340247118
H524L,holo,74,4,1,-6.693059693862416,1.2711246119210813
H524L,holo,247,3,1,-5.959589217080399,0.9606958340935705
H524L,holo,244,2,1,-6.88673323771059,0.8830197085230083
H524L,holo,134,4,1,-8.257036436411017,-0.06356894227759824
H524L,holo,135,2,1,-4.156257663006521,0.9545207041309283
H524L,holo,192,3,1,-5.132399736858819,0.16680205825650773
H524L,holo,20,2,1,-5.588091147031271,1.2676810972323125
H524L,holo,49,2,1,-8.8326362587831,-1.5835998264764015
H524L,holo,65,3,1,-4.11975126751231,-0.3919698923227912
H524L,holo,89,0,1,-4.578259529548724,0.12037145716558939
H524L,holo,18,3,1,-4.567645300087495,1.4034891629695068
H524L,holo,204,2,1,-7.927837026043996,-1.5917005049541189
H524L,holo,99,1,1,-4.934981880886269,1.1098664387484547
H524L,holo,173,1,1,-10.303546619699429,-0.3009063322976999
H524L,holo,34,2,1,-6.556994059967252,1.178235951487551
H524L,holo,196,2,1,-5.300622564032221,0.5994935181097105
H524L,holo,235,1,1,-5.171479482734,1.736018907314687
H524L,holo,135,3,1,-4.208363315755037,1.390304157692512
H524L,holo,79,2,1,-5.264973524467834,1.646332248497231
H524L,holo,212,4,1,-4.519473092749802,1.0182632467294042
H524L,holo,102,1,1,-3.4967489800946154,0.18406913502225564
H524L,holo,175,2,1,-5.482720388345719,2.2657468748587206
H524L,holo,122,0,1,-6.8602441211698135,1.458686069877814
H524L,holo,151,1,1,-5.423827408033613,1.7346644985468629
H524L,holo,75,1,1,-9.809885242116472,-0.2583027169506664
H524L,holo,78,4,1,-3.3238645637600506,0.25765002321865893
H524L,holo,59,2,1,-4.3952096874969655,1.1862015389455536
H524L,holo,150,1,1,-4.895911251786657,1.0792966215129525
H524L,holo,112,4,1,-5.598267011735299,1.4203907242727638
H524L,holo,8,1,1,-4.442196086163339,1.1186732759932028
H524L,holo,182,4,1,-6.649974964454124,0.20356877160087095
H524L,holo,207,2,1,-3.8353654816782914,0.24249275464256925
H524L,holo,181,3,1,-4.93506789425404,0.1297840173763518
H524L,holo,101,2,1,-4.5603473943296,1.475403367812902
H524L,holo,234,4,1,-6.782595723080966,1.4236164158979818
H524L,holo,161,4,1,-9.88074898341138,-0.48004831567160977
H524L,holo,30,2,1,-4.643758790477822,0.7374304001438503
H524L,holo,165,3,1,-7.409280398693177,0.770796864218255
H524L,holo,110,1,1,-9.96558145056352,-0.619133011922159
H524L,holo,148,0,1,-10.085186050660628,-0.2720157856191747
H524L,holo,210,3,1,-9.527737208575786,-0.5826327518911398
H524L,holo,16,1,1,-8.554380746881893,-0.8710395758487408
H524L,holo,81,3,1,-5.3721177844975685,0.8964090951651542
H524L,holo,86,4,1,-6.861589053760529,1.297879865702555
H524L,holo,74,0,1,-6.95348183888601,0.8660331048932335
H524L,holo,184,4,1,-4.247375189733116,1.4703235738752625
H524L,holo,202,3,1,-4.637262731486878,1.8999140606774318
H524L,holo,152,1,1,-9.318912997597131,-1.3965030278716313
H524L,holo,209,4,1,-9.475966830208723,-0.7345855859029342
H524L,holo,84,3,1,-3.554635880579063,0.2634320376249377
H524L,holo,116,2,1,-6.137874764003229,0.7482297737709729
H524L,holo,70,2,1,-6.00498129084724,0.4463952328911205
H524L,holo,3,4,1,-5.069798469181666,0.7840425193072633
H524L,holo,179,2,1,-5.20449234676763,0.11787945156143564
H524L,holo,27,2,1,-5.838563431204147,1.1015566394902834
H524L,holo,151,0,1,-5.7009496115335025,0.0756096907886672
H524L,holo,109,3,1,-6.19222281669898,1.3785035005196562
H524L,holo,46,4,1,-5.593890896439586,1.2710401214518612
H524L,holo,148,2,1,-10.215028345668735,-0.5526464217287668
H524L,holo,210,1,1,-9.084033893549886,-2.3635552056722275
H524L,holo,146,1,1,-5.450878389747665,1.4102226310375414
H524L,holo,139,4,1,-8.174750824832035,-1.6339523423264808
H524L,holo,144,2,1,-6.710798702005025,-0.3392904316585259
H524L,holo,132,2,1,-8.96451963733752,-1.8297565719032036
H524L,holo,42,4,1,-6.663284587601737,1.7885355537542864
H524L,holo,244,0,1,-10.413832646663618,-0.3206555970803606
H524L,holo,141,4,1,-8.020685342773358,-1.7315919911579414
H524L,holo,86,1,1,-8.37925591269767,-0.8529367095161575
H524L,holo,206,4,1,-6.434420378774799,1.4469138895614435
H524L,holo,220,0,1,-6.52910957465037,1.736312486381891
H524L,holo,180,4,1,-6.660895738702173,1.5627616837412717
H524L,holo,160,3,1,-3.421470320863463,1.184401680079631
H524L,holo,2,4,1,-5.325468307194665,1.2167403101168475
H524L,holo,146,0,1,-6.2796295065816174,0.9249464979902342
H524L,holo,2,1,1,-4.005700909739744,0.9052394231509453
H524L,holo,248,0,1,-6.75961633549959,1.2443796958940254
H524L,holo,123,0,1,-5.884477250296332,1.2226118855128192
H524L,holo,79,3,1,-4.834805979447296,0.3231151238346115
H524L,holo,83,3,1,-5.559714061085796,1.4038805397503467
H524L,holo,68,3,1,-8.571959626043952,-1.8493193628720377
H524L,holo,106,4,1,-4.995414146852564,1.4108940150896245
H524L,holo,184,0,1,-5.196342097686276,1.387389855704626
H524L,holo,7,2,1,-3.9814333896686946,0.22602234991609294
H524L,holo,232,0,1,-9.919369195786018,-0.30043750015305193
H524L,holo,213,2,1,-6.1254216983855905,0.9473800440047739
H524L,holo,111,2,1,-9.458856283768146,-1.6925200181232327
H524L,holo,53,4,1,-4.126788656709309,0.933412963378828
H524L,holo,55,3,1,-10.011279643738852,-0.01827331210479599
H524L,holo,156,3,1,-4.421987366276515,1.9244940601504936
H524L,holo,190,1,1,-4.414021243986355,0.6690373147171158
H524L,holo,229,2,1,-9.655239464478981,-0.7579129613554869
H524L,holo,15,0,1,-8.972767964091496,-2.5858358855123527
H524L,holo,101,3,1,-3.909210388615648,0.7764550974198556
H524L,holo,14,2,1,-8.022926586172222,2.2805480276010712
H524L,holo,56,3,1,-6.426659563447949,2.0075740352186813
H524L,holo,156,1,1,-4.642523690525138,0.35159276675321394
H524L,holo,71,1,1,-6.93298360561684,1.1706779553395705
H524L,holo,53,2,1,-5.223644354528609,0.3858524079623322
H524L,holo,97,0,1,-5.017647482551013,0.4491872442160627
H524L,holo,47,2,1,-7.0576912813011035,1.5412314462105456
H524L,holo,204,0,1,-8.067420690895492,2.1993331390983286
H524L,holo,207,3,1,-8.284375364671742,-1.465432418342715
H524L,holo,190,4,1,-6.772372993916495,1.2943812125024294
H524L,holo,179,1,1,-7.419898041735589,0.020634671255706394
H524L,holo,91,0,1,-7.512018927503181,-2.264564213929546
H524L,holo,247,4,1,-9.277178246953984,-0.5324727234289384
H524L,holo,6,2,1,-4.944458519927757,1.038258704758661
H524L,holo,43,1,1,-6.567078109271872,1.6332912867512164
H524L,holo,179,4,1,-10.037955915328645,0.17301009353796815
H524L,holo,174,0,1,-4.339551687933298,1.2293573949183667
H524L,holo,73,4,1,-5.088351627891033,1.16943011452814
H524L,holo,249,0,1,-5.207683519757445,1.139644623285676
H524L,holo,87,4,1,-8.522822333792366,-1.4224470427214868
H524L,holo,139,1,1,-4.1265555453614375,0.9854253638863497
H524L,holo,181,2,1,-8.904391089195645,-1.810847184982734
H524L,holo,165,4,1,-7.139847646190667,-1.947078999477597
H524L,holo,143,1,1,-6.850417773844651,0.9500308936597435
H524L,holo,127,3,1,-3.7677329312815537,0.21651680629875614
H524L,holo,19,1,1,-5.560448098733218,0.9428783029222387
H524L,holo,80,3,1,-3.578312332755605,1.6046460846918222
H524L,holo,240,0,1,-6.022258941450438,2.049168008556535
H524L,holo,29,1,1,-4.039442090745055,1.4151031925257342
H524L,holo,107,2,1,-9.002709230154242,-1.9705504491945192
H524L,holo,69,3,1,-5.250828358459675,1.6580407740763974
H524L,holo,238,2,1,-3.212857604413596,0.4537792339812228
H524L,holo,196,4,1,-6.185041944407466,0.9777876042689684
H524L,holo,245,2,1,-6.002357445975701,0.9962460412131264
H524L,holo,78,3,1,-6.687907493309783,1.6903552076411472
H524L,holo,99,0,1,-6.192001278960728,1.9378226614560958
H524L,holo,80,4,1,-3.4377875052417934,0.8742944317994272
H524L,holo,233,3,1,-9.230517036173445,-1.3801130540492181
H524L,holo,50,4,1,-9.137585051808195,-1.1187971195060697
H524L,holo,162,3,1,-6.85008397980387,-0.11518266784104014
H524L,holo,35,3,1,-7.311781863807575,0.9110661938615863
H524L,holo,238,4,1,-3.296408599248281,1.3648307358595844
H524L,holo,248,3,1,-8.4175476679873,-2.081409104004237
H524L,holo,86,0,1,-8.953922533667551,-1.8177521173996638
H524L,holo,131,2,1,-8.818462222572776,-1.503201301527838
H524L,holo,53,3,1,-4.791106176697589,-0.20985639161689562
H524L,holo,216,3,1,-1.8978919380683834,-0.6363672605877753
H524L,holo,196,3,1,-4.347289294980936,1.5350033595326806
H524L,holo,214,1,1,-6.28735317228179,1.6514415391496158
H524L,holo,159,3,1,-6.641540256387486,1.328465995564116
H524L,holo,46,1,1,-4.81175622261409,1.1028189883388961
H524L,holo,182,1,1,-5.701236304540899,1.3532697632879547
H524L,holo,101,1,1,-5.367040715413982,1.0976722645640251
H524L,holo,196,1,1,-4.269735697441291,0.9993713076738544
H524L,holo,215,3,1,-9.99393906446943,0.11588204519729572
H524L,holo,246,2,1,-3.2842511504513077,1.6286188033672033
H524L,holo,205,3,1,-6.579249061659329,1.5880678898403175
H524L,holo,180,2,1,-5.360220702419976,1.3653242759750412
H524L,holo,200,4,1,-6.967203667349832,1.0630964352095447
H524L,holo,84,2,1,-4.255702965013235,1.1554338544418101
H524L,holo,156,4,1,-6.085233089759118,1.181554822777528
H524L,holo,101,0,1,-5.322158149466102,0.8472419010538204
H524L,holo,225,2,1,-6.115761221661693,0.654272309573372
H524L,holo,185,3,1,-6.309075037943192,1.2816773017439687
H524L,holo,25,0,1,-9.821749497489723,0.3385273283020638
H524L,holo,184,1,1,-5.461255622915846,1.3188616178488957
H524L,holo,250,4,1,-5.109767676036654,0.04671325858197406
H524L,holo,113,2,1,-4.488547939395694,1.237014800233311
H524L,holo,156,0,1,-5.641859091099423,1.006802756138967
H524L,holo,176,1,1,-8.917762659490254,-1.581419257931941
H524L,holo,8,2,1,-4.520436732625253,1.4394941393898932
H524L,holo,151,2,1,-8.979298385313129,-0.8857457282928323
H524L,holo,96,3,1,-4.088377946333885,0.213631344199527
H524L,holo,17,0,1,-3.8740624605919436,0.013822604877248068
H524L,holo,14,1,1,-5.846041050000718,0.47259679426198886
H524L,holo,122,4,1,-4.025657628143794,1.822991957601758
H524L,holo,106,0,1,-4.449011406144201,0.8529245710033706
H524L,holo,60,3,1,-1.6459215815544894,-0.17957195435907636
H524L,holo,109,1,1,-9.385992186768522,-0.29324160729372295
H524L,holo,116,1,1,-5.437636689135864,0.3517422833588313
H524L,holo,206,2,1,-6.688360126684017,1.670883511822339
H524L,holo,8,3,1,-3.3778650646673682,0.06822033311607356
H524L,holo,72,2,1,-8.162294305102119,-2.6315889812644
H524L,holo,13,0,1,-9.87556572888468,-0.5410961958901765
H524L,holo,116,4,1,-4.825355158657008,1.6305418306357495
H524L,holo,58,1,1,-5.913498326647517,0.683087255171472
H524L,holo,29,3,1,-6.819222977254984,0.6807313044702994
H524L,holo,134,2,1,-10.391131040323828,0.8918813013116846
H524L,holo,247,0,1,-5.193970840489737,0.3263028218524511
H524L,holo,159,0,1,-8.152518616026551,-0.4522570339165384
H524L,holo,138,4,1,-10.1260713795883,0.8799936781736619
H524L,holo,70,4,1,-7.928612672499224,-2.338800597807378
H524L,holo,110,2,1,-4.451011768725696,1.17920965755944
H524L,holo,83,1,1,-6.170942969732142,1.0536107565579158
H524L,holo,75,3,1,-8.620076315605186,-2.3107791704912444
H524L,holo,69,4,1,-3.1860274047019104,2.0742108652808753
H524L,holo,43,2,1,-6.245488299660931,0.7794373959275731
H524L,holo,235,4,1,-10.227508478326083,-0.5879640077226327
H524L,holo,208,0,1,-5.088048423333564,0.6525564398199464
H524L,holo,240,2,1,-3.1268335847119744,1.0125919628874698
H524L,holo,80,2,1,-2.4743710997578994,0.7885402599746953
H524L,holo,46,0,1,-6.666380178792416,1.22147825335702
H524L,holo,192,2,1,-3.5209095384264693,1.2901141410260522
H524L,holo,90,1,1,-8.97884393662223,1.6976899308729685
H524L,holo,174,3,1,-9.198113089062186,-0.8890664584518788
H524L,holo,32,3,1,-9.269571992210675,0.05734949521443866
H524L,holo,71,4,1,-4.010680183655747,1.3748692396618623
H524L,holo,93,4,1,-10.160117561131667,0.14365546940214813
H524L,holo,183,0,1,-4.8761264676591445,1.4438742261422703
H524L,holo,125,0,1,-7.737086895423683,-1.9784144755962814
H524L,holo,135,1,1,-4.458853285840508,1.6443186624529886
H524L,holo,50,1,1,-4.713275647047386,1.6294624585565316
H524L,holo,167,0,1,-4.824612195194401,0.1305168836477435
H524L,holo,95,4,1,-9.87743682315821,0.048548322770685104
H524L,holo,170,2,1,-8.675112271407148,-1.727681782609892
H524L,holo,170,3,1,-8.344969834040487,-1.256587473955122
H524L,holo,190,3,1,-4.861957833286432,0.29447702716984736
H524L,holo,32,2,1,-5.668705418544722,1.8395291195196535
H524L,holo,140,1,1,-4.968667242588278,0.9125397155039394
H524L,holo,164,0,1,-4.3239769877486935,1.3365062067803564
H524L,holo,65,2,1,-4.1191826474785955,1.4330071032478031
H524L,holo,3,2,1,-7.491476393420886,-2.590271342344124
H524L,holo,142,2,1,-8.788914280933387,-2.3761423563956328
H524L,holo,229,4,1,-7.871221938080296,-1.9048760181554485
H524L,holo,97,2,1,-5.828272955408831,1.316655823476097
H524L,holo,101,4,1,-8.40836212227245,-1.6508801182210249
H524L,holo,192,4,1,-6.549634805271204,0.6849353955079067
H524L,holo,50,2,1,-6.990749578757516,-2.0936183325619595
H524L,holo,118,0,1,-8.388095883245569,-1.0809459917142021
H524L,holo,49,3,1,-4.075561381449614,1.1749711753498389
H524L,holo,35,4,1,-3.7874431508455544,0.859780478763625
H524L,holo,87,3,1,-8.594571012070983,-1.7129167837383363
H524L,holo,247,2,1,-9.634709332634511,-0.310371330671515
H524L,holo,43,0,1,-2.928703449299821,1.057184934813776
H524L,holo,97,4,1,-4.485895285182295,0.7946767468721987
H524L,holo,179,0,1,-9.148156305525216,-1.2693594655669074
H524L,holo,66,4,1,-4.51363955888128,0.2066807658158467
H524L,holo,85,4,1,-10.470808999410053,0.4185493144478585
H524L,holo,123,3,1,-9.724042229809893,-0.6377118224734204
H524L,holo,121,1,1,-5.792685169282652,0.9994473653925979
H524L,holo,183,4,1,-8.652842143954235,-1.066907292205542
H524L,holo,202,0,1,-7.336492566011707,1.4151007583901247
H524L,holo,94,0,1,-9.071674441194258,-1.1444858289523125
H524L,holo,241,2,1,-5.609413824379736,0.12696074571186955
H524L,holo,164,4,1,-9.506341997922842,0.38760331833002226
H524L,holo,18,4,1,-5.528318882395009,0.8576646689345893
H524L,holo,142,3,1,-3.6995572198332844,-0.10135458935263841
H524L,holo,232,1,1,-9.330597870985702,-0.5204131771142215
H524L,holo,164,3,1,-6.459626152255453,0.9384413295126421
H524L,holo,76,2,1,-7.811947285954467,-1.089592003593907
H524L,holo,73,0,1,-6.969975189361119,0.9691500796336356
H524L,holo,183,3,1,-8.769754301464673,-1.0097167528832358
H524L,holo,137,1,1,-6.2193601972745185,0.9168625286911407
H524L,holo,61,1,1,-10.18426152014051,-0.28446594732740493
H524L,holo,47,4,1,-6.1793722214183795,1.3410038091252687
H524L,holo,32,0,1,-5.287139693075979,1.914688327474721
H524L,holo,160,4,1,-2.7221005227150457,1.1115652915666487
H524L,holo,127,1,1,-6.495748490179775,0.7046767828364153
H524L,holo,206,3,1,-10.669123338813797,0.40360793463469236
H524L,holo,183,2,1,-9.34514643508048,-0.7699648442065694
H524L,holo,235,2,1,-7.882339338156658,1.4974010678692196
H524L,holo,12,4,1,-7.997012722340255,-2.0706979649515205
H524L,holo,14,4,1,-9.54983911256766,-0.2773883153755321
H524L,holo,78,1,1,-8.340456999900155,0.2392206833986421
H524L,holo,40,0,1,-9.696342204583981,-1.7658627237201756
H524L,holo,135,4,1,-7.881425449111585,-1.5422819836991977
H524L,holo,185,1,1,-9.173968512826239,-2.6282270263510554
H524L,holo,235,3,1,-4.0920086993171445,0.28045923434333986
H524L,holo,10,4,1,-9.63415932393276,-0.10044610204150217
H524L,holo,127,0,1,-3.7711982469876624,0.3313734416220484
H524L,holo,65,4,1,-5.346557393014141,0.994989581973627
H524L,holo,116,3,1,-5.111740540005975,2.1968573662908
H524L,holo,202,1,1,-6.08876564450458,0.5725173601502007
H524L,holo,177,1,1,-10.32837416688232,-0.5225754060869434
H524L,holo,240,1,1,-6.568461197253761,0.778553618308166
H524L,holo,9,3,1,-8.233761211150238,-1.3798696843597327
H524L,holo,20,1,1,-8.791281736025745,-1.8371259340597135
H524L,holo,65,1,1,-3.877031332887764,-0.11955364199990015
H524L,holo,208,4,1,-8.281359523187156,-1.2687373795093464
H524L,holo,14,3,1,-5.694809695457852,1.0103764171948626
H524L,holo,131,4,1,-8.258914128040999,-1.7633766552911965
H524L,holo,208,3,1,-4.421541280477619,2.025069077917692
H524L,holo,61,0,1,-10.124317262301549,-1.0900929211017996
H524L,holo,85,1,1,-8.490153998080231,-0.9217529755381406
H524L,holo,79,0,1,-4.704592383667848,0.11147340716328813
H524L,holo,53,1,1,-8.834463668073493,-1.9761865126511964
H524L,holo,146,4,1,-8.567565726454394,-1.5897042354466464
H524L,holo,21,2,1,-5.69700818081628,0.7922572760619317
H524L,holo,202,2,1,-8.544766683788506,-0.7312209244358172
H524L,holo,121,0,1,-8.610862212703342,-2.593103282803412
H524L,holo,192,1,1,-3.226093235217128,0.620347638314712
H524L,holo,176,2,1,-8.286193043049693,-2.3508500312403697
H524L,holo,79,4,1,-7.201957240926774,0.5824197110126335
H524L,holo,160,1,1,-8.715761703967686,-2.215165740220499
H524L,holo,71,2,1,-5.725145999001704,0.1616056253604512
H524L,holo,94,2,1,-9.443818852924231,-1.2073280649331366
H524L,holo,65,0,1,-7.811662891565433,-1.5110435251139336
H524L,holo,83,2,1,-6.573026974159131,1.6773637392154086
H524L,holo,123,1,1,-6.7409058351751945,0.49546060709432993
H524L,holo,46,3,1,-5.748194933641965,1.2476034340541275
H524L,holo,85,0,1,-9.835461611126288,0.11686417768623869
H524L,holo,190,0,1,-9.40600150190675,-1.3917897072540626
H524L,holo,53,0,1,-5.32655449498219,1.2987295426979273
H524L,apo,33,2,2,-2.605099642964415,-57.021787045224755
H524L,apo,33,3,2,-2.8115707407196098,-58.00625492638768
H524L,apo,33,4,2,-2.7151469945644955,-58.54383227467213
H524L,apo,191,0,2,-2.926259612037395,-59.09070945467219
H524L,apo,158,2,2,-3.080901277870524,-57.22104829301226
H524L,apo,191,3,2,-2.6963433725956243,-58.94855429712682
H524L,apo,33,0,2,-2.6285037184513236,-57.82843964302376
H524L,apo,191,2,2,-2.8376488380087856,-58.34030705625986
H524L,apo,33,1,2,-2.4517764915679017,-58.17623439962434
H524L,apo,147,1,0,12.307711072137865,-1.077818680539309
H524L,apo,158,1,2,-2.1065281164611456,-57.65131056950921
H524L,apo,158,3,2,-2.6869946474932007,-56.8312850465108
H524L,apo,158,0,2,-2.6057846367844206,-57.49442270279819
H524L,apo,191,4,2,-3.9530340940617563,-57.28971648642265
H524L,apo,168,4,0,12.543777745475786,0.4883133710027181
H524L,apo,24,1,0,12.054548601667804,-0.2358268182390333
H524L,apo,143,4,0,12.289730177431906,0.04954384339792739
H524L,apo,147,3,0,12.015452025463105,0.26329455632657073
H524L,apo,147,2,0,12.34761155819685,0.25092444651880896
H524L,apo,243,4,0,12.046033297436525,0.4355714708107996
H524L,apo,147,0,0,11.640351457011572,0.010620998303721763
H524L,apo,158,4,2,-2.7049013792374517,-57.76845528504034
H524L,apo,17,1,0,12.026732587547144,-0.8963290322404447
H524L,apo,217,4,0,11.525562208722054,0.08726156666534735
H524L,apo,143,2,0,12.139932267729433,-0.17347274106435862
H524L,apo,105,2,2,-2.777596858535521,-55.900356630989705
H524L,apo,48,0,0,11.944147492493837,-0.26971596750172466
H524L,apo,236,0,0,11.928509370751966,-0.5642851347038516
H524L,apo,143,3,0,12.264425760263961,0.4103841480793733
H524L,apo,17,3,0,12.096710839551207,-0.07281742781103162
H524L,apo,243,1,0,12.193715635640157,-0.24111516078126272
H524L,apo,143,0,0,12.16843216135247,0.6508992419985731
H524L,apo,243,2,0,12.366568386374613,0.36922037430292676
H524L,apo,22,4,0,11.607436535649395,-0.26311669917851077
H524L,apo,243,0,0,12.117670134116809,-0.5522263196253192
H524L,apo,147,4,0,12.365724320618831,-0.05811114669714357
H524L,apo,113,4,0,12.478700259220808,-1.008840927302785
H524L,apo,126,2,0,12.096241472145357,1.6590066095636615
H524L,apo,126,3,0,12.60422871098184,1.3774546402709404
H524L,apo,17,0,0,12.018832245096345,-0.48789939865902454
H524L,apo,217,2,0,11.85437014330847,0.4790886320831902
H524L,apo,15,1,0,11.437447941232396,-0.6078265994520251
H524L,apo,126,1,0,12.383656551069167,0.2884808624283437
H524L,apo,79,1,0,12.033347358201251,0.19507689636003533
H524L,apo,41,1,0,11.782276263607917,-0.15566806277617218
H524L,apo,13,2,0,12.125879845636481,-0.5903715911825032
H524L,apo,136,3,0,11.906026614235966,-0.573867957339715
H524L,apo,231,3,0,11.493083598742468,0.19110796480798342
H524L,apo,113,3,0,12.42858855293446,0.14977674117194795
H524L,apo,217,0,0,11.831053326848158,-0.245465484358931
H524L,apo,226,3,0,11.428007632846706,0.38614476868544045
H524L,apo,52,1,0,12.512047686205245,0.36756406945525555
H524L,apo,198,3,0,12.094380804139456,0.8792367669763337
H524L,apo,41,3,0,10.995635546134238,0.13031921946208058
H524L,apo,24,3,0,12.311458131894387,0.16707080235913452
H524L,apo,236,1,0,11.390232116076223,-0.398172733042486
H524L,apo,177,2,0,12.170375771785775,0.39917567908214835
H524L,apo,231,0,0,11.668374375411787,0.2504031351825091
H524L,apo,41,4,0,11.894287980151555,0.6468681715949316
H524L,apo,177,3,0,12.122079941104179,0.4810050192874087
H524L,apo,68,0,0,12.219776086553484,-0.4192829998566907
H524L,apo,231,1,0,12.057872537739373,1.265323217357576
H524L,apo,211,2,0,12.024250580656219,-0.35779655588666515
H524L,apo,203,2,0,12.242761455679751,0.9500914124967323
H524L,apo,203,0,0,12.327244198623289,0.13592452018357903
H524L,apo,172,3,0,11.663190902251369,0.17047060213319298
H524L,apo,15,4,0,11.634078662374167,-0.39902553124058215
H524L,apo,17,2,0,11.747922204897229,-0.4021063716613327
H524L,apo,203,4,0,12.375342672164932,0.0019103222198424419
H524L,apo,198,1,0,11.57031261920561,-0.6567349140052983
H524L,apo,10,0,0,11.455053042415182,0.23780382114473753
H524L,apo,31,2,0,11.080959374788325,-0.08781657404168186
H524L,apo,45,4,0,12.163759871839604,0.004758658626144552
H524L,apo,113,2,0,12.208394888667026,0.34405294035536826
H524L,apo,177,0,0,12.503368873192892,0.22934949691202178
H524L,apo,144,0,0,11.050679229948628,-0.3598032697041873
H524L,apo,245,4,0,11.062516437502211,0.10729211034274044
H524L,apo,217,1,0,11.885141119312483,-0.46123779515180274
H524L,apo,37,2,0,12.08931839259305,2.0656366196187292
H524L,apo,211,0,0,12.293586755228931,-0.10916550076103704
H524L,apo,246,2,0,11.823914678584305,0.1172431405419303
H524L,apo,17,4,0,12.481245450696429,-0.5531406142495428
H524L,apo,111,3,0,12.111670151570472,1.1176378328546548
H524L,apo,15,3,0,12.306202476093937,0.8205829331905505
H524L,apo,144,2,0,12.542152043759101,-0.26521906053680766
H524L,apo,250,2,0,11.824050693507218,0.7799934061884244
H524L,apo,41,0,0,11.871497177104166,0.42782919415363097
H524L,apo,193,1,0,12.307832172686235,0.43839487696634194
H524L,apo,35,2,0,11.623467475474106,0.17652939137823864
H524L,apo,145,4,0,12.040025184648517,0.35281441014043935
H524L,apo,24,4,0,12.079432462120089,-0.4376037904693959
H524L,apo,25,0,0,11.296959552256642,-0.7029217878387044
H524L,apo,219,1,0,11.662821432578,-0.7206331909130057
H524L,apo,35,0,0,11.84347837010761,0.9721344450081375
H524L,apo,94,2,0,11.871251618278539,0.03178640303772795
H524L,apo,245,0,0,12.002608192537114,-0.5324969771629071
H524L,apo,13,1,0,12.327027028152266,0.1893977112898142
H524L,apo,125,4,0,12.36223904457876,-0.7929029657553457
H524L,apo,84,2,0,11.93480984639109,-1.2439326695454866
H524L,apo,219,3,0,11.614784833757497,0.2883143124086729
H524L,apo,124,2,0,11.372863804040522,-1.5866637539489972
H524L,apo,233,2,0,12.503467713146993,-0.024093187065716393
H524L,apo,39,4,0,10.976166677435547,-0.5991496074272362
H524L,apo,211,4,0,11.597022903755686,-0.776393580791165
H524L,apo,217,3,0,12.24580428797552,0.016844065166196742
H524L,apo,203,1,0,12.19436269379057,-0.5417131101770707
H524L,apo,52,0,0,11.779477562426152,-0.26875923565972926
H524L,apo,231,4,0,11.70530745186453,0.19069270650039982
H524L,apo,227,3,0,11.309327288887818,-0.05538504674036915
H524L,apo,211,3,0,11.837033950165583,0.09126724588203672
H524L,apo,143,1,0,12.25730283738069,-0.1855089694373504
H524L,apo,189,0,0,11.90457370965274,-0.6862517381860016
H524L,apo,52,4,1,-3.170835793653069,-0.027246841461433746
H524L,apo,233,3,0,11.968627029203413,-0.4733674958598044
H524L,apo,207,1,0,11.534903823698805,-0.12292725667840898
H524L,apo,160,4,0,11.823626745332211,-0.37189987415659687
H524L,apo,60,2,0,12.233732844163226,-0.2059036709249824
H524L,apo,198,0,0,11.18014908900469,1.265264592737637
H524L,apo,97,1,0,11.595786406637092,-0.02008595022539339
H524L,apo,79,0,0,12.61792858604403,-0.009631659949192795
H524L,apo,223,2,0,12.275008443442289,-0.20655676409954538
H524L,apo,243,3,0,12.14850248093676,-0.5340771962157476
H524L,apo,142,0,0,11.874151615558912,-0.04813104971842108
H524L,apo,79,3,0,11.637821931635617,-0.788006746203493
H524L,apo,13,0,0,11.834722783855998,0.7559484886228631
H524L,apo,203,3,0,12.343360617134188,0.2645605342754891
H524L,apo,40,1,0,11.724132195435967,-0.8522104629016383
H524L,apo,103,0,0,11.295858751266378,-0.30922953001527276
H524L,apo,207,2,1,-3.043389552602399,0.288494525422891
H524L,apo,223,1,0,11.13079907588629,0.15871428998461568
H524L,apo,40,4,0,12.200168116573742,0.8941537009648073
H524L,apo,171,1,0,11.33934998489651,-0.27665303624682736
H524L,apo,174,0,0,11.044437581422496,-0.17601885627941272
H524L,apo,22,1,0,11.573647198076136,-0.5496204212551277
H524L,apo,174,4,0,11.697184170713035,-0.43006107761952705
H524L,apo,54,0,0,11.317096557130785,0.6049914622999211
H524L,apo,195,3,0,12.077900572510112,-0.14614391516536784
H524L,apo,62,4,0,11.805305133455539,0.9357914888706915
H524L,apo,170,3,0,12.058113636955868,-0.26074550469880364
H524L,apo,13,4,0,12.243944992123165,-0.14333551976952208
H524L,apo,177,4,0,12.5993809934515,-0.03216415893139413
H524L,apo,195,0,0,11.891820889667699,-0.35075651498186744
H524L,apo,157,1,0,11.68757025229883,-0.5646002091549462
H524L,apo,115,0,0,12.182156158880614,0.025487771079909294
H524L,apo,236,4,0,10.462368366740066,-1.1283396772201257
H524L,apo,250,0,0,11.966537028641547,-0.5114968887005347
H524L,apo,68,2,0,11.599272813868973,-0.3051506065993408
H524L,apo,229,3,0,12.317379596803518,0.7134602386943243
H524L,apo,177,1,0,12.613747897632535,0.377193978471297
H524L,apo,92,1,0,11.92773061014667,1.1118147949091792
H524L,apo,172,0,0,11.703898639344958,0.479387254584708
H524L,apo,122,2,0,12.203108564290813,1.2664954299294635
H524L,apo,180,1,0,12.193378789838897,1.3376821619414585
H524L,apo,205,2,0,12.284792667156093,0.9409702624639493
H524L,apo,104,3,0,11.713837784258953,-0.23404718088987408
H524L,apo,137,0,0,11.508527473824206,0.2112701679203326
H524L,apo,250,3,1,-7.720913583770788,-1.4041801179020155
H524L,apo,246,4,0,11.741877836484047,-0.19513141391902877
H524L,apo,172,4,0,11.544520712188785,0.9685657739577209
H524L,apo,80,0,0,12.125961568794576,0.7004963956743637
H524L,apo,66,4,0,12.457791833944516,1.1992811734492221
H524L,apo,122,4,0,11.401185390251399,0.45500258144214456
H524L,apo,219,4,0,11.313235640423647,-0.8428440760826419
H524L,apo,163,0,1,-3.8228381232991495,0.4136397526662563
H524L,apo,181,4,0,12.212256712278023,-0.03512062408094607
H524L,apo,49,2,0,11.633366300401057,0.7308332086963247
H524L,apo,144,3,0,12.122946482821206,0.879918211964636
H524L,apo,228,0,0,12.607581592089375,1.4946121231687073
H524L,apo,79,2,0,12.269955426127492,0.20014078454352102
H524L,apo,150,3,0,12.170905823508434,0.45732525876968566
H524L,apo,170,4,0,10.798376971815799,-0.4954317671712545
H524L,apo,80,3,0,11.645681297741413,0.7219944413270127
H524L,apo,204,0,0,11.574233226279379,0.5937874358702828
H524L,apo,211,1,0,12.377150463379257,-0.15117095465461716
H524L,apo,54,2,0,11.364899945944114,0.3575241700568057
H524L,apo,200,2,0,11.64307288968943,0.4868157512898108
H524L,apo,245,3,1,-5.669621536088304,0.39660268504989915
H524L,apo,145,1,0,12.01972312196356,0.19913964717035526
H524L,apo,144,4,0,11.841933547359123,0.14947841874725043
H524L,apo,97,2,0,11.976584728459185,-0.41367096235232736
H524L,apo,139,0,0,11.496949566926187,-0.02627687597365025
H524L,apo,238,4,0,11.891148056069069,-0.8830487711667843
H524L,apo,38,4,0,11.581358506652736,-0.610242941083257
H524L,apo,28,4,0,11.774200658563252,-0.3531858128306169
H524L,apo,84,4,0,11.661434444804847,0.4617985809197904
H524L,apo,185,0,0,11.70758021684115,-0.03047210683035928
H524L,apo,75,4,0,11.837925083737797,-0.020662352509290827
H524L,apo,126,0,1,-4.623560403758734,0.8239861244010456
H524L,apo,238,2,0,11.645418763838366,-0.7596132820952448
H524L,apo,42,3,0,11.93297888466601,0.5028883745723363
H524L,apo,98,4,0,11.177674343873875,-0.19380233770792188
H524L,apo,200,3,0,12.436962369979046,-0.5472712825923765
H524L,apo,113,0,0,12.176271016810201,-0.4776683438281424
H524L,apo,88,3,0,11.035646184396636,-0.40583245517926514
H524L,apo,12,0,0,11.540187973621176,-0.211831791484272
H524L,apo,131,2,0,12.1588193720726,0.09760163099721808
H524L,apo,109,3,0,12.048065515295262,-0.37758633763586147
H524L,apo,246,0,1,-3.1473882629273966,0.37739606095148304
H524L,apo,19,2,0,11.238459414204051,0.05388664470373783
H524L,apo,83,3,0,3.168306118619297,1.4668103062651738
H524L,apo,129,0,0,11.068379079949299,-0.3155263632059331
H524L,apo,223,4,0,11.815632702899855,0.4459392895053611
H524L,apo,199,1,0,12.152657492044675,0.9024099638905199
H524L,apo,52,3,0,11.404108723817398,-0.41302764278155735
H524L,apo,25,1,0,10.114912701373289,0.08920123842757732
H524L,apo,81,4,2,-2.2364461875034287,-57.1416237176822
H524L,apo,137,3,0,11.954835127611588,0.13171121898992055
H524L,apo,31,4,0,11.521119494304124,0.44518939614697217
H524L,apo,51,4,0,11.92291201475498,1.1970436667482716
H524L,apo,250,1,0,12.097963747283249,0.009196582445042623
H524L,apo,45,3,0,11.948862060949043,0.9823205059684312
H524L,apo,244,1,0,11.560092731643799,-0.2363770548452493
H524L,apo,94,4,0,12.292219188905275,0.6106947963868379
H524L,apo,193,0,0,11.471120103667847,1.3997673397146144
H524L,apo,89,2,0,11.92770226430472,0.7227968539608014
H524L,apo,47,3,0,11.883602888700798,-0.3733294914099332
H524L,apo,50,4,0,12.218382826692002,1.359033614785801
H524L,apo,98,1,0,12.275011252171604,0.2401624222987948
H524L,apo,109,0,0,11.937041326530057,0.6245583561435808
H524L,apo,10,4,0,11.192269835150674,0.3089733780051773
H524L,apo,15,0,0,11.732188732697315,0.2885743538360117
H524L,apo,81,1,0,11.499909835566545,0.2223412587380551
H524L,apo,122,3,0,10.979602973190985,-0.11491924838573198
H524L,apo,69,4,0,11.081371690607234,-0.8572240806770424
H524L,apo,70,0,0,11.648749288808078,1.422377382107726
H524L,apo,176,2,1,-4.328187443482367,2.8950406309269425
H524L,apo,48,2,1,-4.115727361554207,0.5221074833785764
H524L,apo,106,4,0,11.996578340165573,0.371291885436392
H524L,apo,13,3,0,12.721964613521848,0.7612327995492052
H524L,apo,51,2,0,12.335046351263957,0.5492851735505297
H524L,apo,89,1,0,12.128785386777256,-0.07340604791960459
H524L,apo,59,4,0,11.805695277586763,0.7234344348413941
H524L,apo,161,4,0,11.716764494540286,0.03779263451642123
H524L,apo,72,3,0,12.034431073089046,-0.4153674951091091
H524L,apo,206,3,0,12.023690854061469,-0.4579127923619666
H524L,apo,105,1,0,2.9662613300465193,0.20082339762159052
H524L,apo,109,2,0,12.03327111723856,0.21144357527029456
H524L,apo,205,0,0,11.266228948007685,1.472136301555551
H524L,apo,209,0,0,11.93089407387393,-0.099798403790615
H524L,apo,52,2,0,11.394783400411702,0.25903668043110883
H524L,apo,142,3,0,11.989194681702482,-0.9450804779391859
H524L,apo,200,4,0,12.09182022126858,0.7512642643779941
H524L,apo,81,3,0,11.782948899206929,-1.025132967895317
H524L,apo,156,2,0,10.914095794985581,-1.665603503013088
H524L,apo,133,2,0,11.309220019246823,-0.2480175291567832
H524L,apo,22,2,0,11.507491469305304,-1.6690536587723983
H524L,apo,72,2,0,12.313595844795566,1.0863879097876321
H524L,apo,109,4,0,11.98622286525696,-0.0638609711660223
H524L,apo,72,0,0,12.332849873516524,-0.26710993935839156
H524L,apo,212,0,0,11.889785936561708,0.9305839265155527
H524L,apo,178,3,0,12.102515999153862,-0.18287432799478154
H524L,apo,195,2,0,11.637254179741221,-0.27419826181790086
H524L,apo,54,4,0,11.095936692312055,-0.46706772661859475
H524L,apo,40,0,0,11.794405626254674,0.4655364513724294
H524L,apo,244,4,0,12.415819042973864,0.49211224145692256
H524L,apo,195,4,0,11.872237198709021,-0.5114152692503495
H524L,apo,111,0,1,-8.65131126577911,0.0033321462664162027
H524L,apo,84,3,0,12.090531900740523,0.16656646763402705
H524L,apo,124,1,0,11.754800571163223,-0.16518983108583996
H524L,apo,105,0,1,2.1678425620444965,-3.3663408873701144
H524L,apo,97,4,0,11.986731900141493,-0.3484625380751538
H524L,apo,48,4,0,11.623772182498485,-0.062057635711099124
H524L,apo,109,1,0,12.131022333767806,-0.15121494397244817
H524L,apo,149,2,0,11.86150873833059,1.1826697679191795
H524L,apo,236,3,1,-4.110387969722829,0.579339894863864
H524L,apo,134,3,0,12.22119180610547,0.5905495591291441
H524L,apo,202,3,0,11.738391975912823,0.3930318199811893
H524L,apo,128,3,0,12.013576880383798,1.0236140104656926
H524L,apo,233,1,0,12.414337206511744,-0.04961091542868701
H524L,apo,150,2,0,11.968200682775615,-0.2430683108460272
H524L,apo,150,0,0,11.579290855375344,0.12186404397175465
H524L,apo,145,2,0,11.778232373888875,-0.5555505405783094
H524L,apo,169,3,0,11.938965124114652,0.32158236196863754
H524L,apo,131,4,0,11.769363194625605,-1.6445398939764573
H524L,apo,37,1,0,11.345304767747216,0.45907229654532955
H524L,apo,35,3,0,11.7852604257818,-0.5983984886058238
H524L,apo,233,4,0,12.51700031811621,0.7490088362543474
H524L,apo,181,1,0,12.39808022192273,-0.23666301195221706
H524L,apo,59,0,0,11.492053772429095,0.37986137258268116
H524L,apo,49,0,0,12.025714484027118,0.20878311737386923
H524L,apo,106,1,0,12.101475533165717,0.4183928986611818
H524L,apo,24,0,0,11.979484063249643,-0.0004848322571007202
H524L,apo,200,0,0,11.82153855353864,0.052524631321333004
H524L,apo,134,1,1,-9.778804700451914,-0.018663840434214762
H524L,apo,30,1,1,-0.4571624419111764,-1.5575006288966335
H524L,apo,173,4,1,-9.371634197141763,-1.106189730066987
H524L,apo,142,2,0,11.935787974062974,-0.4682898639045874
H524L,apo,152,0,0,12.068332116132488,0.922709626433047
H524L,apo,1,4,0,12.63794227950207,0.11408290367823781
H524L,apo,115,1,0,11.930173741006424,0.48221419638885266
H524L,apo,230,0,0,11.678859109741841,0.481842352448524
H524L,apo,225,0,0,11.77983899263568,0.10102046111880725
H524L,apo,58,2,0,10.901685324631984,-0.2714198244551653
H524L,apo,144,1,0,11.934391045158126,-0.13728917720543166
H524L,apo,240,1,0,12.024122718620442,-0.5234947207582081
H524L,apo,234,3,0,11.824240846333401,0.04985217184102453
H524L,apo,35,1,0,11.19661199494021,0.34914785820716077
H524L,apo,250,4,0,11.725704535215467,-0.249333126691198
H524L,apo,62,0,0,11.93395226556969,-0.8050159393103655
H524L,apo,63,2,0,11.600583471678634,-0.35106585221207354
H524L,apo,101,1,0,12.570254334107245,0.07169866659587854
H524L,apo,181,2,1,-2.562865938462078,0.9034703765538978
H524L,apo,150,4,0,10.932282751070748,-0.26812815821160996
H524L,apo,127,0,0,11.567311303643155,-0.029785657235379404
H524L,apo,206,0,0,12.133488396885628,0.0725111308021269
H524L,apo,36,0,0,11.198520829559998,0.6598970984497896
H524L,apo,88,1,0,11.681330445548774,-0.402323558039285
H524L,apo,218,1,0,12.296727230737222,0.1480271201117489
H524L,apo,24,2,0,11.84677385978767,-0.5223798068673915
H524L,apo,8,3,0,11.799875693812725,1.3585730575340875
H524L,apo,82,3,0,11.604889793487748,0.760622800224823
H524L,apo,88,2,0,11.094133124139336,-0.13754304518178628
H524L,apo,173,3,0,11.799095139322311,-0.24523978664240076
H524L,apo,19,1,0,12.311514961270252,0.6699551856150237
H524L,apo,126,4,1,-2.417990647612662,-0.2943147218378783
H524L,apo,39,1,0,11.72856213012305,-0.6352983373489423
H524L,apo,120,3,0,12.25906454235756,0.10101140211492066
H524L,apo,189,2,0,12.241959702229163,-0.0015663321860301949
H524L,apo,189,1,2,-3.2736773714520844,-57.71483961026845
H524L,apo,72,1,1,-2.898175612205428,3.652113953647131
H524L,apo,27,2,0,11.990498731644092,0.1220790150391764
H524L,apo,42,1,0,12.573517939339505,0.09716058763741842
H524L,apo,41,2,0,11.951825962327257,0.4142511103129749
H524L,apo,82,4,1,-10.066317897394857,1.314359808239331
H524L,apo,195,1,0,11.771348125475035,0.04329344668113322
H524L,apo,62,1,0,10.989924186454735,-1.313790916410511
H524L,apo,244,0,0,12.42541517973882,1.038023708823701
H524L,apo,30,2,0,13.093266429827946,1.2679104090781408
H524L,apo,168,1,1,-4.093624105167827,-0.013997264998280912
H524L,apo,62,2,0,11.360296528421024,-0.23567649194406215
H524L,apo,48,3,1,-3.605424966925078,1.2461789617661765
H524L,apo,127,3,0,11.601129475389122,0.08794977236956925
H524L,apo,215,2,1,-3.0645918102143526,1.1098430170324747
H524L,apo,124,4,0,11.817608854505579,0.3245533898163586
H524L,apo,182,4,0,11.663641690657474,0.24715206268068357
H524L,apo,119,0,1,-9.145007130913513,-0.8765197389970893
H524L,apo,113,1,0,11.880699514285027,-1.0344884024668062
H524L,apo,145,0,0,11.916785961568381,0.11669373841625941
H524L,apo,105,3,1,-0.496397211350315,-1.9385330060375594
H524L,apo,97,0,0,11.702013853470847,0.7684212372079458
H524L,apo,245,2,0,3.603875616632198,-0.1925994513703415
H524L,apo,28,3,0,11.707445137805049,-0.18745546196922191
H524L,apo,77,1,0,12.141667037765094,0.07109814770936396
H524L,apo,55,0,1,-9.303407620333868,0.580315527182151
H524L,apo,49,4,0,11.638087532656936,0.5955904355343762
H524L,apo,49,1,0,12.734260850507674,-0.09519963942864251
H524L,apo,88,0,0,11.922286061098067,-0.38083925469814517
H524L,apo,67,4,0,12.082648893230761,1.411439843756014
H524L,apo,226,2,1,-3.6858491765931554,0.05333640530032824
H524L,apo,124,3,0,12.175674523651919,-0.8229812835360519
H524L,apo,169,2,0,11.3973091596805,0.566340819418059
H524L,apo,108,2,0,11.959268832601996,-0.3264618401330779
H524L,apo,127,1,0,11.963009535018777,0.03676614761046437
H524L,apo,7,0,0,10.826607303376779,-0.5426904277285161
H524L,apo,207,0,1,-1.6993117983326798,-0.219809225856352
H524L,apo,34,2,0,11.612121380011327,1.0063882014301697
H524L,apo,166,0,0,11.963053796110405,0.03735432305356312
H524L,apo,55,4,0,12.034994689392787,0.2657320397202909
H524L,apo,27,1,0,12.022886849818915,-0.11057259005070819
H524L,apo,98,0,1,-2.967426451946796,1.7125720976719379
H524L,apo,163,3,1,-3.4528252357608906,1.1974495382757055
H524L,apo,180,3,0,11.191815246045074,-0.4680446555421014
H524L,apo,25,4,0,11.650960831258029,-1.1505578241162766
H524L,apo,127,2,0,11.921743395784864,0.6098519641367943
H524L,apo,107,4,0,10.924815697450473,-0.6892004285724056
H524L,apo,160,2,0,11.898644633136499,-0.43333674549322154
H524L,apo,244,3,0,11.937050917925793,-0.09161437802710282
H524L,apo,89,0,0,11.397491217121576,-1.0851554791416476
H524L,apo,7,2,0,10.99790770977601,-0.39608466533033493
H524L,apo,210,2,0,11.302582823862021,-0.9717768281666679
H524L,apo,154,1,0,11.608875824266839,-0.15151638142255308
H524L,apo,106,0,0,11.817155052234796,0.18457874272961305
H524L,apo,198,4,1,-6.2423445882568664,1.2920436793851593
H524L,apo,63,0,0,11.467534296224896,1.0062097518299282
H524L,apo,161,3,0,12.115997881386779,-0.13029032060110524
H524L,apo,130,1,1,-4.112843361796692,2.409391618783019
H524L,apo,30,4,1,0.4632212957321862,-0.4900653462692759
H524L,apo,174,3,0,12.278073264263593,1.0219958617448555
H524L,apo,123,1,0,11.957464478175769,-0.7854572759402174
H524L,apo,219,2,0,11.099159553366604,-1.405581814366073
H524L,apo,104,4,0,12.353634721842678,0.2301518567154801
H524L,apo,105,4,1,2.4158503158889566,-3.7836955949067885
H524L,apo,136,0,0,12.006337431423688,0.827506019149908
H524L,apo,151,0,0,11.182955649723466,0.01287634694584483
H524L,apo,3,1,0,11.742551032342995,0.5941275341240839
H524L,apo,239,1,1,-2.6615066424045857,0.537996788280239
H524L,apo,150,1,0,11.070842081418135,-0.2364496710464863
H524L,apo,227,2,0,12.629180226838969,1.537050270678364
H524L,apo,66,3,0,12.10029813626721,0.6725537485188653
H524L,apo,11,2,0,11.515011886447127,-0.31326291072778645
H524L,apo,6,0,0,11.727174692980602,0.562108996642209
H524L,apo,106,3,0,12.0500161036179,0.25793122546186
H524L,apo,124,0,0,11.955766315397582,0.4687694236741038
H524L,apo,40,3,0,12.117260061682414,-0.0045278668399078015
H524L,apo,108,4,1,1.357568182412363,1.1198031078946968
H524L,apo,226,4,0,10.819382583193265,-1.2250670885794932
H524L,apo,198,2,1,-4.615187260182683,1.505658769916792
H524L,apo,85,0,0,11.335632659320506,0.35531687392057165
H524L,apo,236,2,0,10.45714719528732,-1.6362654066508782
H524L,apo,82,0,1,-4.362497352329136,0.3942623400677405
H524L,apo,84,0,0,11.469716273930153,-0.03637206921592906
H524L,apo,119,2,1,-3.7029618321315105,0.4621320448257933
H524L,apo,155,3,1,2.082484558673258,0.8499909200559017
H524L,apo,247,3,0,12.0006465035494,0.3459326740744757
H524L,apo,59,3,0,11.161487756574466,0.03880249792428003
H524L,apo,164,1,0,11.94271314797838,1.503267990551123
H524L,apo,170,2,1,-1.7482539469862743,0.010891888988652454
H524L,apo,135,2,0,12.102486195115095,0.9117645432082782
H524L,apo,181,3,0,12.123378762950884,0.09319306387301651
H524L,apo,44,3,0,11.73713929829765,0.23692445694597097
H524L,apo,80,2,1,-3.4081060056807644,0.8449680009612308
H524L,apo,141,4,0,12.08902863361381,-0.057635090333974404
H524L,apo,174,1,1,-2.295646664259703,0.8525880263032093
H524L,apo,67,1,0,11.94382736892421,-0.43598681769138636
H524L,apo,50,0,0,11.573086777320238,0.9003163280624733
H524L,apo,149,0,0,11.444323862700674,0.24846368527765605
H524L,apo,47,1,0,11.898733286033458,0.7717922232300793
H524L,apo,19,4,0,11.789556526663397,-0.8611846496072815
H524L,apo,84,1,0,11.30721470476708,0.18444185871217655
H524L,apo,35,4,0,11.895392770044385,0.43003183007174073
H524L,apo,171,3,0,11.522103654904898,0.8392197454582515
H524L,apo,9,1,0,11.67148045806373,0.4987182827678964
H524L,apo,36,1,0,11.763712144455116,-0.33669075763314993
H524L,apo,157,4,0,11.758922673999901,0.16889191102781353
H524L,apo,131,0,0,11.914002927524777,0.2851410658674922
H524L,apo,27,4,0,11.786531132427541,0.3808913488309713
H524L,apo,221,0,0,12.073051575404303,-0.6583222413437824
H524L,apo,100,4,0,11.029809485218047,0.15770199239597105
H524L,apo,107,1,0,11.976840214056699,0.3668618436190769
H524L,apo,81,2,1,-2.959004013253132,1.6601101268924197
H524L,apo,64,4,0,11.84495752074373,-0.4907961665416991
H524L,apo,74,1,0,11.442607691738246,0.6209804828676511
H524L,apo,44,2,0,12.02689706723911,-0.061361792744605737
H524L,apo,188,2,0,10.787505130268961,-0.12392078020337749
H524L,apo,183,3,0,11.498550976774059,0.6934169724944184
H524L,apo,31,0,0,11.864954445214085,0.7060239949014999
H524L,apo,228,3,1,-9.681003684072923,-0.3106964539725112
H524L,apo,79,4,1,-9.236646755164589,-0.11378017635159665
H524L,apo,90,0,1,-2.3201445115411765,0.5367863896990457
H524L,apo,165,2,0,11.656206094541705,-0.1730353575374295
H524L,apo,128,4,1,-5.373739624330302,1.6024990761767697
H524L,apo,199,3,0,11.400666305222602,-0.2517429509239548
H524L,apo,190,0,0,11.559970898499031,-0.31185080520212694
H524L,apo,182,0,1,-3.1224997236212104,-0.34946045660814207
H524L,apo,223,3,1,-2.770450462198596,0.9225677903141474
H524L,apo,161,1,0,12.17766245727204,0.7687015137307043
H524L,apo,92,3,0,11.511600919062044,0.5116026375949616
H524L,apo,127,4,0,11.618498464734357,-0.0937595037037795
H524L,apo,54,1,1,-6.464937872315307,0.978596409260831
H524L,apo,142,4,0,11.8685060083552,-1.0940806842895086
H524L,apo,3,3,1,-1.0330317865083156,0.14288371938218347
H524L,apo,207,3,0,12.050755227647862,-0.5552825350724504
H524L,apo,186,0,0,12.381147167204457,0.6916822787934507
H524L,apo,186,1,0,12.061756463302178,1.2960514504809595
H524L,apo,87,0,0,11.537525440303444,1.0720772374321825
H524L,apo,153,4,0,12.493275180977445,0.9616189442714784
H524L,apo,28,0,0,12.380222105243321,0.9157471259734962
H524L,apo,162,2,0,12.320768243459568,0.3676402976914801
H524L,apo,239,0,0,9.232269217267447,0.2583687637559535
H524L,apo,226,1,1,-3.2889474534662213,0.9051728695572621
H524L,apo,239,3,1,-6.176986596908204,1.7539169738356435
H524L,apo,197,3,0,11.841513514557185,-0.43970617615231333
H524L,apo,216,1,0,11.438601025158777,0.6115553731645491
H524L,apo,153,2,0,11.233544710330037,-0.47727226167614845
H524L,apo,15,2,0,11.308696337756437,-0.07816803429545871
H524L,apo,51,0,1,-3.279317956900467,1.1944368380509474
H524L,apo,197,4,0,11.605655677607956,0.1296489844420421
H524L,apo,169,1,1,-3.246023831547344,1.4091805130074988
H524L,apo,159,1,0,10.922254323528016,-0.4564192928253874
H524L,apo,8,2,0,11.571962315476917,-0.23327904162286472
H524L,apo,23,2,0,11.282246292660766,0.13576435949772758
H524L,apo,38,0,0,12.030344444348831,0.23113772845394465
H524L,apo,83,1,0,12.650716659426191,0.19639939078285806
H524L,apo,45,0,1,-4.23687722365726,1.3776108502981401
H524L,apo,171,0,0,11.441247888964964,0.30458082920301877
H524L,apo,125,1,0,12.198800671631659,0.6381632663103574
H524L,apo,183,0,0,11.440097020163424,0.6381853339173063
H524L,apo,137,1,0,11.714577626621509,-0.4463105866383046
H524L,apo,91,1,1,-3.3251638258717087,1.6096111065250653
H524L,apo,182,1,0,12.521076953691669,0.4086002112836695
H524L,apo,9,3,0,11.42204960322367,-0.43027108834779426
H524L,apo,93,2,0,12.074189959316566,0.2839756837061316
H524L,apo,194,0,1,-7.849679312465845,-2.5284533322696348
H524L,apo,139,4,1,-4.6075772648876026,0.7157331078178117
H524L,apo,157,3,0,11.688091806716537,-0.07965094304432796
H524L,apo,193,2,1,-4.146356120813969,1.1596879140218306
H524L,apo,167,2,0,12.06807667907223,0.49137747907717255
H524L,apo,42,4,0,12.226539751500054,1.132195602025817
H524L,apo,31,3,0,11.993922650003704,0.48944518164215367
H524L,apo,74,0,0,11.956262656847858,-0.5331280502955735
H524L,apo,114,3,0,11.95226291662873,1.3546144321546052
H524L,apo,94,1,1,-9.747062028171062,-1.6241874722622356
H524L,apo,42,2,0,10.86174266401926,0.7203280563824137
H524L,apo,104,2,0,11.143597021127226,0.6247054312899678
H524L,apo,100,2,0,12.110376884076317,0.723165198073616
H524L,apo,206,1,0,12.18869830905765,-0.04518151616866817
H524L,apo,240,2,0,12.353155961569538,0.6718545275296606
H524L,apo,233,0,0,12.148783047584265,-0.2647051132535978
H524L,apo,11,0,1,-0.8235418964744863,0.30531675921335477
H524L,apo,34,1,0,11.631589235349534,-0.912772826236278
H524L,apo,191,1,0,3.712026606699755,0.8795820562947085
H524L,apo,189,3,0,4.1458376559178625,-0.661986368342582
H524L,apo,21,0,0,11.347474675548286,0.05485221086534864
H524L,apo,25,2,0,11.146921218896148,0.2985426298265281
H524L,apo,135,3,0,11.761422714158916,-1.4194439894094586
H524L,apo,108,0,0,11.392591041338537,-0.029193136184915147
H524L,apo,215,3,1,-4.141444825704571,1.7052875311838704
H524L,apo,246,1,1,-1.7483416259728024,-0.2160010834934809
H524L,apo,224,1,0,11.748911590366824,1.42607778769856
H524L,apo,22,3,0,11.73862947543855,0.9149126964491501
H524L,apo,39,2,0,11.518467943382666,0.13433299827539713
H524L,apo,100,1,0,12.057105932369685,0.842412984840692
H524L,apo,190,1,0,11.692566327665542,0.10463085382298232
H524L,apo,75,2,0,12.118550671105488,0.09802333067092661
H524L,apo,162,0,0,12.077758706423882,0.47915059585911024
H524L,apo,163,1,1,-7.816821607969331,-1.6762406399401897
H524L,apo,71,3,1,-3.1495408503015447,0.6195083370088952
H524L,apo,163,2,1,-2.285630559613786,0.581923916146323
H524L,apo,152,1,1,-7.315515239050111,-2.1386206802833954
H524L,apo,197,0,1,-4.839586111876095,1.7583288247032982
H524L,apo,238,1,1,-1.786810143113506,-0.8343729382253144
H524L,apo,173,2,1,-1.8834155143490463,0.6932528962063316
H524L,apo,194,1,1,-9.45950019329307,-0.8975197012002241
H524L,apo,247,4,0,12.100433421255097,0.15831196227250643
H524L,apo,104,0,0,11.880666737876858,-0.055917367975396814
H524L,apo,215,1,1,-5.088034729998476,1.5285025889239563
H524L,apo,197,2,0,11.424692520384546,0.4803143980201412
H524L,apo,244,2,0,12.373849172227938,-0.20641339248821566
H524L,apo,134,4,0,11.884903494487183,0.3644207626630447
H524L,apo,120,1,1,-10.307032582797426,-0.16747299714106134
H524L,apo,128,1,0,10.187989080766792,1.0413660365562123
H524L,apo,68,4,0,10.953536433019703,-0.3208958187251909
H524L,apo,82,1,1,-2.6451064708121734,1.0880471676923236
H524L,apo,205,4,0,11.237245722802507,-0.14988028562756028
H524L,apo,196,0,0,11.622977012160167,0.33963524627058916
H524L,apo,82,2,1,-2.5255300826032823,0.5232067552284292
H524L,apo,117,4,0,11.702124350525231,0.571078430877975
H524L,apo,206,4,0,12.172604895824142,-0.7533909205044722
H524L,apo,199,0,0,11.210429308692222,-0.3201085805542476
H524L,apo,123,3,1,-4.195667156868648,0.4831980295166147
H524L,apo,117,2,0,11.089835934648942,-0.25639907293435726
H524L,apo,12,2,1,-8.275577693378025,-0.9589158632365837
H524L,apo,39,3,0,11.20779983355209,-0.8332780599499188
H524L,apo,245,1,1,-3.2707350976900464,1.2018073356036894
H524L,apo,78,2,0,11.861613825689824,-0.014924905913957787
H524L,apo,19,0,0,11.580026389523791,0.2084788380573599
H524L,apo,60,3,0,11.81886711583141,0.6045204929393577
H524L,apo,67,3,0,11.14961068982566,0.043039025600862146
H524L,apo,90,4,1,-0.41506373319778156,0.5978074858627451
H524L,apo,167,4,1,-4.495630927972883,0.5378868659719416
H524L,apo,18,3,0,12.672623675694357,1.4700341691835916
H524L,apo,134,2,0,12.367661708291378,0.5116824692146764
H524L,apo,179,3,0,12.642448646245812,1.6433381043103452
H524L,apo,101,4,0,11.201324392332632,-1.2766111893957373
H524L,apo,50,3,1,-3.011867673663108,0.10570553219257306
H524L,apo,223,0,1,-2.4240917884890507,0.44101665515853483
H524L,apo,220,3,0,11.411007630557124,-0.16530475841025805
H524L,apo,111,2,1,-7.753045483246755,-2.8537270858468133
H524L,apo,37,0,0,11.339271752621771,0.30302495433193144
H524L,apo,88,4,0,10.794425753464289,-0.36527071777906883
H524L,apo,174,2,1,-2.5133070065513365,1.1575593483958073
H524L,apo,21,4,0,11.766893131679904,-0.1582452000447887
H524L,apo,54,3,0,3.7903591782581696,1.2367258778789108
H524L,apo,197,1,0,11.417820486228877,0.033731101705512856
H524L,apo,219,0,0,8.293626602543217,-0.8572715196649909
H524L,apo,132,1,1,-3.527666675023667,0.6760297682303644
H524L,apo,8,1,0,11.530080413763628,0.3899734680958318
H524L,apo,58,4,0,10.38880032002961,-0.7979162618007365
H524L,apo,218,4,0,12.050077150331274,0.1254615725841859
H524L,apo,120,4,1,-2.7303614318548526,1.8959061889663218
H524L,apo,106,2,0,12.299640906828252,-0.43279015384260333
H524L,apo,231,2,0,5.263370049211963,-0.5100185907025576
H524L,apo,93,0,0,11.660798604280124,0.40542126024631386
H524L,apo,31,1,1,-7.502969180277667,-1.4669506370452154
H524L,apo,175,4,0,11.46260080789972,0.4831735554663794
H524L,apo,122,0,1,-3.377241330787765,0.7783854779559647
H524L,apo,91,2,0,11.95394888326986,0.7772939029173642
H524L,apo,108,1,0,10.812334896979017,-1.1884601372925943
H524L,apo,70,2,1,-1.4502309748087967,0.4020398008020436
H524L,apo,74,4,0,12.467542751012498,0.4448001400426307
H524L,apo,87,2,0,12.128700618037016,0.5879108569433384
H524L,apo,4,1,0,11.90779859332346,0.1094853271552978
H524L,apo,81,0,0,11.92995425543953,-0.5839251952935172
H524L,apo,136,4,1,-1.6220589645852748,0.6704526422825836
H524L,apo,119,4,1,-2.2591509445306386,-0.060208401646946186
H524L,apo,8,0,0,3.8533143592985244,-0.7875002658947778
H524L,apo,159,4,0,10.540998723805817,0.0008860749568810888
H524L,apo,96,2,0,11.606991341433258,-0.13551267360109875
H524L,apo,208,1,0,11.508099115403603,-0.8244448930278026
H524L,apo,94,3,1,-1.4979482993553148,0.5915651581742196
H524L,apo,155,0,1,-3.779649728389206,1.5810958813706861
H524L,apo,10,3,1,-3.8822281162915537,0.8189374226425912
H524L,apo,221,3,1,-8.762571266058341,-0.22340817290840675
H524L,apo,161,0,0,12.150865970749715,-0.1798864747276241
H524L,apo,199,4,1,-3.242424901684277,0.7295313572692379
H524L,apo,7,3,1,-1.487029667444542,1.0047074205407682
H524L,apo,70,1,1,-1.7662340152351774,0.19289858661147719
H524L,apo,229,1,1,-3.72530584845752,0.7344911290870897
H524L,apo,166,3,1,-3.5903090695906066,1.3277498721735839
H524L,apo,27,0,0,12.301226586082946,0.5431027885247914
H524L,apo,70,4,1,-3.869541453133021,-0.04523151836401951
H524L,apo,5,1,0,11.895406043068819,0.21027657511244513
H524L,apo,68,3,0,11.44732622188393,-0.038887735177041804
H524L,apo,96,4,0,12.18165994117351,0.30422797779488064
H524L,apo,224,3,0,11.929896797402286,0.08813208691003638
H524L,apo,92,0,1,-4.187712911846141,2.126270991648383
H524L,apo,30,0,0,11.897706999771374,0.8520029048005568
H524L,apo,155,4,1,-3.3080197784952894,1.235162944060832
H524L,apo,168,3,1,-2.3332366057757845,0.9258696554044263
H524L,apo,60,0,1,-4.756492065623956,1.1133968856418903
H524L,apo,95,4,1,-8.885797731066585,0.9034391265485624
H524L,apo,7,4,0,11.634163152729728,0.19000592379740056
H524L,apo,154,0,0,10.981306984753985,-0.5726576084502
H524L,apo,172,2,1,-1.641706270126619,2.5067393133156486
H524L,apo,168,2,1,-1.0154237455828596,0.4115726581151762
H524L,apo,130,2,1,-3.0044049026551747,1.5764576139040827
H524L,apo,40,2,0,12.130165365443077,0.04513845164082397
H524L,apo,186,2,1,-3.527690853055116,-0.1367572657091074
H524L,apo,241,0,1,-4.214377788336204,1.5979772867180202
H524L,apo,226,0,1,-3.6843636924465777,0.5521843884256583
H524L,apo,171,4,0,11.81355761363463,0.49269008290544036
H524L,apo,148,1,1,-2.2204437173352964,-0.17642603522794786
H524L,apo,194,3,1,-3.357475629688679,1.7049398551608874
H524L,apo,1,3,0,11.966470957439425,0.44408185785147225
H524L,apo,18,1,1,-9.533231169876956,-1.0745025619880408
H524L,apo,118,2,0,10.999145234543125,0.014300282062350789
H524L,apo,3,4,1,-7.461024187889247,-1.5527723720467463
H524L,apo,100,3,0,11.341459534220087,-0.3590536022410191
H524L,apo,43,2,0,11.130365204786278,0.07288885617708729
H524L,apo,55,1,0,11.141066978899072,-0.9061574355522595
H524L,apo,152,4,1,-3.8851809218140723,-0.06381701456237465
H524L,apo,136,1,1,-2.3526513399032787,0.29582526256653807
H524L,apo,146,2,0,12.142242681275302,2.1905748734048416
H524L,apo,225,2,0,12.353341141350406,0.8402295516393536
H524L,apo,221,2,1,-1.4150922583971273,0.19564518668404673
H524L,apo,160,3,0,11.741766678157422,-0.7968096584840225
H524L,apo,98,2,1,-7.7380660271078625,-1.5078896376505213
H524L,apo,206,2,0,11.968910249010936,0.45233582902362457
H524L,apo,246,3,1,-0.744368990456028,0.07076431008350426
H524L,apo,154,4,1,-4.283278107058134,0.7564442830111062
H524L,apo,178,1,1,-7.602638814220327,-1.402043649061298
H524L,apo,162,3,0,12.01732554271671,-0.28924167761982744
H524L,apo,172,1,1,-1.8312463051500387,0.6385786576724684
H524L,apo,125,2,1,-2.998647635558047,0.0699202657164335
H524L,apo,180,0,1,-6.160122597542507,-1.6270755014357405
H524L,apo,249,4,0,11.948900412863846,-0.015550875423613775
H524L,apo,89,3,0,11.713693259913118,0.5424580568050601
H524L,apo,201,3,1,-7.82755133137271,-2.0207631254077114
H524L,apo,213,2,0,11.64683633275489,0.2727884023154701
H524L,apo,67,2,0,11.735305911153919,0.17726030978616336
H524L,apo,119,3,1,-2.728112475262467,1.302652898618291
H524L,apo,208,4,0,12.518832685748537,-0.047698079391750525
H524L,apo,29,2,0,11.393711871629531,-0.40896441806062
H524L,apo,80,4,1,-2.9723522499367903,1.087311132865537
H524L,apo,77,2,0,11.907142997728172,0.8428767268411548
H524L,apo,169,0,1,-4.485799778970517,1.2235244408264663
H524L,apo,210,3,1,-2.440970161755498,0.65110534119448
H524L,apo,44,0,0,12.028740400994415,0.5367199034320151
H524L,apo,18,4,1,-4.071608759585484,0.47425524151603327
H524L,apo,94,0,1,-3.1939312378653497,0.9501099519793428
H524L,apo,142,1,0,11.99947441438142,-0.02820928879251028
H524L,apo,157,0,0,11.581485614296518,0.7168338120797983
H524L,apo,107,0,1,-2.9775643923922708,1.2014331318138716
H524L,apo,48,1,1,-2.2847180836573884,1.1305493806094375
H524L,apo,7,1,1,-5.164357050443275,0.9614452559990241
H524L,apo,4,3,1,-2.622366178959261,0.9300954814669495
H524L,apo,75,1,1,-4.983890911682728,0.40401983217127224
H524L,apo,155,2,1,-8.331823564728346,0.3932616863525311
H524L,apo,207,4,0,11.415217289741992,-0.3627374238004819
H524L,apo,9,2,0,12.00692670477727,0.5349285498978986
H524L,apo,75,0,0,12.986277089815657,0.8730677987515776
H524L,apo,76,0,0,12.187046506226345,0.5885685845972972
H524L,apo,179,4,0,11.87186213977938,-0.9086746767517297
H524L,apo,96,1,0,10.405509319273527,-0.428098599659549
H524L,apo,25,3,1,-3.5237429608415987,1.6263478709488766
H524L,apo,96,3,0,11.195811438695387,0.21011882452376085
H524L,apo,190,4,0,12.374622830192223,0.6018680688118252
H524L,apo,34,4,0,11.823001938394292,0.05161641313458176
H524L,apo,137,4,1,-7.88816386237006,-1.0356863864841444
H524L,apo,65,2,1,-2.060948578139385,0.49499169311569347
H524L,apo,193,4,1,-3.7817852477319214,0.9449445401464374
H524L,apo,69,0,0,12.25642889786331,0.13593593129829173
H524L,apo,103,2,1,-1.9073962760808065,0.6999824495899389
H524L,apo,91,0,0,11.101181687306891,-0.8324777278421891
H524L,apo,149,1,0,11.831767469551785,0.2778365039477535
H524L,apo,91,3,1,-9.19384316711141,-0.5596542428554301
H524L,apo,171,2,0,12.008287200381796,0.06010983602193676
H524L,apo,12,1,0,12.126530294109415,1.1151952503024916
H524L,apo,89,4,0,12.246052958174847,-0.49735422739894375
H524L,apo,1,1,0,3.394856396531381,0.23267784306239037
H524L,apo,92,2,1,-4.645838803592358,0.6496405803321323
H524L,apo,220,4,0,11.885811864434633,-0.13089540425976054
H524L,apo,196,2,0,10.943168060486656,-0.5754072374085979
H524L,apo,11,3,1,-3.69429884679181,1.2979960943239917
H524L,apo,209,3,0,11.750193904416339,-0.5902460496265718
H524L,apo,183,4,1,-9.577039278422966,0.601608482228869
H524L,apo,9,4,0,11.775032182162597,0.016183693102718166
H524L,apo,176,0,1,-3.6844891375481836,1.7274635942486185
H524L,apo,20,4,1,-3.5006799216757187,2.0042463886798316
H524L,apo,135,4,0,11.404339628206191,-0.24282232348154764
H524L,apo,90,3,0,11.817781726277856,1.1147887726514085
H524L,apo,125,3,0,5.07217041841457,0.34374157513583725
H524L,apo,187,3,1,-3.224508126585093,2.104536052926761
H524L,apo,11,4,1,-3.894051384185925,1.2439806801303206
H524L,apo,179,1,1,-5.263458426969354,0.47005585342638767
H524L,apo,11,1,1,-3.4740602773310876,0.8213321900659594
H524L,apo,8,4,1,-0.5063801808623722,1.2447295018449438
H524L,apo,170,0,1,-1.9370659850424303,0.013782925400775525
H524L,apo,50,1,1,-9.159392735053608,-1.0900570308267135
H524L,apo,137,2,0,11.743011833284092,0.11160989269434651
H524L,apo,225,1,0,11.700582262877369,0.823140065008019
H524L,apo,2,1,0,12.137468046912065,1.4904451645758172
H524L,apo,63,3,1,-2.7456294189229915,1.6361166960937084
H524L,apo,135,0,0,11.337746096495888,1.2316215235557166
H524L,apo,2,0,1,-2.6377477709615462,1.7802206780364713
H524L,apo,116,1,0,11.682865069004679,0.42082939119389096
H524L,apo,161,2,0,10.852975139429219,-0.6818113442693345
H524L,apo,200,1,0,12.371918085755558,-0.42899610365321905
H524L,apo,232,4,0,11.359023473011115,0.4408878851872373
H524L,apo,4,0,0,11.420280745322268,-0.3129005540532859
H524L,apo,49,3,0,12.658289182989348,0.33619767689015134
H524L,apo,75,3,0,11.57013243092377,0.07427392493606533
H524L,apo,38,3,1,-4.479418677902309,-0.21663022714942315
H524L,apo,42,0,1,-2.103325429144032,1.5089277695067267
H524L,apo,185,2,1,-2.861225579807762,0.9159496485458334
H524L,apo,141,2,1,-8.825878271239215,-0.6339623158337702
H524L,apo,173,1,1,-1.7505993784992953,0.5497645891792331
H524L,apo,118,1,1,-3.7080750389582953,2.9977057502044886
H524L,apo,209,2,1,-1.7283346042262586,1.604402050391215
H524L,apo,26,2,1,-3.6797967942641705,1.274441878787485
H524L,apo,19,3,1,-2.342701476056501,1.1509323274206906
H524L,apo,100,0,1,-2.3977784627734167,0.8900259167841966
H524L,apo,102,4,0,11.601518986136169,0.19732727821651963
H524L,apo,181,0,1,-0.49238276021652183,0.6250647004642502
H524L,apo,182,3,0,12.35188002700511,-0.12355599390863858
H524L,apo,37,3,0,11.21961624849154,0.16632835767627796
H524L,apo,90,2,1,-3.804022280591745,0.6626682737573191
H524L,apo,210,1,0,11.207241087904578,-0.505955181562598
H524L,apo,38,2,1,-6.187812192192396,1.89134590925768
H524L,apo,216,2,1,-5.778943632701807,2.359474878588827
H524L,apo,164,2,1,-5.409738853494559,1.4620739133302862
H524L,apo,214,1,0,11.910862889454767,-0.7664301667887088
H524L,apo,120,2,1,-4.355137519123453,1.6951327204961615
H524L,apo,194,2,0,11.68876592700426,0.7292456230506303
H524L,apo,5,0,0,11.433111792652968,0.5939621997090256
H524L,apo,122,1,1,-7.913022476599611,-2.225042875327148
H524L,apo,47,2,0,11.109349667497764,-0.0019773651282122273
H524L,apo,71,0,0,12.62597707471366,0.5439188705706925
H524L,apo,216,3,1,-2.291427122452223,1.8775722828655432
H524L,apo,67,0,0,12.042999762821552,0.39777228255243813
H524L,apo,39,0,0,12.111649448987484,0.2989048473885134
H524L,apo,44,1,1,-5.015895830705496,1.322076048636859
H524L,apo,232,2,0,11.648321413435514,-0.1726674924459246
H524L,apo,218,3,0,12.215607004200324,0.837160755049041
H524L,apo,43,3,0,11.462526187835014,-0.47960749042680106
H524L,apo,103,3,1,-4.175707809421134,1.0088691160192553
H524L,apo,165,1,1,-4.422058882793973,0.7043256669973772
H524L,apo,220,1,0,10.509283743332016,-0.82064673251746
H524L,apo,92,4,1,-2.95446411459778,1.4354552510663865
H524L,apo,160,1,0,11.634186092565512,0.701132132423453
H524L,apo,20,0,0,10.494013990478074,-0.9796911330377469
H524L,apo,36,3,0,11.896022208208647,0.41851407870876756
H524L,apo,212,1,1,-3.3579864261252226,3.262744747938271
H524L,apo,69,2,1,-9.427737348865456,-0.31483010721727567
H524L,apo,118,3,1,-9.299084748824725,-0.8412539385005999
H524L,apo,138,0,1,-9.4916478086873,0.7053808781369355
H524L,apo,97,3,0,11.386755305238308,-0.9265747945340053
H524L,apo,108,3,0,11.398143542262332,-0.804136051605596
H524L,apo,240,0,0,11.623835484584877,0.44737332543637365
H524L,apo,83,4,1,-3.330288616389506,0.5651190994161084
H524L,apo,241,1,1,-8.548191969682527,-2.203027591258575
H524L,apo,162,4,0,11.905475917443848,0.8357430589147157
H524L,apo,156,4,0,12.041742772200758,0.030028355093378423
H524L,apo,239,4,1,-3.6238707025421277,0.6207272810132736
H524L,apo,151,2,1,-4.957382491507197,3.2433019235533322
H524L,apo,2,3,1,-3.624413006140699,0.2969388290204904
H524L,apo,107,3,0,12.34663115207686,0.1472024214591272
H524L,apo,21,1,1,-5.565283973122593,1.1132739502558167
H524L,apo,107,2,1,-3.4488444875108115,0.8948779960781508
H524L,apo,86,1,1,-1.8166288652876794,0.4705411952218981
H524L,apo,149,3,0,11.656253005885668,0.3033789546026924
H524L,apo,240,3,0,11.804357642924472,0.21025555546761154
H524L,apo,104,1,1,-3.6863922854030378,1.6183030118843647
H524L,apo,51,1,0,10.923663564706303,0.06256617150765464
H524L,apo,152,2,0,11.39157679190679,-0.3394604319356773
H524L,apo,62,3,2,-2.699232149958764,-39.080010499253504
H524L,apo,166,2,1,-3.26579141830954,0.5504487094747645
H524L,apo,57,2,0,11.854855341793076,0.9898948025094683
H524L,apo,196,4,1,-3.6891941820553207,1.3817091630717755
H524L,apo,175,2,1,-10.173289130274828,-0.4390832545347223
H524L,apo,205,3,1,-3.7552548404268116,0.09705393459104528
H524L,apo,51,3,1,-2.3148441597672402,0.7428710249000972
H524L,apo,215,4,1,-4.778594674491817,1.69344860434812
H524L,apo,178,4,1,-2.8789713810382658,0.5739000303535562
H524L,apo,178,2,0,11.309830785831021,0.36526715704023616
H524L,apo,20,3,1,-4.513863372570139,1.3213040806310943
H524L,apo,55,2,0,11.691836065472895,-0.4036534701555894
H524L,apo,216,0,1,-5.626475199097296,1.4048720416291616
H524L,apo,1,0,1,-4.496381091724828,0.5017258335981438
H524L,apo,140,2,1,-4.637729268681426,-0.14662571426200088
H524L,apo,9,0,0,11.385212395582714,-0.8048623694283208
H524L,apo,193,3,1,-7.276893913623837,-2.6209929003697994
H524L,apo,237,4,0,11.984230584296771,1.1037099211746977
H524L,apo,64,3,1,-3.6006152929282713,1.375448868498637
H524L,apo,234,4,1,-3.053991032850483,1.328231145524299
H524L,apo,95,2,0,11.829139031269001,0.4099472861931872
H524L,apo,26,1,1,-2.3638398300294163,0.7603540124931811
H524L,apo,153,1,1,-2.2247219130125515,0.08157950942300829
H524L,apo,1,2,1,-0.9109466792087701,1.7410952727647526
H524L,apo,212,3,0,12.359730503955493,0.7693964245440554
H524L,apo,78,3,1,-8.75873954989168,0.20426926576834603
H524L,apo,115,3,0,12.198988460441544,1.3202967046882463
H524L,apo,179,2,0,6.69630022342146,0.29587996078349477
H524L,apo,119,1,1,-2.291999034930857,0.8373584143231056
H524L,apo,26,0,1,-2.898838200805457,1.0190467407702783
H524L,apo,2,4,0,11.426101178923869,-0.0063576418908013466
H524L,apo,194,4,1,-3.0189030984587184,-0.41148495575203015
H524L,apo,34,0,1,-5.2434978637235545,1.442130266274006
H524L,apo,173,0,1,-3.1198542226867225,1.6215118398976927
H524L,apo,2,2,0,11.424075790991587,0.6350582162382352
H524L,apo,234,0,1,-2.661161565834959,2.6055293193876423
H524L,apo,159,0,0,11.780151114908302,-0.0934347440833676
H524L,apo,72,4,1,-5.636209371781078,0.19810419425017756
H524L,apo,230,3,0,11.712989696165883,0.41292668367312046
H524L,apo,132,3,1,-3.9083101380010135,0.896653069518166
H524L,apo,111,4,1,-3.0614582367900063,0.7114353283125183
H524L,apo,230,1,1,-9.411233165496565,-0.7465731930529103
H524L,apo,163,4,1,-1.1284179645787233,0.9392435398136456
H524L,apo,230,2,1,-3.2397190931199518,-0.7510982543609543
H524L,apo,202,2,1,-2.4300912064528646,1.736578582159126
H524L,apo,60,1,1,-5.2828861546892085,1.1079703670946088
H524L,apo,153,3,1,-4.603673604596139,0.7204872405125116
H524L,apo,30,3,0,4.184039481384717,-2.3630269315946464
H524L,apo,101,3,0,12.163483209514418,0.06354834151481725
H524L,apo,69,1,0,12.364495663380021,0.7246846590750096
H524L,apo,156,3,1,-2.863692089923621,1.356803414618085
H524L,apo,215,0,1,-4.62627196738412,1.7979806634946272
H524L,apo,86,3,0,11.560094984435265,0.32978471092184236
H524L,apo,232,1,0,12.062481454327205,0.8524806798408804
H524L,apo,85,4,1,-3.921205416778463,0.08865180346879242
H524L,apo,87,4,0,10.929073690731366,-1.8378208670205396
H524L,apo,131,3,1,2.8565794215541693,-0.4490520490163732
H524L,apo,121,2,0,10.967974773470718,0.37816590147477314
H524L,apo,190,2,1,-3.9140934729970205,-0.376800142914405
H524L,apo,44,4,1,-4.012189693300762,1.6822008492998037
H524L,apo,73,0,1,-4.452726101141845,1.019619656871967
H524L,apo,157,2,0,11.984095739960354,0.12279148054045663
H524L,apo,83,0,0,11.693245977354348,-0.03543683198023473
H524L,apo,28,2,0,12.024935730785005,0.14993853817827585
H524L,apo,241,4,1,-1.8744863230205624,1.8970494393393125
H524L,apo,46,4,0,11.901033194071706,1.3793429918856646
H524L,apo,73,4,1,-4.269022539069503,0.8072616646535238
H524L,apo,32,2,0,11.90912369306622,0.18779538226797854
H524L,apo,228,2,1,-1.326377740083995,-0.05704231113880098
H524L,apo,80,1,1,-3.3665026376011937,0.370092319317223
H524L,apo,43,0,0,11.996395997909065,-0.20970360143434164
H524L,apo,229,0,1,-2.333449339825137,0.15250469647533293
H524L,apo,12,4,1,-1.139861649058453,-1.2014670030554413
H524L,apo,22,0,1,-1.9640176784673145,2.339280648763051
H524L,apo,151,4,1,-3.823438269491504,0.5584210628427115
H524L,apo,34,3,0,11.766787114831242,0.6912151691100945
H524L,apo,224,0,1,-3.86572245679395,0.6945648752772655
H524L,apo,101,0,0,10.76537536116534,0.29725803438094545
H524L,apo,237,3,1,-9.481287649233074,0.3217231060769308
H524L,apo,66,0,1,-0.9222704518648932,0.43614783439092264
H524L,apo,73,3,1,-5.321331767384077,0.378022900458447
H524L,apo,249,3,0,11.495699816653213,-0.3554921051277091
H524L,apo,239,2,0,3.372566964424127,1.2440668308766192
H524L,apo,59,1,1,-3.952821141548686,1.2824279761879183
H524L,apo,176,4,1,-2.3814687453955656,1.087586637568819
H524L,apo,38,1,1,-4.504927342199576,1.2709450305202807
H524L,apo,221,1,1,-5.226848983387189,1.5261631502370108
H524L,apo,23,1,0,12.14153317029642,0.5624873473396832
H524L,apo,187,2,1,-2.4125576657138588,1.5517246638643485
H524L,apo,185,4,1,-10.951044238918723,-1.2143461526173098
H524L,apo,59,2,1,1.7613686402875146,1.4041679434831025
H524L,apo,179,0,0,11.754458384634669,-0.4800897464560592
H524L,apo,131,1,0,4.881933805057908,-0.5750722858481652
H524L,apo,249,1,0,11.898672656877231,0.3388196931913825
H524L,apo,218,2,0,12.409314481231334,1.329798725472287
H524L,apo,120,0,1,-2.2800770480161177,0.6321877299753424
H524L,apo,93,1,0,11.819423976140563,0.2969316783509157
H524L,apo,18,2,1,-4.387599405995026,0.28924547386773725
H524L,apo,128,0,1,-4.333271338657013,1.365024688372813
H524L,apo,29,1,0,12.02135063697692,0.7305866996846362
H524L,apo,69,3,1,-3.6713915193546747,1.442799894219263
H524L,apo,188,3,0,12.159685731025728,0.7144861367783477
H524L,apo,93,4,1,-3.349274109931141,1.5219951224800496
H524L,apo,234,1,0,11.593211766212354,0.32911623219307273
H524L,apo,187,0,1,2.3712052371704395,1.2630246344242124
H524L,apo,5,2,1,2.9239684499343017,1.500482265741951
H524L,apo,91,4,0,8.981494035391389,-0.25151281821197813
H524L,apo,96,0,1,-7.905441568133561,-1.0341837977897654
H524L,apo,185,3,1,-2.6951968304593024,1.113127651897699
H524L,apo,156,1,1,-2.8058841676926356,0.5374284787854009
H524L,apo,241,3,1,-4.573945189501622,-0.09904056768850467
H524L,apo,70,3,1,-3.1962833429581607,1.3152470569608852
H524L,apo,3,2,1,-3.4325075788102026,0.5198753464448487
H524L,apo,148,0,1,-2.0412162192257206,0.5387796736276727
H524L,apo,154,3,1,-2.879250428248451,0.8686716417658147
H524L,apo,78,4,1,-2.276998038139478,0.3692942560570174
H524L,apo,111,1,1,-2.97642907481292,1.1590923380954763
H524L,apo,184,0,0,11.20961851639419,-0.3350630275777462
H524L,apo,50,2,0,11.772945263666397,0.6349116682230402
H524L,apo,202,1,0,12.19162903105724,0.7997250217781726
H524L,apo,110,3,1,1.7743009575988395,1.6583208798433304
H524L,apo,16,1,0,12.071933672507205,0.9357613308802115
H524L,apo,156,0,1,-2.4821776484819615,0.48887994706826987
H524L,apo,162,1,0,11.798981391983999,-0.6567457012425848
H524L,apo,164,4,0,11.267044383584757,-0.38724501996613014
H524L,apo,129,1,0,12.006082177670256,1.0022453547585002
H524L,apo,175,1,1,-4.97492124356631,0.15386917041514891
H524L,apo,170,1,1,-4.142776481421308,-0.27487733595783936
H524L,apo,20,1,1,-5.647718338843138,1.3099890914277665
H524L,apo,149,4,1,-4.327997067057964,0.6696883705258614
H524L,apo,28,1,0,11.50986618757911,0.26612183105709164
H524L,apo,4,4,0,11.394679402954646,-0.20710685366319126
H524L,apo,83,2,0,12.17466708338582,0.07174935814526862
H524L,apo,227,0,1,-7.966187951763317,-2.0675759284227126
H524L,apo,192,1,1,-4.8129332280652335,0.08412575517888854
H524L,apo,234,2,1,-2.4862813544699947,0.7070082745800335
H524L,apo,166,1,1,-3.1679628340133235,0.2159740967179431
H524L,apo,176,1,1,-5.32247200159421,-0.16856295352623363
H524L,apo,64,2,1,-4.223505450794857,1.1448937748091055
H524L,apo,121,3,1,-3.426661409062838,3.26470543978337
H524L,apo,45,2,1,-4.712925873000007,-0.5638985473213296
H524L,apo,175,3,1,-2.9029184309626324,-0.041532207465124316
H524L,apo,182,2,0,11.462887838714373,0.684770165316607
H524L,apo,139,1,1,-2.938633713425432,1.2159907756509796
H524L,apo,103,4,1,-4.285824786608828,1.7364393089621757
H524L,apo,178,0,1,-10.113683036443852,-0.22035334739142343
H524L,apo,241,2,2,-2.849389403690431,-56.94351049603536
H524L,apo,248,3,1,-2.8086218591487864,1.0921800389687633
H524L,apo,66,1,1,-4.297062876484048,1.739767800374537
H524L,apo,77,4,1,-5.62216831412589,1.795875505295598
H524L,apo,103,1,1,-2.668322331398052,0.42378428741248797
H524L,apo,188,4,0,11.796039184888308,0.6087066645302457
H524L,apo,248,4,0,10.936059438970604,-0.28958745893399396
H524L,apo,196,1,1,-7.995921058557666,-1.1375872710403883
H524L,apo,220,2,0,11.909515073199039,0.23637347184370583
H524L,apo,99,1,0,12.767174031579408,0.5611600411779278
H524L,apo,139,2,1,-4.9207492690650945,-0.3611762238780756
H524L,apo,167,3,1,-2.6294253902039024,1.8443932449455076
H524L,apo,153,0,1,-3.3485721138887037,0.857274025991785
H524L,apo,230,4,1,-2.608030892191273,0.5170653164849313
H524L,apo,222,1,0,10.979208959299692,-1.432386895665914
H524L,apo,192,2,1,-3.5773262760604823,1.5855339394937005
H524L,apo,185,1,1,-4.085118270095766,2.185308414374717
H524L,apo,208,0,1,-9.352584470097788,0.46834594326996637
H524L,apo,140,4,1,-3.706758731832217,0.7998671897058216
H524L,apo,204,1,1,-9.389452809493704,-1.0332355283577073
H524L,apo,63,4,1,-4.716304638821118,1.5147172102002031
H524L,apo,209,1,1,0.00041554629307150037,-0.05382939026645772
H524L,apo,232,3,1,-6.859999412944703,-1.0281638852162303
H524L,apo,229,4,0,11.574128837190553,-0.6851171862139438
H524L,apo,165,0,0,12.639557294220795,0.20855351638860498
H524L,apo,225,4,1,-2.4939543991281248,0.006700776598293601
H524L,apo,18,0,1,-6.990802911465572,0.7774020322050319
H524L,apo,210,0,1,-3.1842929202932275,0.29096340275361854
H524L,apo,102,0,1,-4.263210289449315,0.7959492678001254
H524L,apo,186,4,1,-5.395428353319904,1.27818641042046
H524L,apo,115,2,1,-9.948569251199487,-1.568179858934215
H524L,apo,132,2,1,-1.5249175745328216,0.11678048156296938
H524L,apo,86,0,1,-4.573786433062359,0.14683334136532267
H524L,apo,199,2,0,4.045437880395653,0.8118833989762351
H524L,apo,29,0,1,-9.903875499501545,0.4993321815523757
H524L,apo,58,0,1,-2.938351622896054,0.7443409031584451
H524L,apo,160,0,0,11.38481774107151,0.8241343542145074
H524L,apo,116,0,0,12.014070579135264,-0.34209300222968864
H524L,apo,47,4,1,-3.430717116212115,1.1053135970319659
H524L,apo,202,4,1,-3.660005129708985,1.6433618187695913
H524L,apo,47,0,0,11.413918685215162,-0.3202899276686253
H524L,apo,65,1,1,-4.312278181151051,1.0667769873966506
H524L,apo,183,2,1,-3.494021583245555,0.97505782310688
H524L,apo,132,4,1,-8.11606457467699,-1.9582652045157118
H524L,apo,209,4,0,11.772866263615214,0.25995195460910736
H524L,apo,58,3,1,-7.250254182870819,-1.39528022164194
H524L,apo,116,3,1,-2.363379222461017,0.5923959275060326
H524L,apo,242,4,1,-2.1062341390503008,0.18826879660952045
H524L,apo,146,4,1,-2.9386709015646595,0.34181795583722874
H524L,apo,165,4,1,-3.532449616382909,1.2557467507789823
H524L,apo,192,4,1,-7.418832942669624,-1.4718546872278466
H524L,apo,58,1,1,-5.60642093736606,0.7586160714126038
H524L,apo,71,2,0,12.137326195661075,-0.05212960528648125
H524L,apo,123,0,1,-2.6050040312211706,0.5885242547169725
H524L,apo,151,3,1,-4.145975794596687,1.1907470368779371
H524L,apo,190,3,1,-4.3453971122751724,0.6915734038476273
H524L,apo,208,3,0,11.504891644937757,0.1984216451889722
H524L,apo,169,4,1,-3.338328169247216,0.910947106629493
H524L,apo,98,3,1,-2.360467729333415,0.9044631803765242
H524L,apo,201,4,1,-5.282896839930462,1.3984057962348544
H524L,apo,71,4,0,11.396170160171488,-0.06595446821457074
H524L,apo,74,2,0,13.200608781009436,0.8044910968264531
H524L,apo,167,1,0,11.97138264477144,0.2932333713613673
H524L,apo,240,4,2,-2.9957844116275787,-57.6526634200235
H524L,apo,202,0,1,-4.022718439157849,1.673651310632792
H524L,apo,205,1,1,-3.7339255343675113,1.0881590531572556
H524L,apo,228,4,0,11.221925830366567,0.6607412484270299
H524L,apo,154,2,1,-3.852466750115031,0.7636710451879338
H524L,apo,77,0,1,-3.103564953951306,1.1725612774461496
H524L,apo,64,0,1,-4.085091536945981,1.5222894857526086
H524L,apo,110,1,1,-3.4162688454568375,2.2290689218394135
H524L,apo,249,2,1,-3.2418008243076137,1.8829951799146016
H524L,apo,164,0,1,-3.5440257965544966,1.7587345209861525
H524L,apo,249,0,0,11.789750463064726,-0.18233099876979963
H524L,apo,189,4,2,-2.8199485274122367,-45.18589853377809
H524L,apo,66,2,1,-3.576912020150438,0.48035324263838675
H524L,apo,116,2,1,-4.523727615275362,0.8482409844450558
H524L,apo,221,4,1,-3.433778481978308,-0.5636142643310649
H524L,apo,238,3,1,-2.2379120924782683,1.2902775071351869
H524L,apo,218,0,1,-3.550490137532041,1.1930469242645643
H524L,apo,93,3,1,-2.615235488064716,1.120973438471779
H524L,apo,214,3,1,-4.470781898696973,0.9120021591122338
H524L,apo,130,3,1,-0.4551385945806832,0.038268612867412344
H524L,apo,60,4,1,-7.738807916693894,-1.2770520383145794
H524L,apo,165,3,1,-4.590668739290781,1.2414824762517327
H524L,apo,125,0,1,0.48200700774087757,0.5108446710411698
H524L,apo,10,2,1,-3.3575980941907027,1.6386060853132278
H524L,apo,210,4,2,-3.208659147656274,-59.059134870998676
H524L,apo,128,2,1,-5.236813572013499,1.693326105975018
H524L,apo,238,0,1,-4.770710897495437,0.7208590810679425
H524L,apo,87,3,1,-2.019913226158895,0.307844116293154
H524L,apo,164,3,0,3.268018101600177,1.336368604167049
H524L,apo,180,2,1,-3.4973578204889364,1.58136706904709
H524L,apo,159,2,0,9.355450753201438,0.2742625564438299
H524L,apo,36,4,1,-1.6950171900155873,2.0052330278834773
H524L,apo,151,1,1,-2.9602131646534815,0.22350752469509416
H524L,apo,134,0,0,11.973513726527072,-0.724863702689305
H524L,apo,102,1,1,-2.721819599845926,1.0917148449044447
H524L,apo,141,0,1,-3.4613370187890204,0.9009630355513565
H524L,apo,213,1,1,-3.992392971464259,1.0010613754100177
H524L,apo,213,4,1,-9.430759831889269,-0.7884802467496144
H524L,apo,55,3,0,11.840623505447883,0.30266093940367966
H524L,apo,116,4,1,-3.0269327247535287,-0.22380254844300396
H524L,apo,74,3,0,11.690433394010011,1.5238398876556971
H524L,apo,114,4,0,12.356174492399987,0.36839773712796386
H524L,apo,32,0,0,11.533297818880872,-0.09656576530116467
H524L,apo,73,2,1,-3.3201052797504396,1.9212307296163829
H524L,apo,29,3,1,-3.880539278185058,3.0706596537417994
H524L,apo,133,3,1,-4.335126103202445,0.5387832583091523
H524L,apo,152,3,0,11.481319351177044,0.35146364547503595
H524L,apo,76,4,1,-4.641602214404141,1.460562799768553
H524L,apo,140,3,1,-3.2781466269091197,0.5646060531528292
H524L,apo,213,3,1,-5.246585135453632,1.9251094765262735
H524L,apo,167,0,0,10.91649407315402,-1.17372554255671
H524L,apo,65,4,1,-2.3842847398870752,1.3504162544264204
H524L,apo,201,2,1,-3.358771316232282,0.26111226422816003
H524L,apo,14,2,0,10.925960897200056,1.1006028159464734
H524L,apo,85,2,1,2.746636621424459,1.155242648281913
H524L,apo,36,2,1,0.4244112899695338,0.3140324220470063
H524L,apo,213,0,1,-8.408249514924243,-1.2824091892879466
H524L,apo,71,1,0,11.38794669110731,-0.9426558291859664
H524L,apo,65,3,1,-4.396467586739355,-0.7226663334305954
H524L,apo,6,4,1,-7.948290385719975,-0.5275760006739745
H524L,apo,129,2,1,-5.083045685826633,1.1773647972046746
H524L,apo,46,1,0,11.923648223451202,0.43223962194228704
H524L,apo,229,2,0,11.925125338976935,0.13511102430976507
H524L,apo,53,0,0,11.27087395042827,0.5854046280513501
H524L,apo,112,3,1,-3.2030569068557924,1.7979315331464392
H524L,apo,16,0,1,-1.4195272286686311,0.5915283643430769
H524L,apo,73,1,1,-5.70369951079223,1.0513049746722771
H524L,apo,102,3,0,4.384345823857906,1.647851047019671
H524L,apo,136,2,1,-2.0406278143295395,0.940662859454477
H524L,apo,43,1,1,-8.74685793214433,-1.109069216520794
H524L,apo,237,1,1,-4.698163647037255,1.2096812881640915
H524L,apo,212,2,0,11.628936907176476,0.3257882284694489
H524L,apo,237,0,1,-4.919527413283603,0.6296063474442661
H524L,apo,220,0,1,-9.45291753473979,-0.08273971548689474
H524L,apo,21,2,1,-4.04991573163861,0.3467789536242236
H524L,apo,114,2,1,-1.3694908740166092,0.08250516966194255
H524L,apo,115,4,1,-2.5060961685944427,0.6177870472773463
H524L,apo,176,3,1,-3.1088430234204907,0.34654654866896806
H524L,apo,216,4,1,-2.341417122937692,0.6509257403908322
H524L,apo,175,0,1,-2.4968446860712916,2.163603975129689
H524L,apo,102,2,0,12.298552935143457,0.4921314295510797
H524L,apo,112,0,1,-8.086860872232378,-1.9350725650359664
H524L,apo,112,4,1,-2.7077616394325617,0.9340748649311195
H524L,apo,87,1,1,-2.1368360017121475,1.0345842346574443
H524L,apo,139,3,1,-2.8335978311887686,-0.5556689603624392
H524L,apo,32,4,0,12.253743469916373,1.6588761396739784
H524L,apo,148,2,1,-3.338283327896761,1.0451361790533582
H524L,apo,138,1,1,-4.065510637237274,1.0113140778158964
H524L,apo,130,0,1,-3.9504688413817455,1.32658378882401
H524L,apo,224,4,1,-4.001892926563055,1.0973663436097922
H524L,apo,201,0,1,-5.791278633617015,1.6186022674776694
H524L,apo,110,0,1,-2.8892355555364766,1.0655592041877782
H524L,apo,56,0,1,-4.63672015967467,0.6420746590004995
H524L,apo,184,3,1,-3.465430558244435,0.8719631027390449
H524L,apo,26,3,1,-5.443200851722995,1.0652692703163922
H524L,apo,53,3,0,12.305090901578371,0.15665015569287277
H524L,apo,6,1,1,-4.002694207328663,1.1911148860707925
H524L,apo,145,3,1,-2.533368801280414,1.1461306913469684
H524L,apo,242,0,0,11.027472320547263,0.49529955959432925
H524L,apo,27,3,1,-3.506187853381526,0.4789525416256879
H524L,apo,214,4,0,12.394593717918843,0.15707385133624996
H524L,apo,227,4,1,-2.225799973285092,0.994427316034546
H524L,apo,187,1,1,-3.241862098387241,0.005887274581610313
H524L,apo,23,0,0,11.672190718915695,0.4664241360546981
H524L,apo,132,0,1,-4.238700393950449,0.7085525128732542
H524L,apo,90,1,1,-3.1728533426604777,1.145628534558412
H524L,apo,208,2,1,-3.876022324096393,0.032018409273021575
H524L,apo,64,1,0,11.710374078829284,-0.7998748167248948
H524L,apo,186,3,1,-5.575448031573714,1.4810703102136529
H524L,apo,232,0,1,-4.455414417567443,1.7698105145401541
H524L,apo,168,0,1,-0.42713652948263814,0.5591070151841961
H524L,apo,45,1,1,-1.597264177409098,-0.12100347955858126
H524L,apo,121,1,0,10.880596422917812,1.3568178626395166
H524L,apo,26,4,1,-3.4996985245575196,1.8293697021644846
H524L,apo,201,1,1,-6.724902545765762,-1.4039507925586463
H524L,apo,37,4,1,-1.4071946877944974,0.24804011302951778
H524L,apo,192,0,1,-4.538785252159556,0.3264964134614985
H524L,apo,140,0,1,-2.5203820966234254,0.1522485554106936
H524L,apo,46,2,1,-3.3109222186390035,1.3673102121190794
H524L,apo,23,3,1,-4.388074503950765,1.547681369393203
H524L,apo,183,1,1,-3.3127610968763044,0.1709293458182799
H524L,apo,242,3,0,11.573085415728434,-0.25344691700964006
H524L,apo,235,4,1,-3.13194342768049,2.6554326771002366
H524L,apo,138,3,1,-5.686062651026308,1.8463321133904742
H524L,apo,187,4,0,10.755183659024175,-1.6789653943700813
H524L,apo,237,2,1,-4.771356230422761,0.2564321076783358
H524L,apo,248,2,1,-5.051241372749658,0.4574561559724799
H524L,apo,148,4,1,-2.987182056716769,-0.43688797174938543
H524L,apo,112,1,1,-2.8084582081633336,0.357543112698977
H524L,apo,159,3,0,11.501621394817354,0.01830484568642987
H524L,apo,5,4,1,-2.786527921932997,0.36892283509661183
H524L,apo,76,2,1,-3.613467543525349,0.9240567777450082
H524L,apo,20,2,1,-4.543487089467398,1.095766816318985
H524L,apo,68,1,2,-2.4268204327882543,-39.812838583422
H524L,apo,225,3,1,-7.136223581690505,-3.104264563673084
H524L,apo,12,3,1,-1.1584605456588086,0.4040177997170247
H524L,apo,121,0,1,-4.728706750663541,0.2076810139615901
H524L,apo,180,4,1,-0.5477322137890344,1.6105646526248734
H524L,apo,133,1,1,-2.294677516793712,0.5656586564971349
H524L,apo,155,1,1,-3.912175468695601,2.2632430295356443
H524L,apo,146,3,0,3.2443859879805945,1.6328879348719028
H524L,apo,95,1,1,-8.47720865138701,-0.2126503043057113
H524L,apo,148,3,1,-2.3397061912498422,0.6837335378908023
H524L,apo,85,1,0,5.673952659130746,0.6771268703841145
H524L,apo,129,3,1,-2.679419556331542,1.3921989964906203
H524L,apo,5,3,1,-2.8006680993872557,0.8561723442078204
H524L,apo,57,4,1,-3.1329875921943824,1.0093518322768773
H524L,apo,99,0,0,12.410418534437861,0.4312937214774877
H524L,apo,6,2,1,-2.3175947112085495,0.8963935260283904
H524L,apo,110,2,0,10.613508849683656,-0.600660712117147
H524L,apo,14,1,0,12.407522985542402,0.29096334663951495
H524L,apo,61,4,1,-5.397114495177227,0.8928088286224778
H524L,apo,117,1,1,-2.3348102057899247,1.2853551981690572
H524L,apo,204,4,1,2.4507462936031565,1.505709197474772
H524L,apo,214,0,1,-1.9070013344440504,0.710155344139622
H524L,apo,214,2,1,-4.281959104989088,1.1221807231569585
H524L,apo,204,2,1,-5.0472424545435,0.5040542226035143
H524L,apo,146,1,1,-2.636581220809415,0.528646900816554
H524L,apo,184,1,1,-1.5981642551706763,1.1096275175789145
H524L,apo,133,4,1,-4.833499906471921,0.8808930237976114
H524L,apo,16,2,0,6.773532436770413,1.0221125650576681
H524L,apo,61,0,1,-4.260487513523518,0.3952347579799067
H524L,apo,247,1,1,-4.701566121415336,0.5363709899444444
H524L,apo,184,4,1,2.1928316630337594,1.1352990916495997
H524L,apo,188,1,1,-3.4841911186439134,1.171612831373622
H524L,apo,3,0,0,11.516707487966588,-0.13700109770073254
H524L,apo,123,4,1,-7.294817771318243,1.3452114589929351
H524L,apo,204,3,1,-4.091171742387708,0.7619920085828369
H524L,apo,76,3,1,-6.078604852479462,1.9396571044059243
H524L,apo,248,1,0,11.008616506758239,-1.516047430835286
H524L,apo,235,1,1,-4.6134362099499775,0.6795898771238456
H524L,apo,228,1,0,11.315335115036168,0.2768131913713887
H524L,apo,121,4,1,-2.871460470690952,1.092666705454974
H524L,apo,10,1,1,-3.851111363315802,2.123101135180292
H524L,apo,130,4,1,-2.313970494325897,0.7002350005943612
H524L,apo,188,0,1,-3.659233011992608,-0.08907954284505593
H524L,apo,140,1,1,-2.8409522246179364,0.4860281673782083
H524L,apo,129,4,1,-3.1690737547848755,0.7579943739864206
H524L,apo,57,0,1,-2.5061389240426273,1.700877067139757
H524L,apo,222,4,1,-9.294160168825062,0.03452473314000315
H524L,apo,118,4,1,-1.612366219888429,0.5692233568985472
H524L,apo,56,1,1,-9.436936914517997,0.5093537637583267
H524L,apo,133,0,1,-4.557476526609982,1.5155165372654267
H524L,apo,247,2,1,-4.07610323011809,2.078492732855068
H524L,apo,99,4,1,-3.892116360522113,0.9179608599434914
H524L,apo,141,1,1,-2.62960084474933,0.08653067749780519
H524L,apo,43,4,1,-5.515467212717464,0.1152296877568375
H524L,apo,63,1,1,-3.1619769324089795,0.26980077064580144
H524L,apo,29,4,0,11.691440176110628,-0.21206986577416842
H524L,apo,16,3,1,-0.7117086692510952,-1.805383903622797
H524L,apo,23,4,1,-3.4099571453913136,1.184911133315211
H524L,apo,224,2,1,-2.8850749171249994,0.23483521175150202
H524L,apo,57,1,1,-4.491866570373187,1.245359010430974
H524L,apo,4,2,2,-1.701497411957611,-39.364103351968055
H524L,apo,86,2,1,-3.4732525071959266,0.47113133252359773
H524L,apo,85,3,1,-2.560528019903888,0.916681947228625
H524L,apo,95,3,1,-3.8649080393056856,1.7821167266797318
H524L,apo,56,3,1,-8.073902267911048,-2.2599163542537752
H524L,apo,101,2,0,11.124135585299111,-0.692637285560437
H524L,apo,138,4,1,-2.188997611389933,1.511768274520847
H524L,apo,118,0,1,-4.635740549861623,0.8499984072871172
H524L,apo,166,4,1,-3.48499018209737,1.8696505232561975
H524L,apo,112,2,1,-1.7593512774924136,-0.8535391410591444
H524L,apo,114,1,1,-5.732584310618762,1.4795244475486413
H524L,apo,78,0,1,-1.8383270384990062,-0.41574476658944093
H524L,apo,65,0,1,1.7918619158545663,0.221882162107093
H524L,apo,247,0,0,12.04373963591992,-0.45557889160632214
H524L,apo,61,1,1,-4.236974136684758,0.2125740296493035
H524L,apo,146,0,1,-4.826039628809092,0.3032773193395002
H524L,apo,53,2,1,-2.7590196714480726,0.13413372226543174
H524L,apo,235,2,1,-3.8658450066960093,1.705457235294844
H524L,apo,16,4,1,0.1833625278491553,0.055966821158676794
H524L,apo,242,1,1,-4.209355705460457,0.9231993662000662
H524L,apo,248,0,0,11.978003278160292,-0.39740409653491326
H524L,apo,138,2,1,-3.8748279839430992,1.8412770746493408
H524L,apo,76,1,1,-4.473960757679777,1.5426610914465613
H524L,apo,114,0,1,-9.722180199292726,-0.8559243323441308
H524L,apo,123,2,1,-4.43924938938796,-0.0370549871300625
H524L,apo,212,4,1,-4.0288275241172045,0.5586332845787467
H524L,apo,56,2,1,-5.226493369288875,1.220888241240715
H524L,apo,110,4,0,11.175181926424585,0.4684924275909026
H524L,apo,192,3,1,-3.774860048581857,1.2122381235248838
H524L,apo,6,3,1,-4.239307052089583,2.198562432870304
H524L,apo,95,0,1,-3.9927648087515024,1.2513664575976406
H524L,apo,117,0,1,-2.8747040476118357,0.48300530388823404
H524L,apo,21,3,1,-4.199271585988445,-0.5948071253553735
H524L,apo,222,3,1,-8.036178569394608,-1.3238921956301368
H524L,apo,56,4,1,-4.776526430907545,1.6701454497129475
H524L,apo,184,2,1,-5.545881995965214,2.042146822945057
H524L,apo,53,1,0,11.595932862170564,-1.124920126223273
H524L,apo,99,3,1,-4.757813637389017,1.1583071998001202
H524L,apo,227,1,0,4.494276695616183,1.9309627352990049
H524L,apo,78,1,1,-1.2428428630552446,0.6245316492359052
H524L,apo,99,2,1,-3.792070011340712,1.585682099422499
H524L,apo,57,3,0,11.547986805475396,0.46358193005089277
H524L,apo,222,0,1,-4.377787798332811,1.394425593619232
H524L,apo,61,2,1,-2.536617642551011,0.1320289304357516
H524L,apo,196,3,1,-6.9069645073390085,-2.9705769276894927
H524L,apo,242,2,1,-4.7955704054736366,2.181385473968433
H524L,apo,117,3,1,-3.232142404160385,0.9356695400479822
H524L,apo,53,4,1,-6.42337443450608,1.067405495848007
H524L,apo,32,3,1,-3.3571821793494756,2.126734628338667
H524L,apo,141,3,1,-4.28648209357732,1.0664629096909266
H524L,apo,86,4,1,-4.218190202178295,1.734728948854098
H524L,apo,46,0,1,-3.9757579997705434,1.104335746822855
H524L,apo,46,3,1,-1.4563719599133087,0.6840982339737138
H524L,apo,222,2,2,-2.6063728818924723,-56.96051558984859
H524L,apo,135,1,0,11.285497705779392,-0.28709176899957356
H524L,apo,235,3,1,-3.545958028049217,1.3829854942480182
H524L,apo,14,3,1,-4.849595464860549,0.36580197112768076
H524L,apo,14,4,0,2.9875819507083055,0.6915495534978078
H524L,apo,61,3,1,-3.3536121417157254,0.2714289282257454
H524L,apo,235,0,1,-4.898655834788745,0.9118374968870313
H524L,apo,14,0,1,-2.4360501896796976,1.2417486753098927
H524L,apo,77,3,1,-2.822531392034783,1.0446481354116912
H524L,apo,32,1,1,0.27538491501824147,0.6267384194933072
